pfa_target,threshold,false_alarm_count,detection_count,N_total,N_valid_dry,N_valid_ice,mean_dry,std_dry,mean_ice,std_ice,separation,d_prime,coverage_dry_theory,coverage_ice_theory,P_FA_all_theory,P_D_all_theory,physical_invalid_dry,physical_invalid_ice,validity_index,N_valid,coverage_dry,coverage_ice,coverage,valid_rate,unknown_rate,P_FA,P_D,P_FA_all,P_D_all,P_FA_theory,P_D_theory,P_FA_CI_low,P_FA_CI_high,P_D_CI_low,P_D_CI_high,P_FA_all_CI_low,P_FA_all_CI_high,P_D_all_CI_low,P_D_all_CI_high,coverage_dry_CI_low,coverage_dry_CI_high,coverage_ice_CI_low,coverage_ice_CI_high,conditional_precision_met,validity_mode,validity_severity,pilot_or_final_pfa_target,range_warning,stage,H_m,t_mm,theta_deg,sigma0_mm,p,q,reference_mode,surface_enabled,kappa,rho_rel,Q_scale,return_link,noise_family,threshold_policy,seed,stream_id,thickness_mm,angle_deg,sigma_eff_mm,sigma_amplification,D_A_m,D_I_m,delta_mm,Q_norm_dry,Q_norm_ice,specular_penalty,P_return_dry,P_return_ice,P_generic_valid,master_seed,P_overall_detect,no_layer_control,surface_id,experiment,previous_stage,increment_PD_all,increment_coverage_ice
0.01,0,0,5000,5000,5000,5000,0,0,0.00199999999999996,4.42398728459147e-17,0.00199999999999996,63933889109433.1,1,1,0,1,0,0,1,10000,1,1,1,1,0,0,1,0,1,0,1,0,0.000767701945057125,0.999232298054943,1,0,0.000767701945057125,0.999232298054943,1,0.999232298054943,1,0.999232298054943,1,1,V0,all,0.01,0,A0,1.5,2,0,0,0,0,R0,0,0.5,1,0.2,rational,Gaussian,matched,42,420001,2,0,0,1,1.5,1.498,2,1.13777777777778,1.14081793080583,1,1,1,1,42,1,0,S2,E6_ablation,,NaN,NaN
0.05,0,0,5000,5000,5000,5000,0,0,0.00199999999999996,4.42398728459147e-17,0.00199999999999996,63933889109433.1,1,1,0,1,0,0,1,10000,1,1,1,1,0,0,1,0,1,0,1,0,0.000767701945057125,0.999232298054943,1,0,0.000767701945057125,0.999232298054943,1,0.999232298054943,1,0.999232298054943,1,1,V0,all,0.05,0,A0,1.5,2,0,0,0,0,R0,0,0.5,1,0.2,rational,Gaussian,matched,42,420001,2,0,0,1,1.5,1.498,2,1.13777777777778,1.14081793080583,1,1,1,1,42,1,0,S2,E6_ablation,,NaN,NaN
0.1,0,0,5000,5000,5000,5000,0,0,0.00199999999999996,4.42398728459147e-17,0.00199999999999996,63933889109433.1,1,1,0,1,0,0,1,10000,1,1,1,1,0,0,1,0,1,0,1,0,0.000767701945057125,0.999232298054943,1,0,0.000767701945057125,0.999232298054943,1,0.999232298054943,1,0.999232298054943,1,1,V0,all,0.1,0,A0,1.5,2,0,0,0,0,R0,0,0.5,1,0.2,rational,Gaussian,matched,42,420001,2,0,0,1,1.5,1.498,2,1.13777777777778,1.14081793080583,1,1,1,1,42,1,0,S2,E6_ablation,,NaN,NaN
0.01,0.0232634787404084,49,79,5000,5000,5000,-0.000178185521820608,0.0100008012129416,0.00173787138259897,0.00986800783003527,0.00191605690441958,0.192866528360454,1,1,0.01,0.0167371522901467,0,0,1,10000,1,1,1,1,0,0.0098,0.0158,0.0098,0.0158,0.01,0.0167371522901467,0.00742108315782349,0.0129315718291105,0.0126966359116685,0.0196468066519249,0.00742108315782349,0.0129315718291105,0.0126966359116685,0.0196468066519249,0.999232298054943,1,0.999232298054943,1,1,V0,all,0.01,0,A1,1.5,2,0,10,0,0,R0,0,0.5,1,0.2,rational,Gaussian,matched,42,420001,2,0,10,1,1.5,1.498,2,1.13777777777778,1.14081793080583,1,1,1,1,42,0.0158,0,S2,E6_ablation,A0,-0.9842,0
0.05,0.0164485362695147,236,358,5000,5000,5000,-0.000178185521820608,0.0100008012129416,0.00173787138259897,0.00986800783003527,0.00191605690441958,0.192866528360454,1,1,0.05,0.0742495021149132,0,0,1,10000,1,1,1,1,0,0.0472,0.0716,0.0472,0.0716,0.05,0.0742495021149132,0.0416615258049748,0.0534337050764689,0.0647776630895911,0.0790801039369338,0.0416615258049748,0.0534337050764689,0.0647776630895911,0.0790801039369338,0.999232298054943,1,0.999232298054943,1,1,V0,all,0.05,0,A1,1.5,2,0,10,0,0,R0,0,0.5,1,0.2,rational,Gaussian,matched,42,420001,2,0,10,1,1.5,1.498,2,1.13777777777778,1.14081793080583,1,1,1,1,42,0.0716,0,S2,E6_ablation,A0,-0.9284,0
0.1,0.012815515655446,468,664,5000,5000,5000,-0.000178185521820608,0.0100008012129416,0.00173787138259897,0.00986800783003527,0.00191605690441958,0.192866528360454,1,1,0.1,0.139725918011874,0,0,1,10000,1,1,1,1,0,0.0936,0.1328,0.0936,0.1328,0.1,0.139725918011874,0.0858355817280516,0.101988406412891,0.123674923098347,0.142488877210103,0.0858355817280516,0.101988406412891,0.123674923098347,0.142488877210103,0.999232298054943,1,0.999232298054943,1,1,V0,all,0.1,0,A1,1.5,2,0,10,0,0,R0,0,0.5,1,0.2,rational,Gaussian,matched,42,420001,2,0,10,1,1.5,1.498,2,1.13777777777778,1.14081793080583,1,1,1,1,42,0.1328,0,S2,E6_ablation,A0,-0.8672,0
0.01,0.0232634787404084,49,79,5000,5000,5000,-0.000178185521820608,0.0100008012129416,0.00173787138259897,0.00986800783003527,0.00191605690441958,0.192866528360454,1,1,0.01,0.0167371522901467,0,0,1,10000,1,1,1,1,0,0.0098,0.0158,0.0098,0.0158,0.01,0.0167371522901467,0.00742108315782349,0.0129315718291105,0.0126966359116685,0.0196468066519249,0.00742108315782349,0.0129315718291105,0.0126966359116685,0.0196468066519249,0.999232298054943,1,0.999232298054943,1,1,V0,all,0.01,0,A2,1.5,2,0,10,1,1,R0,0,0.5,1,0.2,rational,Gaussian,matched,42,420001,2,0,10,1,1.5,1.498,2,1.13777777777778,1.14081793080583,1,1,1,1,42,0.0158,0,S2,E6_ablation,A1,0,0
0.05,0.0164485362695147,236,358,5000,5000,5000,-0.000178185521820608,0.0100008012129416,0.00173787138259897,0.00986800783003527,0.00191605690441958,0.192866528360454,1,1,0.05,0.0742495021149132,0,0,1,10000,1,1,1,1,0,0.0472,0.0716,0.0472,0.0716,0.05,0.0742495021149132,0.0416615258049748,0.0534337050764689,0.0647776630895911,0.0790801039369338,0.0416615258049748,0.0534337050764689,0.0647776630895911,0.0790801039369338,0.999232298054943,1,0.999232298054943,1,1,V0,all,0.05,0,A2,1.5,2,0,10,1,1,R0,0,0.5,1,0.2,rational,Gaussian,matched,42,420001,2,0,10,1,1.5,1.498,2,1.13777777777778,1.14081793080583,1,1,1,1,42,0.0716,0,S2,E6_ablation,A1,0,0
0.1,0.012815515655446,468,664,5000,5000,5000,-0.000178185521820608,0.0100008012129416,0.00173787138259897,0.00986800783003527,0.00191605690441958,0.192866528360454,1,1,0.1,0.139725918011874,0,0,1,10000,1,1,1,1,0,0.0936,0.1328,0.0936,0.1328,0.1,0.139725918011874,0.0858355817280516,0.101988406412891,0.123674923098347,0.142488877210103,0.0858355817280516,0.101988406412891,0.123674923098347,0.142488877210103,0.999232298054943,1,0.999232298054943,1,1,V0,all,0.1,0,A2,1.5,2,0,10,1,1,R0,0,0.5,1,0.2,rational,Gaussian,matched,42,420001,2,0,10,1,1.5,1.498,2,1.13777777777778,1.14081793080583,1,1,1,1,42,0.1328,0,S2,E6_ablation,A1,0,0
0.01,0.0328995271426637,41,58,5000,5000,5000,-0.000191020284232937,0.014161925649349,0.00160241328289615,0.0138308824984104,0.00179343356712909,0.128126350238714,1,1,0.01,0.014447117417447,0,0,1,10000,1,1,1,1,0,0.0082,0.0116,0.0082,0.0116,0.01,0.014447117417447,0.00605048556323917,0.011104626069919,0.00898452345001099,0.0149653678099208,0.00605048556323917,0.011104626069919,0.00898452345001099,0.0149653678099208,0.999232298054943,1,0.999232298054943,1,1,V0,all,0.01,0,A3,1.5,2,0,10,1,1,R1,0,0.5,1,0.2,rational,Gaussian,matched,42,420001,2,0,10,1,1.5,1.498,2,1.13777777777778,1.14081793080583,1,1,1,1,42,0.0116,0,S2,E6_ablation,A2,-0.0042,0
0.05,0.0232617430735335,213,317,5000,5000,5000,-0.000191020284232937,0.014161925649349,0.00160241328289615,0.0138308824984104,0.00179343356712909,0.128126350238714,1,1,0.05,0.06636380506123,0,0,1,10000,1,1,1,1,0,0.0426,0.0634,0.0426,0.0634,0.05,0.06636380506123,0.0373445246956949,0.0485577690436434,0.0569750881353032,0.0704952692031207,0.0373445246956949,0.0485577690436434,0.0569750881353032,0.0704952692031207,0.999232298054943,1,0.999232298054943,1,1,V0,all,0.05,0,A3,1.5,2,0,10,1,1,R1,0,0.5,1,0.2,rational,Gaussian,matched,42,420001,2,0,10,1,1.5,1.498,2,1.13777777777778,1.14081793080583,1,1,1,1,42,0.0634,0,S2,E6_ablation,A2,-0.0082,0
0.1,0.0181238760487365,476,608,5000,5000,5000,-0.000191020284232937,0.014161925649349,0.00160241328289615,0.0138308824984104,0.00179343356712909,0.128126350238714,1,1,0.1,0.127116028962826,0,0,1,10000,1,1,1,1,0,0.0952,0.1216,0.0952,0.1216,0.1,0.127116028962826,0.0873729474228302,0.103648584071888,0.112830405978515,0.130950590853504,0.0873729474228302,0.103648584071888,0.112830405978515,0.130950590853504,0.999232298054943,1,0.999232298054943,1,1,V0,all,0.1,0,A3,1.5,2,0,10,1,1,R1,0,0.5,1,0.2,rational,Gaussian,matched,42,420001,2,0,10,1,1.5,1.498,2,1.13777777777778,1.14081793080583,1,1,1,1,42,0.1216,0,S2,E6_ablation,A2,-0.0112,0
0.01,0.0328995271426637,41,58,5000,5000,5000,-0.000191020284232937,0.014161925649349,0.00160241328289615,0.0138308824984104,0.00179343356712909,0.128126350238714,1,1,0.01,0.014447117417447,0,0,6,10000,1,1,1,1,0,0.0082,0.0116,0.0082,0.0116,0.01,0.014447117417447,0.00605048556323917,0.011104626069919,0.00898452345001099,0.0149653678099208,0.00605048556323917,0.011104626069919,0.00898452345001099,0.0149653678099208,0.999232298054943,1,0.999232298054943,1,1,V2,moderate,0.01,0,A4,1.5,2,0,10,1,1,R1,0,0.5,1,0.2,rational,Gaussian,matched,42,420001,2,0,10,1,1.5,1.498,2,1.13777777777778,1.14081793080583,1,1,1,1,42,0.0116,0,S2,E6_ablation,A3,0,0
0.05,0.0232617430735335,213,317,5000,5000,5000,-0.000191020284232937,0.014161925649349,0.00160241328289615,0.0138308824984104,0.00179343356712909,0.128126350238714,1,1,0.05,0.06636380506123,0,0,6,10000,1,1,1,1,0,0.0426,0.0634,0.0426,0.0634,0.05,0.06636380506123,0.0373445246956949,0.0485577690436434,0.0569750881353032,0.0704952692031207,0.0373445246956949,0.0485577690436434,0.0569750881353032,0.0704952692031207,0.999232298054943,1,0.999232298054943,1,1,V2,moderate,0.05,0,A4,1.5,2,0,10,1,1,R1,0,0.5,1,0.2,rational,Gaussian,matched,42,420001,2,0,10,1,1.5,1.498,2,1.13777777777778,1.14081793080583,1,1,1,1,42,0.0634,0,S2,E6_ablation,A3,0,0
0.1,0.0181238760487365,476,608,5000,5000,5000,-0.000191020284232937,0.014161925649349,0.00160241328289615,0.0138308824984104,0.00179343356712909,0.128126350238714,1,1,0.1,0.127116028962826,0,0,6,10000,1,1,1,1,0,0.0952,0.1216,0.0952,0.1216,0.1,0.127116028962826,0.0873729474228302,0.103648584071888,0.112830405978515,0.130950590853504,0.0873729474228302,0.103648584071888,0.112830405978515,0.130950590853504,0.999232298054943,1,0.999232298054943,1,1,V2,moderate,0.1,0,A4,1.5,2,0,10,1,1,R1,0,0.5,1,0.2,rational,Gaussian,matched,42,420001,2,0,10,1,1.5,1.498,2,1.13777777777778,1.14081793080583,1,1,1,1,42,0.1216,0,S2,E6_ablation,A3,0,0
0.01,0.0328995271426637,36,48,5000,4248,4251,-0.000199663461769242,0.0140706889415144,0.00153261227519373,0.0137984865115481,0.00173227573696297,0.124308888767792,0.850498338870432,0.85083731698024,0.00850498338870432,0.0122921466215591,0,0,6,8499,0.8496,0.8502,0.8499,0.8499,0.1501,0.00847457627118644,0.0112914608327452,0.0072,0.0096,0.01,0.014447117417447,0.00612779223121322,0.0117095282698503,0.00852738016357684,0.0149379968162665,0.00520539599745487,0.00995125103959344,0.00724867509681701,0.012704286970895,0.839423591206867,0.859239631593149,0.840039398208234,0.859822903349448,1,V2,moderate,0.01,0,A5,1.5,2,0,10,1,1,R1,1,0,1,0.2,rational,Gaussian,matched,42,420001,2,0,10,1,1.5,1.498,2,1.13777777777778,1.14081793080583,1,0.850498338870432,0.85083731698024,1,42,0.0096,0,S0,E6_ablation,A4,-0.002,-0.1498
0.05,0.0232617430735335,178,272,5000,4248,4251,-0.000199663461769242,0.0140706889415144,0.00153261227519373,0.0137984865115481,0.00173227573696297,0.124308888767792,0.850498338870432,0.85083731698024,0.0425249169435216,0.0564648018428966,0,0,6,8499,0.8496,0.8502,0.8499,0.8499,0.1501,0.0419020715630885,0.0639849447188897,0.0356,0.0544,0.05,0.06636380506123,0.0362791742089356,0.0483527346488564,0.0570146939960803,0.0717425027462252,0.0308102268181228,0.0411028147484462,0.0484485910594409,0.061035584913994,0.839423591206867,0.859239631593149,0.840039398208234,0.859822903349448,1,V2,moderate,0.05,0,A5,1.5,2,0,10,1,1,R1,1,0,1,0.2,rational,Gaussian,matched,42,420001,2,0,10,1,1.5,1.498,2,1.13777777777778,1.14081793080583,1,0.850498338870432,0.85083731698024,1,42,0.0544,0,S0,E6_ablation,A4,-0.009,-0.1498
0.1,0.0181238760487365,391,512,5000,4248,4251,-0.000199663461769242,0.0140706889415144,0.00153261227519373,0.0137984865115481,0.00173227573696297,0.124308888767792,0.850498338870432,0.85083731698024,0.0850498338870432,0.108155061027913,0,0,6,8499,0.8496,0.8502,0.8499,0.8499,0.1501,0.0920433145009416,0.120442248882616,0.0782,0.1024,0.1,0.127116028962826,0.0837147128719086,0.101109078520976,0.110999172728194,0.130570688045321,0.071077712484035,0.0859699208768152,0.094299531229569,0.11111094535714,0.839423591206867,0.859239631593149,0.840039398208234,0.859822903349448,1,V2,moderate,0.1,0,A5,1.5,2,0,10,1,1,R1,1,0,1,0.2,rational,Gaussian,matched,42,420001,2,0,10,1,1.5,1.498,2,1.13777777777778,1.14081793080583,1,0.850498338870432,0.85083731698024,1,42,0.1024,0,S0,E6_ablation,A4,-0.0192,-0.1498
0.01,0.0328995271426637,36,48,5000,4248,4251,-0.000199663461769242,0.0140706889415144,0.00153261227519373,0.0137984865115481,0.00173227573696297,0.124308888767792,0.850498338870432,0.85083731698024,0.00850498338870432,0.0122921466215591,0,0,6,8499,0.8496,0.8502,0.8499,0.8499,0.1501,0.00847457627118644,0.0112914608327452,0.0072,0.0096,0.01,0.014447117417447,0.00612779223121322,0.0117095282698503,0.00852738016357684,0.0149379968162665,0.00520539599745487,0.00995125103959344,0.00724867509681701,0.012704286970895,0.839423591206867,0.859239631593149,0.840039398208234,0.859822903349448,1,V2,moderate,0.01,0,A5,1.5,2,0,10,1,1,R1,1,0.1,1,0.2,rational,Gaussian,matched,42,420001,2,0,10,1,1.5,1.498,2,1.13777777777778,1.14081793080583,1,0.850498338870432,0.85083731698024,1,42,0.0096,0,S1,E6_ablation,A4,-0.002,-0.1498
0.05,0.0232617430735335,178,272,5000,4248,4251,-0.000199663461769242,0.0140706889415144,0.00153261227519373,0.0137984865115481,0.00173227573696297,0.124308888767792,0.850498338870432,0.85083731698024,0.0425249169435216,0.0564648018428966,0,0,6,8499,0.8496,0.8502,0.8499,0.8499,0.1501,0.0419020715630885,0.0639849447188897,0.0356,0.0544,0.05,0.06636380506123,0.0362791742089356,0.0483527346488564,0.0570146939960803,0.0717425027462252,0.0308102268181228,0.0411028147484462,0.0484485910594409,0.061035584913994,0.839423591206867,0.859239631593149,0.840039398208234,0.859822903349448,1,V2,moderate,0.05,0,A5,1.5,2,0,10,1,1,R1,1,0.1,1,0.2,rational,Gaussian,matched,42,420001,2,0,10,1,1.5,1.498,2,1.13777777777778,1.14081793080583,1,0.850498338870432,0.85083731698024,1,42,0.0544,0,S1,E6_ablation,A4,-0.009,-0.1498
0.1,0.0181238760487365,391,512,5000,4248,4251,-0.000199663461769242,0.0140706889415144,0.00153261227519373,0.0137984865115481,0.00173227573696297,0.124308888767792,0.850498338870432,0.85083731698024,0.0850498338870432,0.108155061027913,0,0,6,8499,0.8496,0.8502,0.8499,0.8499,0.1501,0.0920433145009416,0.120442248882616,0.0782,0.1024,0.1,0.127116028962826,0.0837147128719086,0.101109078520976,0.110999172728194,0.130570688045321,0.071077712484035,0.0859699208768152,0.094299531229569,0.11111094535714,0.839423591206867,0.859239631593149,0.840039398208234,0.859822903349448,1,V2,moderate,0.1,0,A5,1.5,2,0,10,1,1,R1,1,0.1,1,0.2,rational,Gaussian,matched,42,420001,2,0,10,1,1.5,1.498,2,1.13777777777778,1.14081793080583,1,0.850498338870432,0.85083731698024,1,42,0.1024,0,S1,E6_ablation,A4,-0.0192,-0.1498
0.01,0.0328995271426637,36,48,5000,4248,4251,-0.000199663461769242,0.0140706889415144,0.00153261227519373,0.0137984865115481,0.00173227573696297,0.124308888767792,0.850498338870432,0.85083731698024,0.00850498338870432,0.0122921466215591,0,0,6,8499,0.8496,0.8502,0.8499,0.8499,0.1501,0.00847457627118644,0.0112914608327452,0.0072,0.0096,0.01,0.014447117417447,0.00612779223121322,0.0117095282698503,0.00852738016357684,0.0149379968162665,0.00520539599745487,0.00995125103959344,0.00724867509681701,0.012704286970895,0.839423591206867,0.859239631593149,0.840039398208234,0.859822903349448,1,V2,moderate,0.01,0,A5,1.5,2,0,10,1,1,R1,1,0.5,1,0.2,rational,Gaussian,matched,42,420001,2,0,10,1,1.5,1.498,2,1.13777777777778,1.14081793080583,1,0.850498338870432,0.85083731698024,1,42,0.0096,0,S2,E6_ablation,A4,-0.002,-0.1498
0.05,0.0232617430735335,178,272,5000,4248,4251,-0.000199663461769242,0.0140706889415144,0.00153261227519373,0.0137984865115481,0.00173227573696297,0.124308888767792,0.850498338870432,0.85083731698024,0.0425249169435216,0.0564648018428966,0,0,6,8499,0.8496,0.8502,0.8499,0.8499,0.1501,0.0419020715630885,0.0639849447188897,0.0356,0.0544,0.05,0.06636380506123,0.0362791742089356,0.0483527346488564,0.0570146939960803,0.0717425027462252,0.0308102268181228,0.0411028147484462,0.0484485910594409,0.061035584913994,0.839423591206867,0.859239631593149,0.840039398208234,0.859822903349448,1,V2,moderate,0.05,0,A5,1.5,2,0,10,1,1,R1,1,0.5,1,0.2,rational,Gaussian,matched,42,420001,2,0,10,1,1.5,1.498,2,1.13777777777778,1.14081793080583,1,0.850498338870432,0.85083731698024,1,42,0.0544,0,S2,E6_ablation,A4,-0.009,-0.1498
0.1,0.0181238760487365,391,512,5000,4248,4251,-0.000199663461769242,0.0140706889415144,0.00153261227519373,0.0137984865115481,0.00173227573696297,0.124308888767792,0.850498338870432,0.85083731698024,0.0850498338870432,0.108155061027913,0,0,6,8499,0.8496,0.8502,0.8499,0.8499,0.1501,0.0920433145009416,0.120442248882616,0.0782,0.1024,0.1,0.127116028962826,0.0837147128719086,0.101109078520976,0.110999172728194,0.130570688045321,0.071077712484035,0.0859699208768152,0.094299531229569,0.11111094535714,0.839423591206867,0.859239631593149,0.840039398208234,0.859822903349448,1,V2,moderate,0.1,0,A5,1.5,2,0,10,1,1,R1,1,0.5,1,0.2,rational,Gaussian,matched,42,420001,2,0,10,1,1.5,1.498,2,1.13777777777778,1.14081793080583,1,0.850498338870432,0.85083731698024,1,42,0.1024,0,S2,E6_ablation,A4,-0.0192,-0.1498
0.01,0.0328995271426637,36,48,5000,4248,4251,-0.000199663461769242,0.0140706889415144,0.00153261227519373,0.0137984865115481,0.00173227573696297,0.124308888767792,0.850498338870432,0.85083731698024,0.00850498338870432,0.0122921466215591,0,0,6,8499,0.8496,0.8502,0.8499,0.8499,0.1501,0.00847457627118644,0.0112914608327452,0.0072,0.0096,0.01,0.014447117417447,0.00612779223121322,0.0117095282698503,0.00852738016357684,0.0149379968162665,0.00520539599745487,0.00995125103959344,0.00724867509681701,0.012704286970895,0.839423591206867,0.859239631593149,0.840039398208234,0.859822903349448,1,V2,moderate,0.01,0,A5,1.5,2,0,10,1,1,R1,1,1.5,1,0.2,rational,Gaussian,matched,42,420001,2,0,10,1,1.5,1.498,2,1.13777777777778,1.14081793080583,1,0.850498338870432,0.85083731698024,1,42,0.0096,0,S3,E6_ablation,A4,-0.002,-0.1498
0.05,0.0232617430735335,178,272,5000,4248,4251,-0.000199663461769242,0.0140706889415144,0.00153261227519373,0.0137984865115481,0.00173227573696297,0.124308888767792,0.850498338870432,0.85083731698024,0.0425249169435216,0.0564648018428966,0,0,6,8499,0.8496,0.8502,0.8499,0.8499,0.1501,0.0419020715630885,0.0639849447188897,0.0356,0.0544,0.05,0.06636380506123,0.0362791742089356,0.0483527346488564,0.0570146939960803,0.0717425027462252,0.0308102268181228,0.0411028147484462,0.0484485910594409,0.061035584913994,0.839423591206867,0.859239631593149,0.840039398208234,0.859822903349448,1,V2,moderate,0.05,0,A5,1.5,2,0,10,1,1,R1,1,1.5,1,0.2,rational,Gaussian,matched,42,420001,2,0,10,1,1.5,1.498,2,1.13777777777778,1.14081793080583,1,0.850498338870432,0.85083731698024,1,42,0.0544,0,S3,E6_ablation,A4,-0.009,-0.1498
0.1,0.0181238760487365,391,512,5000,4248,4251,-0.000199663461769242,0.0140706889415144,0.00153261227519373,0.0137984865115481,0.00173227573696297,0.124308888767792,0.850498338870432,0.85083731698024,0.0850498338870432,0.108155061027913,0,0,6,8499,0.8496,0.8502,0.8499,0.8499,0.1501,0.0920433145009416,0.120442248882616,0.0782,0.1024,0.1,0.127116028962826,0.0837147128719086,0.101109078520976,0.110999172728194,0.130570688045321,0.071077712484035,0.0859699208768152,0.094299531229569,0.11111094535714,0.839423591206867,0.859239631593149,0.840039398208234,0.859822903349448,1,V2,moderate,0.1,0,A5,1.5,2,0,10,1,1,R1,1,1.5,1,0.2,rational,Gaussian,matched,42,420001,2,0,10,1,1.5,1.498,2,1.13777777777778,1.14081793080583,1,0.850498338870432,0.85083731698024,1,42,0.1024,0,S3,E6_ablation,A4,-0.0192,-0.1498
0.01,0,0,5000,5000,5000,5000,0,0,0.00203085322377161,0,0.00203085322377161,Inf,1,1,0,1,0,0,1,10000,1,1,1,1,0,0,1,0,1,0,1,0,0.000767701945057125,0.999232298054943,1,0,0.000767701945057125,0.999232298054943,1,0.999232298054943,1,0.999232298054943,1,1,V0,all,0.01,0,A0,1.5,2,10,0,0,0,R0,0,0.5,1,0.2,rational,Gaussian,matched,42,420002,2,10,0,1,1.52313991782862,1.52110906460485,2.03085322377161,1.08670539742466,1.07280143632487,0.984574607094838,1,1,1,42,1,0,S2,E6_ablation,,NaN,NaN
0.05,0,0,5000,5000,5000,5000,0,0,0.00203085322377161,0,0.00203085322377161,Inf,1,1,0,1,0,0,1,10000,1,1,1,1,0,0,1,0,1,0,1,0,0.000767701945057125,0.999232298054943,1,0,0.000767701945057125,0.999232298054943,1,0.999232298054943,1,0.999232298054943,1,1,V0,all,0.05,0,A0,1.5,2,10,0,0,0,R0,0,0.5,1,0.2,rational,Gaussian,matched,42,420002,2,10,0,1,1.52313991782862,1.52110906460485,2.03085322377161,1.08670539742466,1.07280143632487,0.984574607094838,1,1,1,42,1,0,S2,E6_ablation,,NaN,NaN
0.1,0,0,5000,5000,5000,5000,0,0,0.00203085322377161,0,0.00203085322377161,Inf,1,1,0,1,0,0,1,10000,1,1,1,1,0,0,1,0,1,0,1,0,0.000767701945057125,0.999232298054943,1,0,0.000767701945057125,0.999232298054943,1,0.999232298054943,1,0.999232298054943,1,1,V0,all,0.1,0,A0,1.5,2,10,0,0,0,R0,0,0.5,1,0.2,rational,Gaussian,matched,42,420002,2,10,0,1,1.52313991782862,1.52110906460485,2.03085322377161,1.08670539742466,1.07280143632487,0.984574607094838,1,1,1,42,1,0,S2,E6_ablation,,NaN,NaN
0.01,0.0232634787404084,59,88,5000,5000,5000,0.000138904459397462,0.0100161126402143,0.00197823582323892,0.0100242241312585,0.00183933136384146,0.183562904570708,1,1,0.01,0.0168659284489077,0,0,1,10000,1,1,1,1,0,0.0118,0.0176,0.0118,0.0176,0.01,0.0168659284489077,0.00915942192270621,0.0151901622564476,0.0143082495554921,0.021632429281099,0.00915942192270621,0.0151901622564476,0.0143082495554921,0.021632429281099,0.999232298054943,1,0.999232298054943,1,1,V0,all,0.01,0,A1,1.5,2,10,10,0,0,R0,0,0.5,1,0.2,rational,Gaussian,matched,42,420002,2,10,10,1,1.52313991782862,1.52110906460485,2.03085322377161,1.08670539742466,1.07280143632487,0.984574607094838,1,1,1,42,0.0176,0,S2,E6_ablation,A0,-0.9824,0
0.05,0.0164485362695147,259,370,5000,5000,5000,0.000138904459397462,0.0100161126402143,0.00197823582323892,0.0100242241312585,0.00183933136384146,0.183562904570708,1,1,0.05,0.0746838735692515,0,0,1,10000,1,1,1,1,0,0.0518,0.074,0.0518,0.074,0.05,0.0746838735692515,0.045993846130679,0.0582943218928702,0.0670666716221882,0.0815874104350005,0.045993846130679,0.0582943218928702,0.0670666716221882,0.0815874104350005,0.999232298054943,1,0.999232298054943,1,1,V0,all,0.05,0,A1,1.5,2,10,10,0,0,R0,0,0.5,1,0.2,rational,Gaussian,matched,42,420002,2,10,10,1,1.52313991782862,1.52110906460485,2.03085322377161,1.08670539742466,1.07280143632487,0.984574607094838,1,1,1,42,0.074,0,S2,E6_ablation,A0,-0.926,0
0.1,0.012815515655446,513,688,5000,5000,5000,0.000138904459397462,0.0100161126402143,0.00197823582323892,0.0100242241312585,0.00183933136384146,0.183562904570708,1,1,0.1,0.140412869273004,0,0,1,10000,1,1,1,1,0,0.1026,0.1376,0.1026,0.1376,0.1,0.140412869273004,0.0944921255742817,0.11131804393165,0.128329513338579,0.147426917031198,0.0944921255742817,0.11131804393165,0.128329513338579,0.147426917031198,0.999232298054943,1,0.999232298054943,1,1,V0,all,0.1,0,A1,1.5,2,10,10,0,0,R0,0,0.5,1,0.2,rational,Gaussian,matched,42,420002,2,10,10,1,1.52313991782862,1.52110906460485,2.03085322377161,1.08670539742466,1.07280143632487,0.984574607094838,1,1,1,42,0.1376,0,S2,E6_ablation,A0,-0.8624,0
0.01,0.023622355398049,59,88,5000,5000,5000,0.000141047284581784,0.0101706273225188,0.00197742411502247,0.0101788639463872,0.00183637683044068,0.180483792518252,1,1,0.01,0.0167371522901472,0,0,1,10000,1,1,1,1,0,0.0118,0.0176,0.0118,0.0176,0.01,0.0167371522901472,0.00915942192270621,0.0151901622564476,0.0143082495554921,0.021632429281099,0.00915942192270621,0.0151901622564476,0.0143082495554921,0.021632429281099,0.999232298054943,1,0.999232298054943,1,1,V0,all,0.01,0,A2,1.5,2,10,10,1,1,R0,0,0.5,1,0.2,rational,Gaussian,matched,42,420002,2,10,10.1542661188575,1.01542661188575,1.52313991782862,1.52110906460485,2.03085322377161,1.08670539742466,1.07280143632487,0.984574607094838,1,1,1,42,0.0176,0,S2,E6_ablation,A1,0,0
0.05,0.0167022814546331,259,366,5000,5000,5000,0.000141047284581784,0.0101706273225188,0.00197742411502247,0.0101788639463872,0.00183637683044068,0.180483792518252,1,1,0.05,0.0742495021149149,0,0,1,10000,1,1,1,1,0,0.0518,0.0732,0.0518,0.0732,0.05,0.0742495021149149,0.045993846130679,0.0582943218928702,0.0663034175811199,0.0807518927991809,0.045993846130679,0.0582943218928702,0.0663034175811199,0.0807518927991809,0.999232298054943,1,0.999232298054943,1,1,V0,all,0.05,0,A2,1.5,2,10,10,1,1,R0,0,0.5,1,0.2,rational,Gaussian,matched,42,420002,2,10,10.1542661188575,1.01542661188575,1.52313991782862,1.52110906460485,2.03085322377161,1.08670539742466,1.07280143632487,0.984574607094838,1,1,1,42,0.0732,0,S2,E6_ablation,A1,-0.000799999999999995,0
0.1,0.0130132156415783,513,683,5000,5000,5000,0.000141047284581784,0.0101706273225188,0.00197742411502247,0.0101788639463872,0.00183637683044068,0.180483792518252,1,1,0.1,0.139725918011877,0,0,1,10000,1,1,1,1,0,0.1026,0.1366,0.1026,0.1366,0.1,0.139725918011877,0.0944921255742817,0.11131804393165,0.127359479925017,0.146398485848651,0.0944921255742817,0.11131804393165,0.127359479925017,0.146398485848651,0.999232298054943,1,0.999232298054943,1,1,V0,all,0.1,0,A2,1.5,2,10,10,1,1,R0,0,0.5,1,0.2,rational,Gaussian,matched,42,420002,2,10,10.1542661188575,1.01542661188575,1.52313991782862,1.52110906460485,2.03085322377161,1.08670539742466,1.07280143632487,0.984574607094838,1,1,1,42,0.1366,0,S2,E6_ablation,A1,-0.001,0
0.01,0.0334070553791182,57,68,5000,5000,5000,0.000197755039495405,0.0144828849919339,0.00198129589765529,0.0142126642009424,0.00178354085815989,0.124302328027929,1,1,0.01,0.0144471174174473,0,0,1,10000,1,1,1,1,0,0.0114,0.0136,0.0114,0.0136,0.01,0.0144471174174473,0.0088098452155523,0.0147403531251575,0.0107425918316195,0.0172042286205321,0.0088098452155523,0.0147403531251575,0.0107425918316195,0.0172042286205321,0.999232298054943,1,0.999232298054943,1,1,V0,all,0.01,0,A3,1.5,2,10,10,1,1,R1,0,0.5,1,0.2,rational,Gaussian,matched,42,420002,2,10,10.1542661188575,1.01542661188575,1.52313991782862,1.52110906460485,2.03085322377161,1.08670539742466,1.07280143632487,0.984574607094838,1,1,1,42,0.0136,0,S2,E6_ablation,A2,-0.004,0
0.05,0.0236205929557148,274,328,5000,5000,5000,0.000197755039495405,0.0144828849919339,0.00198129589765529,0.0142126642009424,0.00178354085815989,0.124302328027929,1,1,0.05,0.0663638050612311,0,0,1,10000,1,1,1,1,0,0.0548,0.0656,0.0548,0.0656,0.05,0.0663638050612311,0.0488266054430001,0.0614569563688788,0.0590655376902938,0.0728014417595718,0.0488266054430001,0.0614569563688788,0.0590655376902938,0.0728014417595718,0.999232298054943,1,0.999232298054943,1,1,V0,all,0.05,0,A3,1.5,2,10,10,1,1,R1,0,0.5,1,0.2,rational,Gaussian,matched,42,420002,2,10,10.1542661188575,1.01542661188575,1.52313991782862,1.52110906460485,2.03085322377161,1.08670539742466,1.07280143632487,0.984574607094838,1,1,1,42,0.0656,0,S2,E6_ablation,A2,-0.0076,0
0.1,0.0184034660504057,490,619,5000,5000,5000,0.000197755039495405,0.0144828849919339,0.00198129589765529,0.0142126642009424,0.00178354085815989,0.124302328027929,1,1,0.1,0.127116028962827,0,0,1,10000,1,1,1,1,0,0.098,0.1238,0.098,0.1238,0.1,0.127116028962827,0.0900650110795922,0.106552221284234,0.114958706848527,0.133218912094934,0.0900650110795922,0.106552221284234,0.114958706848527,0.133218912094934,0.999232298054943,1,0.999232298054943,1,1,V0,all,0.1,0,A3,1.5,2,10,10,1,1,R1,0,0.5,1,0.2,rational,Gaussian,matched,42,420002,2,10,10.1542661188575,1.01542661188575,1.52313991782862,1.52110906460485,2.03085322377161,1.08670539742466,1.07280143632487,0.984574607094838,1,1,1,42,0.1238,0,S2,E6_ablation,A2,-0.0128,0
0.01,0.0334070553791182,56,67,5000,4954,4945,0.000216189383473731,0.0144760990973622,0.00193564972584491,0.0141958132207829,0.00171946034237118,0.119934671319614,0.989847803378734,0.989847803378734,0.00989847803378734,0.0143004474408149,0,0,6,9899,0.9908,0.989,0.9899,0.9899,0.0101,0.0113039967702866,0.0135490394337715,0.0112,0.0134,0.01,0.0144471174174473,0.00871566742632663,0.0146496337400904,0.0106835992793548,0.0171696791026004,0.00863539287572245,0.0145151125457654,0.0105659310895321,0.0169811964433975,0.98775116231898,0.993095261451752,0.985710359833467,0.991538827664267,1,V2,moderate,0.01,0,A4,1.5,2,10,10,1,1,R1,0,0.5,1,0.2,rational,Gaussian,matched,42,420002,2,10,10.1542661188575,1.01542661188575,1.52313991782862,1.52110906460485,2.03085322377161,1.08670539742466,1.07280143632487,0.984574607094838,1,1,0.989847803378734,42,0.0134,0,S2,E6_ablation,A3,-0.000199999999999999,-0.011
0.05,0.0236205929557148,272,319,5000,4954,4945,0.000216189383473731,0.0144760990973622,0.00193564972584491,0.0141958132207829,0.00171946034237118,0.119934671319614,0.989847803378734,0.989847803378734,0.0494923901689367,0.0656900666637141,0,0,6,9899,0.9908,0.989,0.9899,0.9899,0.0101,0.0549051271699637,0.0645096056622851,0.0544,0.0638,0.05,0.0663638050612311,0.0488997987573712,0.0616001967287707,0.0579950186525021,0.071700277541861,0.0484485910594409,0.061035584913994,0.0573550015033846,0.0709147416734832,0.98775116231898,0.993095261451752,0.985710359833467,0.991538827664267,1,V2,moderate,0.05,0,A4,1.5,2,10,10,1,1,R1,0,0.5,1,0.2,rational,Gaussian,matched,42,420002,2,10,10.1542661188575,1.01542661188575,1.52313991782862,1.52110906460485,2.03085322377161,1.08670539742466,1.07280143632487,0.984574607094838,1,1,0.989847803378734,42,0.0638,0,S2,E6_ablation,A3,-0.00180000000000001,-0.011
0.1,0.0184034660504057,488,609,5000,4954,4945,0.000216189383473731,0.0144760990973622,0.00193564972584491,0.0141958132207829,0.00171946034237118,0.119934671319614,0.989847803378734,0.989847803378734,0.0989847803378733,0.125825522043082,0,0,6,9899,0.9908,0.989,0.9899,0.9899,0.0101,0.0985062575696407,0.123154701718908,0.0976,0.1218,0.1,0.127116028962827,0.0905165393403167,0.10711815046555,0.114287023848597,0.132607419828299,0.0896803025435389,0.106137543981843,0.113023848614585,0.131156841136656,0.98775116231898,0.993095261451752,0.985710359833467,0.991538827664267,1,V2,moderate,0.1,0,A4,1.5,2,10,10,1,1,R1,0,0.5,1,0.2,rational,Gaussian,matched,42,420002,2,10,10.1542661188575,1.01542661188575,1.52313991782862,1.52110906460485,2.03085322377161,1.08670539742466,1.07280143632487,0.984574607094838,1,1,0.989847803378734,42,0.1218,0,S2,E6_ablation,A3,-0.00199999999999999,-0.011
0.01,0.0334070553791182,44,57,5000,4193,4138,0.000306126272005602,0.0144193874961215,0.00198121642091826,0.0142990062464858,0.00167509014891266,0.116655231318567,0.83599008188943,0.836336508332171,0.0083599008188943,0.0120826517363728,0,0,6,8331,0.8386,0.8276,0.8331,0.8331,0.1669,0.0104936799427617,0.013774770420493,0.0088,0.0114,0.01,0.0144471174174473,0.00782644247736381,0.0140570286334323,0.0106475832259353,0.0178038821409325,0.00656203743997331,0.0117921529508508,0.0088098452155523,0.0147403531251575,0.828143190927062,0.848536921315746,0.816879612927104,0.837817388758495,1,V2,moderate,0.01,0,A5,1.5,2,10,10,1,1,R1,1,0,1,0.2,rational,Gaussian,matched,42,420002,2,10,10.1542661188575,1.01542661188575,1.52313991782862,1.52110906460485,2.03085322377161,1.08670539742466,1.08960908456735,1,0.844564264360513,0.844914243863987,0.989847803378734,42,0.0114,0,S0,E6_ablation,A4,-0.002,-0.1614
0.05,0.0236205929557148,229,285,5000,4193,4138,0.000306126272005602,0.0144193874961215,0.00198121642091826,0.0142990062464858,0.00167509014891266,0.116655231318567,0.83599008188943,0.836336508332171,0.0417995040944715,0.0555024730045469,0,0,6,8331,0.8386,0.8276,0.8331,0.8331,0.1669,0.0546148342475554,0.068873852102465,0.0458,0.057,0.05,0.0663638050612311,0.0481358423786332,0.0619091672678524,0.0615510722088016,0.0769963503630135,0.0403459347014957,0.0519514457453942,0.0509073312952628,0.0637728526280579,0.828143190927062,0.848536921315746,0.816879612927104,0.837817388758495,1,V2,moderate,0.05,0,A5,1.5,2,10,10,1,1,R1,1,0,1,0.2,rational,Gaussian,matched,42,420002,2,10,10.1542661188575,1.01542661188575,1.52313991782862,1.52110906460485,2.03085322377161,1.08670539742466,1.08960908456735,1,0.844564264360513,0.844914243863987,0.989847803378734,42,0.057,0,S0,E6_ablation,A4,-0.00679999999999999,-0.1614
0.1,0.0184034660504057,412,524,5000,4193,4138,0.000306126272005602,0.0144193874961215,0.00198121642091826,0.0142990062464858,0.00167509014891266,0.116655231318567,0.83599008188943,0.836336508332171,0.083599008188943,0.106311775815822,0,0,6,8331,0.8386,0.8276,0.8331,0.8331,0.1669,0.0982590031004054,0.126631222812953,0.0824,0.1048,0.1,0.127116028962827,0.0896135951323064,0.107639855335969,0.116843667452619,0.137111359382277,0.0750950492199433,0.0903461354445684,0.096611310570768,0.113595481046605,0.828143190927062,0.848536921315746,0.816879612927104,0.837817388758495,1,V2,moderate,0.1,0,A5,1.5,2,10,10,1,1,R1,1,0,1,0.2,rational,Gaussian,matched,42,420002,2,10,10.1542661188575,1.01542661188575,1.52313991782862,1.52110906460485,2.03085322377161,1.08670539742466,1.08960908456735,1,0.844564264360513,0.844914243863987,0.989847803378734,42,0.1048,0,S0,E6_ablation,A4,-0.017,-0.1614
0.01,0.0334070553791182,44,57,5000,4193,4135,0.000306126272005602,0.0144193874961215,0.00197838098195355,0.0142988023190299,0.00167225470994795,0.116458591523652,0.83599008188943,0.835932810759991,0.0083599008188943,0.0120768194701463,0,0,6,8328,0.8386,0.827,0.8328,0.8328,0.1672,0.0104936799427617,0.0137847642079807,0.0088,0.0114,0.01,0.0144471174174473,0.00782644247736381,0.0140570286334323,0.0106553188635182,0.0178167692783338,0.00656203743997331,0.0117921529508508,0.0088098452155523,0.0147403531251575,0.828143190927062,0.848536921315746,0.816265693589499,0.837232229338434,1,V2,moderate,0.01,0,A5,1.5,2,10,10,1,1,R1,1,0.1,1,0.2,rational,Gaussian,matched,42,420002,2,10,10.1542661188575,1.01542661188575,1.52313991782862,1.52110906460485,2.03085322377161,1.08670539742466,1.08622661969085,0.996895707897065,0.844564264360513,0.844506405839998,0.989847803378734,42,0.0114,0,S1,E6_ablation,A4,-0.002,-0.162
0.05,0.0236205929557148,229,284,5000,4193,4135,0.000306126272005602,0.0144193874961215,0.00197838098195355,0.0142988023190299,0.00167225470994795,0.116458591523652,0.83599008188943,0.835932810759991,0.0417995040944715,0.055475682097563,0,0,6,8328,0.8386,0.827,0.8328,0.8328,0.1672,0.0546148342475554,0.0686819830713422,0.0458,0.0568,0.05,0.0663638050612311,0.0481358423786332,0.0619091672678524,0.0613668027263375,0.0767978176173546,0.0403459347014957,0.0519514457453942,0.0507180615465955,0.0635624294575031,0.828143190927062,0.848536921315746,0.816265693589499,0.837232229338434,1,V2,moderate,0.05,0,A5,1.5,2,10,10,1,1,R1,1,0.1,1,0.2,rational,Gaussian,matched,42,420002,2,10,10.1542661188575,1.01542661188575,1.52313991782862,1.52110906460485,2.03085322377161,1.08670539742466,1.08622661969085,0.996895707897065,0.844564264360513,0.844506405839998,0.989847803378734,42,0.0568,0,S1,E6_ablation,A4,-0.00699999999999999,-0.162
0.1,0.0184034660504057,412,523,5000,4193,4135,0.000306126272005602,0.0144193874961215,0.00197838098195355,0.0142988023190299,0.00167225470994795,0.116458591523652,0.83599008188943,0.835932810759991,0.083599008188943,0.106260459383545,0,0,6,8328,0.8386,0.827,0.8328,0.8328,0.1672,0.0982590031004054,0.126481257557437,0.0824,0.1046,0.1,0.127116028962827,0.0896135951323064,0.107639855335969,0.11669554004241,0.136960336672383,0.0750950492199433,0.0903461354445684,0.0964186088161597,0.113388489881991,0.828143190927062,0.848536921315746,0.816265693589499,0.837232229338434,1,V2,moderate,0.1,0,A5,1.5,2,10,10,1,1,R1,1,0.1,1,0.2,rational,Gaussian,matched,42,420002,2,10,10.1542661188575,1.01542661188575,1.52313991782862,1.52110906460485,2.03085322377161,1.08670539742466,1.08622661969085,0.996895707897065,0.844564264360513,0.844506405839998,0.989847803378734,42,0.1046,0,S1,E6_ablation,A4,-0.0172,-0.162
0.01,0.0334070553791182,44,57,5000,4193,4127,0.000306126272005602,0.0144193874961215,0.00197009623858796,0.0143046404200109,0.00166396996658236,0.115858172422876,0.83599008188943,0.834309354862074,0.0083599008188943,0.0120533652121671,0,0,6,8320,0.8386,0.8254,0.832,0.832,0.168,0.0104936799427617,0.013811485340441,0.0088,0.0114,0.01,0.0144471174174473,0.00782644247736381,0.0140570286334323,0.0106760022890639,0.0178512263628768,0.00656203743997331,0.0117921529508508,0.0088098452155523,0.0147403531251575,0.828143190927062,0.848536921315746,0.814628799759041,0.835671579815115,1,V2,moderate,0.01,0,A5,1.5,2,10,10,1,1,R1,1,0.5,1,0.2,rational,Gaussian,matched,42,420002,2,10,10.1542661188575,1.01542661188575,1.52313991782862,1.52110906460485,2.03085322377161,1.08670539742466,1.07280143632487,0.984574607094838,0.844564264360513,0.842866299257576,0.989847803378734,42,0.0114,0,S2,E6_ablation,A4,-0.002,-0.1636
0.05,0.0236205929557148,229,284,5000,4193,4127,0.000306126272005602,0.0144193874961215,0.00197009623858796,0.0143046404200109,0.00166396996658236,0.115858172422876,0.83599008188943,0.834309354862074,0.0417995040944715,0.0553679433868281,0,0,6,8320,0.8386,0.8254,0.832,0.832,0.168,0.0546148342475554,0.0688151199418464,0.0458,0.0568,0.05,0.0663638050612311,0.0481358423786332,0.0619091672678524,0.061486199407366,0.0769459976452771,0.0403459347014957,0.0519514457453942,0.0507180615465955,0.0635624294575031,0.828143190927062,0.848536921315746,0.814628799759041,0.835671579815115,1,V2,moderate,0.05,0,A5,1.5,2,10,10,1,1,R1,1,0.5,1,0.2,rational,Gaussian,matched,42,420002,2,10,10.1542661188575,1.01542661188575,1.52313991782862,1.52110906460485,2.03085322377161,1.08670539742466,1.07280143632487,0.984574607094838,0.844564264360513,0.842866299257576,0.989847803378734,42,0.0568,0,S2,E6_ablation,A4,-0.00699999999999999,-0.1636
0.1,0.0184034660504057,412,523,5000,4193,4127,0.000306126272005602,0.0144193874961215,0.00197009623858796,0.0143046404200109,0.00166396996658236,0.115858172422876,0.83599008188943,0.834309354862074,0.083599008188943,0.106054092116605,0,0,6,8320,0.8386,0.8254,0.832,0.832,0.168,0.0982590031004054,0.126726435667555,0.0824,0.1046,0.1,0.127116028962827,0.0896135951323064,0.107639855335969,0.116922960465349,0.137224159264686,0.0750950492199433,0.0903461354445684,0.0964186088161597,0.113388489881991,0.828143190927062,0.848536921315746,0.814628799759041,0.835671579815115,1,V2,moderate,0.1,0,A5,1.5,2,10,10,1,1,R1,1,0.5,1,0.2,rational,Gaussian,matched,42,420002,2,10,10.1542661188575,1.01542661188575,1.52313991782862,1.52110906460485,2.03085322377161,1.08670539742466,1.07280143632487,0.984574607094838,0.844564264360513,0.842866299257576,0.989847803378734,42,0.1046,0,S2,E6_ablation,A4,-0.0172,-0.1636
0.01,0.0334070553791182,44,57,5000,4193,4105,0.000306126272005602,0.0144193874961215,0.00199177874377172,0.0142882367710125,0.00168565247176612,0.117434648411362,0.83599008188943,0.830189773149726,0.0083599008188943,0.011993849131458,0,0,6,8298,0.8386,0.821,0.8298,0.8298,0.1702,0.0104936799427617,0.0138855054811206,0.0088,0.0114,0.01,0.0144471174174473,0.00782644247736381,0.0140570286334323,0.0107332979735113,0.0179466742283163,0.00656203743997331,0.0117921529508508,0.0088098452155523,0.0147403531251575,0.828143190927062,0.848536921315746,0.810128999965177,0.831378135386096,1,V2,moderate,0.01,0,A5,1.5,2,10,10,1,1,R1,1,1.5,1,0.2,rational,Gaussian,matched,42,420002,2,10,10.1542661188575,1.01542661188575,1.52313991782862,1.52110906460485,2.03085322377161,1.08670539742466,1.03995993431577,0.954433979162999,0.844564264360513,0.838704465793596,0.989847803378734,42,0.0114,0,S3,E6_ablation,A4,-0.002,-0.168
0.05,0.0236205929557148,229,283,5000,4193,4105,0.000306126272005602,0.0144193874961215,0.00199177874377172,0.0142882367710125,0.00168565247176612,0.117434648411362,0.83599008188943,0.830189773149726,0.0417995040944715,0.055094552269136,0,0,6,8298,0.8386,0.821,0.8298,0.8298,0.1702,0.0546148342475554,0.0689403166869671,0.0458,0.0566,0.05,0.0663638050612311,0.0481358423786332,0.0619091672678524,0.0615862017532892,0.0771004486156077,0.0403459347014957,0.0519514457453942,0.0505288140312871,0.0633519840535895,0.828143190927062,0.848536921315746,0.810128999965177,0.831378135386096,1,V2,moderate,0.05,0,A5,1.5,2,10,10,1,1,R1,1,1.5,1,0.2,rational,Gaussian,matched,42,420002,2,10,10.1542661188575,1.01542661188575,1.52313991782862,1.52110906460485,2.03085322377161,1.08670539742466,1.03995993431577,0.954433979162999,0.844564264360513,0.838704465793596,0.989847803378734,42,0.0566,0,S3,E6_ablation,A4,-0.0072,-0.168
0.1,0.0184034660504057,412,520,5000,4193,4105,0.000306126272005602,0.0144193874961215,0.00199177874377172,0.0142882367710125,0.00168565247176612,0.117434648411362,0.83599008188943,0.830189773149726,0.083599008188943,0.105530427248344,0,0,6,8298,0.8386,0.821,0.8298,0.8298,0.1702,0.0982590031004054,0.126674786845311,0.0824,0.104,0.1,0.127116028962827,0.0896135951323064,0.107639855335969,0.116847817832807,0.137199818047574,0.0750950492199433,0.0903461354445684,0.0958405614939884,0.112767458446497,0.828143190927062,0.848536921315746,0.810128999965177,0.831378135386096,1,V2,moderate,0.1,0,A5,1.5,2,10,10,1,1,R1,1,1.5,1,0.2,rational,Gaussian,matched,42,420002,2,10,10.1542661188575,1.01542661188575,1.52313991782862,1.52110906460485,2.03085322377161,1.08670539742466,1.03995993431577,0.954433979162999,0.844564264360513,0.838704465793596,0.989847803378734,42,0.104,0,S3,E6_ablation,A4,-0.0178,-0.168
0.01,0,0,5000,5000,5000,5000,0,0,0.00212835554495178,5.50829789355996e-17,0.00212835554495178,54643908796978.3,1,1,0,1,0,0,1,10000,1,1,1,1,0,0,1,0,1,0,1,0,0.000767701945057125,0.999232298054943,1,0,0.000767701945057125,0.999232298054943,1,0.999232298054943,1,0.999232298054943,1,1,V0,all,0.01,0,A0,1.5,2,20,0,0,0,R0,0,0.5,1,0.2,rational,Gaussian,matched,42,420003,2,20,0,1,1.59626665871387,1.59413830316892,2.12835554495183,0.944093258626198,0.885946205386715,0.935908872470481,1,1,1,42,1,0,S2,E6_ablation,,NaN,NaN
0.05,0,0,5000,5000,5000,5000,0,0,0.00212835554495178,5.50829789355996e-17,0.00212835554495178,54643908796978.3,1,1,0,1,0,0,1,10000,1,1,1,1,0,0,1,0,1,0,1,0,0.000767701945057125,0.999232298054943,1,0,0.000767701945057125,0.999232298054943,1,0.999232298054943,1,0.999232298054943,1,1,V0,all,0.05,0,A0,1.5,2,20,0,0,0,R0,0,0.5,1,0.2,rational,Gaussian,matched,42,420003,2,20,0,1,1.59626665871387,1.59413830316892,2.12835554495183,0.944093258626198,0.885946205386715,0.935908872470481,1,1,1,42,1,0,S2,E6_ablation,,NaN,NaN
0.1,0,0,5000,5000,5000,5000,0,0,0.00212835554495178,5.50829789355996e-17,0.00212835554495178,54643908796978.3,1,1,0,1,0,0,1,10000,1,1,1,1,0,0,1,0,1,0,1,0,0.000767701945057125,0.999232298054943,1,0,0.000767701945057125,0.999232298054943,1,0.999232298054943,1,0.999232298054943,1,1,V0,all,0.1,0,A0,1.5,2,20,0,0,0,R0,0,0.5,1,0.2,rational,Gaussian,matched,42,420003,2,20,0,1,1.59626665871387,1.59413830316892,2.12835554495183,0.944093258626198,0.885946205386715,0.935908872470481,1,1,1,42,1,0,S2,E6_ablation,,NaN,NaN
0.01,0.0232634787404084,36,85,5000,5000,5000,9.51785580169663e-05,0.00988847912425449,0.00212492866241527,0.00993677375987124,0.0020297501043983,0.204763499748812,1,1,0.01,0.0172784708489152,0,0,1,10000,1,1,1,1,0,0.0072,0.017,0.0072,0.017,0.01,0.0172784708489152,0.00520539599745487,0.00995125103959344,0.0137698890612357,0.0209717110176895,0.00520539599745487,0.00995125103959344,0.0137698890612357,0.0209717110176895,0.999232298054943,1,0.999232298054943,1,1,V0,all,0.01,0,A1,1.5,2,20,10,0,0,R0,0,0.5,1,0.2,rational,Gaussian,matched,42,420003,2,20,10,1,1.59626665871387,1.59413830316892,2.12835554495183,0.944093258626198,0.885946205386715,0.935908872470481,1,1,1,42,0.017,0,S2,E6_ablation,A0,-0.983,0
0.05,0.0164485362695147,256,372,5000,5000,5000,9.51785580169663e-05,0.00988847912425449,0.00212492866241527,0.00993677375987124,0.0020297501043983,0.204763499748812,1,1,0.05,0.0760693246242862,0,0,1,10000,1,1,1,1,0,0.0512,0.0744,0.0512,0.0744,0.05,0.0760693246242862,0.0454279633979573,0.057661125867926,0.0674483912005754,0.0820050766950572,0.0454279633979573,0.057661125867926,0.0674483912005754,0.0820050766950572,0.999232298054943,1,0.999232298054943,1,1,V0,all,0.05,0,A1,1.5,2,20,10,0,0,R0,0,0.5,1,0.2,rational,Gaussian,matched,42,420003,2,20,10,1,1.59626665871387,1.59413830316892,2.12835554495183,0.944093258626198,0.885946205386715,0.935908872470481,1,1,1,42,0.0744,0,S2,E6_ablation,A0,-0.9256,0
0.1,0.012815515655446,506,719,5000,5000,5000,9.51785580169663e-05,0.00988847912425449,0.00212492866241527,0.00993677375987124,0.0020297501043983,0.204763499748812,1,1,0.1,0.142598827343933,0,0,1,10000,1,1,1,1,0,0.1012,0.1438,0.1012,0.1438,0.1,0.142598827343933,0.0931441742993416,0.109868144772036,0.134347436773367,0.153799474092292,0.0931441742993416,0.109868144772036,0.134347436773367,0.153799474092292,0.999232298054943,1,0.999232298054943,1,1,V0,all,0.1,0,A1,1.5,2,20,10,0,0,R0,0,0.5,1,0.2,rational,Gaussian,matched,42,420003,2,20,10,1,1.59626665871387,1.59413830316892,2.12835554495183,0.944093258626198,0.885946205386715,0.935908872470481,1,1,1,42,0.1438,0,S2,E6_ablation,A0,-0.8562,0
0.01,0.0247564769860086,36,80,5000,5000,5000,0.000101286905857964,0.0105230996876237,0.00212470873272754,0.0105744937653769,0.00202342182686957,0.19181484634584,1,1,0.01,0.0167371522901468,0,0,1,10000,1,1,1,1,0,0.0072,0.016,0.0072,0.016,0.01,0.0167371522901468,0.00520539599745487,0.00995125103959344,0.0128751750275618,0.0198679604552535,0.00520539599745487,0.00995125103959344,0.0128751750275618,0.0198679604552535,0.999232298054943,1,0.999232298054943,1,1,V0,all,0.01,0,A2,1.5,2,20,10,1,1,R0,0,0.5,1,0.2,rational,Gaussian,matched,42,420003,2,20,10.6417777247591,1.06417777247591,1.59626665871387,1.59413830316892,2.12835554495183,0.944093258626198,0.885946205386715,0.935908872470481,1,1,1,42,0.016,0,S2,E6_ablation,A1,-0.001,0
0.05,0.0175041666877814,256,365,5000,5000,5000,0.000101286905857964,0.0105230996876237,0.00212470873272754,0.0105744937653769,0.00202342182686957,0.19181484634584,1,1,0.05,0.0742495021149134,0,0,1,10000,1,1,1,1,0,0.0512,0.073,0.0512,0.073,0.05,0.0742495021149134,0.0454279633979573,0.057661125867926,0.0661126429744546,0.0805429744866242,0.0454279633979573,0.057661125867926,0.0661126429744546,0.0805429744866242,0.999232298054943,1,0.999232298054943,1,1,V0,all,0.05,0,A2,1.5,2,20,10,1,1,R0,0,0.5,1,0.2,rational,Gaussian,matched,42,420003,2,20,10.6417777247591,1.06417777247591,1.59626665871387,1.59413830316892,2.12835554495183,0.944093258626198,0.885946205386715,0.935908872470481,1,1,1,42,0.073,0,S2,E6_ablation,A1,-0.0014,0
0.1,0.0136379869033427,506,707,5000,5000,5000,0.000101286905857964,0.0105230996876237,0.00212470873272754,0.0105744937653769,0.00202342182686957,0.19181484634584,1,1,0.1,0.139725918011875,0,0,1,10000,1,1,1,1,0,0.1012,0.1414,0.1012,0.1414,0.1,0.139725918011875,0.0931441742993416,0.109868144772036,0.132017169631279,0.151333426203716,0.0931441742993416,0.109868144772036,0.132017169631279,0.151333426203716,0.999232298054943,1,0.999232298054943,1,1,V0,all,0.1,0,A2,1.5,2,20,10,1,1,R0,0,0.5,1,0.2,rational,Gaussian,matched,42,420003,2,20,10.6417777247591,1.06417777247591,1.59626665871387,1.59413830316892,2.12835554495183,0.944093258626198,0.885946205386715,0.935908872470481,1,1,1,42,0.1414,0,S2,E6_ablation,A1,-0.00240000000000001,0
0.01,0.0350109455101907,45,78,5000,5000,5000,0.000198165648088925,0.0150006558810065,0.00232700514763325,0.0152268178434697,0.00212883949954433,0.140850666839394,1,1,0.01,0.014447117417447,0,0,1,10000,1,1,1,1,0,0.009,0.0156,0.009,0.0156,0.01,0.014447117417447,0.00673322861097761,0.0120206546990685,0.012518237134049,0.0194255125103223,0.00673322861097761,0.0120206546990685,0.012518237134049,0.0194255125103223,0.999232298054943,1,0.999232298054943,1,1,V0,all,0.01,0,A3,1.5,2,20,10,1,1,R1,0,0.5,1,0.2,rational,Gaussian,matched,42,420003,2,20,10.6417777247591,1.06417777247591,1.59626665871387,1.59413830316892,2.12835554495183,0.944093258626198,0.885946205386715,0.935908872470481,1,1,1,42,0.0156,0,S2,E6_ablation,A2,-0.000400000000000001,0
0.05,0.0247546299278998,242,373,5000,5000,5000,0.000198165648088925,0.0150006558810065,0.00232700514763325,0.0152268178434697,0.00212883949954433,0.140850666839394,1,1,0.05,0.0663638050612301,0,0,1,10000,1,1,1,1,0,0.0484,0.0746,0.0484,0.0746,0.05,0.0663638050612301,0.0427903040886361,0.0547030843081395,0.0676392739292268,0.0822138868856278,0.0427903040886361,0.0547030843081395,0.0676392739292268,0.0822138868856278,0.999232298054943,1,0.999232298054943,1,1,V0,all,0.05,0,A3,1.5,2,20,10,1,1,R1,0,0.5,1,0.2,rational,Gaussian,matched,42,420003,2,20,10.6417777247591,1.06417777247591,1.59626665871387,1.59413830316892,2.12835554495183,0.944093258626198,0.885946205386715,0.935908872470481,1,1,1,42,0.0746,0,S2,E6_ablation,A2,0.0016,0
0.1,0.0192870260421739,510,666,5000,5000,5000,0.000198165648088925,0.0150006558810065,0.00232700514763325,0.0152268178434697,0.00212883949954433,0.140850666839394,1,1,0.1,0.127116028962826,0,0,1,10000,1,1,1,1,0,0.102,0.1332,0.102,0.1332,0.1,0.127116028962826,0.0939143723134036,0.110696718434862,0.124062652496983,0.142900533649911,0.0939143723134036,0.110696718434862,0.124062652496983,0.142900533649911,0.999232298054943,1,0.999232298054943,1,1,V0,all,0.1,0,A3,1.5,2,20,10,1,1,R1,0,0.5,1,0.2,rational,Gaussian,matched,42,420003,2,20,10.6417777247591,1.06417777247591,1.59626665871387,1.59413830316892,2.12835554495183,0.944093258626198,0.885946205386715,0.935908872470481,1,1,1,42,0.1332,0,S2,E6_ablation,A2,-0.00819999999999999,0
0.01,0.0350109455101907,40,75,5000,4807,4788,0.000121552831508324,0.0149526367358155,0.00234647221601682,0.0152131766073564,0.00222491938450849,0.147507138512616,0.960005441285478,0.960005441285478,0.00960005441285478,0.0138693113316393,0,0,6,9595,0.9614,0.9576,0.9595,0.9595,0.0405,0.00832119825254837,0.0156641604010025,0.008,0.015,0.01,0.014447117417447,0.00611701184804823,0.0113105960950426,0.0125152778611522,0.0195895945856411,0.00588068172509965,0.0108747369888366,0.0119839095668437,0.0187607613198617,0.955696490775797,0.966395073869304,0.951654610691848,0.962842788488036,1,V2,moderate,0.01,0,A4,1.5,2,20,10,1,1,R1,0,0.5,1,0.2,rational,Gaussian,matched,42,420003,2,20,10.6417777247591,1.06417777247591,1.59626665871387,1.59413830316892,2.12835554495183,0.944093258626198,0.885946205386715,0.935908872470481,1,1,0.960005441285478,42,0.015,0,S2,E6_ablation,A3,-0.0006,-0.0424
0.05,0.0247546299278998,229,356,5000,4807,4788,0.000121552831508324,0.0149526367358155,0.00234647221601682,0.0152131766073564,0.00222491938450849,0.147507138512616,0.960005441285478,0.960005441285478,0.0480002720642739,0.0637096139631896,0,0,6,9595,0.9614,0.9576,0.9595,0.9595,0.0405,0.0476388599958394,0.0743525480367586,0.0458,0.0712,0.05,0.0663638050612301,0.041970314643918,0.0540298264486359,0.0672580151471822,0.082129535541289,0.0403459347014957,0.0519514457453942,0.0643963842748614,0.0786619969132196,0.955696490775797,0.966395073869304,0.951654610691848,0.962842788488036,1,V2,moderate,0.05,0,A4,1.5,2,20,10,1,1,R1,0,0.5,1,0.2,rational,Gaussian,matched,42,420003,2,20,10.6417777247591,1.06417777247591,1.59626665871387,1.59413830316892,2.12835554495183,0.944093258626198,0.885946205386715,0.935908872470481,1,1,0.960005441285478,42,0.0712,0,S2,E6_ablation,A3,-0.0034,-0.0424
0.1,0.0192870260421739,483,638,5000,4807,4788,0.000121552831508324,0.0149526367358155,0.00234647221601682,0.0152131766073564,0.00222491938450849,0.147507138512616,0.960005441285478,0.960005441285478,0.0960005441285478,0.122032079478915,0,0,6,9595,0.9614,0.9576,0.9595,0.9595,0.0405,0.100478468899522,0.133249791144528,0.0966,0.1276,0.1,0.127116028962826,0.0922961770037567,0.109298796998657,0.123917051102975,0.143170553906326,0.088718716686586,0.105100665242686,0.1186370564008,0.137134728007879,0.955696490775797,0.966395073869304,0.951654610691848,0.962842788488036,1,V2,moderate,0.1,0,A4,1.5,2,20,10,1,1,R1,0,0.5,1,0.2,rational,Gaussian,matched,42,420003,2,20,10.6417777247591,1.06417777247591,1.59626665871387,1.59413830316892,2.12835554495183,0.944093258626198,0.885946205386715,0.935908872470481,1,1,0.960005441285478,42,0.1276,0,S2,E6_ablation,A3,-0.00560000000000002,-0.0424
0.01,0.0350109455101907,37,61,5000,3913,3917,0.000107018366801721,0.0149408628044371,0.00230928980112715,0.0152266078571355,0.00220227143432543,0.14599650557182,0.79218600278302,0.79255521596961,0.0079218600278302,0.011450138264923,0,0,6,7830,0.7826,0.7834,0.783,0.783,0.217,0.00945566061845132,0.0155731427112586,0.0074,0.0122,0.01,0.014447117417447,0.00686797750456942,0.0130055506019603,0.0121432137939533,0.0199523096140614,0.00537359775687122,0.0101827421993991,0.00950985811568289,0.0156391119019148,0.770952309987268,0.793813784873385,0.771766899557355,0.794597966980186,1,V2,moderate,0.01,0,A5,1.5,2,20,10,1,1,R1,1,0,1,0.2,rational,Gaussian,matched,42,420003,2,20,10.6417777247591,1.06417777247591,1.59626665871387,1.59413830316892,2.12835554495183,0.944093258626198,0.946615884779593,1,0.825189075722589,0.825573670612068,0.960005441285478,42,0.0122,0,S0,E6_ablation,A4,-0.0028,-0.1742
0.05,0.0247546299278998,188,291,5000,3913,3917,0.000107018366801721,0.0149408628044371,0.00230928980112715,0.0152266078571355,0.00220227143432543,0.14599650557182,0.79218600278302,0.79255521596961,0.039609300139151,0.0525969798528683,0,0,6,7830,0.7826,0.7834,0.783,0.783,0.217,0.0480449782775364,0.0742915496553485,0.0376,0.0582,0.05,0.0663638050612301,0.0417760895451937,0.0552003806066155,0.0664895215958787,0.0829277565505585,0.0326723476431979,0.043237623115591,0.0520434106219398,0.0650349308167127,0.770952309987268,0.793813784873385,0.771766899557355,0.794597966980186,1,V2,moderate,0.05,0,A5,1.5,2,20,10,1,1,R1,1,0,1,0.2,rational,Gaussian,matched,42,420003,2,20,10.6417777247591,1.06417777247591,1.59626665871387,1.59413830316892,2.12835554495183,0.944093258626198,0.946615884779593,1,0.825189075722589,0.825573670612068,0.960005441285478,42,0.0582,0,S0,E6_ablation,A4,-0.013,-0.1742
0.1,0.0192870260421739,388,524,5000,3913,3917,0.000107018366801721,0.0149408628044371,0.00230928980112715,0.0152266078571355,0.00220227143432543,0.14599650557182,0.79218600278302,0.79255521596961,0.079218600278302,0.100746471787832,0,0,6,7830,0.7826,0.7834,0.783,0.783,0.217,0.0991566572961922,0.133775848863926,0.0776,0.1048,0.1,0.127116028962826,0.0901817530245611,0.108917819173976,0.123473397908215,0.144795918734102,0.0705043103313089,0.0853442442718753,0.096611310570768,0.113595481046605,0.770952309987268,0.793813784873385,0.771766899557355,0.794597966980186,1,V2,moderate,0.1,0,A5,1.5,2,20,10,1,1,R1,1,0,1,0.2,rational,Gaussian,matched,42,420003,2,20,10.6417777247591,1.06417777247591,1.59626665871387,1.59413830316892,2.12835554495183,0.944093258626198,0.946615884779593,1,0.825189075722589,0.825573670612068,0.960005441285478,42,0.1048,0,S0,E6_ablation,A4,-0.0228,-0.1742
0.01,0.0350109455101907,37,61,5000,3913,3909,0.000107018366801721,0.0149408628044371,0.0023118475042753,0.0152250320126072,0.00220482913747358,0.14617377197625,0.79218600278302,0.79071595185475,0.0079218600278302,0.011423566200294,0,0,6,7822,0.7826,0.7818,0.7822,0.7822,0.2178,0.00945566061845132,0.0156050140700947,0.0074,0.0122,0.01,0.014447117417447,0.00686797750456942,0.0130055506019603,0.0121681035404057,0.0199930407699548,0.00537359775687122,0.0101827421993991,0.00950985811568289,0.0156391119019148,0.770952309987268,0.793813784873385,0.770137783505702,0.793029539678064,1,V2,moderate,0.01,0,A5,1.5,2,20,10,1,1,R1,1,0.1,1,0.2,rational,Gaussian,matched,42,420003,2,20,10.6417777247591,1.06417777247591,1.59626665871387,1.59413830316892,2.12835554495183,0.944093258626198,0.93415835148857,0.98683992790389,0.825189075722589,0.823657781351694,0.960005441285478,42,0.0122,0,S1,E6_ablation,A4,-0.0028,-0.1758
0.05,0.0247546299278998,188,291,5000,3913,3909,0.000107018366801721,0.0149408628044371,0.0023118475042753,0.0152250320126072,0.00220482913747358,0.14617377197625,0.79218600278302,0.79071595185475,0.039609300139151,0.0524749192876936,0,0,6,7822,0.7826,0.7818,0.7822,0.7822,0.2178,0.0480449782775364,0.0744435917114352,0.0376,0.0582,0.05,0.0663638050612301,0.0417760895451937,0.0552003806066155,0.0666261367224445,0.0830966325198501,0.0326723476431979,0.043237623115591,0.0520434106219398,0.0650349308167127,0.770952309987268,0.793813784873385,0.770137783505702,0.793029539678064,1,V2,moderate,0.05,0,A5,1.5,2,20,10,1,1,R1,1,0.1,1,0.2,rational,Gaussian,matched,42,420003,2,20,10.6417777247591,1.06417777247591,1.59626665871387,1.59413830316892,2.12835554495183,0.944093258626198,0.93415835148857,0.98683992790389,0.825189075722589,0.823657781351694,0.960005441285478,42,0.0582,0,S1,E6_ablation,A4,-0.013,-0.1758
0.1,0.0192870260421739,388,523,5000,3913,3909,0.000107018366801721,0.0149408628044371,0.0023118475042753,0.0152250320126072,0.00220482913747358,0.14617377197625,0.79218600278302,0.79071595185475,0.079218600278302,0.100512671837337,0,0,6,7822,0.7826,0.7818,0.7822,0.7822,0.2178,0.0991566572961922,0.133793809158353,0.0776,0.1046,0.1,0.127116028962826,0.0901817530245611,0.108917819173976,0.123480564188851,0.144826104984786,0.0705043103313089,0.0853442442718753,0.0964186088161597,0.113388489881991,0.770952309987268,0.793813784873385,0.770137783505702,0.793029539678064,1,V2,moderate,0.1,0,A5,1.5,2,20,10,1,1,R1,1,0.1,1,0.2,rational,Gaussian,matched,42,420003,2,20,10.6417777247591,1.06417777247591,1.59626665871387,1.59413830316892,2.12835554495183,0.944093258626198,0.93415835148857,0.98683992790389,0.825189075722589,0.823657781351694,0.960005441285478,42,0.1046,0,S1,E6_ablation,A4,-0.023,-0.1758
0.01,0.0350109455101907,37,60,5000,3913,3865,0.000107018366801721,0.0149408628044371,0.00228660439214351,0.0152229446174156,0.00217958602534179,0.144510319586233,0.79218600278302,0.783200101108685,0.0079218600278302,0.0113149838220735,0,0,6,7778,0.7826,0.773,0.7778,0.7778,0.2222,0.00945566061845132,0.0155239327296248,0.0074,0.012,0.01,0.014447117417447,0.00686797750456942,0.0130055506019603,0.0120799093689272,0.0199300502375447,0.00537359775687122,0.0101827421993991,0.00933453521161284,0.0154147418867629,0.770952309987268,0.793813784873385,0.761182086184874,0.784398748553125,1,V2,moderate,0.01,0,A5,1.5,2,20,10,1,1,R1,1,0.5,1,0.2,rational,Gaussian,matched,42,420003,2,20,10.6417777247591,1.06417777247591,1.59626665871387,1.59413830316892,2.12835554495183,0.944093258626198,0.885946205386715,0.935908872470481,0.825189075722589,0.815828814532504,0.960005441285478,42,0.012,0,S2,E6_ablation,A4,-0.003,-0.1846
0.05,0.0247546299278998,188,288,5000,3913,3865,0.000107018366801721,0.0149408628044371,0.00228660439214351,0.0152229446174156,0.00217958602534179,0.144510319586233,0.79218600278302,0.783200101108685,0.039609300139151,0.0519761388339124,0,0,6,7778,0.7826,0.773,0.7778,0.7778,0.2222,0.0480449782775364,0.0745148771021992,0.0376,0.0576,0.05,0.0663638050612301,0.0417760895451937,0.0552003806066155,0.0666516524457273,0.083223049061799,0.0326723476431979,0.043237623115591,0.051475272851246,0.0644039898297405,0.770952309987268,0.793813784873385,0.761182086184874,0.784398748553125,1,V2,moderate,0.05,0,A5,1.5,2,20,10,1,1,R1,1,0.5,1,0.2,rational,Gaussian,matched,42,420003,2,20,10.6417777247591,1.06417777247591,1.59626665871387,1.59413830316892,2.12835554495183,0.944093258626198,0.885946205386715,0.935908872470481,0.825189075722589,0.815828814532504,0.960005441285478,42,0.0576,0,S2,E6_ablation,A4,-0.0136,-0.1846
0.1,0.0192870260421739,388,516,5000,3913,3865,0.000107018366801721,0.0149408628044371,0.00228660439214351,0.0152229446174156,0.00217958602534179,0.144510319586233,0.79218600278302,0.783200101108685,0.079218600278302,0.0995572867362196,0,0,6,7778,0.7826,0.773,0.7778,0.7778,0.2222,0.0991566572961922,0.133505821474774,0.0776,0.1032,0.1,0.127116028962826,0.0901817530245611,0.108917819173976,0.123146118125388,0.144593325283192,0.0705043103313089,0.0853442442718753,0.0950699678478566,0.111939280415741,0.770952309987268,0.793813784873385,0.761182086184874,0.784398748553125,1,V2,moderate,0.1,0,A5,1.5,2,20,10,1,1,R1,1,0.5,1,0.2,rational,Gaussian,matched,42,420003,2,20,10.6417777247591,1.06417777247591,1.59626665871387,1.59413830316892,2.12835554495183,0.944093258626198,0.885946205386715,0.935908872470481,0.825189075722589,0.815828814532504,0.960005441285478,42,0.1032,0,S2,E6_ablation,A4,-0.0244,-0.1846
0.01,0.0350109455101907,37,59,5000,3913,3781,0.000107018366801721,0.0149408628044371,0.00236105995328144,0.0151598281905136,0.00225404158647972,0.149762804467339,0.79218600278302,0.76328761022932,0.0079218600278302,0.0110273057282655,0,0,6,7694,0.7826,0.7562,0.7694,0.7694,0.2306,0.00945566061845132,0.015604337476858,0.0074,0.0118,0.01,0.014447117417447,0.00686797750456942,0.0130055506019603,0.0121169923699469,0.0200749660373832,0.00537359775687122,0.0101827421993991,0.00915942192270621,0.0151901622564476,0.770952309987268,0.793813784873385,0.744104852117757,0.767901777405596,1,V2,moderate,0.01,0,A5,1.5,2,20,10,1,1,R1,1,1.5,1,0.2,rational,Gaussian,matched,42,420003,2,20,10.6417777247591,1.06417777247591,1.59626665871387,1.59413830316892,2.12835554495183,0.944093258626198,0.776022799897,0.819786369925207,0.825189075722589,0.795086754099283,0.960005441285478,42,0.0118,0,S3,E6_ablation,A4,-0.0032,-0.2014
0.05,0.0247546299278998,188,278,5000,3913,3781,0.000107018366801721,0.0149408628044371,0.00236105995328144,0.0151598281905136,0.00225404158647972,0.149762804467339,0.79218600278302,0.76328761022932,0.039609300139151,0.0506546701709108,0,0,6,7694,0.7826,0.7562,0.7694,0.7694,0.2306,0.0480449782775364,0.073525522348585,0.0376,0.0556,0.05,0.0663638050612301,0.0417760895451937,0.0552003806066155,0.0656321599601438,0.0822845929373826,0.0326723476431979,0.043237623115591,0.0495829138548093,0.0622994196339575,0.770952309987268,0.793813784873385,0.744104852117757,0.767901777405596,1,V2,moderate,0.05,0,A5,1.5,2,20,10,1,1,R1,1,1.5,1,0.2,rational,Gaussian,matched,42,420003,2,20,10.6417777247591,1.06417777247591,1.59626665871387,1.59413830316892,2.12835554495183,0.944093258626198,0.776022799897,0.819786369925207,0.825189075722589,0.795086754099283,0.960005441285478,42,0.0556,0,S3,E6_ablation,A4,-0.0156,-0.2014
0.1,0.0192870260421739,388,502,5000,3913,3781,0.000107018366801721,0.0149408628044371,0.00236105995328144,0.0151598281905136,0.00225404158647972,0.149762804467339,0.79218600278302,0.76328761022932,0.079218600278302,0.0970260899688764,0,0,6,7694,0.7826,0.7562,0.7694,0.7694,0.2306,0.0991566572961922,0.132769108701402,0.0776,0.1004,0.1,0.127116028962826,0.0901817530245611,0.108917819173976,0.122325049981958,0.143958616001432,0.0705043103313089,0.0853442442718753,0.0923741374429391,0.109039409951551,0.770952309987268,0.793813784873385,0.744104852117757,0.767901777405596,1,V2,moderate,0.1,0,A5,1.5,2,20,10,1,1,R1,1,1.5,1,0.2,rational,Gaussian,matched,42,420003,2,20,10.6417777247591,1.06417777247591,1.59626665871387,1.59413830316892,2.12835554495183,0.944093258626198,0.776022799897,0.819786369925207,0.825189075722589,0.795086754099283,0.960005441285478,42,0.1004,0,S3,E6_ablation,A4,-0.0272,-0.2014
0.01,0,0,5000,5000,5000,5000,0,0,0.00230940107675866,6.76609819996342e-17,0.00230940107675866,48269862883881.6,1,1,0,1,0,0,1,10000,1,1,1,1,0,0,1,0,1,0,1,0,0.000767701945057125,0.999232298054943,1,0,0.000767701945057125,0.999232298054943,1,0.999232298054943,1,0.999232298054943,1,1,V0,all,0.01,0,A0,1.5,2,30,0,0,0,R0,0,0.5,1,0.2,rational,Gaussian,matched,42,420004,2,30,0,1,1.73205080756888,1.72974140649212,2.30940107675859,0.739008344562721,0.627228552614666,0.846481724890614,1,1,1,42,1,0,S2,E6_ablation,,NaN,NaN
0.05,0,0,5000,5000,5000,5000,0,0,0.00230940107675866,6.76609819996342e-17,0.00230940107675866,48269862883881.6,1,1,0,1,0,0,1,10000,1,1,1,1,0,0,1,0,1,0,1,0,0.000767701945057125,0.999232298054943,1,0,0.000767701945057125,0.999232298054943,1,0.999232298054943,1,0.999232298054943,1,1,V0,all,0.05,0,A0,1.5,2,30,0,0,0,R0,0,0.5,1,0.2,rational,Gaussian,matched,42,420004,2,30,0,1,1.73205080756888,1.72974140649212,2.30940107675859,0.739008344562721,0.627228552614666,0.846481724890614,1,1,1,42,1,0,S2,E6_ablation,,NaN,NaN
0.1,0,0,5000,5000,5000,5000,0,0,0.00230940107675866,6.76609819996342e-17,0.00230940107675866,48269862883881.6,1,1,0,1,0,0,1,10000,1,1,1,1,0,0,1,0,1,0,1,0,0.000767701945057125,0.999232298054943,1,0,0.000767701945057125,0.999232298054943,1,0.999232298054943,1,0.999232298054943,1,1,V0,all,0.1,0,A0,1.5,2,30,0,0,0,R0,0,0.5,1,0.2,rational,Gaussian,matched,42,420004,2,30,0,1,1.73205080756888,1.72974140649212,2.30940107675859,0.739008344562721,0.627228552614666,0.846481724890614,1,1,1,42,1,0,S2,E6_ablation,,NaN,NaN
0.01,0.0232634787404084,48,88,5000,5000,5000,-6.30690906905669e-05,0.00999302500801804,0.00229976700413469,0.0101054180335667,0.00236283609482526,0.235122605830495,1,1,0.01,0.0180673798654515,0,0,1,10000,1,1,1,1,0,0.0096,0.0176,0.0096,0.0176,0.01,0.0180673798654515,0.00724867509681701,0.012704286970895,0.0143082495554921,0.021632429281099,0.00724867509681701,0.012704286970895,0.0143082495554921,0.021632429281099,0.999232298054943,1,0.999232298054943,1,1,V0,all,0.01,0,A1,1.5,2,30,10,0,0,R0,0,0.5,1,0.2,rational,Gaussian,matched,42,420004,2,30,10,1,1.73205080756888,1.72974140649212,2.30940107675859,0.739008344562721,0.627228552614666,0.846481724890614,1,1,1,42,0.0176,0,S2,E6_ablation,A0,-0.9824,0
0.05,0.0164485362695147,250,409,5000,5000,5000,-6.30690906905669e-05,0.00999302500801804,0.00229976700413469,0.0101054180335667,0.00236283609482526,0.235122605830495,1,1,0.05,0.0786936479924588,0,0,1,10000,1,1,1,1,0,0.05,0.0818,0.05,0.0818,0.05,0.0786936479924588,0.0442968967005706,0.0563940350499809,0.074520775580739,0.0897213303261067,0.0442968967005706,0.0563940350499809,0.074520775580739,0.0897213303261067,0.999232298054943,1,0.999232298054943,1,1,V0,all,0.05,0,A1,1.5,2,30,10,0,0,R0,0,0.5,1,0.2,rational,Gaussian,matched,42,420004,2,30,10,1,1.73205080756888,1.72974140649212,2.30940107675859,0.739008344562721,0.627228552614666,0.846481724890614,1,1,1,42,0.0818,0,S2,E6_ablation,A0,-0.9182,0
0.1,0.012815515655446,498,735,5000,5000,5000,-6.30690906905669e-05,0.00999302500801804,0.00229976700413469,0.0101054180335667,0.00236283609482526,0.235122605830495,1,1,0.1,0.146718538254154,0,0,1,10000,1,1,1,1,0,0.0996,0.147,0.0996,0.147,0.1,0.146718538254154,0.0916042634531238,0.108210512264478,0.13745589028313,0.157086107290081,0.0916042634531238,0.108210512264478,0.13745589028313,0.157086107290081,0.999232298054943,1,0.999232298054943,1,1,V0,all,0.1,0,A1,1.5,2,30,10,0,0,R0,0,0.5,1,0.2,rational,Gaussian,matched,42,420004,2,30,10,1,1.73205080756888,1.72974140649212,2.30940107675859,0.739008344562721,0.627228552614666,0.846481724890614,1,1,1,42,0.147,0,S2,E6_ablation,A0,-0.853,0
0.01,0.0290793484255105,48,73,5000,5000,5000,-7.88363633632062e-05,0.0124912812600225,0.00229735848597872,0.0126317725419584,0.00237619484934193,0.189161533857334,1,1,0.01,0.0161130114909848,0,0,1,10000,1,1,1,1,0,0.0096,0.0146,0.0096,0.0146,0.01,0.0161130114909848,0.00724867509681701,0.012704286970895,0.0116284434418367,0.0183168416064248,0.00724867509681701,0.012704286970895,0.0116284434418367,0.0183168416064248,0.999232298054943,1,0.999232298054943,1,1,V0,all,0.01,0,A2,1.5,2,30,10,1,1,R0,0,0.5,1,0.2,rational,Gaussian,matched,42,420004,2,30,12.5,1.25,1.73205080756888,1.72974140649212,2.30940107675859,0.739008344562721,0.627228552614666,0.846481724890614,1,1,1,42,0.0146,0,S2,E6_ablation,A1,-0.003,0
0.05,0.0205606703368934,250,371,5000,5000,5000,-7.88363633632062e-05,0.0124912812600225,0.00229735848597872,0.0126317725419584,0.00237619484934193,0.189161533857334,1,1,0.05,0.0721310846133445,0,0,1,10000,1,1,1,1,0,0.05,0.0742,0.05,0.0742,0.05,0.0721310846133445,0.0442968967005706,0.0563940350499809,0.0672575237460062,0.0817962512304045,0.0442968967005706,0.0563940350499809,0.0672575237460062,0.0817962512304045,0.999232298054943,1,0.999232298054943,1,1,V0,all,0.05,0,A2,1.5,2,30,10,1,1,R0,0,0.5,1,0.2,rational,Gaussian,matched,42,420004,2,30,12.5,1.25,1.73205080756888,1.72974140649212,2.30940107675859,0.739008344562721,0.627228552614666,0.846481724890614,1,1,1,42,0.0742,0,S2,E6_ablation,A1,-0.0076,0
0.1,0.0160193945693075,498,686,5000,5000,5000,-7.88363633632062e-05,0.0124912812600225,0.00229735848597872,0.0126317725419584,0.00237619484934193,0.189161533857334,1,1,0.1,0.13636452891668,0,0,1,10000,1,1,1,1,0,0.0996,0.1372,0.0996,0.1372,0.1,0.13636452891668,0.0916042634531238,0.108210512264478,0.127941479593388,0.147015564937945,0.0916042634531238,0.108210512264478,0.127941479593388,0.147015564937945,0.999232298054943,1,0.999232298054943,1,1,V0,all,0.1,0,A2,1.5,2,30,10,1,1,R0,0,0.5,1,0.2,rational,Gaussian,matched,42,420004,2,30,12.5,1.25,1.73205080756888,1.72974140649212,2.30940107675859,0.739008344562721,0.627228552614666,0.846481724890614,1,1,1,42,0.1372,0,S2,E6_ablation,A1,-0.0098,0
0.01,0.0411244089283297,44,79,5000,5000,5000,8.84502688492676e-05,0.0176185210890124,0.00241511007295205,0.0175909515153876,0.00232665980410279,0.132160973667001,1,1,0.01,0.014056410018943,0,0,1,10000,1,1,1,1,0,0.0088,0.0158,0.0088,0.0158,0.01,0.014056410018943,0.00656203743997331,0.0117921529508508,0.0126966359116685,0.0196468066519249,0.00656203743997331,0.0117921529508508,0.0126966359116685,0.0196468066519249,0.999232298054943,1,0.999232298054943,1,1,V0,all,0.01,0,A3,1.5,2,30,10,1,1,R1,0,0.5,1,0.2,rational,Gaussian,matched,42,420004,2,30,12.5,1.25,1.73205080756888,1.72974140649212,2.30940107675859,0.739008344562721,0.627228552614666,0.846481724890614,1,1,1,42,0.0158,0,S2,E6_ablation,A2,0.0012,0
0.05,0.0290771788419169,262,325,5000,5000,5000,8.84502688492676e-05,0.0176185210890124,0.00241511007295205,0.0175909515153876,0.00232665980410279,0.132160973667001,1,1,0.05,0.0649857639596526,0,0,1,10000,1,1,1,1,0,0.0524,0.065,0.0524,0.065,0.05,0.0649857639596526,0.0465599567062765,0.0589272900749386,0.0584951925243528,0.0721727081678469,0.0465599567062765,0.0589272900749386,0.0584951925243528,0.0721727081678469,0.999232298054943,1,0.999232298054943,1,1,V0,all,0.05,0,A3,1.5,2,30,10,1,1,R1,0,0.5,1,0.2,rational,Gaussian,matched,42,420004,2,30,12.5,1.25,1.73205080756888,1.72974140649212,2.30940107675859,0.739008344562721,0.627228552614666,0.846481724890614,1,1,1,42,0.065,0,S2,E6_ablation,A2,-0.0092,0
0.1,0.0226548450609206,510,622,5000,5000,5000,8.84502688492676e-05,0.0176185210890124,0.00241511007295205,0.0175909515153876,0.00232665980410279,0.132160973667001,1,1,0.1,0.124884197077952,0,0,1,10000,1,1,1,1,0,0.102,0.1244,0.102,0.1244,0.1,0.124884197077952,0.0939143723134036,0.110696718434862,0.115539315947996,0.133837381753131,0.0939143723134036,0.110696718434862,0.115539315947996,0.133837381753131,0.999232298054943,1,0.999232298054943,1,1,V0,all,0.1,0,A3,1.5,2,30,10,1,1,R1,0,0.5,1,0.2,rational,Gaussian,matched,42,420004,2,30,12.5,1.25,1.73205080756888,1.72974140649212,2.30940107675859,0.739008344562721,0.627228552614666,0.846481724890614,1,1,1,42,0.1244,0,S2,E6_ablation,A2,-0.0128,0
0.01,0.0411244089283297,42,72,5000,4518,4521,0.000216919182438283,0.0176750324988219,0.00247090290026482,0.017638256748402,0.00225398371782654,0.127656332423561,0.909152456484256,0.909152456484256,0.00909152456484256,0.012779419698072,0,0,6,9039,0.9036,0.9042,0.9039,0.9039,0.0961,0.00929614873837981,0.0159256801592568,0.0084,0.0144,0.01,0.014056410018943,0.00688498714088183,0.0125410497117245,0.0126659491417382,0.020007341219075,0.00622065438730661,0.0113341501650736,0.0114509450384776,0.0180946470905618,0.895106742536223,0.911473568453727,0.895729030468946,0.91205035927867,1,V2,moderate,0.01,0,A4,1.5,2,30,10,1,1,R1,0,0.5,1,0.2,rational,Gaussian,matched,42,420004,2,30,12.5,1.25,1.73205080756888,1.72974140649212,2.30940107675859,0.739008344562721,0.627228552614666,0.846481724890614,1,1,0.909152456484256,42,0.0144,0,S2,E6_ablation,A3,-0.0014,-0.0958
0.05,0.0290771788419169,240,289,5000,4518,4521,0.000216919182438283,0.0176750324988219,0.00247090290026482,0.017638256748402,0.00225398371782654,0.127656332423561,0.909152456484256,0.909152456484256,0.0454576228242128,0.0590819669404242,0,0,6,9039,0.9036,0.9042,0.9039,0.9039,0.0961,0.0531208499335989,0.0639239106392391,0.048,0.0578,0.05,0.0649857639596526,0.0469525988155897,0.060048379265336,0.0571570767611888,0.0714311763557146,0.042413931418708,0.0542800711396237,0.0516646304478541,0.0646143251523544,0.895106742536223,0.911473568453727,0.895729030468946,0.91205035927867,1,V2,moderate,0.05,0,A4,1.5,2,30,10,1,1,R1,0,0.5,1,0.2,rational,Gaussian,matched,42,420004,2,30,12.5,1.25,1.73205080756888,1.72974140649212,2.30940107675859,0.739008344562721,0.627228552614666,0.846481724890614,1,1,0.909152456484256,42,0.0578,0,S2,E6_ablation,A3,-0.00720000000000001,-0.0958
0.1,0.0226548450609206,468,567,5000,4518,4521,0.000216919182438283,0.0176750324988219,0.00247090290026482,0.017638256748402,0.00225398371782654,0.127656332423561,0.909152456484256,0.909152456484256,0.0909152456484256,0.113538774549484,0,0,6,9039,0.9036,0.9042,0.9039,0.9039,0.0961,0.103585657370518,0.125414731254147,0.0936,0.1134,0.1,0.124884197077952,0.0950343724790688,0.112810477319316,0.116077627969379,0.135387858540119,0.0858355817280516,0.101988406412891,0.104906277217998,0.12248730992592,0.895106742536223,0.911473568453727,0.895729030468946,0.91205035927867,1,V2,moderate,0.1,0,A4,1.5,2,30,10,1,1,R1,0,0.5,1,0.2,rational,Gaussian,matched,42,420004,2,30,12.5,1.25,1.73205080756888,1.72974140649212,2.30940107675859,0.739008344562721,0.627228552614666,0.846481724890614,1,1,0.909152456484256,42,0.1134,0,S2,E6_ablation,A3,-0.011,-0.0958
0.01,0.0411244089283297,28,55,5000,3544,3572,0.00025421422006644,0.0176538719009967,0.0023985344745452,0.0176754250608516,0.00214432025447876,0.121390462864798,0.715511481566694,0.715917833968597,0.00715511481566694,0.0100632346141362,0,0,6,7116,0.7088,0.7144,0.7116,0.7116,0.2884,0.00790067720090293,0.0153975363941769,0.0056,0.011,0.01,0.014056410018943,0.00547194048880238,0.0113950642844564,0.0118490312530871,0.0199872400502382,0.00387738263821508,0.00808172104505741,0.00846117233573319,0.0142896401665327,0.6960507665619,0.721228641105844,0.701718881775468,0.726751927630492,1,V2,moderate,0.01,0,A5,1.5,2,30,10,1,1,R1,1,0,1,0.2,rational,Gaussian,matched,42,420004,2,30,12.5,1.25,1.73205080756888,1.72974140649212,2.30940107675859,0.739008344562721,0.740982981877983,1,0.787009347512097,0.787456304894222,0.909152456484256,42,0.011,0,S0,E6_ablation,A4,-0.0034,-0.1898
0.05,0.0290771788419169,183,226,5000,3544,3572,0.00025421422006644,0.0176538719009967,0.0023985344745452,0.0176754250608516,0.00214432025447876,0.121390462864798,0.715511481566694,0.715917833968597,0.0357755740783347,0.046524467372789,0,0,6,7116,0.7088,0.7144,0.7116,0.7116,0.2884,0.0516365688487585,0.0632698768197088,0.0366,0.0452,0.05,0.0649857639596526,0.0448241852406496,0.0594198919294813,0.0557459680543689,0.0717321274009676,0.031740768074031,0.042170738088648,0.0397825583978506,0.0513157432913734,0.6960507665619,0.721228641105844,0.701718881775468,0.726751927630492,1,V2,moderate,0.05,0,A5,1.5,2,30,10,1,1,R1,1,0,1,0.2,rational,Gaussian,matched,42,420004,2,30,12.5,1.25,1.73205080756888,1.72974140649212,2.30940107675859,0.739008344562721,0.740982981877983,1,0.787009347512097,0.787456304894222,0.909152456484256,42,0.0452,0,S0,E6_ablation,A4,-0.0126,-0.1898
0.1,0.0226548450609206,374,441,5000,3544,3572,0.00025421422006644,0.0176538719009967,0.0023985344745452,0.0176754250608516,0.00214432025447876,0.121390462864798,0.715511481566694,0.715917833968597,0.0715511481566694,0.0894068238689544,0,0,6,7116,0.7088,0.7144,0.7116,0.7116,0.2884,0.105530474040632,0.123460246360582,0.0748,0.0882,0.1,0.124884197077952,0.0958388842903344,0.116076294994652,0.113074946911021,0.134654564875792,0.067830171875666,0.0824226818584106,0.0806523544299161,0.096379924892033,0.6960507665619,0.721228641105844,0.701718881775468,0.726751927630492,1,V2,moderate,0.1,0,A5,1.5,2,30,10,1,1,R1,1,0,1,0.2,rational,Gaussian,matched,42,420004,2,30,12.5,1.25,1.73205080756888,1.72974140649212,2.30940107675859,0.739008344562721,0.740982981877983,1,0.787009347512097,0.787456304894222,0.909152456484256,42,0.0882,0,S0,E6_ablation,A4,-0.0252,-0.1898
0.01,0.0411244089283297,28,55,5000,3544,3548,0.00025421422006644,0.0176538719009967,0.00240710232654305,0.0176866578919626,0.00215288810647661,0.121836723594117,0.715511481566694,0.710797114604142,0.00715511481566694,0.00999125568315745,0,0,6,7092,0.7088,0.7096,0.7092,0.7092,0.2908,0.00790067720090293,0.0155016910935738,0.0056,0.011,0.01,0.014056410018943,0.00547194048880238,0.0113950642844564,0.0119293087549286,0.0201220820913544,0.00387738263821508,0.00808172104505741,0.00846117233573319,0.0142896401665327,0.6960507665619,0.721228641105844,0.696860354691593,0.72201782465304,1,V2,moderate,0.01,0,A5,1.5,2,30,10,1,1,R1,1,0.1,1,0.2,rational,Gaussian,matched,42,420004,2,30,12.5,1.25,1.73205080756888,1.72974140649212,2.30940107675859,0.739008344562721,0.716690670255552,0.967216100482006,0.787009347512097,0.781823894919488,0.909152456484256,42,0.011,0,S1,E6_ablation,A4,-0.0034,-0.1946
0.05,0.0290771788419169,183,225,5000,3544,3548,0.00025421422006644,0.0176538719009967,0.00240710232654305,0.0176866578919626,0.00215288810647661,0.121836723594117,0.715511481566694,0.710797114604142,0.0357755740783347,0.0461916935128669,0,0,6,7092,0.7088,0.7096,0.7092,0.7092,0.2908,0.0516365688487585,0.0634160090191657,0.0366,0.045,0.05,0.0649857639596526,0.0448241852406496,0.0594198919294813,0.0558594686538344,0.0719169155351665,0.031740768074031,0.042170738088648,0.0395948274633155,0.0511037813066865,0.6960507665619,0.721228641105844,0.696860354691593,0.72201782465304,1,V2,moderate,0.05,0,A5,1.5,2,30,10,1,1,R1,1,0.1,1,0.2,rational,Gaussian,matched,42,420004,2,30,12.5,1.25,1.73205080756888,1.72974140649212,2.30940107675859,0.739008344562721,0.716690670255552,0.967216100482006,0.787009347512097,0.781823894919488,0.909152456484256,42,0.045,0,S1,E6_ablation,A4,-0.0128,-0.1946
0.1,0.0226548450609206,374,438,5000,3544,3548,0.00025421422006644,0.0176538719009967,0.00240710232654305,0.0176866578919626,0.00215288810647661,0.121836723594117,0.715511481566694,0.710797114604142,0.0715511481566694,0.0887673269426629,0,0,6,7092,0.7088,0.7096,0.7092,0.7092,0.2908,0.105530474040632,0.123449830890643,0.0748,0.0876,0.1,0.124884197077952,0.0958388842903344,0.116076294994652,0.113031223659867,0.134682946305598,0.067830171875666,0.0824226818584106,0.0800769723797629,0.0957562281845203,0.6960507665619,0.721228641105844,0.696860354691593,0.72201782465304,1,V2,moderate,0.1,0,A5,1.5,2,30,10,1,1,R1,1,0.1,1,0.2,rational,Gaussian,matched,42,420004,2,30,12.5,1.25,1.73205080756888,1.72974140649212,2.30940107675859,0.739008344562721,0.716690670255552,0.967216100482006,0.787009347512097,0.781823894919488,0.909152456484256,42,0.0876,0,S1,E6_ablation,A4,-0.0258,-0.1946
0.01,0.0411244089283297,28,55,5000,3544,3455,0.00025421422006644,0.0176538719009967,0.00240309707440764,0.0177034085559046,0.0021488828543412,0.121552377194557,0.715511481566694,0.689345619882534,0.00715511481566694,0.00968972467783133,0,0,6,6999,0.7088,0.691,0.6999,0.6999,0.3001,0.00790067720090293,0.0159189580318379,0.0056,0.011,0.01,0.014056410018943,0.00547194048880238,0.0113950642844564,0.0122509354221714,0.0206622409046525,0.00387738263821508,0.00808172104505741,0.00846117233573319,0.0142896401665327,0.6960507665619,0.721228641105844,0.678049445612659,0.703657292244329,1,V2,moderate,0.01,0,A5,1.5,2,30,10,1,1,R1,1,0.5,1,0.2,rational,Gaussian,matched,42,420004,2,30,12.5,1.25,1.73205080756888,1.72974140649212,2.30940107675859,0.739008344562721,0.627228552614666,0.846481724890614,0.787009347512097,0.758228848160706,0.909152456484256,42,0.011,0,S2,E6_ablation,A4,-0.0034,-0.2132
0.05,0.0290771788419169,183,220,5000,3544,3455,0.00025421422006644,0.0176538719009967,0.00240309707440764,0.0177034085559046,0.0021488828543412,0.121552377194557,0.715511481566694,0.689345619882534,0.0357755740783347,0.0447976517403067,0,0,6,6999,0.7088,0.691,0.6999,0.6999,0.3001,0.0516365688487585,0.0636758321273517,0.0366,0.044,0.05,0.0649857639596526,0.0448241852406496,0.0594198919294813,0.0560086525660995,0.0723121924639076,0.031740768074031,0.042170738088648,0.0386566403377335,0.0500435038361586,0.6960507665619,0.721228641105844,0.678049445612659,0.703657292244329,1,V2,moderate,0.05,0,A5,1.5,2,30,10,1,1,R1,1,0.5,1,0.2,rational,Gaussian,matched,42,420004,2,30,12.5,1.25,1.73205080756888,1.72974140649212,2.30940107675859,0.739008344562721,0.627228552614666,0.846481724890614,0.787009347512097,0.758228848160706,0.909152456484256,42,0.044,0,S2,E6_ablation,A4,-0.0138,-0.2132
0.1,0.0226548450609206,374,428,5000,3544,3455,0.00025421422006644,0.0176538719009967,0.00240309707440764,0.0177034085559046,0.0021488828543412,0.121552377194557,0.715511481566694,0.689345619882534,0.0715511481566694,0.086088374248233,0,0,6,6999,0.7088,0.691,0.6999,0.6999,0.3001,0.105530474040632,0.123878437047757,0.0748,0.0856,0.1,0.124884197077951,0.0958388842903344,0.116076294994652,0.113309220705117,0.135283109720418,0.067830171875666,0.0824226818584106,0.0781598325025074,0.0936764388695559,0.6960507665619,0.721228641105844,0.678049445612659,0.703657292244329,1,V2,moderate,0.1,0,A5,1.5,2,30,10,1,1,R1,1,0.5,1,0.2,rational,Gaussian,matched,42,420004,2,30,12.5,1.25,1.73205080756888,1.72974140649212,2.30940107675859,0.739008344562721,0.627228552614666,0.846481724890614,0.787009347512097,0.758228848160706,0.909152456484256,42,0.0856,0,S2,E6_ablation,A4,-0.0278,-0.2132
0.01,0.0411244089283297,28,50,5000,3544,3152,0.00025421422006644,0.0176538719009967,0.00238541043244875,0.0178006498447684,0.00213119621238231,0.120220374987067,0.715511481566694,0.62916723842081,0.00715511481566694,0.00884383267372899,0,0,6,6696,0.7088,0.6304,0.6696,0.6696,0.3304,0.00790067720090293,0.0158629441624365,0.0056,0.01,0.01,0.014056410018943,0.00547194048880238,0.0113950642844564,0.0120533734885318,0.020851149813947,0.00387738263821508,0.00808172104505741,0.00759377281394657,0.0131585750922094,0.6960507665619,0.721228641105844,0.616925237232074,0.643674546100655,1,V2,moderate,0.01,0,A5,1.5,2,30,10,1,1,R1,1,1.5,1,0.2,rational,Gaussian,matched,42,420004,2,30,12.5,1.25,1.73205080756888,1.72974140649212,2.30940107675859,0.739008344562721,0.449428896834287,0.606530659712633,0.787009347512097,0.692037109874658,0.909152456484256,42,0.01,0,S3,E6_ablation,A4,-0.0044,-0.2738
0.05,0.0290771788419169,183,202,5000,3544,3152,0.00025421422006644,0.0176538719009967,0.00238541043244875,0.0178006498447684,0.00213119621238231,0.120220374987067,0.715511481566694,0.62916723842081,0.0357755740783347,0.0408869136471612,0,0,6,6696,0.7088,0.6304,0.6696,0.6696,0.3304,0.0516365688487585,0.0640862944162437,0.0366,0.0404,0.05,0.0649857639596526,0.0448241852406496,0.0594198919294813,0.0560558668553646,0.073177956878322,0.031740768074031,0.042170738088648,0.0352859684033311,0.0462197032245654,0.6960507665619,0.721228641105844,0.616925237232074,0.643674546100655,1,V2,moderate,0.05,0,A5,1.5,2,30,10,1,1,R1,1,1.5,1,0.2,rational,Gaussian,matched,42,420004,2,30,12.5,1.25,1.73205080756888,1.72974140649212,2.30940107675859,0.739008344562721,0.449428896834287,0.606530659712633,0.787009347512097,0.692037109874658,0.909152456484256,42,0.0404,0,S3,E6_ablation,A4,-0.0174,-0.2738
0.1,0.0226548450609206,374,389,5000,3544,3152,0.00025421422006644,0.0176538719009967,0.00238541043244875,0.0178006498447684,0.00213119621238231,0.120220374987067,0.715511481566694,0.62916723842081,0.0715511481566694,0.0785730453979349,0,0,6,6696,0.7088,0.6304,0.6696,0.6696,0.3304,0.105530474040632,0.123413705583756,0.0748,0.0778,0.1,0.124884197077952,0.0958388842903344,0.116076294994652,0.112387509467358,0.135356703612617,0.067830171875666,0.0824226818584106,0.0706954300337096,0.0855528174886966,0.6960507665619,0.721228641105844,0.616925237232074,0.643674546100655,1,V2,moderate,0.1,0,A5,1.5,2,30,10,1,1,R1,1,1.5,1,0.2,rational,Gaussian,matched,42,420004,2,30,12.5,1.25,1.73205080756888,1.72974140649212,2.30940107675859,0.739008344562721,0.449428896834287,0.606530659712633,0.787009347512097,0.692037109874658,0.909152456484256,42,0.0778,0,S3,E6_ablation,A4,-0.0356,-0.2738
0.01,0,0,5000,5000,5000,5000,0,0,0.00261081457866461,8.54436759867175e-17,0.00261081457866461,43212670140302.2,1,1,0,1,0,0,1,10000,1,1,1,1,0,0,1,0,1,0,1,0,0.000767701945057125,0.999232298054943,1,0,0.000767701945057125,0.999232298054943,1,0.999232298054943,1,0.999232298054943,1,1,V0,all,0.01,0,A0,1.5,2,40,0,0,0,R0,0,0.5,1,0.2,rational,Gaussian,matched,42,420005,2,40,0,1,1.95811093399842,1.95550011941975,2.61081457866452,0.511469035905972,0.360651240368287,0.703249111156731,1,1,1,42,1,0,S2,E6_ablation,,NaN,NaN
0.05,0,0,5000,5000,5000,5000,0,0,0.00261081457866461,8.54436759867175e-17,0.00261081457866461,43212670140302.2,1,1,0,1,0,0,1,10000,1,1,1,1,0,0,1,0,1,0,1,0,0.000767701945057125,0.999232298054943,1,0,0.000767701945057125,0.999232298054943,1,0.999232298054943,1,0.999232298054943,1,1,V0,all,0.05,0,A0,1.5,2,40,0,0,0,R0,0,0.5,1,0.2,rational,Gaussian,matched,42,420005,2,40,0,1,1.95811093399842,1.95550011941975,2.61081457866452,0.511469035905972,0.360651240368287,0.703249111156731,1,1,1,42,1,0,S2,E6_ablation,,NaN,NaN
0.1,0,0,5000,5000,5000,5000,0,0,0.00261081457866461,8.54436759867175e-17,0.00261081457866461,43212670140302.2,1,1,0,1,0,0,1,10000,1,1,1,1,0,0,1,0,1,0,1,0,0.000767701945057125,0.999232298054943,1,0,0.000767701945057125,0.999232298054943,1,0.999232298054943,1,0.999232298054943,1,1,V0,all,0.1,0,A0,1.5,2,40,0,0,0,R0,0,0.5,1,0.2,rational,Gaussian,matched,42,420005,2,40,0,1,1.95811093399842,1.95550011941975,2.61081457866452,0.511469035905972,0.360651240368287,0.703249111156731,1,1,1,42,1,0,S2,E6_ablation,,NaN,NaN
0.01,0.0232634787404084,48,87,5000,5000,5000,0.000157618658276881,0.0100097402060773,0.00293903577883152,0.00997199962271256,0.00278141712055464,0.278395393314081,1,1,0.01,0.0194488996843461,0,0,1,10000,1,1,1,1,0,0.0096,0.0174,0.0096,0.0174,0.01,0.0194488996843461,0.00724867509681701,0.012704286970895,0.0141286734360361,0.021412312481333,0.00724867509681701,0.012704286970895,0.0141286734360361,0.021412312481333,0.999232298054943,1,0.999232298054943,1,1,V0,all,0.01,0,A1,1.5,2,40,10,0,0,R0,0,0.5,1,0.2,rational,Gaussian,matched,42,420005,2,40,10,1,1.95811093399842,1.95550011941975,2.61081457866452,0.511469035905972,0.360651240368287,0.703249111156731,1,1,1,42,0.0174,0,S2,E6_ablation,A0,-0.9826,0
0.05,0.0164485362695147,268,430,5000,5000,5000,0.000157618658276881,0.0100097402060773,0.00293903577883152,0.00997199962271256,0.00278141712055464,0.278395393314081,1,1,0.05,0.083214113692893,0,0,1,10000,1,1,1,1,0,0.0536,0.086,0.0536,0.086,0.05,0.083214113692893,0.0476928467869534,0.0601925575095936,0.0785431608495494,0.0940924963609579,0.0476928467869534,0.0601925575095936,0.0785431608495494,0.0940924963609579,0.999232298054943,1,0.999232298054943,1,1,V0,all,0.05,0,A1,1.5,2,40,10,0,0,R0,0,0.5,1,0.2,rational,Gaussian,matched,42,420005,2,40,10,1,1.95811093399842,1.95550011941975,2.61081457866452,0.511469035905972,0.360651240368287,0.703249111156731,1,1,1,42,0.086,0,S2,E6_ablation,A0,-0.914,0
0.1,0.012815515655446,529,808,5000,5000,5000,0.000157618658276881,0.0100097402060773,0.00293903577883152,0.00997199962271256,0.00278141712055464,0.278395393314081,1,1,0.1,0.15375277954848,0,0,1,10000,1,1,1,1,0,0.1058,0.1616,0.1058,0.1616,0.1,0.15375277954848,0.0975749631064167,0.114630293107066,0.151657833328165,0.172061747348249,0.0975749631064167,0.114630293107066,0.151657833328165,0.172061747348249,0.999232298054943,1,0.999232298054943,1,1,V0,all,0.1,0,A1,1.5,2,40,10,0,0,R0,0,0.5,1,0.2,rational,Gaussian,matched,42,420005,2,40,10,1,1.95811093399842,1.95550011941975,2.61081457866452,0.511469035905972,0.360651240368287,0.703249111156731,1,1,1,42,0.1616,0,S2,E6_ablation,A0,-0.8384,0
0.01,0.0371653306913278,48,68,5000,5000,5000,0.0002518088383664,0.0159913875755372,0.0031351750829653,0.0159310938732546,0.0028833662445989,0.180647679673129,1,1,0.01,0.0152734720037128,0,0,1,10000,1,1,1,1,0,0.0096,0.0136,0.0096,0.0136,0.01,0.0152734720037128,0.00724867509681701,0.012704286970895,0.0107425918316195,0.0172042286205321,0.00724867509681701,0.012704286970895,0.0107425918316195,0.0172042286205321,0.999232298054943,1,0.999232298054943,1,1,V0,all,0.01,0,A2,1.5,2,40,10,1,1,R0,0,0.5,1,0.2,rational,Gaussian,matched,42,420005,2,40,15.9758267910173,1.59758267910173,1.95811093399842,1.95550011941975,2.61081457866452,0.511469035905972,0.360651240368287,0.703249111156731,1,1,1,42,0.0136,0,S2,E6_ablation,A1,-0.0038,0
0.05,0.0262778966407533,268,351,5000,5000,5000,0.0002518088383664,0.0159913875755372,0.0031351750829653,0.0159310938732546,0.0028833662445989,0.180647679673129,1,1,0.05,0.0692459045129403,0,0,1,10000,1,1,1,1,0,0.0536,0.0702,0.0536,0.0702,0.05,0.0692459045129403,0.0476928467869534,0.0601925575095936,0.0634434723454752,0.0776164442464959,0.0476928467869534,0.0601925575095936,0.0634434723454752,0.0776164442464959,0.999232298054943,1,0.999232298054943,1,1,V0,all,0.05,0,A2,1.5,2,40,10,1,1,R0,0,0.5,1,0.2,rational,Gaussian,matched,42,420005,2,40,15.9758267910173,1.59758267910173,1.95811093399842,1.95550011941975,2.61081457866452,0.511469035905972,0.360651240368287,0.703249111156731,1,1,1,42,0.0702,0,S2,E6_ablation,A1,-0.0158,0
0.1,0.0204738458348976,529,696,5000,5000,5000,0.0002518088383664,0.0159913875755372,0.0031351750829653,0.0159310938732546,0.0028833662445989,0.180647679673129,1,1,0.1,0.131756004330061,0,0,1,10000,1,1,1,1,0,0.1058,0.1392,0.1058,0.1392,0.1,0.131756004330061,0.0975749631064167,0.114630293107066,0.129881917906481,0.149072055817072,0.0975749631064167,0.114630293107066,0.129881917906481,0.149072055817072,0.999232298054943,1,0.999232298054943,1,1,V0,all,0.1,0,A2,1.5,2,40,10,1,1,R0,0,0.5,1,0.2,rational,Gaussian,matched,42,420005,2,40,15.9758267910173,1.59758267910173,1.95811093399842,1.95550011941975,2.61081457866452,0.511469035905972,0.360651240368287,0.703249111156731,1,1,1,42,0.1392,0,S2,E6_ablation,A1,-0.0224,0
0.01,0.0525597147137569,49,66,5000,5000,5000,0.000365491882603941,0.0224353644435749,0.00306508439353487,0.0222632527040413,0.00269959251093093,0.120789978345531,1,1,0.01,0.0135251742229768,0,0,1,10000,1,1,1,1,0,0.0098,0.0132,0.0098,0.0132,0.01,0.0135251742229768,0.00742108315782349,0.0129315718291105,0.0103894488016411,0.0167579858120665,0.00742108315782349,0.0129315718291105,0.0103894488016411,0.0167579858120665,0.999232298054943,1,0.999232298054943,1,1,V0,all,0.01,0,A3,1.5,2,40,10,1,1,R1,0,0.5,1,0.2,rational,Gaussian,matched,42,420005,2,40,15.9758267910173,1.59758267910173,1.95811093399842,1.95550011941975,2.61081457866452,0.511469035905972,0.360651240368287,0.703249111156731,1,1,1,42,0.0132,0,S2,E6_ablation,A2,-0.000399999999999999,0
0.05,0.0371625578199918,264,297,5000,5000,5000,0.000365491882603941,0.0224353644435749,0.00306508439353487,0.0222632527040413,0.00269959251093093,0.120789978345531,1,1,0.05,0.0630955098494512,0,0,1,10000,1,1,1,1,0,0.0528,0.0594,0.0528,0.0594,0.05,0.0630955098494512,0.0469374885167706,0.0593491441028885,0.0531802635506412,0.0662962354033431,0.0469374885167706,0.0593491441028885,0.0531802635506412,0.0662962354033431,0.999232298054943,1,0.999232298054943,1,1,V0,all,0.05,0,A3,1.5,2,40,10,1,1,R1,0,0.5,1,0.2,rational,Gaussian,matched,42,420005,2,40,15.9758267910173,1.59758267910173,1.95811093399842,1.95550011941975,2.61081457866452,0.511469035905972,0.360651240368287,0.703249111156731,1,1,1,42,0.0594,0,S2,E6_ablation,A2,-0.0108,0
0.1,0.0289543904536481,516,598,5000,5000,5000,0.000365491882603941,0.0224353644435749,0.00306508439353487,0.0222632527040413,0.00269959251093093,0.120789978345531,1,1,0.1,0.121808398240324,0,0,1,10000,1,1,1,1,0,0.1032,0.1196,0.1032,0.1196,0.1,0.121808398240324,0.0950699678478566,0.111939280415741,0.110896417947354,0.128887649692445,0.0950699678478566,0.111939280415741,0.110896417947354,0.128887649692445,0.999232298054943,1,0.999232298054943,1,1,V0,all,0.1,0,A3,1.5,2,40,10,1,1,R1,0,0.5,1,0.2,rational,Gaussian,matched,42,420005,2,40,15.9758267910173,1.59758267910173,1.95811093399842,1.95550011941975,2.61081457866452,0.511469035905972,0.360651240368287,0.703249111156731,1,1,1,42,0.1196,0,S2,E6_ablation,A2,-0.0196,0
0.01,0.0525597147137569,40,53,5000,4120,4175,0.000325779495330752,0.0224232766041725,0.00330083417741641,0.0221553400964329,0.00297505468208566,0.133472106873845,0.828355513014973,0.828355513014973,0.00828355513014973,0.0112036526320908,0,0,6,8295,0.824,0.835,0.8295,0.8295,0.1705,0.00970873786407767,0.0126946107784431,0.008,0.0106,0.01,0.0135251742229768,0.00713812852426946,0.0131927837229415,0.00971879923668725,0.0165663469941756,0.00588068172509965,0.0108747369888366,0.00811345161522002,0.0138379750486019,0.813196783237486,0.834305745902117,0.824455143866406,0.845030495830406,1,V2,moderate,0.01,0,A4,1.5,2,40,10,1,1,R1,0,0.5,1,0.2,rational,Gaussian,matched,42,420005,2,40,15.9758267910173,1.59758267910173,1.95811093399842,1.95550011941975,2.61081457866452,0.511469035905972,0.360651240368287,0.703249111156731,1,1,0.828355513014973,42,0.0106,0,S2,E6_ablation,A3,-0.0026,-0.165
0.05,0.0371625578199918,211,247,5000,4120,4175,0.000325779495330752,0.0224232766041725,0.00330083417741641,0.0221553400964329,0.00297505468208566,0.133472106873845,0.828355513014973,0.828355513014973,0.0414177756507486,0.0522655134302834,0,0,6,8295,0.824,0.835,0.8295,0.8295,0.1705,0.0512135922330097,0.0591616766467066,0.0422,0.0494,0.05,0.0630955098494512,0.0448908578658285,0.0583724375525345,0.0524022944588824,0.0667315525000279,0.0369699319690464,0.0481329759318479,0.043731720637967,0.0557601323549184,0.813196783237486,0.834305745902117,0.824455143866406,0.845030495830406,1,V2,moderate,0.05,0,A4,1.5,2,40,10,1,1,R1,0,0.5,1,0.2,rational,Gaussian,matched,42,420005,2,40,15.9758267910173,1.59758267910173,1.95811093399842,1.95550011941975,2.61081457866452,0.511469035905972,0.360651240368287,0.703249111156731,1,1,0.828355513014973,42,0.0494,0,S2,E6_ablation,A3,-0.01,-0.165
0.1,0.0289543904536481,425,509,5000,4120,4175,0.000325779495330752,0.0224232766041725,0.00330083417741641,0.0221553400964329,0.00297505468208566,0.133472106873845,0.828355513014973,0.828355513014973,0.0828355513014973,0.100900658213896,0,0,6,8295,0.824,0.835,0.8295,0.8295,0.1705,0.103155339805825,0.121916167664671,0.085,0.1018,0.1,0.121808398240324,0.0942343700436731,0.112815650512857,0.112337477470456,0.132189975626333,0.0775849346657912,0.0930522579486063,0.0937218077935648,0.110489590035479,0.813196783237486,0.834305745902117,0.824455143866406,0.845030495830406,1,V2,moderate,0.1,0,A4,1.5,2,40,10,1,1,R1,0,0.5,1,0.2,rational,Gaussian,matched,42,420005,2,40,15.9758267910173,1.59758267910173,1.95811093399842,1.95550011941975,2.61081457866452,0.511469035905972,0.360651240368287,0.703249111156731,1,1,0.828355513014973,42,0.1018,0,S2,E6_ablation,A3,-0.0178,-0.165
0.01,0.0525597147137569,28,40,5000,2948,3008,0.00046302063056368,0.0224751414194692,0.00322588512373854,0.0221054000634428,0.00276286449317486,0.123945083743414,0.595497729693409,0.595944165140051,0.00595497729693409,0.00806024866068562,0,0,6,5956,0.5896,0.6016,0.5956,0.5956,0.4044,0.00949796472184532,0.0132978723404255,0.0056,0.008,0.01,0.0135251742229768,0.00657953905406918,0.0136930466032248,0.0097809324391664,0.0180563425193644,0.00387738263821508,0.00808172104505741,0.00588068172509965,0.0108747369888366,0.575901577676395,0.603160850135051,0.587957086420243,0.615086916544522,1,V2,moderate,0.01,0,A5,1.5,2,40,10,1,1,R1,1,0,1,0.2,rational,Gaussian,matched,42,420005,2,40,15.9758267910173,1.59758267910173,1.95811093399842,1.95550011941975,2.61081457866452,0.511469035905972,0.512835686027493,1,0.718891490835826,0.719430432678582,0.828355513014973,42,0.008,0,S0,E6_ablation,A4,-0.0026,-0.2334
0.05,0.0371625578199918,153,172,5000,2948,3008,0.00046302063056368,0.0224751414194692,0.00322588512373854,0.0221054000634428,0.00276286449317486,0.123945083743414,0.595497729693409,0.595944165140051,0.0297748864846705,0.037601400941317,0,0,6,5956,0.5896,0.6016,0.5956,0.5956,0.4044,0.0518995929443691,0.0571808510638298,0.0306,0.0344,0.05,0.0630955098494512,0.0444592964860314,0.0605061846019944,0.0494341995281857,0.0660570916226087,0.0261746834843562,0.0357460351016635,0.0296950074395779,0.0398198766116593,0.575901577676395,0.603160850135051,0.587957086420243,0.615086916544522,1,V2,moderate,0.05,0,A5,1.5,2,40,10,1,1,R1,1,0,1,0.2,rational,Gaussian,matched,42,420005,2,40,15.9758267910173,1.59758267910173,1.95811093399842,1.95550011941975,2.61081457866452,0.511469035905972,0.512835686027493,1,0.718891490835826,0.719430432678582,0.828355513014973,42,0.0344,0,S0,E6_ablation,A4,-0.015,-0.2334
0.1,0.0289543904536481,305,362,5000,2948,3008,0.00046302063056368,0.0224751414194692,0.00322588512373854,0.0221054000634428,0.00276286449317486,0.123945083743414,0.595497729693409,0.595944165140051,0.0595497729693409,0.0725910041963767,0,0,6,5956,0.5896,0.6016,0.5956,0.5956,0.4044,0.103459972862958,0.120345744680851,0.061,0.0724,0.1,0.121808398240324,0.0929770734206445,0.114974968511151,0.109199962954458,0.132459987867019,0.0546972332830901,0.0679768090246701,0.0655404134654297,0.0799161252379832,0.575901577676395,0.603160850135051,0.587957086420243,0.615086916544522,1,V2,moderate,0.1,0,A5,1.5,2,40,10,1,1,R1,1,0,1,0.2,rational,Gaussian,matched,42,420005,2,40,15.9758267910173,1.59758267910173,1.95811093399842,1.95550011941975,2.61081457866452,0.511469035905972,0.512835686027493,1,0.718891490835826,0.719430432678582,0.828355513014973,42,0.0724,0,S0,E6_ablation,A4,-0.0294,-0.2334
0.01,0.0525597147137569,28,39,5000,2948,2955,0.00046302063056368,0.0224751414194692,0.00320689603950547,0.022150184365949,0.00274387540894179,0.122970650191534,0.595497729693409,0.583991818770994,0.00595497729693409,0.00789859109367077,0,0,6,5903,0.5896,0.591,0.5903,0.5903,0.4097,0.00949796472184532,0.0131979695431472,0.0056,0.0078,0.01,0.0135251742229768,0.00657953905406918,0.0136930466032248,0.00966967160690336,0.0179902959715264,0.00387738263821508,0.00808172104505741,0.00571125620915014,0.0106444695855641,0.575901577676395,0.603160850135051,0.577307620009436,0.604552658236563,1,V2,moderate,0.01,0,A5,1.5,2,40,10,1,1,R1,1,0.1,1,0.2,rational,Gaussian,matched,42,420005,2,40,15.9758267910173,1.59758267910173,1.95811093399842,1.95550011941975,2.61081457866452,0.511469035905972,0.477969381317277,0.932012717406046,0.718891490835826,0.705001427038777,0.828355513014973,42,0.0078,0,S1,E6_ablation,A4,-0.0028,-0.244
0.05,0.0371625578199918,153,169,5000,2948,2955,0.00046302063056368,0.0224751414194692,0.00320689603950547,0.022150184365949,0.00274387540894179,0.122970650191534,0.595497729693409,0.583991818770994,0.0297748864846705,0.0368472615532642,0,0,6,5903,0.5896,0.591,0.5903,0.5903,0.4097,0.0518995929443691,0.0571912013536379,0.0306,0.0338,0.05,0.0630955098494512,0.0444592964860314,0.0605061846019944,0.0493794891462922,0.0661527093774306,0.0261746834843562,0.0357460351016635,0.0291380055724029,0.0391777997211683,0.575901577676395,0.603160850135051,0.577307620009436,0.604552658236563,1,V2,moderate,0.05,0,A5,1.5,2,40,10,1,1,R1,1,0.1,1,0.2,rational,Gaussian,matched,42,420005,2,40,15.9758267910173,1.59758267910173,1.95811093399842,1.95550011941975,2.61081457866452,0.511469035905972,0.477969381317277,0.932012717406046,0.718891490835826,0.705001427038777,0.828355513014973,42,0.0338,0,S1,E6_ablation,A4,-0.0156,-0.244
0.1,0.0289543904536481,305,358,5000,2948,2955,0.00046302063056368,0.0224751414194692,0.00320689603950547,0.022150184365949,0.00274387540894179,0.122970650191534,0.595497729693409,0.583991818770994,0.0595497729693409,0.0711351080299484,0,0,6,5903,0.5896,0.591,0.5903,0.5903,0.4097,0.103459972862958,0.121150592216582,0.061,0.0716,0.1,0.121808398240324,0.0929770734206445,0.114974968511151,0.10987487749402,0.133410026019399,0.0546972332830901,0.0679768090246701,0.0647776630895911,0.0790801039369338,0.575901577676395,0.603160850135051,0.577307620009436,0.604552658236563,1,V2,moderate,0.1,0,A5,1.5,2,40,10,1,1,R1,1,0.1,1,0.2,rational,Gaussian,matched,42,420005,2,40,15.9758267910173,1.59758267910173,1.95811093399842,1.95550011941975,2.61081457866452,0.511469035905972,0.477969381317277,0.932012717406046,0.718891490835826,0.705001427038777,0.828355513014973,42,0.0716,0,S1,E6_ablation,A4,-0.0302,-0.244
0.01,0.0525597147137569,28,37,5000,2948,2699,0.00046302063056368,0.0224751414194692,0.00344018756454136,0.0220962866362691,0.00297716693397768,0.133585999859096,0.595497729693409,0.532857901176699,0.00595497729693409,0.00720699594950459,0,0,6,5647,0.5896,0.5398,0.5647,0.5647,0.4353,0.00949796472184532,0.0137087810300111,0.0056,0.0074,0.01,0.0135251742229768,0.00657953905406918,0.0136930466032248,0.00996209064748498,0.0188377705381052,0.00387738263821508,0.00808172104505741,0.00537359775687122,0.0101827421993991,0.575901577676395,0.603160850135051,0.525959653673606,0.553579237251567,1,V2,moderate,0.01,0,A5,1.5,2,40,10,1,1,R1,1,0.5,1,0.2,rational,Gaussian,matched,42,420005,2,40,15.9758267910173,1.59758267910173,1.95811093399842,1.95550011941975,2.61081457866452,0.511469035905972,0.360651240368287,0.703249111156731,0.718891490835826,0.643271992284148,0.828355513014973,42,0.0074,0,S2,E6_ablation,A4,-0.0032,-0.2952
0.05,0.0371625578199918,153,157,5000,2948,2699,0.00046302063056368,0.0224751414194692,0.00344018756454136,0.0220962866362691,0.00297716693397768,0.133585999859096,0.595497729693409,0.532857901176699,0.0297748864846705,0.0336209409520523,0,0,6,5647,0.5896,0.5398,0.5647,0.5647,0.4353,0.0518995929443691,0.0581696924786958,0.0306,0.0314,0.05,0.0630955098494512,0.0444592964860314,0.0605061846019944,0.0499511928629549,0.0676441095856671,0.0261746834843562,0.0357460351016635,0.0269143004434349,0.0366051898194726,0.575901577676395,0.603160850135051,0.525959653673606,0.553579237251567,1,V2,moderate,0.05,0,A5,1.5,2,40,10,1,1,R1,1,0.5,1,0.2,rational,Gaussian,matched,42,420005,2,40,15.9758267910173,1.59758267910173,1.95811093399842,1.95550011941975,2.61081457866452,0.511469035905972,0.360651240368287,0.703249111156731,0.718891490835826,0.643271992284148,0.828355513014973,42,0.0314,0,S2,E6_ablation,A4,-0.018,-0.2952
0.1,0.0289543904536481,305,334,5000,2948,2699,0.00046302063056368,0.0224751414194692,0.00344018756454136,0.0220962866362691,0.00297716693397768,0.133585999859096,0.595497729693409,0.532857901176699,0.0595497729693409,0.0649065674320346,0,0,6,5647,0.5896,0.5398,0.5647,0.5647,0.4353,0.103459972862958,0.123749536865506,0.061,0.0668,0.1,0.121808398240324,0.0929770734206445,0.114974968511151,0.111858434570838,0.136710143740756,0.0546972332830901,0.0679768090246701,0.0602067168094742,0.0740584201557233,0.575901577676395,0.603160850135051,0.525959653673606,0.553579237251567,1,V2,moderate,0.1,0,A5,1.5,2,40,10,1,1,R1,1,0.5,1,0.2,rational,Gaussian,matched,42,420005,2,40,15.9758267910173,1.59758267910173,1.95811093399842,1.95550011941975,2.61081457866452,0.511469035905972,0.360651240368287,0.703249111156731,0.718891490835826,0.643271992284148,0.828355513014973,42,0.0668,0,S2,E6_ablation,A4,-0.035,-0.2952
0.01,0.0525597147137569,28,27,5000,2948,1950,0.00046302063056368,0.0224751414194692,0.00357903705138976,0.0221908546973489,0.00311601642082608,0.139522391939396,0.595497729693409,0.390493157100556,0.00595497729693409,0.00528148798266526,0,0,6,4898,0.5896,0.39,0.4898,0.4898,0.5102,0.00949796472184532,0.0138461538461538,0.0056,0.0054,0.01,0.0135251742229768,0.00657953905406918,0.0136930466032248,0.00953323822830931,0.0200707291558234,0.00387738263821508,0.00808172104505741,0.00371394148173811,0.0078454692823124,0.575901577676395,0.603160850135051,0.376569883807725,0.403599010620187,1,V2,moderate,0.01,0,A5,1.5,2,40,10,1,1,R1,1,1.5,1,0.2,rational,Gaussian,matched,42,420005,2,40,15.9758267910173,1.59758267910173,1.95811093399842,1.95550011941975,2.61081457866452,0.511469035905972,0.178363429432093,0.347798396819311,0.718891490835826,0.471407687840786,0.828355513014973,42,0.0054,0,S3,E6_ablation,A4,-0.0052,-0.445
0.05,0.0371625578199918,153,117,5000,2948,1950,0.00046302063056368,0.0224751414194692,0.00357903705138976,0.0221908546973489,0.00311601642082608,0.139522391939396,0.595497729693409,0.390493157100556,0.0297748864846705,0.0246383648399814,0,0,6,4898,0.5896,0.39,0.4898,0.4898,0.5102,0.0518995929443691,0.06,0.0306,0.0234,0.05,0.0630955098494512,0.0444592964860314,0.0605061846019944,0.0502992578163732,0.0714309151958482,0.0261746834843562,0.0357460351016635,0.0195613967959094,0.0279703766981191,0.575901577676395,0.603160850135051,0.376569883807725,0.403599010620187,1,V2,moderate,0.05,0,A5,1.5,2,40,10,1,1,R1,1,1.5,1,0.2,rational,Gaussian,matched,42,420005,2,40,15.9758267910173,1.59758267910173,1.95811093399842,1.95550011941975,2.61081457866452,0.511469035905972,0.178363429432093,0.347798396819311,0.718891490835826,0.471407687840786,0.828355513014973,42,0.0234,0,S3,E6_ablation,A4,-0.026,-0.445
0.1,0.0289543904536481,305,245,5000,2948,1950,0.00046302063056368,0.0224751414194692,0.00357903705138976,0.0221908546973489,0.00311601642082608,0.139522391939396,0.595497729693409,0.390493157100556,0.0595497729693409,0.047565345990226,0,0,6,4898,0.5896,0.39,0.4898,0.4898,0.5102,0.103459972862958,0.125641025641026,0.061,0.049,0.1,0.121808398240324,0.0929770734206445,0.114974968511151,0.111662131071249,0.141091978834254,0.0546972332830901,0.0679768090246701,0.0433550717009474,0.0553373954534942,0.575901577676395,0.603160850135051,0.376569883807725,0.403599010620187,1,V2,moderate,0.1,0,A5,1.5,2,40,10,1,1,R1,1,1.5,1,0.2,rational,Gaussian,matched,42,420005,2,40,15.9758267910173,1.59758267910173,1.95811093399842,1.95550011941975,2.61081457866452,0.511469035905972,0.178363429432093,0.347798396819311,0.718891490835826,0.471407687840786,0.828355513014973,42,0.049,0,S3,E6_ablation,A4,-0.0528,-0.445
0.01,0,0,5000,5000,5000,5000,0,0,0.00311144765372084,0,0.00311144765372084,Inf,1,1,0,1,0,0,1,10000,1,1,1,1,0,0,1,0,1,0,1,0,0.000767701945057125,0.999232298054943,1,0,0.000767701945057125,0.999232298054943,1,0.999232298054943,1,0.999232298054943,1,1,V0,all,0.01,0,A0,1.5,2,50,0,0,0,R0,0,0.5,1,0.2,rational,Gaussian,matched,42,420006,2,50,0,1,2.33358574029062,2.3304742926369,3.11144765372084,0.30217597874494,0.148939426843318,0.49157620151199,1,1,1,42,1,0,S2,E6_ablation,,NaN,NaN
0.05,0,0,5000,5000,5000,5000,0,0,0.00311144765372084,0,0.00311144765372084,Inf,1,1,0,1,0,0,1,10000,1,1,1,1,0,0,1,0,1,0,1,0,0.000767701945057125,0.999232298054943,1,0,0.000767701945057125,0.999232298054943,1,0.999232298054943,1,0.999232298054943,1,1,V0,all,0.05,0,A0,1.5,2,50,0,0,0,R0,0,0.5,1,0.2,rational,Gaussian,matched,42,420006,2,50,0,1,2.33358574029062,2.3304742926369,3.11144765372084,0.30217597874494,0.148939426843318,0.49157620151199,1,1,1,42,1,0,S2,E6_ablation,,NaN,NaN
0.1,0,0,5000,5000,5000,5000,0,0,0.00311144765372084,0,0.00311144765372084,Inf,1,1,0,1,0,0,1,10000,1,1,1,1,0,0,1,0,1,0,1,0,0.000767701945057125,0.999232298054943,1,0,0.000767701945057125,0.999232298054943,1,0.999232298054943,1,0.999232298054943,1,1,V0,all,0.1,0,A0,1.5,2,50,0,0,0,R0,0,0.5,1,0.2,rational,Gaussian,matched,42,420006,2,50,0,1,2.33358574029062,2.3304742926369,3.11144765372084,0.30217597874494,0.148939426843318,0.49157620151199,1,1,1,42,1,0,S2,E6_ablation,,NaN,NaN
0.01,0.0232634787404084,44,106,5000,5000,5000,0.000226425840741785,0.00990023578441038,0.0030876663208586,0.00998796752175412,0.00286124048011681,0.287729625237596,1,1,0.01,0.0219416859739518,0,0,1,10000,1,1,1,1,0,0.0088,0.0212,0.0088,0.0212,0.01,0.0219416859739518,0.00656203743997331,0.0117921529508508,0.0175594143719532,0.0255757370106335,0.00656203743997331,0.0117921529508508,0.0175594143719532,0.0255757370106335,0.999232298054943,1,0.999232298054943,1,1,V0,all,0.01,0,A1,1.5,2,50,10,0,0,R0,0,0.5,1,0.2,rational,Gaussian,matched,42,420006,2,50,10,1,2.33358574029062,2.3304742926369,3.11144765372084,0.30217597874494,0.148939426843318,0.49157620151199,1,1,1,42,0.0212,0,S2,E6_ablation,A0,-0.9788,0
0.05,0.0164485362695147,247,444,5000,5000,5000,0.000226425840741785,0.00990023578441038,0.0030876663208586,0.00998796752175412,0.00286124048011681,0.287729625237596,1,1,0.05,0.0911496447283572,0,0,1,10000,1,1,1,1,0,0.0494,0.0888,0.0494,0.0888,0.05,0.0911496447283572,0.043731720637967,0.0557601323549184,0.0812278454746506,0.0970035126049644,0.043731720637967,0.0557601323549184,0.0812278454746506,0.0970035126049644,0.999232298054943,1,0.999232298054943,1,1,V0,all,0.05,0,A1,1.5,2,50,10,0,0,R0,0,0.5,1,0.2,rational,Gaussian,matched,42,420006,2,50,10,1,2.33358574029062,2.3304742926369,3.11144765372084,0.30217597874494,0.148939426843318,0.49157620151199,1,1,1,42,0.0888,0,S2,E6_ablation,A0,-0.9112,0
0.1,0.012815515655446,489,814,5000,5000,5000,0.000226425840741785,0.00990023578441038,0.0030876663208586,0.00998796752175412,0.00286124048011681,0.287729625237596,1,1,0.1,0.165921880214903,0,0,1,10000,1,1,1,1,0,0.0978,0.1628,0.0978,0.1628,0.1,0.165921880214903,0.0898726515410325,0.106344887903571,0.152826477374256,0.17329126081749,0.0898726515410325,0.106344887903571,0.152826477374256,0.17329126081749,0.999232298054943,1,0.999232298054943,1,1,V0,all,0.1,0,A1,1.5,2,50,10,0,0,R0,0,0.5,1,0.2,rational,Gaussian,matched,42,420006,2,50,10,1,2.33358574029062,2.3304742926369,3.11144765372084,0.30217597874494,0.148939426843318,0.49157620151199,1,1,1,42,0.1628,0,S2,E6_ablation,A0,-0.8372,0
0.01,0.0527850504584289,44,71,5000,5000,5000,0.000513762346638509,0.0224637274270903,0.0030574875874251,0.0226627915582192,0.00254372524078659,0.112736393103855,1,1,0.01,0.0142904322621824,0,0,1,10000,1,1,1,1,0,0.0088,0.0142,0.0088,0.0142,0.01,0.0142904322621824,0.00656203743997331,0.0117921529508508,0.0112736073056904,0.0178722919041271,0.00656203743997331,0.0117921529508508,0.0112736073056904,0.0178722919041271,0.999232298054943,1,0.999232298054943,1,1,V0,all,0.01,0,A2,1.5,2,50,10,1,1,R0,0,0.5,1,0.2,rational,Gaussian,matched,42,420006,2,50,22.6900933636988,2.26900933636988,2.33358574029062,2.3304742926369,3.11144765372084,0.30217597874494,0.148939426843318,0.49157620151199,1,1,1,42,0.0142,0,S2,E6_ablation,A1,-0.007,0
0.05,0.0373218823651475,247,334,5000,5000,5000,0.000513762346638509,0.0224637274270903,0.0030574875874251,0.0226627915582192,0.00254372524078659,0.112736393103855,1,1,0.05,0.0658123848969053,0,0,1,10000,1,1,1,1,0,0.0494,0.0668,0.0494,0.0668,0.05,0.0658123848969053,0.043731720637967,0.0557601323549184,0.0602067168094742,0.0740584201557233,0.043731720637967,0.0557601323549184,0.0602067168094742,0.0740584201557233,0.999232298054943,1,0.999232298054943,1,1,V0,all,0.05,0,A2,1.5,2,50,10,1,1,R0,0,0.5,1,0.2,rational,Gaussian,matched,42,420006,2,50,22.6900933636988,2.26900933636988,2.33358574029062,2.3304742926369,3.11144765372084,0.30217597874494,0.148939426843318,0.49157620151199,1,1,1,42,0.0668,0,S2,E6_ablation,A1,-0.022,0
0.1,0.0290785246726014,489,613,5000,5000,5000,0.000513762346638509,0.0224637274270903,0.0030574875874251,0.0226627915582192,0.00254372524078659,0.112736393103855,1,1,0.1,0.126224014750117,0,0,1,10000,1,1,1,1,0,0.0978,0.1226,0.0978,0.1226,0.1,0.126224014750117,0.0898726515410325,0.106344887903571,0.113797698011583,0.131981763416546,0.0898726515410325,0.106344887903571,0.113797698011583,0.131981763416546,0.999232298054943,1,0.999232298054943,1,1,V0,all,0.1,0,A2,1.5,2,50,10,1,1,R0,0,0.5,1,0.2,rational,Gaussian,matched,42,420006,2,50,22.6900933636988,2.26900933636988,2.33358574029062,2.3304742926369,3.11144765372084,0.30217597874494,0.148939426843318,0.49157620151199,1,1,1,42,0.1226,0,S2,E6_ablation,A1,-0.0402,0
0.01,0.0746493342488584,44,73,5000,5000,5000,0.000679315826456104,0.0315723836672143,0.00341810888624081,0.0319107331853669,0.00273879305978471,0.0862829141640002,1,1,0.01,0.0128941922898072,0,0,1,10000,1,1,1,1,0,0.0088,0.0146,0.0088,0.0146,0.01,0.0128941922898072,0.00656203743997331,0.0117921529508508,0.0116284434418367,0.0183168416064248,0.00656203743997331,0.0117921529508508,0.0116284434418367,0.0183168416064248,0.999232298054943,1,0.999232298054943,1,1,V0,all,0.01,0,A3,1.5,2,50,10,1,1,R1,0,0.5,1,0.2,rational,Gaussian,matched,42,420006,2,50,22.6900933636988,2.26900933636988,2.33358574029062,2.3304742926369,3.11144765372084,0.30217597874494,0.148939426843318,0.49157620151199,1,1,1,42,0.0146,0,S2,E6_ablation,A2,0.000399999999999999,0
0.05,0.0527811122140849,238,325,5000,5000,5000,0.000679315826456104,0.0315723836672143,0.00341810888624081,0.0319107331853669,0.00273879305978471,0.0862829141640002,1,1,0.05,0.0608244549398658,0,0,1,10000,1,1,1,1,0,0.0476,0.065,0.0476,0.065,0.05,0.0608244549398658,0.0420376715417821,0.0538569451781056,0.0584951925243528,0.0721727081678469,0.0420376715417821,0.0538569451781056,0.0584951925243528,0.0721727081678469,0.999232298054943,1,0.999232298054943,1,1,V0,all,0.05,0,A3,1.5,2,50,10,1,1,R1,0,0.5,1,0.2,rational,Gaussian,matched,42,420006,2,50,22.6900933636988,2.26900933636988,2.33358574029062,2.3304742926369,3.11144765372084,0.30217597874494,0.148939426843318,0.49157620151199,1,1,1,42,0.065,0,S2,E6_ablation,A2,-0.0018,0
0.1,0.0411232439657935,481,582,5000,5000,5000,0.000679315826456104,0.0315723836672143,0.00341810888624081,0.0319107331853669,0.00273879305978471,0.0862829141640002,1,1,0.1,0.118090308584607,0,0,1,10000,1,1,1,1,0,0.0962,0.1164,0.0962,0.1164,0.1,0.118090308584607,0.088334157152011,0.104685838938817,0.107803727388987,0.125585253543261,0.088334157152011,0.104685838938817,0.107803727388987,0.125585253543261,0.999232298054943,1,0.999232298054943,1,1,V0,all,0.1,0,A3,1.5,2,50,10,1,1,R1,0,0.5,1,0.2,rational,Gaussian,matched,42,420006,2,50,22.6900933636988,2.26900933636988,2.33358574029062,2.3304742926369,3.11144765372084,0.30217597874494,0.148939426843318,0.49157620151199,1,1,1,42,0.1164,0,S2,E6_ablation,A2,-0.0062,0
0.01,0.0746493342488584,31,53,5000,3484,3484,0.000989723362127437,0.0317134847009956,0.00310138997345333,0.0321139415304665,0.00211166661132589,0.0661666990396975,0.697530471461239,0.697530471461239,0.00697530471461239,0.00899409202702111,0,0,6,6968,0.6968,0.6968,0.6968,0.6968,0.3032,0.00889781859931114,0.0152123995407577,0.0062,0.0106,0.01,0.0128941922898072,0.00627559635834259,0.0126018267120731,0.0116493961125652,0.0198432792620299,0.00437138839852441,0.008786794042414,0.00811345161522002,0.0138379750486019,0.683912549743128,0.709385282771297,0.683912549743128,0.709385282771297,1,V2,moderate,0.01,0,A4,1.5,2,50,10,1,1,R1,0,0.5,1,0.2,rational,Gaussian,matched,42,420006,2,50,22.6900933636988,2.26900933636988,2.33358574029062,2.3304742926369,3.11144765372084,0.30217597874494,0.148939426843318,0.49157620151199,1,1,0.697530471461239,42,0.0106,0,S2,E6_ablation,A3,-0.004,-0.3032
0.05,0.0527811122140849,176,230,5000,3484,3484,0.000989723362127437,0.0317134847009956,0.00310138997345333,0.0321139415304665,0.00211166661132589,0.0661666990396975,0.697530471461239,0.697530471461239,0.034876523573062,0.0424269107305775,0,0,6,6968,0.6968,0.6968,0.6968,0.6968,0.3032,0.0505166475315729,0.06601607347876,0.0352,0.046,0.05,0.0608244549398658,0.0437265986024278,0.0582968055637153,0.0582395034988319,0.0747486108684787,0.0304383103860638,0.0406753453420613,0.0405337873353779,0.052163286030734,0.683912549743128,0.709385282771297,0.683912549743128,0.709385282771297,1,V2,moderate,0.05,0,A4,1.5,2,50,10,1,1,R1,0,0.5,1,0.2,rational,Gaussian,matched,42,420006,2,50,22.6900933636988,2.26900933636988,2.33358574029062,2.3304742926369,3.11144765372084,0.30217597874494,0.148939426843318,0.49157620151199,1,1,0.697530471461239,42,0.046,0,S2,E6_ablation,A3,-0.019,-0.3032
0.1,0.0411232439657935,351,393,5000,3484,3484,0.000989723362127437,0.0317134847009956,0.00310138997345333,0.0321139415304665,0.00211166661132589,0.0661666990396975,0.697530471461239,0.697530471461239,0.0697530471461239,0.0823715886220239,0,0,6,6968,0.6968,0.6968,0.6968,0.6968,0.3032,0.100746268656716,0.112801377726751,0.0702,0.0786,0.1,0.118090308584607,0.0911872505564209,0.111184751483876,0.102720430907925,0.123735234622169,0.0634434723454752,0.0776164442464959,0.0714600519938139,0.0863869672054802,0.683912549743128,0.709385282771297,0.683912549743128,0.709385282771297,1,V2,moderate,0.1,0,A4,1.5,2,50,10,1,1,R1,0,0.5,1,0.2,rational,Gaussian,matched,42,420006,2,50,22.6900933636988,2.26900933636988,2.33358574029062,2.3304742926369,3.11144765372084,0.30217597874494,0.148939426843318,0.49157620151199,1,1,0.697530471461239,42,0.0786,0,S2,E6_ablation,A3,-0.0378,-0.3032
0.01,0.0746493342488584,18,28,5000,2101,2093,0.00037465534607423,0.031900400010187,0.0035485868215946,0.0319230443495816,0.00317393147552037,0.0994597301223963,0.419727270597455,0.420173215836449,0.00419727270597455,0.00541779424002185,0,0,6,4194,0.4202,0.4186,0.4194,0.4194,0.5806,0.00856734888148501,0.0133779264214047,0.0036,0.0056,0.01,0.0128941922898072,0.00542612727465524,0.0135023571742479,0.00927187404647251,0.0192669830850295,0.00227844075441302,0.0056837337366397,0.00387738263821508,0.00808172104505741,0.406584988170832,0.433937537059599,0.404993451871818,0.432331530004838,1,V2,moderate,0.01,0,A5,1.5,2,50,10,1,1,R1,1,0,1,0.2,rational,Gaussian,matched,42,420006,2,50,22.6900933636988,2.26900933636988,2.33358574029062,2.3304742926369,3.11144765372084,0.30217597874494,0.302983395830005,1,0.601733240009112,0.602372560092233,0.697530471461239,42,0.0056,0,S0,E6_ablation,A4,-0.005,-0.2782
0.05,0.0527811122140849,108,133,5000,2101,2093,0.00037465534607423,0.031900400010187,0.0035485868215946,0.0319230443495816,0.00317393147552037,0.0994597301223963,0.419727270597455,0.420173215836449,0.0209863635298728,0.0255568068335826,0,0,6,4194,0.4202,0.4186,0.4194,0.4194,0.5806,0.05140409328891,0.0635451505016722,0.0216,0.0266,0.05,0.0608244549398658,0.0427537379113469,0.0616918762223976,0.0538729850189264,0.0748165053979878,0.017922633988449,0.0260119032325817,0.0224902033025565,0.0314366568990236,0.406584988170832,0.433937537059599,0.404993451871818,0.432331530004838,1,V2,moderate,0.05,0,A5,1.5,2,50,10,1,1,R1,1,0,1,0.2,rational,Gaussian,matched,42,420006,2,50,22.6900933636988,2.26900933636988,2.33358574029062,2.3304742926369,3.11144765372084,0.30217597874494,0.302983395830005,1,0.601733240009112,0.602372560092233,0.697530471461239,42,0.0266,0,S0,E6_ablation,A4,-0.0194,-0.2782
0.1,0.0411232439657935,206,239,5000,2101,2093,0.00037465534607423,0.031900400010187,0.0035485868215946,0.0319230443495816,0.00317393147552037,0.0994597301223963,0.419727270597455,0.420173215836449,0.0419727270597455,0.0496183847171128,0,0,6,4194,0.4202,0.4186,0.4194,0.4194,0.5806,0.0980485483103284,0.114190157668419,0.0412,0.0478,0.1,0.118090308584607,0.0860566763813614,0.111507590075877,0.101265756573031,0.128528182684395,0.0360340469325098,0.0470703963722747,0.0422257872975776,0.054068522341532,0.406584988170832,0.433937537059599,0.404993451871818,0.432331530004838,1,V2,moderate,0.1,0,A5,1.5,2,50,10,1,1,R1,1,0,1,0.2,rational,Gaussian,matched,42,420006,2,50,22.6900933636988,2.26900933636988,2.33358574029062,2.3304742926369,3.11144765372084,0.30217597874494,0.302983395830005,1,0.601733240009112,0.602372560092233,0.697530471461239,42,0.0478,0,S0,E6_ablation,A4,-0.0308,-0.2782
0.01,0.0746493342488584,18,26,5000,2101,1969,0.00037465534607423,0.031900400010187,0.00350785183451512,0.0320295327469457,0.00313319648844089,0.0980195023380627,0.419727270597455,0.396135201032517,0.00419727270597455,0.00510784345487472,0,0,6,4070,0.4202,0.3938,0.407,0.407,0.593,0.00856734888148501,0.0132046724225495,0.0036,0.0052,0.01,0.0128941922898072,0.00542612727465524,0.0135023571742479,0.00902705100589234,0.0192780409065994,0.00227844075441302,0.0056837337366397,0.00355116864180452,0.00760854920302401,0.406584988170832,0.433937537059599,0.380343669957953,0.407419389935177,1,V2,moderate,0.01,0,A5,1.5,2,50,10,1,1,R1,1,0.1,1,0.2,rational,Gaussian,matched,42,420006,2,50,22.6900933636988,2.26900933636988,2.33358574029062,2.3304742926369,3.11144765372084,0.30217597874494,0.26286756289774,0.867597256204847,0.601733240009112,0.567910961943588,0.697530471461239,42,0.0052,0,S1,E6_ablation,A4,-0.0054,-0.303
0.05,0.0527811122140849,108,127,5000,2101,1969,0.00037465534607423,0.031900400010187,0.00350785183451512,0.0320295327469457,0.00313319648844089,0.0980195023380627,0.419727270597455,0.396135201032517,0.0209863635298728,0.024094707685297,0,0,6,4070,0.4202,0.3938,0.407,0.407,0.593,0.05140409328891,0.0644997460639919,0.0216,0.0254,0.05,0.0608244549398658,0.0427537379113469,0.0616918762223976,0.0544752765507627,0.0762202021294268,0.017922633988449,0.0260119032325817,0.0213897552796213,0.0301389474066269,0.406584988170832,0.433937537059599,0.380343669957953,0.407419389935177,1,V2,moderate,0.05,0,A5,1.5,2,50,10,1,1,R1,1,0.1,1,0.2,rational,Gaussian,matched,42,420006,2,50,22.6900933636988,2.26900933636988,2.33358574029062,2.3304742926369,3.11144765372084,0.30217597874494,0.26286756289774,0.867597256204847,0.601733240009112,0.567910961943588,0.697530471461239,42,0.0254,0,S1,E6_ablation,A4,-0.0206,-0.303
0.1,0.0411232439657935,206,228,5000,2101,1969,0.00037465534607423,0.031900400010187,0.00350785183451512,0.0320295327469457,0.00313319648844089,0.0980195023380627,0.419727270597455,0.396135201032517,0.0419727270597455,0.0467797281311551,0,0,6,4070,0.4202,0.3938,0.407,0.407,0.593,0.0980485483103284,0.115794819705434,0.0412,0.0456,0.1,0.118090308584607,0.0860566763813614,0.111507590075877,0.102403504959028,0.130682360488859,0.0360340469325098,0.0470703963722747,0.0401581122081757,0.0517395753194923,0.406584988170832,0.433937537059599,0.380343669957953,0.407419389935177,1,V2,moderate,0.1,0,A5,1.5,2,50,10,1,1,R1,1,0.1,1,0.2,rational,Gaussian,matched,42,420006,2,50,22.6900933636988,2.26900933636988,2.33358574029062,2.3304742926369,3.11144765372084,0.30217597874494,0.26286756289774,0.867597256204847,0.601733240009112,0.567910961943588,0.697530471461239,42,0.0456,0,S1,E6_ablation,A4,-0.033,-0.303
0.01,0.0746493342488584,18,22,5000,2101,1503,0.00037465534607423,0.031900400010187,0.00340963194357484,0.0321703212935501,0.00303497659750061,0.0947374901787358,0.419727270597455,0.297730152092659,0.00419727270597455,0.00383898983155629,0,0,6,3604,0.4202,0.3006,0.3604,0.3604,0.6396,0.00856734888148501,0.0146373918829009,0.0036,0.0044,0.01,0.0128941922898072,0.00542612727465524,0.0135023571742479,0.00968600007226049,0.022063497222655,0.00227844075441302,0.0056837337366397,0.00290756475299922,0.0066533814149414,0.406584988170832,0.433937537059599,0.288047773239805,0.313458386295883,1,V2,moderate,0.01,0,A5,1.5,2,50,10,1,1,R1,1,0.5,1,0.2,rational,Gaussian,matched,42,420006,2,50,22.6900933636988,2.26900933636988,2.33358574029062,2.3304742926369,3.11144765372084,0.30217597874494,0.148939426843318,0.49157620151199,0.601733240009112,0.426834617660432,0.697530471461239,42,0.0044,0,S2,E6_ablation,A4,-0.0062,-0.3962
0.05,0.0527811122140849,108,97,5000,2101,1503,0.00037465534607423,0.031900400010187,0.00340963194357484,0.0321703212935501,0.00303497659750061,0.0947374901787358,0.419727270597455,0.297730152092659,0.0209863635298728,0.0181092742201993,0,0,6,3604,0.4202,0.3006,0.3604,0.3604,0.6396,0.05140409328891,0.0645375914836993,0.0216,0.0194,0.05,0.0608244549398658,0.0427537379113469,0.0616918762223976,0.0531921049545512,0.078103365887837,0.017922633988449,0.0260119032325817,0.0159296066842297,0.0236083084253592,0.406584988170832,0.433937537059599,0.288047773239805,0.313458386295883,1,V2,moderate,0.05,0,A5,1.5,2,50,10,1,1,R1,1,0.5,1,0.2,rational,Gaussian,matched,42,420006,2,50,22.6900933636988,2.26900933636988,2.33358574029062,2.3304742926369,3.11144765372084,0.30217597874494,0.148939426843318,0.49157620151199,0.601733240009112,0.426834617660432,0.697530471461239,42,0.0194,0,S2,E6_ablation,A4,-0.0266,-0.3962
0.1,0.0411232439657935,206,176,5000,2101,1503,0.00037465534607423,0.031900400010187,0.00340963194357484,0.0321703212935501,0.00303497659750061,0.0947374901787358,0.419727270597455,0.297730152092659,0.0419727270597455,0.0351590455355639,0,0,6,3604,0.4202,0.3006,0.3604,0.3604,0.6396,0.0980485483103284,0.117099135063207,0.0412,0.0352,0.1,0.118090308584607,0.0860566763813614,0.111507590075877,0.101811154876565,0.134339408102494,0.0360340469325098,0.0470703963722747,0.0304383103860638,0.0406753453420613,0.406584988170832,0.433937537059599,0.288047773239805,0.313458386295883,0,V2,moderate,0.1,0,A5,1.5,2,50,10,1,1,R1,1,0.5,1,0.2,rational,Gaussian,matched,42,420006,2,50,22.6900933636988,2.26900933636988,2.33358574029062,2.3304742926369,3.11144765372084,0.30217597874494,0.148939426843318,0.49157620151199,0.601733240009112,0.426834617660432,0.697530471461239,42,0.0352,0,S2,E6_ablation,A4,-0.0434,-0.3962
0.01,0.0746493342488584,18,11,5000,2101,497,0.00037465534607423,0.031900400010187,0.00315815367147586,0.0335817785372602,0.00278349832540163,0.0849874349580833,0.419727270597455,0.106379882847148,0.00419727270597455,0.00137168266519829,0,0,6,2598,0.4202,0.0994,0.2598,0.2598,0.7402,0.00856734888148501,0.0221327967806841,0.0036,0.0022,0.01,0.0128941922898072,0.00542612727465524,0.0135023571742479,0.0124026870304215,0.0391933986481517,0.00227844075441302,0.0056837337366397,0.00122891540713881,0.00393540864936006,0.406584988170832,0.433937537059599,0.0914118206070568,0.108003262191323,1,V2,moderate,0.01,0,A5,1.5,2,50,10,1,1,R1,1,1.5,1,0.2,rational,Gaussian,matched,42,420006,2,50,22.6900933636988,2.26900933636988,2.33358574029062,2.3304742926369,3.11144765372084,0.30217597874494,0.0359907897906514,0.118787993949493,0.601733240009112,0.152509298445838,0.697530471461239,42,0.0022,0,S3,E6_ablation,A4,-0.0084,-0.5974
0.05,0.0527811122140849,108,34,5000,2101,497,0.00037465534607423,0.031900400010187,0.00315815367147586,0.0335817785372602,0.00278349832540163,0.0849874349580833,0.419727270597455,0.106379882847148,0.0209863635298728,0.00647049839074455,0,0,6,2598,0.4202,0.0994,0.2598,0.2598,0.7402,0.05140409328891,0.06841046277666,0.0216,0.0068,0.05,0.0608244549398658,0.0427537379113469,0.0616918762223976,0.0493651913938302,0.0940763259874496,0.017922633988449,0.0260119032325817,0.00487033343057001,0.00948692776803434,0.406584988170832,0.433937537059599,0.0914118206070568,0.108003262191323,0,V2,moderate,0.05,0,A5,1.5,2,50,10,1,1,R1,1,1.5,1,0.2,rational,Gaussian,matched,42,420006,2,50,22.6900933636988,2.26900933636988,2.33358574029062,2.3304742926369,3.11144765372084,0.30217597874494,0.0359907897906514,0.118787993949493,0.601733240009112,0.152509298445838,0.697530471461239,42,0.0068,0,S3,E6_ablation,A4,-0.0392,-0.5974
0.1,0.0411232439657935,206,65,5000,2101,497,0.00037465534607423,0.031900400010187,0.00315815367147586,0.0335817785372602,0.00278349832540163,0.0849874349580833,0.419727270597455,0.106379882847148,0.0419727270597455,0.012562433192614,0,0,6,2598,0.4202,0.0994,0.2598,0.2598,0.7402,0.0980485483103284,0.130784708249497,0.0412,0.013,0.1,0.118090308584607,0.0860566763813614,0.111507590075877,0.103952695974637,0.163280490223335,0.0360340469325098,0.0470703963722747,0.0102131489253639,0.0165345927691217,0.406584988170832,0.433937537059599,0.0914118206070568,0.108003262191323,0,V2,moderate,0.1,0,A5,1.5,2,50,10,1,1,R1,1,1.5,1,0.2,rational,Gaussian,matched,42,420006,2,50,22.6900933636988,2.26900933636988,2.33358574029062,2.3304742926369,3.11144765372084,0.30217597874494,0.0359907897906514,0.118787993949493,0.601733240009112,0.152509298445838,0.697530471461239,42,0.013,0,S3,E6_ablation,A4,-0.0656,-0.5974
0.01,0,0,5000,5000,5000,5000,0,0,0.00399999999999992,8.84797456918293e-17,0.00399999999999992,63933889109433.1,1,1,0,1,0,0,1,10000,1,1,1,1,0,0,1,0,1,0,1,0,0.000767701945057125,0.999232298054943,1,0,0.000767701945057125,0.999232298054943,1,0.999232298054943,1,0.999232298054943,1,1,V0,all,0.01,0,A0,1.5,2,60,0,0,0,R0,0,0.5,1,0.2,rational,Gaussian,matched,42,420007,2,60,0,1,3,2.996,4,0.142222222222222,0.0318188609501131,0.22313016014843,1,1,1,42,1,0,S2,E6_ablation,,NaN,NaN
0.05,0,0,5000,5000,5000,5000,0,0,0.00399999999999992,8.84797456918293e-17,0.00399999999999992,63933889109433.1,1,1,0,1,0,0,1,10000,1,1,1,1,0,0,1,0,1,0,1,0,0.000767701945057125,0.999232298054943,1,0,0.000767701945057125,0.999232298054943,1,0.999232298054943,1,0.999232298054943,1,1,V0,all,0.05,0,A0,1.5,2,60,0,0,0,R0,0,0.5,1,0.2,rational,Gaussian,matched,42,420007,2,60,0,1,3,2.996,4,0.142222222222222,0.0318188609501131,0.22313016014843,1,1,1,42,1,0,S2,E6_ablation,,NaN,NaN
0.1,0,0,5000,5000,5000,5000,0,0,0.00399999999999992,8.84797456918293e-17,0.00399999999999992,63933889109433.1,1,1,0,1,0,0,1,10000,1,1,1,1,0,0,1,0,1,0,1,0,0.000767701945057125,0.999232298054943,1,0,0.000767701945057125,0.999232298054943,1,0.999232298054943,1,0.999232298054943,1,1,V0,all,0.1,0,A0,1.5,2,60,0,0,0,R0,0,0.5,1,0.2,rational,Gaussian,matched,42,420007,2,60,0,1,3,2.996,4,0.142222222222222,0.0318188609501131,0.22313016014843,1,1,1,42,1,0,S2,E6_ablation,,NaN,NaN
0.01,0.0232634787404084,50,129,5000,5000,5000,4.04861493867033e-05,0.00996461848437026,0.00407071192351014,0.00990804626975422,0.00403022577412344,0.405603324346334,1,1,0.01,0.0270304757080881,0,0,1,10000,1,1,1,1,0,0.01,0.0258,0.01,0.0258,0.01,0.0270304757080881,0.00759377281394657,0.0131585750922094,0.0217562982074204,0.0305717903172718,0.00759377281394657,0.0131585750922094,0.0217562982074204,0.0305717903172718,0.999232298054943,1,0.999232298054943,1,1,V0,all,0.01,0,A1,1.5,2,60,10,0,0,R0,0,0.5,1,0.2,rational,Gaussian,matched,42,420007,2,60,10,1,3,2.996,4,0.142222222222222,0.0318188609501131,0.22313016014843,1,1,1,42,0.0258,0,S2,E6_ablation,A0,-0.9742,0
0.05,0.0164485362695147,228,537,5000,5000,5000,4.04861493867033e-05,0.00996461848437026,0.00407071192351014,0.00990804626975422,0.00403022577412344,0.405603324346334,1,1,0.05,0.10659277975248,0,0,1,10000,1,1,1,1,0,0.0456,0.1074,0.0456,0.1074,0.05,0.10659277975248,0.0401581122081757,0.0517395753194923,0.0991172997701778,0.116285499797081,0.0401581122081757,0.0517395753194923,0.0991172997701778,0.116285499797081,0.999232298054943,1,0.999232298054943,1,1,V0,all,0.05,0,A1,1.5,2,60,10,0,0,R0,0,0.5,1,0.2,rational,Gaussian,matched,42,420007,2,60,10,1,3,2.996,4,0.142222222222222,0.0318188609501131,0.22313016014843,1,1,1,42,0.1074,0,S2,E6_ablation,A0,-0.8926,0
0.1,0.012815515655446,481,933,5000,5000,5000,4.04861493867033e-05,0.00996461848437026,0.00407071192351014,0.00990804626975422,0.00403022577412344,0.405603324346334,1,1,0.1,0.189009678517709,0,0,1,10000,1,1,1,1,0,0.0962,0.1866,0.0962,0.1866,0.1,0.189009678517709,0.088334157152011,0.104685838938817,0.176043374706493,0.197637820872669,0.088334157152011,0.104685838938817,0.176043374706493,0.197637820872669,0.999232298054943,1,0.999232298054943,1,1,V0,all,0.1,0,A1,1.5,2,60,10,0,0,R0,0,0.5,1,0.2,rational,Gaussian,matched,42,420007,2,60,10,1,3,2.996,4,0.142222222222222,0.0318188609501131,0.22313016014843,1,1,1,42,0.1866,0,S2,E6_ablation,A0,-0.8134,0
0.01,0.0872380452765315,50,65,5000,5000,5000,0.000151823060200137,0.0373673193163885,0.00426516971316303,0.0371551735115783,0.00411334665296289,0.110391636937907,1,1,0.01,0.01322020770178,0,0,1,10000,1,1,1,1,0,0.01,0.013,0.01,0.013,0.01,0.01322020770178,0.00759377281394657,0.0131585750922094,0.0102131489253639,0.0165345927691217,0.00759377281394657,0.0131585750922094,0.0102131489253639,0.0165345927691217,0.999232298054943,1,0.999232298054943,1,1,V0,all,0.01,0,A2,1.5,2,60,10,1,1,R0,0,0.5,1,0.2,rational,Gaussian,matched,42,420007,2,60,37.5,3.75,3,2.996,4,0.142222222222222,0.0318188609501131,0.22313016014843,1,1,1,42,0.013,0,S2,E6_ablation,A1,-0.0128,0
0.05,0.0616820110106802,228,301,5000,5000,5000,0.000151823060200137,0.0373673193163885,0.00426516971316303,0.0371551735115783,0.00411334665296289,0.110391636937907,1,1,0.05,0.0620014541742648,0,0,1,10000,1,1,1,1,0,0.0456,0.0602,0.0456,0.0602,0.05,0.0620014541742648,0.0401581122081757,0.0517395753194923,0.0539385844638588,0.0671366861670135,0.0401581122081757,0.0517395753194923,0.0539385844638588,0.0671366861670135,0.999232298054943,1,0.999232298054943,1,1,V0,all,0.05,0,A2,1.5,2,60,10,1,1,R0,0,0.5,1,0.2,rational,Gaussian,matched,42,420007,2,60,37.5,3.75,3,2.996,4,0.142222222222222,0.0318188609501131,0.22313016014843,1,1,1,42,0.0602,0,S2,E6_ablation,A1,-0.0472,0
0.1,0.0480581837079225,481,586,5000,5000,5000,0.000151823060200137,0.0373673193163885,0.00426516971316303,0.0371551735115783,0.00411334665296289,0.110391636937907,1,1,0.1,0.120020383982811,0,0,1,10000,1,1,1,1,0,0.0962,0.1172,0.0962,0.1172,0.1,0.120020383982811,0.088334157152011,0.104685838938817,0.108576701855333,0.126411050753803,0.088334157152011,0.104685838938817,0.108576701855333,0.126411050753803,0.999232298054943,1,0.999232298054943,1,1,V0,all,0.1,0,A2,1.5,2,60,10,1,1,R0,0,0.5,1,0.2,rational,Gaussian,matched,42,420007,2,60,37.5,3.75,3,2.996,4,0.142222222222222,0.0318188609501131,0.22313016014843,1,1,1,42,0.1172,0,S2,E6_ablation,A1,-0.0694,0
0.01,0.123373226784989,44,56,5000,5000,5000,-8.67020495707513e-05,0.0521909765730231,0.00454728331965335,0.0526389255821823,0.0046339853692241,0.0884088025956094,1,1,0.01,0.0121952025857356,0,0,1,10000,1,1,1,1,0,0.0088,0.0112,0.0088,0.0112,0.01,0.0121952025857356,0.00656203743997331,0.0117921529508508,0.00863539287572245,0.0145151125457654,0.00656203743997331,0.0117921529508508,0.00863539287572245,0.0145151125457654,0.999232298054943,1,0.999232298054943,1,1,V0,all,0.01,0,A3,1.5,2,60,10,1,1,R1,0,0.5,1,0.2,rational,Gaussian,matched,42,420007,2,60,37.5,3.75,3,2.996,4,0.142222222222222,0.0318188609501131,0.22313016014843,1,1,1,42,0.0112,0,S2,E6_ablation,A2,-0.0018,0
0.05,0.0872315365257506,222,302,5000,5000,5000,-8.67020495707513e-05,0.0521909765730231,0.00454728331965335,0.0526389255821823,0.0046339853692241,0.0884088025956094,1,1,0.05,0.0582740167997565,0,0,1,10000,1,1,1,1,0,0.0444,0.0604,0.0444,0.0604,0.05,0.0582740167997565,0.0390318208814263,0.0504677091309097,0.0541282161651582,0.067346747384936,0.0390318208814263,0.0504677091309097,0.0541282161651582,0.067346747384936,0.999232298054943,1,0.999232298054943,1,1,V0,all,0.05,0,A3,1.5,2,60,10,1,1,R1,0,0.5,1,0.2,rational,Gaussian,matched,42,420007,2,60,37.5,3.75,3,2.996,4,0.142222222222222,0.0318188609501131,0.22313016014843,1,1,1,42,0.0604,0,S2,E6_ablation,A2,0.000200000000000006,0
0.1,0.0679645351827618,475,550,5000,5000,5000,-8.67020495707513e-05,0.0521909765730231,0.00454728331965335,0.0526389255821823,0.0046339853692241,0.0884088025956094,1,1,0.1,0.113884293241917,0,0,1,10000,1,1,1,1,0,0.095,0.11,0.095,0.11,0.1,0.113884293241917,0.0871807381378733,0.103441100437623,0.101624862673781,0.118973944843364,0.0871807381378733,0.103441100437623,0.101624862673781,0.118973944843364,0.999232298054943,1,0.999232298054943,1,1,V0,all,0.1,0,A3,1.5,2,60,10,1,1,R1,0,0.5,1,0.2,rational,Gaussian,matched,42,420007,2,60,37.5,3.75,3,2.996,4,0.142222222222222,0.0318188609501131,0.22313016014843,1,1,1,42,0.11,0,S2,E6_ablation,A2,-0.0072,0
0.01,0.123373226784989,17,27,5000,2312,2393,-0.000940013035027871,0.0514046151817995,0.00412927404929825,0.0534911091760653,0.00506928708432612,0.0966347210760998,0.472291245199884,0.472291245199884,0.00472291245199884,0.00575968741468193,0,0,6,4705,0.4624,0.4786,0.4705,0.4705,0.5295,0.00735294117647059,0.0112829084830756,0.0034,0.0054,0.01,0.0121952025857356,0.00459591993783403,0.0117443431991617,0.00776585836049245,0.0163665090966165,0.00212393679582944,0.00543854477600129,0.00371394148173811,0.0078454692823124,0.448614345218365,0.476243385967903,0.464775396367804,0.492457461275444,1,V2,moderate,0.01,0,A4,1.5,2,60,10,1,1,R1,0,0.5,1,0.2,rational,Gaussian,matched,42,420007,2,60,37.5,3.75,3,2.996,4,0.142222222222222,0.0318188609501131,0.22313016014843,1,1,0.472291245199884,42,0.0054,0,S2,E6_ablation,A3,-0.0058,-0.5214
0.05,0.0872315365257506,99,155,5000,2312,2393,-0.000940013035027871,0.0514046151817995,0.00412927404929825,0.0534911091760653,0.00506928708432612,0.0966347210760998,0.472291245199884,0.472291245199884,0.0236145622599942,0.027522307957156,0,0,6,4705,0.4624,0.4786,0.4705,0.4705,0.5295,0.0428200692041522,0.0647722524028416,0.0198,0.031,0.05,0.0582740167997565,0.0352981807897419,0.0518586744655737,0.0555918411675142,0.0753477575555119,0.0162910955983785,0.0240462053496544,0.0265443864926138,0.0361757179318498,0.448614345218365,0.476243385967903,0.464775396367804,0.492457461275444,1,V2,moderate,0.05,0,A4,1.5,2,60,10,1,1,R1,0,0.5,1,0.2,rational,Gaussian,matched,42,420007,2,60,37.5,3.75,3,2.996,4,0.142222222222222,0.0318188609501131,0.22313016014843,1,1,0.472291245199884,42,0.031,0,S2,E6_ablation,A3,-0.0294,-0.5214
0.1,0.0679645351827618,214,270,5000,2312,2393,-0.000940013035027871,0.0514046151817995,0.00412927404929825,0.0534911091760653,0.00506928708432612,0.0966347210760998,0.472291245199884,0.472291245199884,0.0472291245199884,0.0537865546639338,0,0,6,4705,0.4624,0.4786,0.4705,0.4705,0.5295,0.092560553633218,0.112829084830756,0.0428,0.054,0.1,0.113884293241917,0.0814134437677498,0.105059363848624,0.100768327890869,0.12613089267263,0.0375318712951354,0.0487701153634248,0.0480706711782013,0.0606141189567897,0.448614345218365,0.476243385967903,0.464775396367804,0.492457461275444,1,V2,moderate,0.1,0,A4,1.5,2,60,10,1,1,R1,0,0.5,1,0.2,rational,Gaussian,matched,42,420007,2,60,37.5,3.75,3,2.996,4,0.142222222222222,0.0318188609501131,0.22313016014843,1,1,0.472291245199884,42,0.054,0,S2,E6_ablation,A3,-0.056,-0.5214
0.01,0.123373226784989,10,10,5000,937,999,0.00183358413516417,0.050798172266396,0.00376202641383872,0.0522142731182129,0.00192844227867455,0.0374374199480214,0.19627688112203,0.196583040059223,0.0019627688112203,0.00239736999844201,0,0,6,1936,0.1874,0.1998,0.1936,0.1936,0.8064,0.0106723585912487,0.01001001001001,0.002,0.002,0.01,0.0121952025857356,0.00580720006005365,0.0195333699128921,0.00544620946650614,0.0183276967785855,0.00108674686094388,0.00367788427633301,0.00108674686094388,0.00367788427633301,0.176824984955559,0.19845498230049,0.18894925164602,0.211111676601792,1,V2,moderate,0.01,0,A5,1.5,2,60,10,1,1,R1,1,0,1,0.2,rational,Gaussian,matched,42,420007,2,60,37.5,3.75,3,2.996,4,0.142222222222222,0.142602241350728,1,0.415584415584416,0.416232657406184,0.472291245199884,42,0.002,0,S0,E6_ablation,A4,-0.0034,-0.2788
0.05,0.0872315365257506,49,63,5000,937,999,0.00183358413516417,0.050798172266396,0.00376202641383872,0.0522142731182129,0.00192844227867455,0.0374374199480214,0.19627688112203,0.196583040059223,0.00981384405610149,0.0114556833789584,0,0,6,1936,0.1874,0.1998,0.1936,0.1936,0.8064,0.0522945570971185,0.0630630630630631,0.0098,0.0126,0.05,0.0582740167997565,0.0397804864089229,0.0684645934245574,0.0495995737419186,0.0798739912754103,0.00742108315782349,0.0129315718291105,0.00986111299635937,0.0160872428596823,0.176824984955559,0.19845498230049,0.18894925164602,0.211111676601792,0,V2,moderate,0.05,0,A5,1.5,2,60,10,1,1,R1,1,0,1,0.2,rational,Gaussian,matched,42,420007,2,60,37.5,3.75,3,2.996,4,0.142222222222222,0.142602241350728,1,0.415584415584416,0.416232657406184,0.472291245199884,42,0.0126,0,S0,E6_ablation,A4,-0.0184,-0.2788
0.1,0.0679645351827618,88,103,5000,937,999,0.00183358413516417,0.050798172266396,0.00376202641383872,0.0522142731182129,0.00192844227867455,0.0374374199480214,0.19627688112203,0.196583040059223,0.019627688112203,0.0223877205804921,0,0,6,1936,0.1874,0.1998,0.1936,0.1936,0.8064,0.0939167556029883,0.103103103103103,0.0176,0.0206,0.1,0.113884293241917,0.0768612175808706,0.114288372113144,0.0857412962252195,0.123505596167383,0.0143082495554921,0.021632429281099,0.0170152741392375,0.0249207984856833,0.176824984955559,0.19845498230049,0.18894925164602,0.211111676601792,0,V2,moderate,0.1,0,A5,1.5,2,60,10,1,1,R1,1,0,1,0.2,rational,Gaussian,matched,42,420007,2,60,37.5,3.75,3,2.996,4,0.142222222222222,0.142602241350728,1,0.415584415584416,0.416232657406184,0.472291245199884,42,0.0206,0,S0,E6_ablation,A4,-0.0334,-0.2788
0.01,0.123373226784989,10,10,5000,937,817,0.00183358413516417,0.050798172266396,0.00317954833790032,0.0522884293185802,0.00134596420273615,0.026110543174572,0.19627688112203,0.163242932584184,0.0019627688112203,0.00199078063355371,0,0,6,1754,0.1874,0.1634,0.1754,0.1754,0.8246,0.0106723585912487,0.0122399020807834,0.002,0.002,0.01,0.0121952025857356,0.00580720006005365,0.0195333699128921,0.00666184564183033,0.0223832989040449,0.00108674686094388,0.00367788427633301,0.00108674686094388,0.00367788427633301,0.176824984955559,0.19845498230049,0.153410873716631,0.173905943232782,1,V2,moderate,0.01,0,A5,1.5,2,60,10,1,1,R1,1,0.1,1,0.2,rational,Gaussian,matched,42,420007,2,60,37.5,3.75,3,2.996,4,0.142222222222222,0.105642338702672,0.740818220681718,0.415584415584416,0.345640395080998,0.472291245199884,42,0.002,0,S1,E6_ablation,A4,-0.0034,-0.3152
0.05,0.0872315365257506,49,51,5000,937,817,0.00183358413516417,0.050798172266396,0.00317954833790032,0.0522884293185802,0.00134596420273615,0.026110543174572,0.19627688112203,0.163242932584184,0.00981384405610149,0.00951282139585227,0,0,6,1754,0.1874,0.1634,0.1754,0.1754,0.8246,0.0522945570971185,0.0624235006119951,0.0098,0.0102,0.05,0.0582740167997565,0.0397804864089229,0.0684645934245574,0.0477951849705579,0.081147447840359,0.00742108315782349,0.0129315718291105,0.00776673589879977,0.0133853049265782,0.176824984955559,0.19845498230049,0.153410873716631,0.173905943232782,0,V2,moderate,0.05,0,A5,1.5,2,60,10,1,1,R1,1,0.1,1,0.2,rational,Gaussian,matched,42,420007,2,60,37.5,3.75,3,2.996,4,0.142222222222222,0.105642338702672,0.740818220681718,0.415584415584416,0.345640395080998,0.472291245199884,42,0.0102,0,S1,E6_ablation,A4,-0.0208,-0.3152
0.1,0.0679645351827618,88,82,5000,937,817,0.00183358413516417,0.050798172266396,0.00317954833790032,0.0522884293185802,0.00134596420273615,0.026110543174572,0.19627688112203,0.163242932584184,0.019627688112203,0.0185908060040878,0,0,6,1754,0.1874,0.1634,0.1754,0.1754,0.8246,0.0939167556029883,0.100367197062424,0.0176,0.0164,0.1,0.113884293241917,0.0768612175808706,0.114288372113144,0.0815961403817983,0.122878739653906,0.0143082495554921,0.021632429281099,0.0132326641504401,0.0203098571708191,0.176824984955559,0.19845498230049,0.153410873716631,0.173905943232782,0,V2,moderate,0.1,0,A5,1.5,2,60,10,1,1,R1,1,0.1,1,0.2,rational,Gaussian,matched,42,420007,2,60,37.5,3.75,3,2.996,4,0.142222222222222,0.105642338702672,0.740818220681718,0.415584415584416,0.345640395080998,0.472291245199884,42,0.0164,0,S1,E6_ablation,A4,-0.0376,-0.3152
0.01,0.123373226784989,10,3,5000,937,322,0.00183358413516417,0.050798172266396,0.00636113928911479,0.0513365570120101,0.00452755515395063,0.0886572527112648,0.19627688112203,0.064825482263951,0.0019627688112203,0.000790559888926895,0,0,6,1259,0.1874,0.0644,0.1259,0.1259,0.8741,0.0106723585912487,0.0093167701863354,0.002,0.0006,0.01,0.0121952025857356,0.00580720006005365,0.0195333699128921,0.00317350304124089,0.0270297094545322,0.00108674686094388,0.00367788427633301,0.000204074654194346,0.00176270604852871,0.176824984955559,0.19845498230049,0.0579250130777428,0.071543808856791,1,V2,moderate,0.01,0,A5,1.5,2,60,10,1,1,R1,1,0.5,1,0.2,rational,Gaussian,matched,42,420007,2,60,37.5,3.75,3,2.996,4,0.142222222222222,0.0318188609501131,0.22313016014843,0.415584415584416,0.13725742944169,0.472291245199884,42,0.0006,0,S2,E6_ablation,A4,-0.0048,-0.4142
0.05,0.0872315365257506,49,19,5000,937,322,0.00183358413516417,0.050798172266396,0.00636113928911479,0.0513365570120101,0.00452755515395063,0.0886572527112648,0.19627688112203,0.064825482263951,0.00981384405610149,0.0037776412425018,0,0,6,1259,0.1874,0.0644,0.1259,0.1259,0.8741,0.0522945570971185,0.0590062111801242,0.0098,0.0038,0.05,0.0582740167997565,0.0397804864089229,0.0684645934245574,0.0380972463436784,0.0903132357727759,0.00742108315782349,0.0129315718291105,0.00243413885088568,0.00592772855938902,0.176824984955559,0.19845498230049,0.0579250130777428,0.071543808856791,0,V2,moderate,0.05,0,A5,1.5,2,60,10,1,1,R1,1,0.5,1,0.2,rational,Gaussian,matched,42,420007,2,60,37.5,3.75,3,2.996,4,0.142222222222222,0.0318188609501131,0.22313016014843,0.415584415584416,0.13725742944169,0.472291245199884,42,0.0038,0,S2,E6_ablation,A4,-0.0272,-0.4142
0.1,0.0679645351827618,88,42,5000,937,322,0.00183358413516417,0.050798172266396,0.00636113928911479,0.0513365570120101,0.00452755515395063,0.0886572527112648,0.19627688112203,0.064825482263951,0.019627688112203,0.0073826042316965,0,0,6,1259,0.1874,0.0644,0.1259,0.1259,0.8741,0.0939167556029883,0.130434782608696,0.0176,0.0084,0.1,0.113884293241917,0.0768612175808706,0.114288372113144,0.0979657855906798,0.171617646605504,0.0143082495554921,0.021632429281099,0.00622065438730661,0.0113341501650736,0.176824984955559,0.19845498230049,0.0579250130777428,0.071543808856791,0,V2,moderate,0.1,0,A5,1.5,2,60,10,1,1,R1,1,0.5,1,0.2,rational,Gaussian,matched,42,420007,2,60,37.5,3.75,3,2.996,4,0.142222222222222,0.0318188609501131,0.22313016014843,0.415584415584416,0.13725742944169,0.472291245199884,42,0.0084,0,S2,E6_ablation,A4,-0.0456,-0.4142
0.01,0.123373226784989,10,0,5000,937,15,0.00183358413516417,0.050798172266396,0.0121113400241674,0.0455551436743515,0.0102777558890032,0.213019625398369,0.19627688112203,0.00371154438175987,0.0019627688112203,4.52630356415105e-05,0,0,6,952,0.1874,0.003,0.0952,0.0952,0.9048,0.0106723585912487,0,0.002,0,0.01,0.0121952025857356,0.00580720006005365,0.0195333699128921,0,0.203883301035849,0.00108674686094388,0.00367788427633301,0,0.000767701945057125,0.176824984955559,0.19845498230049,0.00181892977763767,0.00494416595574911,0,V2,moderate,0.01,0,A5,1.5,2,60,10,1,1,R1,1,1.5,1,0.2,rational,Gaussian,matched,42,420007,2,60,37.5,3.75,3,2.996,4,0.142222222222222,0.00158416780551084,0.0111089965382423,0.415584415584416,0.00785859238231074,0.472291245199884,42,0,0,S3,E6_ablation,A4,-0.0054,-0.4756
0.05,0.0872315365257506,49,1,5000,937,15,0.00183358413516417,0.050798172266396,0.0121113400241674,0.0455551436743515,0.0102777558890032,0.213019625398369,0.19627688112203,0.00371154438175987,0.00981384405610149,0.000216286599655716,0,0,6,952,0.1874,0.003,0.0952,0.0952,0.9048,0.0522945570971185,0.0666666666666667,0.0098,0.0002,0.05,0.0582740167997565,0.0397804864089229,0.0684645934245574,0.0118668954932686,0.2981652987378,0.00742108315782349,0.0129315718291105,3.53057834393653e-05,0.00113208908083974,0.176824984955559,0.19845498230049,0.00181892977763767,0.00494416595574911,0,V2,moderate,0.05,0,A5,1.5,2,60,10,1,1,R1,1,1.5,1,0.2,rational,Gaussian,matched,42,420007,2,60,37.5,3.75,3,2.996,4,0.142222222222222,0.00158416780551084,0.0111089965382423,0.415584415584416,0.00785859238231074,0.472291245199884,42,0.0002,0,S3,E6_ablation,A4,-0.0308,-0.4756
0.1,0.0679645351827618,88,2,5000,937,15,0.00183358413516417,0.050798172266396,0.0121113400241674,0.0455551436743515,0.0102777558890032,0.213019625398369,0.19627688112203,0.00371154438175987,0.019627688112203,0.000422686608752731,0,0,6,952,0.1874,0.003,0.0952,0.0952,0.9048,0.0939167556029883,0.133333333333333,0.0176,0.0004,0.1,0.113884293241917,0.0768612175808706,0.114288372113144,0.0373612591030653,0.378819828323224,0.0143082495554921,0.021632429281099,0.000109701282077635,0.00145738650142344,0.176824984955559,0.19845498230049,0.00181892977763767,0.00494416595574911,0,V2,moderate,0.1,0,A5,1.5,2,60,10,1,1,R1,1,1.5,1,0.2,rational,Gaussian,matched,42,420007,2,60,37.5,3.75,3,2.996,4,0.142222222222222,0.00158416780551084,0.0111089965382423,0.415584415584416,0.00785859238231074,0.472291245199884,42,0.0004,0,S3,E6_ablation,A4,-0.0536,-0.4756
0.01,0,0,5000,5000,5000,5000,0,0,0.00584760880032587,0,0.00584760880032587,Inf,1,1,0,1,0,0,1,10000,1,1,1,1,0,0,1,0,1,0,1,0,0.000767701945057125,0.999232298054943,1,0,0.000767701945057125,0.999232298054943,1,0.999232298054943,1,0.999232298054943,1,1,V0,all,0.01,0,A0,1.5,2,70,0,0,0,R0,0,0.5,1,0.2,rational,Gaussian,matched,42,420008,2,70,0,1,4.38570660024463,4.3798589914443,5.84760880032587,0.045521074116997,0.00104762714712781,0.0229527830230526,1,1,1,42,1,0,S2,E6_ablation,,NaN,NaN
0.05,0,0,5000,5000,5000,5000,0,0,0.00584760880032587,0,0.00584760880032587,Inf,1,1,0,1,0,0,1,10000,1,1,1,1,0,0,1,0,1,0,1,0,0.000767701945057125,0.999232298054943,1,0,0.000767701945057125,0.999232298054943,1,0.999232298054943,1,0.999232298054943,1,1,V0,all,0.05,0,A0,1.5,2,70,0,0,0,R0,0,0.5,1,0.2,rational,Gaussian,matched,42,420008,2,70,0,1,4.38570660024463,4.3798589914443,5.84760880032587,0.045521074116997,0.00104762714712781,0.0229527830230526,1,1,1,42,1,0,S2,E6_ablation,,NaN,NaN
0.1,0,0,5000,5000,5000,5000,0,0,0.00584760880032587,0,0.00584760880032587,Inf,1,1,0,1,0,0,1,10000,1,1,1,1,0,0,1,0,1,0,1,0,0.000767701945057125,0.999232298054943,1,0,0.000767701945057125,0.999232298054943,1,0.999232298054943,1,0.999232298054943,1,1,V0,all,0.1,0,A0,1.5,2,70,0,0,0,R0,0,0.5,1,0.2,rational,Gaussian,matched,42,420008,2,70,0,1,4.38570660024463,4.3798589914443,5.84760880032587,0.045521074116997,0.00104762714712781,0.0229527830230526,1,1,1,42,1,0,S2,E6_ablation,,NaN,NaN
0.01,0.0232634787404084,49,213,5000,5000,5000,8.91661921831837e-06,0.00991619655342377,0.00603005103300078,0.0101280159237162,0.00602113441378246,0.600751787652842,1,1,0.01,0.0407903693955642,0,0,1,10000,1,1,1,1,0,0.0098,0.0426,0.0098,0.0426,0.01,0.0407903693955642,0.00742108315782349,0.0129315718291105,0.0373445246956949,0.0485577690436434,0.00742108315782349,0.0129315718291105,0.0373445246956949,0.0485577690436434,0.999232298054943,1,0.999232298054943,1,1,V0,all,0.01,0,A1,1.5,2,70,10,0,0,R0,0,0.5,1,0.2,rational,Gaussian,matched,42,420008,2,70,10,1,4.38570660024463,4.3798589914443,5.84760880032587,0.045521074116997,0.00104762714712781,0.0229527830230526,1,1,1,42,0.0426,0,S2,E6_ablation,A0,-0.9574,0
0.05,0.0164485362695147,250,764,5000,5000,5000,8.91661921831837e-06,0.00991619655342377,0.00603005103300078,0.0101280159237162,0.00602113441378246,0.600751787652842,1,1,0.05,0.144551203593402,0,0,1,10000,1,1,1,1,0,0.05,0.1528,0.05,0.1528,0.05,0.144551203593402,0.0442968967005706,0.0563940350499809,0.143093997702032,0.163039094528615,0.0442968967005706,0.0563940350499809,0.143093997702032,0.163039094528615,0.999232298054943,1,0.999232298054943,1,1,V0,all,0.05,0,A1,1.5,2,70,10,0,0,R0,0,0.5,1,0.2,rational,Gaussian,matched,42,420008,2,70,10,1,4.38570660024463,4.3798589914443,5.84760880032587,0.045521074116997,0.00104762714712781,0.0229527830230526,1,1,1,42,0.1528,0,S2,E6_ablation,A0,-0.8472,0
0.1,0.012815515655446,493,1266,5000,5000,5000,8.91661921831837e-06,0.00991619655342377,0.00603005103300078,0.0101280159237162,0.00602113441378246,0.600751787652842,1,1,0.1,0.242966898058188,0,0,1,10000,1,1,1,1,0,0.0986,0.2532,0.0986,0.2532,0.1,0.242966898058188,0.0906421526554426,0.107174158466049,0.241339552865904,0.265439384814176,0.0906421526554426,0.107174158466049,0.241339552865904,0.265439384814176,0.999232298054943,1,0.999232298054943,1,1,V0,all,0.1,0,A1,1.5,2,70,10,0,0,R0,0,0.5,1,0.2,rational,Gaussian,matched,42,420008,2,70,10,1,4.38570660024463,4.3798589914443,5.84760880032587,0.045521074116997,0.00104762714712781,0.0229527830230526,1,1,1,42,0.2532,0,S2,E6_ablation,A0,-0.7468,0
0.01,0.186441490083727,49,61,5000,5000,5000,7.14608417821978e-05,0.0794717970606912,0.00730976336859465,0.0811693900761901,0.00723830252681245,0.0901126108861011,1,1,0.01,0.0121174870699559,0,0,1,10000,1,1,1,1,0,0.0098,0.0122,0.0098,0.0122,0.01,0.0121174870699559,0.00742108315782349,0.0129315718291105,0.00950985811568289,0.0156391119019148,0.00742108315782349,0.0129315718291105,0.00950985811568289,0.0156391119019148,0.999232298054943,1,0.999232298054943,1,1,V0,all,0.01,0,A2,1.5,2,70,10,1,1,R0,0,0.5,1,0.2,rational,Gaussian,matched,42,420008,2,70,80.1434265976222,8.01434265976222,4.38570660024463,4.3798589914443,5.84760880032587,0.045521074116997,0.00104762714712781,0.0229527830230526,1,1,1,42,0.0122,0,S2,E6_ablation,A1,-0.0304,0
0.05,0.131824205915418,250,315,5000,5000,5000,7.14608417821978e-05,0.0794717970606912,0.00730976336859465,0.0811693900761901,0.00723830252681245,0.0901126108861011,1,1,0.05,0.0579881097877397,0,0,1,10000,1,1,1,1,0,0.05,0.063,0.05,0.063,0.05,0.0579881097877397,0.0442968967005706,0.0563940350499809,0.056595251020612,0.070075720479368,0.0442968967005706,0.0563940350499809,0.056595251020612,0.070075720479368,0.999232298054943,1,0.999232298054943,1,1,V0,all,0.05,0,A2,1.5,2,70,10,1,1,R0,0,0.5,1,0.2,rational,Gaussian,matched,42,420008,2,70,80.1434265976222,8.01434265976222,4.38570660024463,4.3798589914443,5.84760880032587,0.045521074116997,0.00104762714712781,0.0229527830230526,1,1,1,42,0.063,0,S2,E6_ablation,A1,-0.0898,0
0.1,0.102707933824291,493,608,5000,5000,5000,7.14608417821978e-05,0.0794717970606912,0.00730976336859465,0.0811693900761901,0.00723830252681245,0.0901126108861011,1,1,0.1,0.113410725072478,0,0,1,10000,1,1,1,1,0,0.0986,0.1216,0.0986,0.1216,0.1,0.113410725072478,0.0906421526554426,0.107174158466049,0.112830405978515,0.130950590853504,0.0906421526554426,0.107174158466049,0.112830405978515,0.130950590853504,0.999232298054943,1,0.999232298054943,1,1,V0,all,0.1,0,A2,1.5,2,70,10,1,1,R0,0,0.5,1,0.2,rational,Gaussian,matched,42,420008,2,70,80.1434265976222,8.01434265976222,4.38570660024463,4.3798589914443,5.84760880032587,0.045521074116997,0.00104762714712781,0.0229527830230526,1,1,1,42,0.1216,0,S2,E6_ablation,A1,-0.1316,0
0.01,0.263668083865455,50,49,5000,5000,5000,-0.00112893592686968,0.113375295389867,0.0049630080508877,0.113438641235975,0.00609194397775738,0.0537175433819994,1,1,0.01,0.0114603358120855,0,0,1,10000,1,1,1,1,0,0.01,0.0098,0.01,0.0098,0.01,0.0114603358120855,0.00759377281394657,0.0131585750922094,0.00742108315782349,0.0129315718291105,0.00759377281394657,0.0131585750922094,0.00742108315782349,0.0129315718291105,0.999232298054943,1,0.999232298054943,1,1,V0,all,0.01,0,A3,1.5,2,70,10,1,1,R1,0,0.5,1,0.2,rational,Gaussian,matched,42,420008,2,70,80.1434265976222,8.01434265976222,4.38570660024463,4.3798589914443,5.84760880032587,0.045521074116997,0.00104762714712781,0.0229527830230526,1,1,1,42,0.0098,0,S2,E6_ablation,A2,-0.0024,0
0.05,0.186427579854648,229,263,5000,5000,5000,-0.00112893592686968,0.113375295389867,0.0049630080508877,0.113438641235975,0.00609194397775738,0.0537175433819994,1,1,0.05,0.0555509293433885,0,0,1,10000,1,1,1,1,0,0.0458,0.0526,0.0458,0.0526,0.05,0.0555509293433885,0.0403459347014957,0.0519514457453942,0.0467487102249782,0.0591382294754589,0.0403459347014957,0.0519514457453942,0.0467487102249782,0.0591382294754589,0.999232298054943,1,0.999232298054943,1,1,V0,all,0.05,0,A3,1.5,2,70,10,1,1,R1,0,0.5,1,0.2,rational,Gaussian,matched,42,420008,2,70,80.1434265976222,8.01434265976222,4.38570660024463,4.3798589914443,5.84760880032587,0.045521074116997,0.00104762714712781,0.0229527830230526,1,1,1,42,0.0526,0,S2,E6_ablation,A2,-0.0104,0
0.1,0.145250952977631,481,514,5000,5000,5000,-0.00112893592686968,0.113375295389867,0.0049630080508877,0.113438641235975,0.00609194397775738,0.0537175433819994,1,1,0.1,0.109356413486811,0,0,1,10000,1,1,1,1,0,0.0962,0.1028,0.0962,0.1028,0.1,0.109356413486811,0.088334157152011,0.104685838938817,0.0946847298092121,0.111525132615941,0.088334157152011,0.104685838938817,0.0946847298092121,0.111525132615941,0.999232298054943,1,0.999232298054943,1,1,V0,all,0.1,0,A3,1.5,2,70,10,1,1,R1,0,0.5,1,0.2,rational,Gaussian,matched,42,420008,2,70,80.1434265976222,8.01434265976222,4.38570660024463,4.3798589914443,5.84760880032587,0.045521074116997,0.00104762714712781,0.0229527830230526,1,1,1,42,0.1028,0,S2,E6_ablation,A2,-0.0188,0
0.01,0.263668083865455,6,5,5000,640,677,-0.00121677396326049,0.115390264138706,0.00205269767737192,0.110304364381466,0.00326947164063242,0.0289651717311439,0.133232907696458,0.133232907696458,0.00133232907696458,0.001526893863422,0,0,6,1317,0.128,0.1354,0.1317,0.1317,0.8683,0.009375,0.00738552437223043,0.0012,0.001,0.01,0.0114603358120855,0.00430352893754306,0.0203010668114018,0.00315866055827537,0.0171712688861937,0.000550083167759156,0.00261577629262983,0.0004272134911088,0.00233895305005821,0.119024409217539,0.137546761029584,0.126195665251366,0.14516414300697,1,V2,moderate,0.01,0,A4,1.5,2,70,10,1,1,R1,0,0.5,1,0.2,rational,Gaussian,matched,42,420008,2,70,80.1434265976222,8.01434265976222,4.38570660024463,4.3798589914443,5.84760880032587,0.045521074116997,0.00104762714712781,0.0229527830230526,1,1,0.133232907696458,42,0.001,0,S2,E6_ablation,A3,-0.0088,-0.8646
0.05,0.186427579854648,33,29,5000,640,677,-0.00121677396326049,0.115390264138706,0.00205269767737192,0.110304364381466,0.00326947164063242,0.0289651717311439,0.133232907696458,0.133232907696458,0.00666164538482288,0.00740121184166012,0,0,6,1317,0.128,0.1354,0.1317,0.1317,0.8683,0.0515625,0.0428360413589365,0.0066,0.0058,0.05,0.0555509293433885,0.0369481561096165,0.0715280189857567,0.029988511136397,0.060842412890779,0.00470351071323626,0.00925405756614611,0.00404145797025366,0.0083173386322408,0.119024409217539,0.137546761029584,0.126195665251366,0.14516414300697,0,V2,moderate,0.05,0,A4,1.5,2,70,10,1,1,R1,0,0.5,1,0.2,rational,Gaussian,matched,42,420008,2,70,80.1434265976222,8.01434265976222,4.38570660024463,4.3798589914443,5.84760880032587,0.045521074116997,0.00104762714712781,0.0229527830230526,1,1,0.133232907696458,42,0.0058,0,S2,E6_ablation,A3,-0.0468,-0.8646
0.1,0.145250952977631,68,63,5000,640,677,-0.00121677396326049,0.115390264138706,0.00205269767737192,0.110304364381466,0.00326947164063242,0.0289651717311439,0.133232907696458,0.133232907696458,0.0133232907696458,0.0145698729441039,0,0,6,1317,0.128,0.1354,0.1317,0.1317,0.8683,0.10625,0.0930576070901034,0.0136,0.0126,0.1,0.109356413486811,0.0846806740592479,0.132517918707421,0.0734113891818682,0.117295943837476,0.0107425918316195,0.0172042286205321,0.00986111299635937,0.0160872428596823,0.119024409217539,0.137546761029584,0.126195665251366,0.14516414300697,0,V2,moderate,0.1,0,A4,1.5,2,70,10,1,1,R1,0,0.5,1,0.2,rational,Gaussian,matched,42,420008,2,70,80.1434265976222,8.01434265976222,4.38570660024463,4.3798589914443,5.84760880032587,0.045521074116997,0.00104762714712781,0.0229527830230526,1,1,0.133232907696458,42,0.0126,0,S2,E6_ablation,A3,-0.0902,-0.8646
0.01,0.263668083865455,2,1,5000,118,122,-0.0144024524909708,0.118166915600519,0.000232392065485042,0.110998597020657,0.0146348445564559,0.127660483894791,0.0247021771466485,0.0247559173555754,0.000247021771466485,0.000283711126231131,0,0,6,240,0.0236,0.0244,0.024,0.024,0.976,0.0169491525423729,0.00819672131147541,0.0004,0.0002,0.01,0.0114603358120855,0.00466044250420044,0.0596974443480398,0.0014483909512207,0.0449708009068248,0.000109701282077635,0.00145738650142344,3.53057834393653e-05,0.00113208908083974,0.0197438914987378,0.0281875749145126,0.0204746435065703,0.029055594583568,0,V2,moderate,0.01,0,A5,1.5,2,70,10,1,1,R1,1,0,1,0.2,rational,Gaussian,matched,42,420008,2,70,80.1434265976222,8.01434265976222,4.38570660024463,4.3798589914443,5.84760880032587,0.045521074116997,0.0456427068593653,1,0.185405974948224,0.185809330319327,0.133232907696458,42,0.0002,0,S0,E6_ablation,A4,-0.0008,-0.111
0.05,0.186427579854648,6,6,5000,118,122,-0.0144024524909708,0.118166915600519,0.000232392065485042,0.110998597020657,0.0146348445564559,0.127660483894791,0.0247021771466485,0.0247559173555754,0.00123510885733242,0.00137521421585034,0,0,6,240,0.0236,0.0244,0.024,0.024,0.976,0.0508474576271186,0.0491803278688525,0.0012,0.0012,0.05,0.0555509293433885,0.023509631366969,0.106507351144763,0.0227321701500976,0.103152089053111,0.000550083167759156,0.00261577629262983,0.000550083167759156,0.00261577629262983,0.0197438914987378,0.0281875749145126,0.0204746435065703,0.029055594583568,0,V2,moderate,0.05,0,A5,1.5,2,70,10,1,1,R1,1,0,1,0.2,rational,Gaussian,matched,42,420008,2,70,80.1434265976222,8.01434265976222,4.38570660024463,4.3798589914443,5.84760880032587,0.045521074116997,0.0456427068593653,1,0.185405974948224,0.185809330319327,0.133232907696458,42,0.0012,0,S0,E6_ablation,A4,-0.0046,-0.111
0.1,0.145250952977631,11,11,5000,118,122,-0.0144024524909708,0.118166915600519,0.000232392065485042,0.110998597020657,0.0146348445564559,0.127660483894791,0.0247021771466485,0.0247559173555754,0.00247021771466485,0.00270721833458162,0,0,6,240,0.0236,0.0244,0.024,0.024,0.976,0.0932203389830508,0.0901639344262295,0.0022,0.0022,0.1,0.109356413486811,0.0528516007722393,0.159239251313858,0.0510925438426064,0.154256782705765,0.00122891540713881,0.00393540864936006,0.00122891540713881,0.00393540864936006,0.0197438914987378,0.0281875749145126,0.0204746435065703,0.029055594583568,0,V2,moderate,0.1,0,A5,1.5,2,70,10,1,1,R1,1,0,1,0.2,rational,Gaussian,matched,42,420008,2,70,80.1434265976222,8.01434265976222,4.38570660024463,4.3798589914443,5.84760880032587,0.045521074116997,0.0456427068593653,1,0.185405974948224,0.185809330319327,0.133232907696458,42,0.0022,0,S0,E6_ablation,A4,-0.0104,-0.111
0.01,0.263668083865455,2,0,5000,118,59,-0.0144024524909708,0.118166915600519,-0.0178980833994615,0.108859172219785,0.00349563090849071,0.0307691223388984,0.0247021771466485,0.0129081354886094,0.000247021771466485,0.000147931567407362,0,0,6,177,0.0236,0.0118,0.0177,0.0177,0.9823,0.0169491525423729,0,0.0004,0,0.01,0.0114603358120855,0.00466044250420044,0.0596974443480398,0,0.0611293705267884,0.000109701282077635,0.00145738650142344,0,0.000767701945057125,0.0197438914987378,0.0281875749145126,0.00915942192270621,0.0151901622564476,0,V2,moderate,0.01,0,A5,1.5,2,70,10,1,1,R1,1,0.1,1,0.2,rational,Gaussian,matched,42,420008,2,70,80.1434265976222,8.01434265976222,4.38570660024463,4.3798589914443,5.84760880032587,0.045521074116997,0.0214554912538076,0.47007490857009,0.185405974948224,0.0968839884363838,0.133232907696458,42,0,0,S1,E6_ablation,A4,-0.001,-0.1236
0.05,0.186427579854648,6,3,5000,118,59,-0.0144024524909708,0.118166915600519,-0.0178980833994615,0.108859172219785,0.00349563090849071,0.0307691223388984,0.0247021771466485,0.0129081354886094,0.00123510885733242,0.000717058922482626,0,0,6,177,0.0236,0.0118,0.0177,0.0177,0.9823,0.0508474576271186,0.0508474576271186,0.0012,0.0006,0.05,0.0555509293433885,0.023509631366969,0.106507351144763,0.0174427174729901,0.139165022152769,0.000550083167759156,0.00261577629262983,0.000204074654194346,0.00176270604852871,0.0197438914987378,0.0281875749145126,0.00915942192270621,0.0151901622564476,0,V2,moderate,0.05,0,A5,1.5,2,70,10,1,1,R1,1,0.1,1,0.2,rational,Gaussian,matched,42,420008,2,70,80.1434265976222,8.01434265976222,4.38570660024463,4.3798589914443,5.84760880032587,0.045521074116997,0.0214554912538076,0.47007490857009,0.185405974948224,0.0968839884363838,0.133232907696458,42,0.0006,0,S1,E6_ablation,A4,-0.0052,-0.1236
0.1,0.145250952977631,11,3,5000,118,59,-0.0144024524909708,0.118166915600519,-0.0178980833994615,0.108859172219785,0.00349563090849071,0.0307691223388984,0.0247021771466485,0.0129081354886094,0.00247021771466485,0.00141158740183615,0,0,6,177,0.0236,0.0118,0.0177,0.0177,0.9823,0.0932203389830508,0.0508474576271186,0.0022,0.0006,0.1,0.109356413486811,0.0528516007722393,0.159239251313858,0.0174427174729901,0.139165022152769,0.00122891540713881,0.00393540864936006,0.000204074654194346,0.00176270604852871,0.0197438914987378,0.0281875749145126,0.00915942192270621,0.0151901622564476,0,V2,moderate,0.1,0,A5,1.5,2,70,10,1,1,R1,1,0.1,1,0.2,rational,Gaussian,matched,42,420008,2,70,80.1434265976222,8.01434265976222,4.38570660024463,4.3798589914443,5.84760880032587,0.045521074116997,0.0214554912538076,0.47007490857009,0.185405974948224,0.0968839884363838,0.133232907696458,42,0.0006,0,S1,E6_ablation,A4,-0.012,-0.1236
0.01,0.263668083865455,2,0,5000,118,1,-0.0144024524909708,0.118166915600519,0.131694340957701,NaN,0.146096793448672,NaN,0.0247021771466485,0.000694255450682031,0.000247021771466485,7.95640060418686e-06,0,0,6,119,0.0236,0.0002,0.0119,0.0119,0.9881,0.0169491525423729,0,0.0004,0,0.01,0.0114603358120855,0.00466044250420044,0.0596974443480398,5.55111512312578e-17,0.793450685622763,0.000109701282077635,0.00145738650142344,0,0.000767701945057125,0.0197438914987378,0.0281875749145126,3.53057834393653e-05,0.00113208908083974,0,V2,moderate,0.01,0,A5,1.5,2,70,10,1,1,R1,1,0.5,1,0.2,rational,Gaussian,matched,42,420008,2,70,80.1434265976222,8.01434265976222,4.38570660024463,4.3798589914443,5.84760880032587,0.045521074116997,0.00104762714712781,0.0229527830230526,0.185405974948224,0.0052108406450435,0.133232907696458,42,0,0,S2,E6_ablation,A4,-0.001,-0.1352
0.05,0.186427579854648,6,0,5000,118,1,-0.0144024524909708,0.118166915600519,0.131694340957701,NaN,0.146096793448672,NaN,0.0247021771466485,0.000694255450682031,0.00123510885733242,3.85665354870999e-05,0,0,6,119,0.0236,0.0002,0.0119,0.0119,0.9881,0.0508474576271186,0,0.0012,0,0.05,0.0555509293433885,0.023509631366969,0.106507351144763,5.55111512312578e-17,0.793450685622763,0.000550083167759156,0.00261577629262983,0,0.000767701945057125,0.0197438914987378,0.0281875749145126,3.53057834393653e-05,0.00113208908083974,0,V2,moderate,0.05,0,A5,1.5,2,70,10,1,1,R1,1,0.5,1,0.2,rational,Gaussian,matched,42,420008,2,70,80.1434265976222,8.01434265976222,4.38570660024463,4.3798589914443,5.84760880032587,0.045521074116997,0.00104762714712781,0.0229527830230526,0.185405974948224,0.0052108406450435,0.133232907696458,42,0,0,S2,E6_ablation,A4,-0.0058,-0.1352
0.1,0.145250952977631,11,0,5000,118,1,-0.0144024524909708,0.118166915600519,0.131694340957701,NaN,0.146096793448672,NaN,0.0247021771466485,0.000694255450682031,0.00247021771466485,7.59212861302563e-05,0,0,6,119,0.0236,0.0002,0.0119,0.0119,0.9881,0.0932203389830508,0,0.0022,0,0.1,0.109356413486811,0.0528516007722393,0.159239251313858,5.55111512312578e-17,0.793450685622763,0.00122891540713881,0.00393540864936006,0,0.000767701945057125,0.0197438914987378,0.0281875749145126,3.53057834393653e-05,0.00113208908083974,0,V2,moderate,0.1,0,A5,1.5,2,70,10,1,1,R1,1,0.5,1,0.2,rational,Gaussian,matched,42,420008,2,70,80.1434265976222,8.01434265976222,4.38570660024463,4.3798589914443,5.84760880032587,0.045521074116997,0.00104762714712781,0.0229527830230526,0.185405974948224,0.0052108406450435,0.133232907696458,42,0,0,S2,E6_ablation,A4,-0.0126,-0.1352
0.01,0.263668083865455,2,0,5000,118,0,-0.0144024524909708,0.118166915600519,NaN,NaN,NaN,NaN,0.0247021771466485,3.67669630123062e-07,0.000247021771466485,4.21361742911557e-09,0,0,6,118,0.0236,0,0.0118,0.0118,0.9882,0.0169491525423729,NaN,0.0004,0,0.01,0.0114603358120855,0.00466044250420044,0.0596974443480398,NaN,NaN,0.000109701282077635,0.00145738650142344,0,0.000767701945057125,0.0197438914987378,0.0281875749145126,0,0.000767701945057125,0,V2,moderate,0.01,0,A5,1.5,2,70,10,1,1,R1,1,1.5,1,0.2,rational,Gaussian,matched,42,420008,2,70,80.1434265976222,8.01434265976222,4.38570660024463,4.3798589914443,5.84760880032587,0.045521074116997,5.51921670260177e-07,1.20922203838778e-05,0.185405974948224,2.75960073588365e-06,0.133232907696458,42,0,0,S3,E6_ablation,A4,-0.001,-0.1354
0.05,0.186427579854648,6,0,5000,118,0,-0.0144024524909708,0.118166915600519,NaN,NaN,NaN,NaN,0.0247021771466485,3.67669630123062e-07,0.00123510885733242,2.0424389644676e-08,0,0,6,118,0.0236,0,0.0118,0.0118,0.9882,0.0508474576271186,NaN,0.0012,0,0.05,0.0555509293433885,0.023509631366969,0.106507351144763,NaN,NaN,0.000550083167759156,0.00261577629262983,0,0.000767701945057125,0.0197438914987378,0.0281875749145126,0,0.000767701945057125,0,V2,moderate,0.05,0,A5,1.5,2,70,10,1,1,R1,1,1.5,1,0.2,rational,Gaussian,matched,42,420008,2,70,80.1434265976222,8.01434265976222,4.38570660024463,4.3798589914443,5.84760880032587,0.045521074116997,5.51921670260177e-07,1.20922203838778e-05,0.185405974948224,2.75960073588365e-06,0.133232907696458,42,0,0,S3,E6_ablation,A4,-0.0058,-0.1354
0.1,0.145250952977631,11,0,5000,118,0,-0.0144024524909708,0.118166915600519,NaN,NaN,NaN,NaN,0.0247021771466485,3.67669630123062e-07,0.00247021771466485,4.02070320982804e-08,0,0,6,118,0.0236,0,0.0118,0.0118,0.9882,0.0932203389830508,NaN,0.0022,0,0.1,0.109356413486811,0.0528516007722393,0.159239251313858,NaN,NaN,0.00122891540713881,0.00393540864936006,0,0.000767701945057125,0.0197438914987378,0.0281875749145126,0,0.000767701945057125,0,V2,moderate,0.1,0,A5,1.5,2,70,10,1,1,R1,1,1.5,1,0.2,rational,Gaussian,matched,42,420008,2,70,80.1434265976222,8.01434265976222,4.38570660024463,4.3798589914443,5.84760880032587,0.045521074116997,5.51921670260177e-07,1.20922203838778e-05,0.185405974948224,2.75960073588365e-06,0.133232907696458,42,0,0,S3,E6_ablation,A4,-0.0126,-0.1354
0.01,0,0,5000,5000,5000,5000,0,0,0.00499999999999989,0,0.00499999999999989,Inf,1,1,0,1,0,0,1,10000,1,1,1,1,0,0,1,0,1,0,1,0,0.000767701945057125,0.999232298054943,1,0,0.000767701945057125,0.999232298054943,1,0.999232298054943,1,0.999232298054943,1,1,V0,all,0.01,0,A0,1.5,5,0,0,0,0,R0,0,0.5,1,0.2,rational,Gaussian,matched,42,420009,5,0,0,1,1.5,1.495,4.99999999999989,1.13777777777778,1.14540105815371,1,1,1,1,42,1,0,S2,E6_ablation,,NaN,NaN
0.05,0,0,5000,5000,5000,5000,0,0,0.00499999999999989,0,0.00499999999999989,Inf,1,1,0,1,0,0,1,10000,1,1,1,1,0,0,1,0,1,0,1,0,0.000767701945057125,0.999232298054943,1,0,0.000767701945057125,0.999232298054943,1,0.999232298054943,1,0.999232298054943,1,1,V0,all,0.05,0,A0,1.5,5,0,0,0,0,R0,0,0.5,1,0.2,rational,Gaussian,matched,42,420009,5,0,0,1,1.5,1.495,4.99999999999989,1.13777777777778,1.14540105815371,1,1,1,1,42,1,0,S2,E6_ablation,,NaN,NaN
0.1,0,0,5000,5000,5000,5000,0,0,0.00499999999999989,0,0.00499999999999989,Inf,1,1,0,1,0,0,1,10000,1,1,1,1,0,0,1,0,1,0,1,0,0.000767701945057125,0.999232298054943,1,0,0.000767701945057125,0.999232298054943,1,0.999232298054943,1,0.999232298054943,1,1,V0,all,0.1,0,A0,1.5,5,0,0,0,0,R0,0,0.5,1,0.2,rational,Gaussian,matched,42,420009,5,0,0,1,1.5,1.495,4.99999999999989,1.13777777777778,1.14540105815371,1,1,1,1,42,1,0,S2,E6_ablation,,NaN,NaN
0.01,0.0232634787404084,47,149,5000,5000,5000,8.75933957902847e-05,0.0100356365923947,0.00493565629380814,0.00992357149000438,0.00484806289801786,0.485789462425683,1,1,0.01,0.033898939122842,0,0,1,10000,1,1,1,1,0,0.0094,0.0298,0.0094,0.0298,0.01,0.033898939122842,0.00707655721568871,0.0124767119328013,0.025435926390005,0.0348860205191267,0.00707655721568871,0.0124767119328013,0.025435926390005,0.0348860205191267,0.999232298054943,1,0.999232298054943,1,1,V0,all,0.01,0,A1,1.5,5,0,10,0,0,R0,0,0.5,1,0.2,rational,Gaussian,matched,42,420009,5,0,10,1,1.5,1.495,4.99999999999989,1.13777777777778,1.14540105815371,1,1,1,1,42,0.0298,0,S2,E6_ablation,A0,-0.9702,0
0.05,0.0164485362695147,259,619,5000,5000,5000,8.75933957902847e-05,0.0100356365923947,0.00493565629380814,0.00992357149000438,0.00484806289801786,0.485789462425683,1,1,0.05,0.126134898193428,0,0,1,10000,1,1,1,1,0,0.0518,0.1238,0.0518,0.1238,0.05,0.126134898193428,0.045993846130679,0.0582943218928702,0.114958706848527,0.133218912094934,0.045993846130679,0.0582943218928702,0.114958706848527,0.133218912094934,0.999232298054943,1,0.999232298054943,1,1,V0,all,0.05,0,A1,1.5,5,0,10,0,0,R0,0,0.5,1,0.2,rational,Gaussian,matched,42,420009,5,0,10,1,1.5,1.495,4.99999999999989,1.13777777777778,1.14540105815371,1,1,1,1,42,0.1238,0,S2,E6_ablation,A0,-0.8762,0
0.1,0.012815515655446,544,1084,5000,5000,5000,8.75933957902847e-05,0.0100356365923947,0.00493565629380814,0.00992357149000438,0.00484806289801786,0.485789462425683,1,1,0.1,0.217239080427302,0,0,1,10000,1,1,1,1,0,0.1088,0.2168,0.1088,0.2168,0.1,0.217239080427302,0.10046733357175,0.117733316430063,0.205598072618202,0.228436753763478,0.10046733357175,0.117733316430063,0.205598072618202,0.228436753763478,0.999232298054943,1,0.999232298054943,1,1,V0,all,0.1,0,A1,1.5,5,0,10,0,0,R0,0,0.5,1,0.2,rational,Gaussian,matched,42,420009,5,0,10,1,1.5,1.495,4.99999999999989,1.13777777777778,1.14540105815371,1,1,1,1,42,0.2168,0,S2,E6_ablation,A0,-0.7832,0
0.01,0.0232634787404084,47,149,5000,5000,5000,8.75933957902847e-05,0.0100356365923947,0.00493565629380814,0.00992357149000438,0.00484806289801786,0.485789462425683,1,1,0.01,0.033898939122842,0,0,1,10000,1,1,1,1,0,0.0094,0.0298,0.0094,0.0298,0.01,0.033898939122842,0.00707655721568871,0.0124767119328013,0.025435926390005,0.0348860205191267,0.00707655721568871,0.0124767119328013,0.025435926390005,0.0348860205191267,0.999232298054943,1,0.999232298054943,1,1,V0,all,0.01,0,A2,1.5,5,0,10,1,1,R0,0,0.5,1,0.2,rational,Gaussian,matched,42,420009,5,0,10,1,1.5,1.495,4.99999999999989,1.13777777777778,1.14540105815371,1,1,1,1,42,0.0298,0,S2,E6_ablation,A1,0,0
0.05,0.0164485362695147,259,619,5000,5000,5000,8.75933957902847e-05,0.0100356365923947,0.00493565629380814,0.00992357149000438,0.00484806289801786,0.485789462425683,1,1,0.05,0.126134898193428,0,0,1,10000,1,1,1,1,0,0.0518,0.1238,0.0518,0.1238,0.05,0.126134898193428,0.045993846130679,0.0582943218928702,0.114958706848527,0.133218912094934,0.045993846130679,0.0582943218928702,0.114958706848527,0.133218912094934,0.999232298054943,1,0.999232298054943,1,1,V0,all,0.05,0,A2,1.5,5,0,10,1,1,R0,0,0.5,1,0.2,rational,Gaussian,matched,42,420009,5,0,10,1,1.5,1.495,4.99999999999989,1.13777777777778,1.14540105815371,1,1,1,1,42,0.1238,0,S2,E6_ablation,A1,0,0
0.1,0.012815515655446,544,1084,5000,5000,5000,8.75933957902847e-05,0.0100356365923947,0.00493565629380814,0.00992357149000438,0.00484806289801786,0.485789462425683,1,1,0.1,0.217239080427302,0,0,1,10000,1,1,1,1,0,0.1088,0.2168,0.1088,0.2168,0.1,0.217239080427302,0.10046733357175,0.117733316430063,0.205598072618202,0.228436753763478,0.10046733357175,0.117733316430063,0.205598072618202,0.228436753763478,0.999232298054943,1,0.999232298054943,1,1,V0,all,0.1,0,A2,1.5,5,0,10,1,1,R0,0,0.5,1,0.2,rational,Gaussian,matched,42,420009,5,0,10,1,1.5,1.495,4.99999999999989,1.13777777777778,1.14540105815371,1,1,1,1,42,0.2168,0,S2,E6_ablation,A1,0,0
0.01,0.0328995271426637,56,128,5000,5000,5000,7.44979925603773e-05,0.014503841811967,0.00477520936623714,0.0142358167616604,0.00470071137367676,0.32710945093642,1,1,0.01,0.0242594909712073,0,0,1,10000,1,1,1,1,0,0.0112,0.0256,0.0112,0.0256,0.01,0.0242594909712073,0.00863539287572245,0.0145151125457654,0.0215729919676294,0.0303554036378409,0.00863539287572245,0.0145151125457654,0.0215729919676294,0.0303554036378409,0.999232298054943,1,0.999232298054943,1,1,V0,all,0.01,0,A3,1.5,5,0,10,1,1,R1,0,0.5,1,0.2,rational,Gaussian,matched,42,420009,5,0,10,1,1.5,1.495,4.99999999999989,1.13777777777778,1.14540105815371,1,1,1,1,42,0.0256,0,S2,E6_ablation,A2,-0.0042,0
0.05,0.0232617430735335,289,476,5000,5000,5000,7.44979925603773e-05,0.014503841811967,0.00477520936623714,0.0142358167616604,0.00470071137367676,0.32710945093642,1,1,0.05,0.0982997943579856,0,0,1,10000,1,1,1,1,0,0.0578,0.0952,0.0578,0.0952,0.05,0.0982997943579856,0.0516646304478541,0.0646143251523544,0.0873729474228302,0.103648584071888,0.0516646304478541,0.0646143251523544,0.0873729474228302,0.103648584071888,0.999232298054943,1,0.999232298054943,1,1,V0,all,0.05,0,A3,1.5,5,0,10,1,1,R1,0,0.5,1,0.2,rational,Gaussian,matched,42,420009,5,0,10,1,1.5,1.495,4.99999999999989,1.13777777777778,1.14540105815371,1,1,1,1,42,0.0952,0,S2,E6_ablation,A2,-0.0286,0
0.1,0.0181238760487365,531,865,5000,5000,5000,7.44979925603773e-05,0.014503841811967,0.00477520936623714,0.0142358167616604,0.00470071137367676,0.32710945093642,1,1,0.1,0.176704258158223,0,0,1,10000,1,1,1,1,0,0.1062,0.173,0.1062,0.173,0.1,0.176704258158223,0.0979604907629229,0.115044151289004,0.162767770661566,0.183734306410501,0.0979604907629229,0.115044151289004,0.162767770661566,0.183734306410501,0.999232298054943,1,0.999232298054943,1,1,V0,all,0.1,0,A3,1.5,5,0,10,1,1,R1,0,0.5,1,0.2,rational,Gaussian,matched,42,420009,5,0,10,1,1.5,1.495,4.99999999999989,1.13777777777778,1.14540105815371,1,1,1,1,42,0.173,0,S2,E6_ablation,A2,-0.0438,0
0.01,0.0328995271426637,56,128,5000,5000,5000,7.44979925603773e-05,0.014503841811967,0.00477520936623714,0.0142358167616604,0.00470071137367676,0.32710945093642,1,1,0.01,0.0242594909712073,0,0,6,10000,1,1,1,1,0,0.0112,0.0256,0.0112,0.0256,0.01,0.0242594909712073,0.00863539287572245,0.0145151125457654,0.0215729919676294,0.0303554036378409,0.00863539287572245,0.0145151125457654,0.0215729919676294,0.0303554036378409,0.999232298054943,1,0.999232298054943,1,1,V2,moderate,0.01,0,A4,1.5,5,0,10,1,1,R1,0,0.5,1,0.2,rational,Gaussian,matched,42,420009,5,0,10,1,1.5,1.495,4.99999999999989,1.13777777777778,1.14540105815371,1,1,1,1,42,0.0256,0,S2,E6_ablation,A3,0,0
0.05,0.0232617430735335,289,476,5000,5000,5000,7.44979925603773e-05,0.014503841811967,0.00477520936623714,0.0142358167616604,0.00470071137367676,0.32710945093642,1,1,0.05,0.0982997943579856,0,0,6,10000,1,1,1,1,0,0.0578,0.0952,0.0578,0.0952,0.05,0.0982997943579856,0.0516646304478541,0.0646143251523544,0.0873729474228302,0.103648584071888,0.0516646304478541,0.0646143251523544,0.0873729474228302,0.103648584071888,0.999232298054943,1,0.999232298054943,1,1,V2,moderate,0.05,0,A4,1.5,5,0,10,1,1,R1,0,0.5,1,0.2,rational,Gaussian,matched,42,420009,5,0,10,1,1.5,1.495,4.99999999999989,1.13777777777778,1.14540105815371,1,1,1,1,42,0.0952,0,S2,E6_ablation,A3,0,0
0.1,0.0181238760487365,531,865,5000,5000,5000,7.44979925603773e-05,0.014503841811967,0.00477520936623714,0.0142358167616604,0.00470071137367676,0.32710945093642,1,1,0.1,0.176704258158223,0,0,6,10000,1,1,1,1,0,0.1062,0.173,0.1062,0.173,0.1,0.176704258158223,0.0979604907629229,0.115044151289004,0.162767770661566,0.183734306410501,0.0979604907629229,0.115044151289004,0.162767770661566,0.183734306410501,0.999232298054943,1,0.999232298054943,1,1,V2,moderate,0.1,0,A4,1.5,5,0,10,1,1,R1,0,0.5,1,0.2,rational,Gaussian,matched,42,420009,5,0,10,1,1.5,1.495,4.99999999999989,1.13777777777778,1.14540105815371,1,1,1,1,42,0.173,0,S2,E6_ablation,A3,0,0
0.01,0.0328995271426637,45,109,5000,4207,4260,2.50161688888493e-06,0.0144916338757427,0.00470464953234672,0.0142633559749339,0.00470214791545783,0.327038873905599,0.850498338870432,0.851345441726901,0.00850498338870432,0.0206532070569522,0,0,6,8467,0.8414,0.852,0.8467,0.8467,0.1533,0.0106964582838127,0.0255868544600939,0.009,0.0218,0.01,0.0242594909712073,0.00800388654956923,0.0142817919159828,0.0212555916405881,0.0307729513911342,0.00673322861097761,0.0120206546990685,0.0181043779134067,0.0262298522268459,0.831012913842796,0.851262899269119,0.841887148872737,0.861572388957942,1,V2,moderate,0.01,0,A5,1.5,5,0,10,1,1,R1,1,0,1,0.2,rational,Gaussian,matched,42,420009,5,0,10,1,1.5,1.495,4.99999999999989,1.13777777777778,1.14540105815371,1,0.850498338870432,0.851345441726901,1,42,0.0218,0,S0,E6_ablation,A4,-0.0038,-0.148
0.05,0.0232617430735335,241,404,5000,4207,4260,2.50161688888493e-06,0.0144916338757427,0.00470464953234672,0.0142633559749339,0.00470214791545783,0.327038873905599,0.850498338870432,0.851345441726901,0.0425249169435216,0.0836870818493628,0,0,6,8467,0.8414,0.852,0.8467,0.8467,0.1533,0.0572854765866413,0.0948356807511737,0.0482,0.0808,0.05,0.0982997943579856,0.0506587328529459,0.0647199779277637,0.086398919685644,0.104002498064357,0.0426021037376601,0.0544915917398936,0.0735639217364713,0.0886797195742646,0.831012913842796,0.851262899269119,0.841887148872737,0.861572388957942,1,V2,moderate,0.05,0,A5,1.5,5,0,10,1,1,R1,1,0,1,0.2,rational,Gaussian,matched,42,420009,5,0,10,1,1.5,1.495,4.99999999999989,1.13777777777778,1.14540105815371,1,0.850498338870432,0.851345441726901,1,42,0.0808,0,S0,E6_ablation,A4,-0.0144,-0.148
0.1,0.0181238760487365,450,739,5000,4207,4260,2.50161688888493e-06,0.0144916338757427,0.00470464953234672,0.0142633559749339,0.00470214791545783,0.327038873905599,0.850498338870432,0.851345441726901,0.0850498338870432,0.150436364716737,0,0,6,8467,0.8414,0.852,0.8467,0.8467,0.1533,0.106964582838127,0.173474178403756,0.09,0.1478,0.1,0.176704258158223,0.0979811781676539,0.116665102785851,0.162398929770193,0.185137786388701,0.0823791505887433,0.0982503650062035,0.138233254496427,0.157907514753671,0.831012913842796,0.851262899269119,0.841887148872737,0.861572388957942,1,V2,moderate,0.1,0,A5,1.5,5,0,10,1,1,R1,1,0,1,0.2,rational,Gaussian,matched,42,420009,5,0,10,1,1.5,1.495,4.99999999999989,1.13777777777778,1.14540105815371,1,0.850498338870432,0.851345441726901,1,42,0.1478,0,S0,E6_ablation,A4,-0.0252,-0.148
0.01,0.0328995271426637,45,109,5000,4207,4260,2.50161688888493e-06,0.0144916338757427,0.00470464953234672,0.0142633559749339,0.00470214791545783,0.327038873905599,0.850498338870432,0.851345441726901,0.00850498338870432,0.0206532070569522,0,0,6,8467,0.8414,0.852,0.8467,0.8467,0.1533,0.0106964582838127,0.0255868544600939,0.009,0.0218,0.01,0.0242594909712073,0.00800388654956923,0.0142817919159828,0.0212555916405881,0.0307729513911342,0.00673322861097761,0.0120206546990685,0.0181043779134067,0.0262298522268459,0.831012913842796,0.851262899269119,0.841887148872737,0.861572388957942,1,V2,moderate,0.01,0,A5,1.5,5,0,10,1,1,R1,1,0.1,1,0.2,rational,Gaussian,matched,42,420009,5,0,10,1,1.5,1.495,4.99999999999989,1.13777777777778,1.14540105815371,1,0.850498338870432,0.851345441726901,1,42,0.0218,0,S1,E6_ablation,A4,-0.0038,-0.148
0.05,0.0232617430735335,241,404,5000,4207,4260,2.50161688888493e-06,0.0144916338757427,0.00470464953234672,0.0142633559749339,0.00470214791545783,0.327038873905599,0.850498338870432,0.851345441726901,0.0425249169435216,0.0836870818493628,0,0,6,8467,0.8414,0.852,0.8467,0.8467,0.1533,0.0572854765866413,0.0948356807511737,0.0482,0.0808,0.05,0.0982997943579856,0.0506587328529459,0.0647199779277637,0.086398919685644,0.104002498064357,0.0426021037376601,0.0544915917398936,0.0735639217364713,0.0886797195742646,0.831012913842796,0.851262899269119,0.841887148872737,0.861572388957942,1,V2,moderate,0.05,0,A5,1.5,5,0,10,1,1,R1,1,0.1,1,0.2,rational,Gaussian,matched,42,420009,5,0,10,1,1.5,1.495,4.99999999999989,1.13777777777778,1.14540105815371,1,0.850498338870432,0.851345441726901,1,42,0.0808,0,S1,E6_ablation,A4,-0.0144,-0.148
0.1,0.0181238760487365,450,739,5000,4207,4260,2.50161688888493e-06,0.0144916338757427,0.00470464953234672,0.0142633559749339,0.00470214791545783,0.327038873905599,0.850498338870432,0.851345441726901,0.0850498338870432,0.150436364716737,0,0,6,8467,0.8414,0.852,0.8467,0.8467,0.1533,0.106964582838127,0.173474178403756,0.09,0.1478,0.1,0.176704258158223,0.0979811781676539,0.116665102785851,0.162398929770193,0.185137786388701,0.0823791505887433,0.0982503650062035,0.138233254496427,0.157907514753671,0.831012913842796,0.851262899269119,0.841887148872737,0.861572388957942,1,V2,moderate,0.1,0,A5,1.5,5,0,10,1,1,R1,1,0.1,1,0.2,rational,Gaussian,matched,42,420009,5,0,10,1,1.5,1.495,4.99999999999989,1.13777777777778,1.14540105815371,1,0.850498338870432,0.851345441726901,1,42,0.1478,0,S1,E6_ablation,A4,-0.0252,-0.148
0.01,0.0328995271426637,45,109,5000,4207,4260,2.50161688888493e-06,0.0144916338757427,0.00470464953234672,0.0142633559749339,0.00470214791545783,0.327038873905599,0.850498338870432,0.851345441726901,0.00850498338870432,0.0206532070569522,0,0,6,8467,0.8414,0.852,0.8467,0.8467,0.1533,0.0106964582838127,0.0255868544600939,0.009,0.0218,0.01,0.0242594909712073,0.00800388654956923,0.0142817919159828,0.0212555916405881,0.0307729513911342,0.00673322861097761,0.0120206546990685,0.0181043779134067,0.0262298522268459,0.831012913842796,0.851262899269119,0.841887148872737,0.861572388957942,1,V2,moderate,0.01,0,A5,1.5,5,0,10,1,1,R1,1,0.5,1,0.2,rational,Gaussian,matched,42,420009,5,0,10,1,1.5,1.495,4.99999999999989,1.13777777777778,1.14540105815371,1,0.850498338870432,0.851345441726901,1,42,0.0218,0,S2,E6_ablation,A4,-0.0038,-0.148
0.05,0.0232617430735335,241,404,5000,4207,4260,2.50161688888493e-06,0.0144916338757427,0.00470464953234672,0.0142633559749339,0.00470214791545783,0.327038873905599,0.850498338870432,0.851345441726901,0.0425249169435216,0.0836870818493628,0,0,6,8467,0.8414,0.852,0.8467,0.8467,0.1533,0.0572854765866413,0.0948356807511737,0.0482,0.0808,0.05,0.0982997943579856,0.0506587328529459,0.0647199779277637,0.086398919685644,0.104002498064357,0.0426021037376601,0.0544915917398936,0.0735639217364713,0.0886797195742646,0.831012913842796,0.851262899269119,0.841887148872737,0.861572388957942,1,V2,moderate,0.05,0,A5,1.5,5,0,10,1,1,R1,1,0.5,1,0.2,rational,Gaussian,matched,42,420009,5,0,10,1,1.5,1.495,4.99999999999989,1.13777777777778,1.14540105815371,1,0.850498338870432,0.851345441726901,1,42,0.0808,0,S2,E6_ablation,A4,-0.0144,-0.148
0.1,0.0181238760487365,450,739,5000,4207,4260,2.50161688888493e-06,0.0144916338757427,0.00470464953234672,0.0142633559749339,0.00470214791545783,0.327038873905599,0.850498338870432,0.851345441726901,0.0850498338870432,0.150436364716737,0,0,6,8467,0.8414,0.852,0.8467,0.8467,0.1533,0.106964582838127,0.173474178403756,0.09,0.1478,0.1,0.176704258158223,0.0979811781676539,0.116665102785851,0.162398929770193,0.185137786388701,0.0823791505887433,0.0982503650062035,0.138233254496427,0.157907514753671,0.831012913842796,0.851262899269119,0.841887148872737,0.861572388957942,1,V2,moderate,0.1,0,A5,1.5,5,0,10,1,1,R1,1,0.5,1,0.2,rational,Gaussian,matched,42,420009,5,0,10,1,1.5,1.495,4.99999999999989,1.13777777777778,1.14540105815371,1,0.850498338870432,0.851345441726901,1,42,0.1478,0,S2,E6_ablation,A4,-0.0252,-0.148
0.01,0.0328995271426637,45,109,5000,4207,4260,2.50161688888493e-06,0.0144916338757427,0.00470464953234672,0.0142633559749339,0.00470214791545783,0.327038873905599,0.850498338870432,0.851345441726901,0.00850498338870432,0.0206532070569522,0,0,6,8467,0.8414,0.852,0.8467,0.8467,0.1533,0.0106964582838127,0.0255868544600939,0.009,0.0218,0.01,0.0242594909712073,0.00800388654956923,0.0142817919159828,0.0212555916405881,0.0307729513911342,0.00673322861097761,0.0120206546990685,0.0181043779134067,0.0262298522268459,0.831012913842796,0.851262899269119,0.841887148872737,0.861572388957942,1,V2,moderate,0.01,0,A5,1.5,5,0,10,1,1,R1,1,1.5,1,0.2,rational,Gaussian,matched,42,420009,5,0,10,1,1.5,1.495,4.99999999999989,1.13777777777778,1.14540105815371,1,0.850498338870432,0.851345441726901,1,42,0.0218,0,S3,E6_ablation,A4,-0.0038,-0.148
0.05,0.0232617430735335,241,404,5000,4207,4260,2.50161688888493e-06,0.0144916338757427,0.00470464953234672,0.0142633559749339,0.00470214791545783,0.327038873905599,0.850498338870432,0.851345441726901,0.0425249169435216,0.0836870818493628,0,0,6,8467,0.8414,0.852,0.8467,0.8467,0.1533,0.0572854765866413,0.0948356807511737,0.0482,0.0808,0.05,0.0982997943579856,0.0506587328529459,0.0647199779277637,0.086398919685644,0.104002498064357,0.0426021037376601,0.0544915917398936,0.0735639217364713,0.0886797195742646,0.831012913842796,0.851262899269119,0.841887148872737,0.861572388957942,1,V2,moderate,0.05,0,A5,1.5,5,0,10,1,1,R1,1,1.5,1,0.2,rational,Gaussian,matched,42,420009,5,0,10,1,1.5,1.495,4.99999999999989,1.13777777777778,1.14540105815371,1,0.850498338870432,0.851345441726901,1,42,0.0808,0,S3,E6_ablation,A4,-0.0144,-0.148
0.1,0.0181238760487365,450,739,5000,4207,4260,2.50161688888493e-06,0.0144916338757427,0.00470464953234672,0.0142633559749339,0.00470214791545783,0.327038873905599,0.850498338870432,0.851345441726901,0.0850498338870432,0.150436364716737,0,0,6,8467,0.8414,0.852,0.8467,0.8467,0.1533,0.106964582838127,0.173474178403756,0.09,0.1478,0.1,0.176704258158223,0.0979811781676539,0.116665102785851,0.162398929770193,0.185137786388701,0.0823791505887433,0.0982503650062035,0.138233254496427,0.157907514753671,0.831012913842796,0.851262899269119,0.841887148872737,0.861572388957942,1,V2,moderate,0.1,0,A5,1.5,5,0,10,1,1,R1,1,1.5,1,0.2,rational,Gaussian,matched,42,420009,5,0,10,1,1.5,1.495,4.99999999999989,1.13777777777778,1.14540105815371,1,0.850498338870432,0.851345441726901,1,42,0.1478,0,S3,E6_ablation,A4,-0.0252,-0.148
0.01,0,0,5000,5000,5000,5000,0,0,0.00507713305942843,1.5180348525559e-16,0.00507713305942843,47298982750806.9,1,1,0,1,0,0,1,10000,1,1,1,1,0,0,1,0,1,0,1,0,0.000767701945057125,0.999232298054943,1,0,0.000767701945057125,0.999232298054943,1,0.999232298054943,1,0.999232298054943,1,1,V0,all,0.01,0,A0,1.5,5,10,0,0,0,R0,0,0.5,1,0.2,rational,Gaussian,matched,42,420010,5,10,0,1,1.52313991782862,1.51806278476919,5.07713305942858,1.08670539742466,1.07711131388631,0.984574607094838,1,1,1,42,1,0,S2,E6_ablation,,NaN,NaN
0.05,0,0,5000,5000,5000,5000,0,0,0.00507713305942843,1.5180348525559e-16,0.00507713305942843,47298982750806.9,1,1,0,1,0,0,1,10000,1,1,1,1,0,0,1,0,1,0,1,0,0.000767701945057125,0.999232298054943,1,0,0.000767701945057125,0.999232298054943,1,0.999232298054943,1,0.999232298054943,1,1,V0,all,0.05,0,A0,1.5,5,10,0,0,0,R0,0,0.5,1,0.2,rational,Gaussian,matched,42,420010,5,10,0,1,1.52313991782862,1.51806278476919,5.07713305942858,1.08670539742466,1.07711131388631,0.984574607094838,1,1,1,42,1,0,S2,E6_ablation,,NaN,NaN
0.1,0,0,5000,5000,5000,5000,0,0,0.00507713305942843,1.5180348525559e-16,0.00507713305942843,47298982750806.9,1,1,0,1,0,0,1,10000,1,1,1,1,0,0,1,0,1,0,1,0,0.000767701945057125,0.999232298054943,1,0,0.000767701945057125,0.999232298054943,1,0.999232298054943,1,0.999232298054943,1,1,V0,all,0.1,0,A0,1.5,5,10,0,0,0,R0,0,0.5,1,0.2,rational,Gaussian,matched,42,420010,5,10,0,1,1.52313991782862,1.51806278476919,5.07713305942858,1.08670539742466,1.07711131388631,0.984574607094838,1,1,1,42,1,0,S2,E6_ablation,,NaN,NaN
0.01,0.0232634787404084,63,150,5000,5000,5000,-1.71171270463062e-05,0.01000516659954,0.00515196701188991,0.00986678964493284,0.00516908413893622,0.520226469619622,1,1,0.01,0.03448360016091,0,0,1,10000,1,1,1,1,0,0.0126,0.03,0.0126,0.03,0.01,0.03448360016091,0.00986111299635937,0.0160872428596823,0.0256205332549516,0.0351011065734021,0.00986111299635937,0.0160872428596823,0.0256205332549516,0.0351011065734021,0.999232298054943,1,0.999232298054943,1,1,V0,all,0.01,0,A1,1.5,5,10,10,0,0,R0,0,0.5,1,0.2,rational,Gaussian,matched,42,420010,5,10,10,1,1.52313991782862,1.51806278476919,5.07713305942858,1.08670539742466,1.07711131388631,0.984574607094838,1,1,1,42,0.03,0,S2,E6_ablation,A0,-0.97,0
0.05,0.0164485362695147,258,611,5000,5000,5000,-1.71171270463062e-05,0.01000516659954,0.00515196701188991,0.00986678964493284,0.00516908413893622,0.520226469619622,1,1,0.05,0.127739815206261,0,0,1,10000,1,1,1,1,0,0.0516,0.1222,0.0516,0.1222,0.05,0.127739815206261,0.0458051930526966,0.0580832820516306,0.113410757575839,0.131569318013846,0.0458051930526966,0.0580832820516306,0.113410757575839,0.131569318013846,0.999232298054943,1,0.999232298054943,1,1,V0,all,0.05,0,A1,1.5,5,10,10,0,0,R0,0,0.5,1,0.2,rational,Gaussian,matched,42,420010,5,10,10,1,1.52313991782862,1.51806278476919,5.07713305942858,1.08670539742466,1.07711131388631,0.984574607094838,1,1,1,42,0.1222,0,S2,E6_ablation,A0,-0.8778,0
0.1,0.012815515655446,498,1096,5000,5000,5000,-1.71171270463062e-05,0.01000516659954,0.00515196701188991,0.00986678964493284,0.00516908413893622,0.520226469619622,1,1,0.1,0.219513222068529,0,0,1,10000,1,1,1,1,0,0.0996,0.2192,0.0996,0.2192,0.1,0.219513222068529,0.0916042634531238,0.108210512264478,0.207950855153637,0.230880286258707,0.0916042634531238,0.108210512264478,0.207950855153637,0.230880286258707,0.999232298054943,1,0.999232298054943,1,1,V0,all,0.1,0,A1,1.5,5,10,10,0,0,R0,0,0.5,1,0.2,rational,Gaussian,matched,42,420010,5,10,10,1,1.52313991782862,1.51806278476919,5.07713305942858,1.08670539742466,1.07711131388631,0.984574607094838,1,1,1,42,0.2192,0,S2,E6_ablation,A0,-0.7808,0
0.01,0.023622355398049,63,147,5000,5000,5000,-1.73811863218492e-05,0.0101595124215233,0.00515312144623041,0.0100190007793435,0.00517050263255226,0.512463651658253,1,1,0.01,0.0338989391228417,0,0,1,10000,1,1,1,1,0,0.0126,0.0294,0.0126,0.0294,0.01,0.0338989391228417,0.00986111299635937,0.0160872428596823,0.0250668806848126,0.0344556803858752,0.00986111299635937,0.0160872428596823,0.0250668806848126,0.0344556803858752,0.999232298054943,1,0.999232298054943,1,1,V0,all,0.01,0,A2,1.5,5,10,10,1,1,R0,0,0.5,1,0.2,rational,Gaussian,matched,42,420010,5,10,10.1542661188575,1.01542661188575,1.52313991782862,1.51806278476919,5.07713305942858,1.08670539742466,1.07711131388631,0.984574607094838,1,1,1,42,0.0294,0,S2,E6_ablation,A1,-0.0006,0
0.05,0.0167022814546331,258,599,5000,5000,5000,-1.73811863218492e-05,0.0101595124215233,0.00515312144623041,0.0100190007793435,0.00517050263255226,0.512463651658253,1,1,0.05,0.126134898193427,0,0,1,10000,1,1,1,1,0,0.0516,0.1198,0.0516,0.1198,0.05,0.126134898193427,0.0458051930526966,0.0580832820516306,0.111089780630436,0.129093979928586,0.0458051930526966,0.0580832820516306,0.111089780630436,0.129093979928586,0.999232298054943,1,0.999232298054943,1,1,V0,all,0.05,0,A2,1.5,5,10,10,1,1,R0,0,0.5,1,0.2,rational,Gaussian,matched,42,420010,5,10,10.1542661188575,1.01542661188575,1.52313991782862,1.51806278476919,5.07713305942858,1.08670539742466,1.07711131388631,0.984574607094838,1,1,1,42,0.1198,0,S2,E6_ablation,A1,-0.0024,0
0.1,0.0130132156415783,498,1080,5000,5000,5000,-1.73811863218492e-05,0.0101595124215233,0.00515312144623041,0.0100190007793435,0.00517050263255226,0.512463651658253,1,1,0.1,0.217239080427301,0,0,1,10000,1,1,1,1,0,0.0996,0.216,0.0996,0.216,0.1,0.217239080427301,0.0916042634531238,0.108210512264478,0.204813937993305,0.227622116711488,0.0916042634531238,0.108210512264478,0.204813937993305,0.227622116711488,0.999232298054943,1,0.999232298054943,1,1,V0,all,0.1,0,A2,1.5,5,10,10,1,1,R0,0,0.5,1,0.2,rational,Gaussian,matched,42,420010,5,10,10.1542661188575,1.01542661188575,1.52313991782862,1.51806278476919,5.07713305942858,1.08670539742466,1.07711131388631,0.984574607094838,1,1,1,42,0.216,0,S2,E6_ablation,A1,-0.00320000000000001,0
0.01,0.0334070553791182,50,101,5000,5000,5000,3.33299262214632e-05,0.0142250887707814,0.00488652445782164,0.0142885791148956,0.00485319453160018,0.340410957998124,1,1,0.01,0.0242594909712072,0,0,1,10000,1,1,1,1,0,0.01,0.0202,0.01,0.0202,0.01,0.0242594909712072,0.00759377281394657,0.0131585750922094,0.0166529886144431,0.0244836981720337,0.00759377281394657,0.0131585750922094,0.0166529886144431,0.0244836981720337,0.999232298054943,1,0.999232298054943,1,1,V0,all,0.01,0,A3,1.5,5,10,10,1,1,R1,0,0.5,1,0.2,rational,Gaussian,matched,42,420010,5,10,10.1542661188575,1.01542661188575,1.52313991782862,1.51806278476919,5.07713305942858,1.08670539742466,1.07711131388631,0.984574607094838,1,1,1,42,0.0202,0,S2,E6_ablation,A2,-0.0092,0
0.05,0.0236205929557148,250,470,5000,5000,5000,3.33299262214632e-05,0.0142250887707814,0.00488652445782164,0.0142885791148956,0.00485319453160018,0.340410957998124,1,1,0.05,0.0982997943579852,0,0,1,10000,1,1,1,1,0,0.05,0.094,0.05,0.094,0.05,0.0982997943579852,0.0442968967005706,0.0563940350499809,0.0862198567129023,0.102403517266484,0.0442968967005706,0.0563940350499809,0.0862198567129023,0.102403517266484,0.999232298054943,1,0.999232298054943,1,1,V0,all,0.05,0,A3,1.5,5,10,10,1,1,R1,0,0.5,1,0.2,rational,Gaussian,matched,42,420010,5,10,10.1542661188575,1.01542661188575,1.52313991782862,1.51806278476919,5.07713305942858,1.08670539742466,1.07711131388631,0.984574607094838,1,1,1,42,0.094,0,S2,E6_ablation,A2,-0.0258,0
0.1,0.0184034660504057,487,867,5000,5000,5000,3.33299262214632e-05,0.0142250887707814,0.00488652445782164,0.0142885791148956,0.00485319453160018,0.340410957998124,1,1,0.1,0.176704258158222,0,0,1,10000,1,1,1,1,0,0.0974,0.1734,0.0974,0.1734,0.1,0.176704258158222,0.0894879641159508,0.105930189490209,0.163157902511618,0.184143560398893,0.0894879641159508,0.105930189490209,0.163157902511618,0.184143560398893,0.999232298054943,1,0.999232298054943,1,1,V0,all,0.1,0,A3,1.5,5,10,10,1,1,R1,0,0.5,1,0.2,rational,Gaussian,matched,42,420010,5,10,10.1542661188575,1.01542661188575,1.52313991782862,1.51806278476919,5.07713305942858,1.08670539742466,1.07711131388631,0.984574607094838,1,1,1,42,0.1734,0,S2,E6_ablation,A2,-0.0426,0
0.01,0.0334070553791182,50,101,5000,4938,4944,4.16510350712514e-05,0.0142382353046357,0.00488817028603351,0.0142755292169906,0.00484651925096225,0.3399421428124,0.989847803378734,0.989847803378734,0.00989847803378734,0.0240132038489356,0,0,6,9882,0.9876,0.9888,0.9882,0.9882,0.0118,0.0101255569056298,0.0204288025889968,0.01,0.0202,0.01,0.0242594909712072,0.00768921901884057,0.0133234864040231,0.0168419261647148,0.024760348389522,0.00759377281394657,0.0131585750922094,0.0166529886144431,0.0244836981720337,0.984136722705604,0.990314614357577,0.985484887454235,0.991364607124278,1,V2,moderate,0.01,0,A4,1.5,5,10,10,1,1,R1,0,0.5,1,0.2,rational,Gaussian,matched,42,420010,5,10,10.1542661188575,1.01542661188575,1.52313991782862,1.51806278476919,5.07713305942858,1.08670539742466,1.07711131388631,0.984574607094838,1,1,0.989847803378734,42,0.0202,0,S2,E6_ablation,A3,0,-0.0112
0.05,0.0236205929557148,247,463,5000,4938,4944,4.16510350712514e-05,0.0142382353046357,0.00488817028603351,0.0142755292169906,0.00484651925096225,0.3399421428124,0.989847803378734,0.989847803378734,0.0494923901689367,0.0973018355178329,0,0,6,9882,0.9876,0.9888,0.9882,0.9882,0.0118,0.0500202511138113,0.0936488673139159,0.0494,0.0926,0.05,0.0982997943579852,0.0442823547011755,0.0564577161750556,0.0858404010048739,0.102088308223073,0.043731720637967,0.0557601323549184,0.0848750904611361,0.100950433083696,0.984136722705604,0.990314614357577,0.985484887454235,0.991364607124278,1,V2,moderate,0.05,0,A4,1.5,5,10,10,1,1,R1,0,0.5,1,0.2,rational,Gaussian,matched,42,420010,5,10,10.1542661188575,1.01542661188575,1.52313991782862,1.51806278476919,5.07713305942858,1.08670539742466,1.07711131388631,0.984574607094838,1,1,0.989847803378734,42,0.0926,0,S2,E6_ablation,A3,-0.0014,-0.0112
0.1,0.0184034660504057,481,856,5000,4938,4944,4.16510350712514e-05,0.0142382353046357,0.00488817028603351,0.0142755292169906,0.00484651925096225,0.3399421428124,0.989847803378734,0.989847803378734,0.0989847803378733,0.174910321785585,0,0,6,9882,0.9876,0.9888,0.9882,0.9882,0.0118,0.0974078574321588,0.173139158576052,0.0962,0.1712,0.1,0.176704258158222,0.0894479127296581,0.105993698837375,0.162847122689212,0.183938737993895,0.088334157152011,0.104685838938817,0.161012431177541,0.181892409621529,0.984136722705604,0.990314614357577,0.985484887454235,0.991364607124278,1,V2,moderate,0.1,0,A4,1.5,5,10,10,1,1,R1,0,0.5,1,0.2,rational,Gaussian,matched,42,420010,5,10,10.1542661188575,1.01542661188575,1.52313991782862,1.51806278476919,5.07713305942858,1.08670539742466,1.07711131388631,0.984574607094838,1,1,0.989847803378734,42,0.1712,0,S2,E6_ablation,A3,-0.00220000000000001,-0.0112
0.01,0.0334070553791182,41,87,5000,4148,4187,5.51529224976293e-05,0.0141910085462496,0.0049037460766007,0.0143019987746351,0.00484859315410307,0.340333072900928,0.83599008188943,0.836855818584672,0.0083599008188943,0.020301696175157,0,0,6,8335,0.8296,0.8374,0.8335,0.8335,0.1665,0.00988428158148505,0.0207786004299021,0.0082,0.0174,0.01,0.0242594909712072,0.00729463405539699,0.0133808805739783,0.0168769566496947,0.0255587834202098,0.00605048556323917,0.011104626069919,0.0141286734360361,0.021412312481333,0.818926345427708,0.839767585450111,0.826913644303967,0.847368310423509,1,V2,moderate,0.01,0,A5,1.5,5,10,10,1,1,R1,1,0,1,0.2,rational,Gaussian,matched,42,420010,5,10,10.1542661188575,1.01542661188575,1.52313991782862,1.51806278476919,5.07713305942858,1.08670539742466,1.09398648525429,1,0.844564264360513,0.845438880329035,0.989847803378734,42,0.0174,0,S0,E6_ablation,A4,-0.0028,-0.1514
0.05,0.0236205929557148,209,393,5000,4148,4187,5.51529224976293e-05,0.0141910085462496,0.0049037460766007,0.0143019987746351,0.00484859315410307,0.340333072900928,0.83599008188943,0.836855818584672,0.0417995040944715,0.0822627548741566,0,0,6,8335,0.8296,0.8374,0.8335,0.8335,0.1665,0.0503857280617165,0.0938619536661094,0.0418,0.0786,0.05,0.0982997943579852,0.0441351623615016,0.0574682979354905,0.0853968201232801,0.103071645358341,0.0365954747193083,0.0477080473431421,0.0714600519938139,0.0863869672054802,0.818926345427708,0.839767585450111,0.826913644303967,0.847368310423509,1,V2,moderate,0.05,0,A5,1.5,5,10,10,1,1,R1,1,0,1,0.2,rational,Gaussian,matched,42,420010,5,10,10.1542661188575,1.01542661188575,1.52313991782862,1.51806278476919,5.07713305942858,1.08670539742466,1.09398648525429,1,0.844564264360513,0.845438880329035,0.989847803378734,42,0.0786,0,S0,E6_ablation,A4,-0.014,-0.1514
0.1,0.0184034660504057,403,735,5000,4148,4187,5.51529224976293e-05,0.0141910085462496,0.0049037460766007,0.0143019987746351,0.00484859315410307,0.340333072900928,0.83599008188943,0.836855818584672,0.083599008188943,0.147875986608396,0,0,6,8335,0.8296,0.8374,0.8335,0.8335,0.1665,0.0971552555448409,0.175543348459518,0.0806,0.147,0.1,0.176704258158222,0.088511467816042,0.106544501168555,0.164319009422704,0.187362502107306,0.0733725917079937,0.0884713566835202,0.13745589028313,0.157086107290081,0.818926345427708,0.839767585450111,0.826913644303967,0.847368310423509,1,V2,moderate,0.1,0,A5,1.5,5,10,10,1,1,R1,1,0,1,0.2,rational,Gaussian,matched,42,420010,5,10,10.1542661188575,1.01542661188575,1.52313991782862,1.51806278476919,5.07713305942858,1.08670539742466,1.09398648525429,1,0.844564264360513,0.845438880329035,0.989847803378734,42,0.147,0,S0,E6_ablation,A4,-0.0242,-0.1514
0.01,0.0334070553791182,41,87,5000,4148,4185,5.51529224976293e-05,0.0141910085462496,0.00490689360369903,0.0143044489312128,0.0048517406812014,0.340524607435972,0.83599008188943,0.836453236193663,0.0083599008188943,0.0202919297312772,0,0,6,8333,0.8296,0.837,0.8333,0.8333,0.1667,0.00988428158148505,0.0207885304659498,0.0082,0.0174,0.01,0.0242594909712072,0.00729463405539699,0.0133808805739783,0.0168850364794678,0.0255709649159067,0.00605048556323917,0.011104626069919,0.0141286734360361,0.021412312481333,0.818926345427708,0.839767585450111,0.826503839557986,0.846978729331046,1,V2,moderate,0.01,0,A5,1.5,5,10,10,1,1,R1,1,0.1,1,0.2,rational,Gaussian,matched,42,420010,5,10,10.1542661188575,1.01542661188575,1.52313991782862,1.51806278476919,5.07713305942858,1.08670539742466,1.0905904316474,0.996895707897065,0.844564264360513,0.845032168923873,0.989847803378734,42,0.0174,0,S1,E6_ablation,A4,-0.0028,-0.1518
0.05,0.0236205929557148,209,393,5000,4148,4185,5.51529224976293e-05,0.0141910085462496,0.00490689360369903,0.0143044489312128,0.0048517406812014,0.340524607435972,0.83599008188943,0.836453236193663,0.0417995040944715,0.0822231811079083,0,0,6,8333,0.8296,0.837,0.8333,0.8333,0.1667,0.0503857280617165,0.0939068100358423,0.0418,0.0786,0.05,0.0982997943579852,0.0441351623615016,0.0574682979354905,0.0854378118593915,0.103120639584856,0.0365954747193083,0.0477080473431421,0.0714600519938139,0.0863869672054802,0.818926345427708,0.839767585450111,0.826503839557986,0.846978729331046,1,V2,moderate,0.05,0,A5,1.5,5,10,10,1,1,R1,1,0.1,1,0.2,rational,Gaussian,matched,42,420010,5,10,10.1542661188575,1.01542661188575,1.52313991782862,1.51806278476919,5.07713305942858,1.08670539742466,1.0905904316474,0.996895707897065,0.844564264360513,0.845032168923873,0.989847803378734,42,0.0786,0,S1,E6_ablation,A4,-0.014,-0.1518
0.1,0.0184034660504057,403,735,5000,4148,4185,5.51529224976293e-05,0.0141910085462496,0.00490689360369903,0.0143044489312128,0.0048517406812014,0.340524607435972,0.83599008188943,0.836453236193663,0.083599008188943,0.147804848585646,0,0,6,8333,0.8296,0.837,0.8333,0.8333,0.1667,0.0971552555448409,0.175627240143369,0.0806,0.147,0.1,0.176704258158222,0.088511467816042,0.106544501168555,0.164398050568616,0.187451374459667,0.0733725917079937,0.0884713566835202,0.13745589028313,0.157086107290081,0.818926345427708,0.839767585450111,0.826503839557986,0.846978729331046,1,V2,moderate,0.1,0,A5,1.5,5,10,10,1,1,R1,1,0.1,1,0.2,rational,Gaussian,matched,42,420010,5,10,10.1542661188575,1.01542661188575,1.52313991782862,1.51806278476919,5.07713305942858,1.08670539742466,1.0905904316474,0.996895707897065,0.844564264360513,0.845032168923873,0.989847803378734,42,0.147,0,S1,E6_ablation,A4,-0.0242,-0.1518
0.01,0.0334070553791182,41,87,5000,4148,4184,5.51529224976293e-05,0.0141910085462496,0.00490553783640209,0.0143058897418994,0.00485038491390446,0.340412170579746,0.83599008188943,0.83483425168345,0.0083599008188943,0.0202526539911692,0,0,6,8332,0.8296,0.8368,0.8332,0.8332,0.1668,0.00988428158148505,0.0207934990439771,0.0082,0.0174,0.01,0.0242594909712072,0.00729463405539699,0.0133808805739783,0.0168890792962353,0.0255770600190708,0.00605048556323917,0.011104626069919,0.0141286734360361,0.021412312481333,0.818926345427708,0.839767585450111,0.826298945422259,0.846783930547551,1,V2,moderate,0.01,0,A5,1.5,5,10,10,1,1,R1,1,0.5,1,0.2,rational,Gaussian,matched,42,420010,5,10,10.1542661188575,1.01542661188575,1.52313991782862,1.51806278476919,5.07713305942858,1.08670539742466,1.07711131388631,0.984574607094838,0.844564264360513,0.843396579589143,0.989847803378734,42,0.0174,0,S2,E6_ablation,A4,-0.0028,-0.152
0.05,0.0236205929557148,209,393,5000,4148,4184,5.51529224976293e-05,0.0141910085462496,0.00490553783640209,0.0143058897418994,0.00485038491390446,0.340412170579746,0.83599008188943,0.83483425168345,0.0417995040944715,0.0820640352634856,0,0,6,8332,0.8296,0.8368,0.8332,0.8332,0.1668,0.0503857280617165,0.0939292543021032,0.0418,0.0786,0.05,0.0982997943579852,0.0441351623615016,0.0574682979354905,0.0854583224901455,0.103145154166565,0.0365954747193083,0.0477080473431421,0.0714600519938139,0.0863869672054802,0.818926345427708,0.839767585450111,0.826298945422259,0.846783930547551,1,V2,moderate,0.05,0,A5,1.5,5,10,10,1,1,R1,1,0.5,1,0.2,rational,Gaussian,matched,42,420010,5,10,10.1542661188575,1.01542661188575,1.52313991782862,1.51806278476919,5.07713305942858,1.08670539742466,1.07711131388631,0.984574607094838,0.844564264360513,0.843396579589143,0.989847803378734,42,0.0786,0,S2,E6_ablation,A4,-0.014,-0.152
0.1,0.0184034660504057,403,735,5000,4148,4184,5.51529224976293e-05,0.0141910085462496,0.00490553783640209,0.0143058897418994,0.00485038491390446,0.340412170579746,0.83599008188943,0.83483425168345,0.083599008188943,0.147518767128799,0,0,6,8332,0.8296,0.8368,0.8332,0.8332,0.1668,0.0971552555448409,0.175669216061185,0.0806,0.147,0.1,0.176704258158222,0.088511467816042,0.106544501168555,0.164437599673656,0.187495842246978,0.0733725917079937,0.0884713566835202,0.13745589028313,0.157086107290081,0.818926345427708,0.839767585450111,0.826298945422259,0.846783930547551,1,V2,moderate,0.1,0,A5,1.5,5,10,10,1,1,R1,1,0.5,1,0.2,rational,Gaussian,matched,42,420010,5,10,10.1542661188575,1.01542661188575,1.52313991782862,1.51806278476919,5.07713305942858,1.08670539742466,1.07711131388631,0.984574607094838,0.844564264360513,0.843396579589143,0.989847803378734,42,0.147,0,S2,E6_ablation,A4,-0.0242,-0.152
0.01,0.0334070553791182,41,87,5000,4148,4161,5.51529224976293e-05,0.0141910085462496,0.0049093666696739,0.0143143030293392,0.00485421374717627,0.340579918079742,0.83599008188943,0.830725920852957,0.0083599008188943,0.0201529879764801,0,0,6,8309,0.8296,0.8322,0.8309,0.8309,0.1691,0.00988428158148505,0.0209084354722422,0.0082,0.0174,0.01,0.0242594909712072,0.00729463405539699,0.0133808805739783,0.0169826013703645,0.025718053763589,0.00605048556323917,0.011104626069919,0.0141286734360361,0.021412312481333,0.818926345427708,0.839767585450111,0.821587876861123,0.842302061966581,1,V2,moderate,0.01,0,A5,1.5,5,10,10,1,1,R1,1,1.5,1,0.2,rational,Gaussian,matched,42,420010,5,10,10.1542661188575,1.01542661188575,1.52313991782862,1.51806278476919,5.07713305942858,1.08670539742466,1.0441378742718,0.954433979162999,0.844564264360513,0.839246112399672,0.989847803378734,42,0.0174,0,S3,E6_ablation,A4,-0.0028,-0.1566
0.05,0.0236205929557148,209,392,5000,4148,4161,5.51529224976293e-05,0.0141910085462496,0.0049093666696739,0.0143143030293392,0.00485421374717627,0.340579918079742,0.83599008188943,0.830725920852957,0.0417995040944715,0.0816601871876936,0,0,6,8309,0.8296,0.8322,0.8309,0.8309,0.1691,0.0503857280617165,0.0942081230473444,0.0418,0.0784,0.05,0.0982997943579852,0.0441351623615016,0.0574682979354905,0.0857028071223581,0.103462006619142,0.0365954747193083,0.0477080473431421,0.071268875131428,0.0861784511486441,0.818926345427708,0.839767585450111,0.821587876861123,0.842302061966581,1,V2,moderate,0.05,0,A5,1.5,5,10,10,1,1,R1,1,1.5,1,0.2,rational,Gaussian,matched,42,420010,5,10,10.1542661188575,1.01542661188575,1.52313991782862,1.51806278476919,5.07713305942858,1.08670539742466,1.0441378742718,0.954433979162999,0.844564264360513,0.839246112399672,0.989847803378734,42,0.0784,0,S3,E6_ablation,A4,-0.0142,-0.1566
0.1,0.0184034660504057,403,731,5000,4148,4161,5.51529224976293e-05,0.0141910085462496,0.0049093666696739,0.0143143030293392,0.00485421374717627,0.340579918079742,0.83599008188943,0.830725920852957,0.083599008188943,0.146792807577128,0,0,6,8309,0.8296,0.8322,0.8309,0.8309,0.1691,0.0971552555448409,0.175678923335737,0.0806,0.1462,0.1,0.176704258158222,0.088511467816042,0.106544501168555,0.164416878250161,0.187539246205957,0.0733725917079937,0.0884713566835202,0.136678625722679,0.156264600173643,0.818926345427708,0.839767585450111,0.821587876861123,0.842302061966581,1,V2,moderate,0.1,0,A5,1.5,5,10,10,1,1,R1,1,1.5,1,0.2,rational,Gaussian,matched,42,420010,5,10,10.1542661188575,1.01542661188575,1.52313991782862,1.51806278476919,5.07713305942858,1.08670539742466,1.0441378742718,0.954433979162999,0.844564264360513,0.839246112399672,0.989847803378734,42,0.1462,0,S3,E6_ablation,A4,-0.025,-0.1566
0.01,0,0,5000,5000,5000,5000,0,0,0.00532088886237947,0,0.00532088886237947,Inf,1,1,0,1,0,0,1,10000,1,1,1,1,0,0,1,0,1,0,1,0,0.000767701945057125,0.999232298054943,1,0,0.000767701945057125,0.999232298054943,1,0.999232298054943,1,0.999232298054943,1,1,V0,all,0.01,0,A0,1.5,5,20,0,0,0,R0,0,0.5,1,0.2,rational,Gaussian,matched,42,420011,5,20,0,1,1.59626665871387,1.59094576985149,5.32088886237947,0.944093258626198,0.889505409860118,0.935908872470481,1,1,1,42,1,0,S2,E6_ablation,,NaN,NaN
0.05,0,0,5000,5000,5000,5000,0,0,0.00532088886237947,0,0.00532088886237947,Inf,1,1,0,1,0,0,1,10000,1,1,1,1,0,0,1,0,1,0,1,0,0.000767701945057125,0.999232298054943,1,0,0.000767701945057125,0.999232298054943,1,0.999232298054943,1,0.999232298054943,1,1,V0,all,0.05,0,A0,1.5,5,20,0,0,0,R0,0,0.5,1,0.2,rational,Gaussian,matched,42,420011,5,20,0,1,1.59626665871387,1.59094576985149,5.32088886237947,0.944093258626198,0.889505409860118,0.935908872470481,1,1,1,42,1,0,S2,E6_ablation,,NaN,NaN
0.1,0,0,5000,5000,5000,5000,0,0,0.00532088886237947,0,0.00532088886237947,Inf,1,1,0,1,0,0,1,10000,1,1,1,1,0,0,1,0,1,0,1,0,0.000767701945057125,0.999232298054943,1,0,0.000767701945057125,0.999232298054943,1,0.999232298054943,1,0.999232298054943,1,1,V0,all,0.1,0,A0,1.5,5,20,0,0,0,R0,0,0.5,1,0.2,rational,Gaussian,matched,42,420011,5,20,0,1,1.59626665871387,1.59094576985149,5.32088886237947,0.944093258626198,0.889505409860118,0.935908872470481,1,1,1,42,1,0,S2,E6_ablation,,NaN,NaN
0.01,0.0232634787404084,53,182,5000,5000,5000,3.69802486845945e-05,0.00985811168096755,0.00516193544027647,0.0100167192932241,0.00512495519159188,0.515706726074526,1,1,0.01,0.0363859204355479,0,0,1,10000,1,1,1,1,0,0.0106,0.0364,0.0106,0.0364,0.01,0.0363859204355479,0.00811345161522002,0.0138379750486019,0.0315545754503507,0.0419572377931063,0.00811345161522002,0.0138379750486019,0.0315545754503507,0.0419572377931063,0.999232298054943,1,0.999232298054943,1,1,V0,all,0.01,0,A1,1.5,5,20,10,0,0,R0,0,0.5,1,0.2,rational,Gaussian,matched,42,420011,5,20,10,1,1.59626665871387,1.59094576985149,5.32088886237947,0.944093258626198,0.889505409860118,0.935908872470481,1,1,1,42,0.0364,0,S2,E6_ablation,A0,-0.9636,0
0.05,0.0164485362695147,227,665,5000,5000,5000,3.69802486845945e-05,0.00985811168096755,0.00516193544027647,0.0100167192932241,0.00512495519159188,0.515706726074526,1,1,0.05,0.132904741152722,0,0,1,10000,1,1,1,1,0,0.0454,0.133,0.0454,0.133,0.05,0.132904741152722,0.0399703200435625,0.0515276745648835,0.12386878426711,0.142694708960562,0.0399703200435625,0.0515276745648835,0.12386878426711,0.142694708960562,0.999232298054943,1,0.999232298054943,1,1,V0,all,0.05,0,A1,1.5,5,20,10,0,0,R0,0,0.5,1,0.2,rational,Gaussian,matched,42,420011,5,20,10,1,1.59626665871387,1.59094576985149,5.32088886237947,0.944093258626198,0.889505409860118,0.935908872470481,1,1,1,42,0.133,0,S2,E6_ablation,A0,-0.867,0
0.1,0.012815515655446,487,1118,5000,5000,5000,3.69802486845945e-05,0.00985811168096755,0.00516193544027647,0.0100167192932241,0.00512495519159188,0.515706726074526,1,1,0.1,0.226789192350717,0,0,1,10000,1,1,1,1,0,0.0974,0.2236,0.0974,0.2236,0.1,0.226789192350717,0.0894879641159508,0.105930189490209,0.212265746729415,0.235358638905812,0.0894879641159508,0.105930189490209,0.212265746729415,0.235358638905812,0.999232298054943,1,0.999232298054943,1,1,V0,all,0.1,0,A1,1.5,5,20,10,0,0,R0,0,0.5,1,0.2,rational,Gaussian,matched,42,420011,5,20,10,1,1.59626665871387,1.59094576985149,5.32088886237947,0.944093258626198,0.889505409860118,0.935908872470481,1,1,1,42,0.2236,0,S2,E6_ablation,A0,-0.7764,0
0.01,0.0247564769860086,53,167,5000,5000,5000,3.93535586707776e-05,0.0104907833294708,0.00515173416371848,0.0106595700249797,0.00511238060504771,0.483416776511058,1,1,0.01,0.0338989391228421,0,0,1,10000,1,1,1,1,0,0.0106,0.0334,0.0106,0.0334,0.01,0.0338989391228421,0.00811345161522002,0.0138379750486019,0.028766903125881,0.0387495163292464,0.00811345161522002,0.0138379750486019,0.028766903125881,0.0387495163292464,0.999232298054943,1,0.999232298054943,1,1,V0,all,0.01,0,A2,1.5,5,20,10,1,1,R0,0,0.5,1,0.2,rational,Gaussian,matched,42,420011,5,20,10.6417777247591,1.06417777247591,1.59626665871387,1.59094576985149,5.32088886237947,0.944093258626198,0.889505409860118,0.935908872470481,1,1,1,42,0.0334,0,S2,E6_ablation,A1,-0.003,0
0.05,0.0175041666877814,227,627,5000,5000,5000,3.93535586707776e-05,0.0104907833294708,0.00515173416371848,0.0106595700249797,0.00511238060504771,0.483416776511058,1,1,0.05,0.126134898193429,0,0,1,10000,1,1,1,1,0,0.0454,0.1254,0.0454,0.1254,0.05,0.126134898193429,0.0399703200435625,0.0515276745648835,0.116507151370614,0.134868010926623,0.0399703200435625,0.0515276745648835,0.116507151370614,0.134868010926623,0.999232298054943,1,0.999232298054943,1,1,V0,all,0.05,0,A2,1.5,5,20,10,1,1,R0,0,0.5,1,0.2,rational,Gaussian,matched,42,420011,5,20,10.6417777247591,1.06417777247591,1.59626665871387,1.59094576985149,5.32088886237947,0.944093258626198,0.889505409860118,0.935908872470481,1,1,1,42,0.1254,0,S2,E6_ablation,A1,-0.0076,0
0.1,0.0136379869033427,487,1061,5000,5000,5000,3.93535586707776e-05,0.0104907833294708,0.00515173416371848,0.0106595700249797,0.00511238060504771,0.483416776511058,1,1,0.1,0.217239080427303,0,0,1,10000,1,1,1,1,0,0.0974,0.2122,0.0974,0.2122,0.1,0.217239080427303,0.0894879641159508,0.105930189490209,0.201090170541444,0.223751718698131,0.0894879641159508,0.105930189490209,0.201090170541444,0.223751718698131,0.999232298054943,1,0.999232298054943,1,1,V0,all,0.1,0,A2,1.5,5,20,10,1,1,R0,0,0.5,1,0.2,rational,Gaussian,matched,42,420011,5,20,10.6417777247591,1.06417777247591,1.59626665871387,1.59094576985149,5.32088886237947,0.944093258626198,0.889505409860118,0.935908872470481,1,1,1,42,0.2122,0,S2,E6_ablation,A1,-0.0114,0
0.01,0.0350109455101907,52,118,5000,5000,5000,4.97856729722784e-05,0.0149471968527066,0.00513787833759444,0.0151210612900658,0.00508809266462216,0.338430485842686,1,1,0.01,0.0242594909712074,0,0,1,10000,1,1,1,1,0,0.0104,0.0236,0.0104,0.0236,0.01,0.0242594909712074,0.00793996463634238,0.0136117691082576,0.0197438914987378,0.0281875749145126,0.00793996463634238,0.0136117691082576,0.0197438914987378,0.0281875749145126,0.999232298054943,1,0.999232298054943,1,1,V0,all,0.01,0,A3,1.5,5,20,10,1,1,R1,0,0.5,1,0.2,rational,Gaussian,matched,42,420011,5,20,10.6417777247591,1.06417777247591,1.59626665871387,1.59094576985149,5.32088886237947,0.944093258626198,0.889505409860118,0.935908872470481,1,1,1,42,0.0236,0,S2,E6_ablation,A2,-0.0098,0
0.05,0.0247546299278998,263,480,5000,5000,5000,4.97856729722784e-05,0.0149471968527066,0.00513787833759444,0.0151210612900658,0.00508809266462216,0.338430485842686,1,1,0.05,0.0982997943579859,0,0,1,10000,1,1,1,1,0,0.0526,0.096,0.0526,0.096,0.05,0.0982997943579859,0.0467487102249782,0.0591382294754589,0.0881418935336837,0.104478409637923,0.0467487102249782,0.0591382294754589,0.0881418935336837,0.104478409637923,0.999232298054943,1,0.999232298054943,1,1,V0,all,0.05,0,A3,1.5,5,20,10,1,1,R1,0,0.5,1,0.2,rational,Gaussian,matched,42,420011,5,20,10.6417777247591,1.06417777247591,1.59626665871387,1.59094576985149,5.32088886237947,0.944093258626198,0.889505409860118,0.935908872470481,1,1,1,42,0.096,0,S2,E6_ablation,A2,-0.0294,0
0.1,0.0192870260421739,503,893,5000,5000,5000,4.97856729722784e-05,0.0149471968527066,0.00513787833759444,0.0151210612900658,0.00508809266462216,0.338430485842686,1,1,0.1,0.176704258158223,0,0,1,10000,1,1,1,1,0,0.1006,0.1786,0.1006,0.1786,0.1,0.176704258158223,0.0925666314556249,0.109246608858087,0.168231452231169,0.189462026579114,0.0925666314556249,0.109246608858087,0.168231452231169,0.189462026579114,0.999232298054943,1,0.999232298054943,1,1,V0,all,0.1,0,A3,1.5,5,20,10,1,1,R1,0,0.5,1,0.2,rational,Gaussian,matched,42,420011,5,20,10.6417777247591,1.06417777247591,1.59626665871387,1.59094576985149,5.32088886237947,0.944093258626198,0.889505409860118,0.935908872470481,1,1,1,42,0.1786,0,S2,E6_ablation,A2,-0.0336,0
0.01,0.0350109455101907,52,115,5000,4797,4793,8.28969376964853e-05,0.0149764060520135,0.00511050519904796,0.0151515955036867,0.00502760826135148,0.333744225059629,0.960005441285478,0.960005441285478,0.00960005441285478,0.023289243335175,0,0,6,9590,0.9594,0.9586,0.959,0.959,0.041,0.010840108401084,0.0239933235969122,0.0104,0.023,0.01,0.0242594909712074,0.00827634542246121,0.0141866873074688,0.02002723945369,0.0287218094419523,0.00793996463634238,0.0136117691082576,0.0191966460912995,0.027535741564285,0.953567570051844,0.964527065401037,0.952717018576879,0.963778845199115,1,V2,moderate,0.01,0,A4,1.5,5,20,10,1,1,R1,0,0.5,1,0.2,rational,Gaussian,matched,42,420011,5,20,10.6417777247591,1.06417777247591,1.59626665871387,1.59094576985149,5.32088886237947,0.944093258626198,0.889505409860118,0.935908872470481,1,1,0.960005441285478,42,0.023,0,S2,E6_ablation,A3,-0.0006,-0.0414
0.05,0.0247546299278998,255,459,5000,4797,4793,8.28969376964853e-05,0.0149764060520135,0.00511050519904796,0.0151515955036867,0.00502760826135148,0.333744225059629,0.960005441285478,0.960005441285478,0.0480002720642739,0.09436833746091,0,0,6,9590,0.9594,0.9586,0.959,0.959,0.041,0.0531582238899312,0.0957646567911538,0.051,0.0918,0.05,0.0982997943579859,0.0471595122530173,0.0598720286191775,0.0877546076550609,0.104422154227607,0.0452393871026712,0.0574500092439901,0.0841069013981498,0.100119850469795,0.953567570051844,0.964527065401037,0.952717018576879,0.963778845199115,1,V2,moderate,0.05,0,A4,1.5,5,20,10,1,1,R1,0,0.5,1,0.2,rational,Gaussian,matched,42,420011,5,20,10.6417777247591,1.06417777247591,1.59626665871387,1.59094576985149,5.32088886237947,0.944093258626198,0.889505409860118,0.935908872470481,1,1,0.960005441285478,42,0.0918,0,S2,E6_ablation,A3,-0.0042,-0.0414
0.1,0.0192870260421739,483,855,5000,4797,4793,8.28969376964853e-05,0.0149764060520135,0.00511050519904796,0.0151515955036867,0.00502760826135148,0.333744225059629,0.960005441285478,0.960005441285478,0.0960005441285478,0.169637049330208,0,0,6,9590,0.9594,0.9586,0.959,0.959,0.041,0.100687929956223,0.17838514500313,0.0966,0.171,0.1,0.176704258158223,0.092489416735582,0.109525473183097,0.167805766198671,0.189479642029527,0.088718716686586,0.105100665242686,0.16081741923937,0.181687728640477,0.953567570051844,0.964527065401037,0.952717018576879,0.963778845199115,1,V2,moderate,0.1,0,A4,1.5,5,20,10,1,1,R1,0,0.5,1,0.2,rational,Gaussian,matched,42,420011,5,20,10.6417777247591,1.06417777247591,1.59626665871387,1.59094576985149,5.32088886237947,0.944093258626198,0.889505409860118,0.935908872470481,1,1,0.960005441285478,42,0.171,0,S2,E6_ablation,A3,-0.0076,-0.0414
0.01,0.0350109455101907,38,89,5000,4005,3978,-8.38100448531391e-05,0.0148807613542288,0.00497896420647804,0.0150732189530981,0.00506277425133118,0.338029851246755,0.79218600278302,0.793108756124705,0.0079218600278302,0.0192404147083928,0,0,6,7983,0.801,0.7956,0.7983,0.7983,0.2017,0.00948813982521848,0.0223730517848165,0.0076,0.0178,0.01,0.0242594909712074,0.00692063243554207,0.0129957098895,0.018217164078609,0.0274505152354113,0.00554222319009683,0.0104138096853954,0.0144879455921639,0.0218524261636492,0.789704369328012,0.811833474101064,0.784197393719862,0.80654874089022,1,V2,moderate,0.01,0,A5,1.5,5,20,10,1,1,R1,1,0,1,0.2,rational,Gaussian,matched,42,420011,5,20,10.6417777247591,1.06417777247591,1.59626665871387,1.59094576985149,5.32088886237947,0.944093258626198,0.950418823909775,1,0.825189075722589,0.826150271672114,0.960005441285478,42,0.0178,0,S0,E6_ablation,A4,-0.0052,-0.163
0.05,0.0247546299278998,200,371,5000,4005,3978,-8.38100448531391e-05,0.0148807613542288,0.00497896420647804,0.0150732189530981,0.00506277425133118,0.338029851246755,0.79218600278302,0.793108756124705,0.039609300139151,0.0779624276305765,0,0,6,7983,0.801,0.7956,0.7983,0.7983,0.2017,0.0499375780274657,0.0932629462041227,0.04,0.0742,0.05,0.0982997943579859,0.0436124539565734,0.0571252436972258,0.0846144614822352,0.102696225428336,0.0349121444023272,0.0457941413871254,0.0672575237460062,0.0817962512304045,0.789704369328012,0.811833474101064,0.784197393719862,0.80654874089022,1,V2,moderate,0.05,0,A5,1.5,5,20,10,1,1,R1,1,0,1,0.2,rational,Gaussian,matched,42,420011,5,20,10.6417777247591,1.06417777247591,1.59626665871387,1.59094576985149,5.32088886237947,0.944093258626198,0.950418823909775,1,0.825189075722589,0.826150271672114,0.960005441285478,42,0.0742,0,S0,E6_ablation,A4,-0.0176,-0.163
0.1,0.0192870260421739,394,698,5000,4005,3978,-8.38100448531391e-05,0.0148807613542288,0.00497896420647804,0.0150732189530981,0.00506277425133118,0.338029851246755,0.79218600278302,0.793108756124705,0.079218600278302,0.140145694389807,0,0,6,7983,0.801,0.7956,0.7983,0.7983,0.2017,0.0983770287141074,0.175465057817999,0.0788,0.1396,0.1,0.176704258158223,0.0895345525269245,0.107989212619337,0.163959758345071,0.187596543757245,0.0716512430217134,0.0865954690968027,0.130270085957296,0.149483273604701,0.789704369328012,0.811833474101064,0.784197393719862,0.80654874089022,1,V2,moderate,0.1,0,A5,1.5,5,20,10,1,1,R1,1,0,1,0.2,rational,Gaussian,matched,42,420011,5,20,10.6417777247591,1.06417777247591,1.59626665871387,1.59094576985149,5.32088886237947,0.944093258626198,0.950418823909775,1,0.825189075722589,0.826150271672114,0.960005441285478,42,0.1396,0,S0,E6_ablation,A4,-0.0314,-0.163
0.01,0.0350109455101907,38,89,5000,4005,3971,-8.38100448531391e-05,0.0148807613542288,0.00497759801568319,0.0150646998196343,0.00506140806053633,0.338035373788529,0.79218600278302,0.791274277650438,0.0079218600278302,0.0191959111944094,0,0,6,7976,0.801,0.7942,0.7976,0.7976,0.2024,0.00948813982521848,0.0224124905565349,0.0076,0.0178,0.01,0.0242594909712074,0.00692063243554207,0.0129957098895,0.0182493381666238,0.0274987654255746,0.00554222319009683,0.0104138096853954,0.0144879455921639,0.0218524261636492,0.789704369328012,0.811833474101064,0.782770165102737,0.805178119072792,1,V2,moderate,0.01,0,A5,1.5,5,20,10,1,1,R1,1,0.1,1,0.2,rational,Gaussian,matched,42,420011,5,20,10.6417777247591,1.06417777247591,1.59626665871387,1.59094576985149,5.32088886237947,0.944093258626198,0.937911243665622,0.98683992790389,0.825189075722589,0.824239367425769,0.960005441285478,42,0.0178,0,S1,E6_ablation,A4,-0.0052,-0.1644
0.05,0.0247546299278998,200,369,5000,4005,3971,-8.38100448531391e-05,0.0148807613542288,0.00497759801568319,0.0150646998196343,0.00506140806053633,0.338035373788529,0.79218600278302,0.791274277650438,0.039609300139151,0.0777820987738019,0,0,6,7976,0.801,0.7942,0.7976,0.7976,0.2024,0.0499375780274657,0.0929236968018131,0.04,0.0738,0.05,0.0982997943579859,0.0436124539565734,0.0571252436972258,0.0842829997621648,0.102351226157576,0.0349121444023272,0.0457941413871254,0.0668758348861686,0.0813785542517981,0.789704369328012,0.811833474101064,0.782770165102737,0.805178119072792,1,V2,moderate,0.05,0,A5,1.5,5,20,10,1,1,R1,1,0.1,1,0.2,rational,Gaussian,matched,42,420011,5,20,10.6417777247591,1.06417777247591,1.59626665871387,1.59094576985149,5.32088886237947,0.944093258626198,0.937911243665622,0.98683992790389,0.825189075722589,0.824239367425769,0.960005441285478,42,0.0738,0,S1,E6_ablation,A4,-0.018,-0.1644
0.1,0.0192870260421739,394,696,5000,4005,3971,-8.38100448531391e-05,0.0148807613542288,0.00497759801568319,0.0150646998196343,0.00506140806053633,0.338035373788529,0.79218600278302,0.791274277650438,0.079218600278302,0.139821534231905,0,0,6,7976,0.801,0.7942,0.7976,0.7976,0.2024,0.0983770287141074,0.175270712666835,0.0788,0.1392,0.1,0.176704258158223,0.0895345525269245,0.107989212619337,0.163760893928191,0.187408196281216,0.0716512430217134,0.0865954690968027,0.129881917906481,0.149072055817072,0.789704369328012,0.811833474101064,0.782770165102737,0.805178119072792,1,V2,moderate,0.1,0,A5,1.5,5,20,10,1,1,R1,1,0.1,1,0.2,rational,Gaussian,matched,42,420011,5,20,10.6417777247591,1.06417777247591,1.59626665871387,1.59094576985149,5.32088886237947,0.944093258626198,0.937911243665622,0.98683992790389,0.825189075722589,0.824239367425769,0.960005441285478,42,0.1392,0,S1,E6_ablation,A4,-0.0318,-0.1644
0.01,0.0350109455101907,38,88,5000,4005,3924,-8.38100448531391e-05,0.0148807613542288,0.00498918490173872,0.0150526770813746,0.00507299494659186,0.33894611158114,0.79218600278302,0.78377769012475,0.0079218600278302,0.0190140477970151,0,0,6,7929,0.801,0.7848,0.7929,0.7929,0.2071,0.00948813982521848,0.0224260958205912,0.0076,0.0176,0.01,0.0242594909712074,0.00692063243554207,0.0129957098895,0.0182392244914847,0.0275471089708365,0.00554222319009683,0.0104138096853954,0.0143082495554921,0.021632429281099,0.789704369328012,0.811833474101064,0.77319258387232,0.795970133099776,1,V2,moderate,0.01,0,A5,1.5,5,20,10,1,1,R1,1,0.5,1,0.2,rational,Gaussian,matched,42,420011,5,20,10.6417777247591,1.06417777247591,1.59626665871387,1.59094576985149,5.32088886237947,0.944093258626198,0.889505409860118,0.935908872470481,0.825189075722589,0.816430466347406,0.960005441285478,42,0.0176,0,S2,E6_ablation,A4,-0.0054,-0.1738
0.05,0.0247546299278998,200,364,5000,4005,3924,-8.38100448531391e-05,0.0148807613542288,0.00498918490173872,0.0150526770813746,0.00507299494659186,0.33894611158114,0.79218600278302,0.78377769012475,0.039609300139151,0.0770451857616401,0,0,6,7929,0.801,0.7848,0.7929,0.7929,0.2071,0.0499375780274657,0.0927624872579001,0.04,0.0728,0.05,0.0982997943579859,0.0436124539565734,0.0571252436972258,0.0840797219533713,0.102241815332002,0.0349121444023272,0.0457941413871254,0.0659218840466222,0.0803340404952346,0.789704369328012,0.811833474101064,0.77319258387232,0.795970133099776,1,V2,moderate,0.05,0,A5,1.5,5,20,10,1,1,R1,1,0.5,1,0.2,rational,Gaussian,matched,42,420011,5,20,10.6417777247591,1.06417777247591,1.59626665871387,1.59094576985149,5.32088886237947,0.944093258626198,0.889505409860118,0.935908872470481,0.825189075722589,0.816430466347406,0.960005441285478,42,0.0728,0,S2,E6_ablation,A4,-0.019,-0.1738
0.1,0.0192870260421739,394,689,5000,4005,3924,-8.38100448531391e-05,0.0148807613542288,0.00498918490173872,0.0150526770813746,0.00507299494659186,0.33894611158114,0.79218600278302,0.78377769012475,0.079218600278302,0.13849685529446,0,0,6,7929,0.801,0.7848,0.7929,0.7929,0.2071,0.0983770287141074,0.175586136595311,0.0788,0.1378,0.1,0.176704258158223,0.0895345525269245,0.107989212619337,0.164000777957585,0.187806053684642,0.0716512430217134,0.0865954690968027,0.128523540363732,0.147632582925267,0.789704369328012,0.811833474101064,0.77319258387232,0.795970133099776,1,V2,moderate,0.1,0,A5,1.5,5,20,10,1,1,R1,1,0.5,1,0.2,rational,Gaussian,matched,42,420011,5,20,10.6417777247591,1.06417777247591,1.59626665871387,1.59094576985149,5.32088886237947,0.944093258626198,0.889505409860118,0.935908872470481,0.825189075722589,0.816430466347406,0.960005441285478,42,0.1378,0,S2,E6_ablation,A4,-0.0332,-0.1738
0.01,0.0350109455101907,38,83,5000,4005,3832,-8.38100448531391e-05,0.0148807613542288,0.00493407511608199,0.0150147105251132,0.00501788516093513,0.335691961199784,0.79218600278302,0.763913962744454,0.0079218600278302,0.0185321638819783,0,0,6,7837,0.801,0.7664,0.7837,0.7837,0.2163,0.00948813982521848,0.0216597077244259,0.0076,0.0166,0.01,0.0242594909712074,0.00692063243554207,0.0129957098895,0.0175072177566261,0.0267702792786426,0.00554222319009683,0.0104138096853954,0.013411609285621,0.0205306049548602,0.789704369328012,0.811833474101064,0.754470114086344,0.77792085431733,1,V2,moderate,0.01,0,A5,1.5,5,20,10,1,1,R1,1,1.5,1,0.2,rational,Gaussian,matched,42,420011,5,20,10.6417777247591,1.06417777247591,1.59626665871387,1.59094576985149,5.32088886237947,0.944093258626198,0.779140397561579,0.819786369925207,0.825189075722589,0.795739200937808,0.960005441285478,42,0.0166,0,S3,E6_ablation,A4,-0.0064,-0.1922
0.05,0.0247546299278998,200,353,5000,4005,3832,-8.38100448531391e-05,0.0148807613542288,0.00493407511608199,0.0150147105251132,0.00501788516093513,0.335691961199784,0.79218600278302,0.763913962744454,0.039609300139151,0.0750925854449739,0,0,6,7837,0.801,0.7664,0.7837,0.7837,0.2163,0.0499375780274657,0.0921189979123173,0.04,0.0706,0.05,0.0982997943579859,0.0436124539565734,0.0571252436972258,0.083366558245075,0.101688394218714,0.0349121444023272,0.0457941413871254,0.0638245879235925,0.0780347145068226,0.789704369328012,0.811833474101064,0.754470114086344,0.77792085431733,1,V2,moderate,0.05,0,A5,1.5,5,20,10,1,1,R1,1,1.5,1,0.2,rational,Gaussian,matched,42,420011,5,20,10.6417777247591,1.06417777247591,1.59626665871387,1.59094576985149,5.32088886237947,0.944093258626198,0.779140397561579,0.819786369925207,0.825189075722589,0.795739200937808,0.960005441285478,42,0.0706,0,S3,E6_ablation,A4,-0.0212,-0.1922
0.1,0.0192870260421739,394,665,5000,4005,3832,-8.38100448531391e-05,0.0148807613542288,0.00493407511608199,0.0150147105251132,0.00501788516093513,0.335691961199784,0.79218600278302,0.763913962744454,0.079218600278302,0.134986850083468,0,0,6,7837,0.801,0.7664,0.7837,0.7837,0.2163,0.0983770287141074,0.173538622129436,0.0788,0.133,0.1,0.176704258158223,0.0895345525269245,0.107989212619337,0.161876404298065,0.185854718883125,0.0716512430217134,0.0865954690968027,0.12386878426711,0.142694708960562,0.789704369328012,0.811833474101064,0.754470114086344,0.77792085431733,1,V2,moderate,0.1,0,A5,1.5,5,20,10,1,1,R1,1,1.5,1,0.2,rational,Gaussian,matched,42,420011,5,20,10.6417777247591,1.06417777247591,1.59626665871387,1.59094576985149,5.32088886237947,0.944093258626198,0.779140397561579,0.819786369925207,0.825189075722589,0.795739200937808,0.960005441285478,42,0.133,0,S3,E6_ablation,A4,-0.038,-0.1922
0.01,0,0,5000,5000,5000,5000,0,0,0.00577350269189634,1.98645703563029e-16,0.00577350269189634,41103158350901.3,1,1,0,1,0,0,1,10000,1,1,1,1,0,0,1,0,1,0,1,0,0.000767701945057125,0.999232298054943,1,0,0.000767701945057125,0.999232298054943,1,0.999232298054943,1,0.999232298054943,1,1,V0,all,0.01,0,A0,1.5,5,30,0,0,0,R0,0,0.5,1,0.2,rational,Gaussian,matched,42,420012,5,30,0,1,1.73205080756888,1.72627730487698,5.77350269189614,0.739008344562721,0.62974838356686,0.846481724890614,1,1,1,42,1,0,S2,E6_ablation,,NaN,NaN
0.05,0,0,5000,5000,5000,5000,0,0,0.00577350269189634,1.98645703563029e-16,0.00577350269189634,41103158350901.3,1,1,0,1,0,0,1,10000,1,1,1,1,0,0,1,0,1,0,1,0,0.000767701945057125,0.999232298054943,1,0,0.000767701945057125,0.999232298054943,1,0.999232298054943,1,0.999232298054943,1,1,V0,all,0.05,0,A0,1.5,5,30,0,0,0,R0,0,0.5,1,0.2,rational,Gaussian,matched,42,420012,5,30,0,1,1.73205080756888,1.72627730487698,5.77350269189614,0.739008344562721,0.62974838356686,0.846481724890614,1,1,1,42,1,0,S2,E6_ablation,,NaN,NaN
0.1,0,0,5000,5000,5000,5000,0,0,0.00577350269189634,1.98645703563029e-16,0.00577350269189634,41103158350901.3,1,1,0,1,0,0,1,10000,1,1,1,1,0,0,1,0,1,0,1,0,0.000767701945057125,0.999232298054943,1,0,0.000767701945057125,0.999232298054943,1,0.999232298054943,1,0.999232298054943,1,1,V0,all,0.1,0,A0,1.5,5,30,0,0,0,R0,0,0.5,1,0.2,rational,Gaussian,matched,42,420012,5,30,0,1,1.73205080756888,1.72627730487698,5.77350269189614,0.739008344562721,0.62974838356686,0.846481724890614,1,1,1,42,1,0,S2,E6_ablation,,NaN,NaN
0.01,0.0232634787404084,45,209,5000,5000,5000,-0.000157784982746095,0.00997805281887773,0.00579333750216214,0.0098434131179564,0.00595112248490823,0.600458635817343,1,1,0.01,0.0401457167142491,0,0,1,10000,1,1,1,1,0,0.009,0.0418,0.009,0.0418,0.01,0.0401457167142491,0.00673322861097761,0.0120206546990685,0.0365954747193083,0.0477080473431421,0.00673322861097761,0.0120206546990685,0.0365954747193083,0.0477080473431421,0.999232298054943,1,0.999232298054943,1,1,V0,all,0.01,0,A1,1.5,5,30,10,0,0,R0,0,0.5,1,0.2,rational,Gaussian,matched,42,420012,5,30,10,1,1.73205080756888,1.72627730487698,5.77350269189614,0.739008344562721,0.62974838356686,0.846481724890614,1,1,1,42,0.0418,0,S2,E6_ablation,A0,-0.9582,0
0.05,0.0164485362695147,225,680,5000,5000,5000,-0.000157784982746095,0.00997805281887773,0.00579333750216214,0.0098434131179564,0.00595112248490823,0.600458635817343,1,1,0.05,0.14287229910437,0,0,1,10000,1,1,1,1,0,0.045,0.136,0.045,0.136,0.05,0.14287229910437,0.0395948274633155,0.0511037813066865,0.126777541696987,0.145781345319015,0.0395948274633155,0.0511037813066865,0.126777541696987,0.145781345319015,0.999232298054943,1,0.999232298054943,1,1,V0,all,0.05,0,A1,1.5,5,30,10,0,0,R0,0,0.5,1,0.2,rational,Gaussian,matched,42,420012,5,30,10,1,1.73205080756888,1.72627730487698,5.77350269189614,0.739008344562721,0.62974838356686,0.846481724890614,1,1,1,42,0.136,0,S2,E6_ablation,A0,-0.864,0
0.1,0.012815515655446,465,1168,5000,5000,5000,-0.000157784982746095,0.00997805281887773,0.00579333750216214,0.0098434131179564,0.00595112248490823,0.600458635817343,1,1,0.1,0.240653711918157,0,0,1,10000,1,1,1,1,0,0.093,0.2336,0.093,0.2336,0.1,0.240653711918157,0.0852592531728732,0.101365656210403,0.22207914568267,0.245529885913656,0.0852592531728732,0.101365656210403,0.22207914568267,0.245529885913656,0.999232298054943,1,0.999232298054943,1,1,V0,all,0.1,0,A1,1.5,5,30,10,0,0,R0,0,0.5,1,0.2,rational,Gaussian,matched,42,420012,5,30,10,1,1.73205080756888,1.72627730487698,5.77350269189614,0.739008344562721,0.62974838356686,0.846481724890614,1,1,1,42,0.2336,0,S2,E6_ablation,A0,-0.7664,0
0.01,0.0290793484255105,45,169,5000,5000,5000,-0.000197231228432619,0.0124725660235972,0.00579829620472864,0.0123042663974455,0.00599552743316126,0.483951218634947,1,1,0.01,0.0311280296003832,0,0,1,10000,1,1,1,1,0,0.009,0.0338,0.009,0.0338,0.01,0.0311280296003832,0.00673322861097761,0.0120206546990685,0.0291380055724029,0.0391777997211683,0.00673322861097761,0.0120206546990685,0.0291380055724029,0.0391777997211683,0.999232298054943,1,0.999232298054943,1,1,V0,all,0.01,0,A2,1.5,5,30,10,1,1,R0,0,0.5,1,0.2,rational,Gaussian,matched,42,420012,5,30,12.5,1.25,1.73205080756888,1.72627730487698,5.77350269189614,0.739008344562721,0.62974838356686,0.846481724890614,1,1,1,42,0.0338,0,S2,E6_ablation,A1,-0.008,0
0.05,0.0205606703368934,225,582,5000,5000,5000,-0.000197231228432619,0.0124725660235972,0.00579829620472864,0.0123042663974455,0.00599552743316126,0.483951218634947,1,1,0.05,0.118409842534648,0,0,1,10000,1,1,1,1,0,0.045,0.1164,0.045,0.1164,0.05,0.118409842534648,0.0395948274633155,0.0511037813066865,0.107803727388987,0.125585253543261,0.0395948274633155,0.0511037813066865,0.107803727388987,0.125585253543261,0.999232298054943,1,0.999232298054943,1,1,V0,all,0.05,0,A2,1.5,5,30,10,1,1,R0,0,0.5,1,0.2,rational,Gaussian,matched,42,420012,5,30,12.5,1.25,1.73205080756888,1.72627730487698,5.77350269189614,0.739008344562721,0.62974838356686,0.846481724890614,1,1,1,42,0.1164,0,S2,E6_ablation,A1,-0.0196,0
0.1,0.0160193945693075,465,995,5000,5000,5000,-0.000197231228432619,0.0124725660235972,0.00579829620472864,0.0123042663974455,0.00599552743316126,0.483951218634947,1,1,0.1,0.206201743352151,0,0,1,10000,1,1,1,1,0,0.093,0.199,0.093,0.199,0.1,0.206201743352151,0.0852592531728732,0.101365656210403,0.188166525898936,0.210295630671988,0.0852592531728732,0.101365656210403,0.188166525898936,0.210295630671988,0.999232298054943,1,0.999232298054943,1,1,V0,all,0.1,0,A2,1.5,5,30,10,1,1,R0,0,0.5,1,0.2,rational,Gaussian,matched,42,420012,5,30,12.5,1.25,1.73205080756888,1.72627730487698,5.77350269189614,0.739008344562721,0.62974838356686,0.846481724890614,1,1,1,42,0.199,0,S2,E6_ablation,A1,-0.0346,0
0.01,0.0411244089283297,50,121,5000,5000,5000,-0.000142556512767644,0.0176617225419866,0.00611997469278665,0.0173688574585897,0.00626253120555429,0.357534037970373,1,1,0.01,0.0227636740281539,0,0,1,10000,1,1,1,1,0,0.01,0.0242,0.01,0.0242,0.01,0.0227636740281539,0.00759377281394657,0.0131585750922094,0.0202918413920298,0.0288387037788865,0.00759377281394657,0.0131585750922094,0.0202918413920298,0.0288387037788865,0.999232298054943,1,0.999232298054943,1,1,V0,all,0.01,0,A3,1.5,5,30,10,1,1,R1,0,0.5,1,0.2,rational,Gaussian,matched,42,420012,5,30,12.5,1.25,1.73205080756888,1.72627730487698,5.77350269189614,0.739008344562721,0.62974838356686,0.846481724890614,1,1,1,42,0.0242,0,S2,E6_ablation,A2,-0.0096,0
0.05,0.0290771788419169,249,474,5000,5000,5000,-0.000142556512767644,0.0176617225419866,0.00611997469278665,0.0173688574585897,0.00626253120555429,0.357534037970373,1,1,0.05,0.0937091506439053,0,0,1,10000,1,1,1,1,0,0.0498,0.0948,0.0498,0.0948,0.05,0.0937091506439053,0.0441084778641927,0.0561827609671367,0.086988539811429,0.103233605844845,0.0441084778641927,0.0561827609671367,0.086988539811429,0.103233605844845,0.999232298054943,1,0.999232298054943,1,1,V0,all,0.05,0,A3,1.5,5,30,10,1,1,R1,0,0.5,1,0.2,rational,Gaussian,matched,42,420012,5,30,12.5,1.25,1.73205080756888,1.72627730487698,5.77350269189614,0.739008344562721,0.62974838356686,0.846481724890614,1,1,1,42,0.0948,0,S2,E6_ablation,A2,-0.0216,0
0.1,0.0226548450609206,483,862,5000,5000,5000,-0.000142556512767644,0.0176617225419866,0.00611997469278665,0.0173688574585897,0.00626253120555429,0.357534037970373,1,1,0.1,0.169800749687903,0,0,1,10000,1,1,1,1,0,0.0966,0.1724,0.0966,0.1724,0.1,0.169800749687903,0.088718716686586,0.105100665242686,0.162182611241505,0.183120387072896,0.088718716686586,0.105100665242686,0.162182611241505,0.183120387072896,0.999232298054943,1,0.999232298054943,1,1,V0,all,0.1,0,A3,1.5,5,30,10,1,1,R1,0,0.5,1,0.2,rational,Gaussian,matched,42,420012,5,30,12.5,1.25,1.73205080756888,1.72627730487698,5.77350269189614,0.739008344562721,0.62974838356686,0.846481724890614,1,1,1,42,0.1724,0,S2,E6_ablation,A2,-0.0266,0
0.01,0.0411244089283297,47,116,5000,4581,4518,-0.000132387347447485,0.0176427165663314,0.00620972790816231,0.0174539535435571,0.0063421152556098,0.361403147868413,0.909152456484256,0.909152456484256,0.00909152456484256,0.0206956501613029,0,0,6,9099,0.9162,0.9036,0.9099,0.9099,0.0901,0.0102597686094739,0.0256750774679062,0.0094,0.0232,0.01,0.0227636740281539,0.00772452365081875,0.0136156818283606,0.0214504839493618,0.0307055814431215,0.00707655721568871,0.0124767119328013,0.0193789813288477,0.0277530992459587,0.908196448769307,0.923564516131627,0.895106742536223,0.911473568453727,1,V2,moderate,0.01,0,A4,1.5,5,30,10,1,1,R1,0,0.5,1,0.2,rational,Gaussian,matched,42,420012,5,30,12.5,1.25,1.73205080756888,1.72627730487698,5.77350269189614,0.739008344562721,0.62974838356686,0.846481724890614,1,1,0.909152456484256,42,0.0232,0,S2,E6_ablation,A3,-0.001,-0.0964
0.05,0.0290771788419169,234,438,5000,4581,4518,-0.000132387347447485,0.0176427165663314,0.00620972790816231,0.0174539535435571,0.0063421152556098,0.361403147868413,0.909152456484256,0.909152456484256,0.0454576228242128,0.0851959045029597,0,0,6,9099,0.9162,0.9036,0.9099,0.9099,0.0901,0.0510805500982318,0.0969455511288181,0.0468,0.0876,0.05,0.0937091506439053,0.0450728196817018,0.0578405445117158,0.088657113468154,0.105918805841091,0.0412854955836611,0.0530103494593387,0.0800769723797629,0.0957562281845203,0.908196448769307,0.923564516131627,0.895106742536223,0.911473568453727,1,V2,moderate,0.05,0,A4,1.5,5,30,10,1,1,R1,0,0.5,1,0.2,rational,Gaussian,matched,42,420012,5,30,12.5,1.25,1.73205080756888,1.72627730487698,5.77350269189614,0.739008344562721,0.62974838356686,0.846481724890614,1,1,0.909152456484256,42,0.0876,0,S2,E6_ablation,A3,-0.0072,-0.0964
0.1,0.0226548450609206,442,789,5000,4581,4518,-0.000132387347447485,0.0176427165663314,0.00620972790816231,0.0174539535435571,0.0063421152556098,0.361403147868413,0.909152456484256,0.909152456484256,0.0909152456484256,0.154374768691625,0,0,6,9099,0.9162,0.9036,0.9099,0.9099,0.0901,0.0964854835188823,0.174634794156707,0.0884,0.1578,0.1,0.169800749687903,0.0882704628682451,0.10537668214101,0.163842051360201,0.185980354671974,0.0808441727170751,0.096587799524096,0.147958453109868,0.168166962101329,0.908196448769307,0.923564516131627,0.895106742536223,0.911473568453727,1,V2,moderate,0.1,0,A4,1.5,5,30,10,1,1,R1,0,0.5,1,0.2,rational,Gaussian,matched,42,420012,5,30,12.5,1.25,1.73205080756888,1.72627730487698,5.77350269189614,0.739008344562721,0.62974838356686,0.846481724890614,1,1,0.909152456484256,42,0.1578,0,S2,E6_ablation,A3,-0.0146,-0.0964
0.01,0.0411244089283297,35,96,5000,3608,3564,-0.000108928858523886,0.0175943725342882,0.00657552824002776,0.017362459072561,0.00668445709855165,0.382432256719879,0.715511481566694,0.716527209846387,0.00715511481566694,0.0163107918372457,0,0,6,7172,0.7216,0.7128,0.7172,0.7172,0.2828,0.00970066518847007,0.0269360269360269,0.007,0.0192,0.01,0.0227636740281539,0.00698342876085523,0.0134608403640704,0.0221087057755304,0.0327820344888723,0.00503763509410314,0.00971931902372318,0.0157490175491223,0.0233892046412447,0.70900992449594,0.733849830002011,0.700099181810442,0.725174084241741,1,V2,moderate,0.01,0,A5,1.5,5,30,10,1,1,R1,1,0,1,0.2,rational,Gaussian,matched,42,420012,5,30,12.5,1.25,1.73205080756888,1.72627730487698,5.77350269189614,0.739008344562721,0.743959810412019,1,0.787009347512097,0.788126572981212,0.909152456484256,42,0.0192,0,S0,E6_ablation,A4,-0.004,-0.1908
0.05,0.0290771788419169,183,354,5000,3608,3564,-0.000108928858523886,0.0175943725342882,0.00657552824002776,0.017362459072561,0.00668445709855165,0.382432256719879,0.715511481566694,0.716527209846387,0.0357755740783347,0.0671451562479522,0,0,6,7172,0.7216,0.7128,0.7172,0.7172,0.2828,0.0507206208425721,0.0993265993265993,0.0366,0.0708,0.05,0.0937091506439053,0.0440264815163066,0.058370443442147,0.0899341684081464,0.109581832242842,0.031740768074031,0.042170738088648,0.0640151703735282,0.0782438249761088,0.70900992449594,0.733849830002011,0.700099181810442,0.725174084241741,1,V2,moderate,0.05,0,A5,1.5,5,30,10,1,1,R1,1,0,1,0.2,rational,Gaussian,matched,42,420012,5,30,12.5,1.25,1.73205080756888,1.72627730487698,5.77350269189614,0.739008344562721,0.743959810412019,1,0.787009347512097,0.788126572981212,0.909152456484256,42,0.0708,0,S0,E6_ablation,A4,-0.0168,-0.1908
0.1,0.0226548450609206,345,626,5000,3608,3564,-0.000108928858523886,0.0175943725342882,0.00657552824002776,0.017362459072561,0.00668445709855165,0.382432256719879,0.715511481566694,0.716527209846387,0.0715511481566694,0.121666857403698,0,0,6,7172,0.7216,0.7128,0.7172,0.7172,0.2828,0.0956208425720621,0.175645342312009,0.069,0.1252,0.1,0.169800749687903,0.0864509218150714,0.105650937231433,0.163503764787136,0.188485378596997,0.0623005248874216,0.0763612341892176,0.116313569000752,0.134661900377263,0.70900992449594,0.733849830002011,0.700099181810442,0.725174084241741,1,V2,moderate,0.1,0,A5,1.5,5,30,10,1,1,R1,1,0,1,0.2,rational,Gaussian,matched,42,420012,5,30,12.5,1.25,1.73205080756888,1.72627730487698,5.77350269189614,0.739008344562721,0.743959810412019,1,0.787009347512097,0.788126572981212,0.909152456484256,42,0.1252,0,S0,E6_ablation,A4,-0.0326,-0.1908
0.01,0.0411244089283297,35,95,5000,3608,3535,-0.000108928858523886,0.0175943725342882,0.00657730179857106,0.0173487889511159,0.00668623065709494,0.382682347510978,0.715511481566694,0.71141817879235,0.00715511481566694,0.0161944915197319,0,0,6,7143,0.7216,0.707,0.7143,0.7143,0.2857,0.00970066518847007,0.0268741159830269,0.007,0.019,0.01,0.0227636740281539,0.00698342876085523,0.0134608403640704,0.0220349443121364,0.0327404563596108,0.00503763509410314,0.00971931902372318,0.0155685340577751,0.0231699952133699,0.70900992449594,0.733849830002011,0.694229365775962,0.719452805618784,1,V2,moderate,0.01,0,A5,1.5,5,30,10,1,1,R1,1,0.1,1,0.2,rational,Gaussian,matched,42,420012,5,30,12.5,1.25,1.73205080756888,1.72627730487698,5.77350269189614,0.739008344562721,0.719569906742045,0.967216100482006,0.787009347512097,0.782507019277542,0.909152456484256,42,0.019,0,S1,E6_ablation,A4,-0.0042,-0.1966
0.05,0.0290771788419169,183,351,5000,3608,3535,-0.000108928858523886,0.0175943725342882,0.00657730179857106,0.0173487889511159,0.00668623065709494,0.382682347510978,0.715511481566694,0.71141817879235,0.0357755740783347,0.0666663932872651,0,0,6,7143,0.7216,0.707,0.7143,0.7143,0.2857,0.0507206208425721,0.0992927864214993,0.0366,0.0702,0.05,0.0937091506439053,0.0440264815163066,0.058370443442147,0.0898651690627872,0.109590349652627,0.031740768074031,0.042170738088648,0.0634434723454752,0.0776164442464959,0.70900992449594,0.733849830002011,0.694229365775962,0.719452805618784,1,V2,moderate,0.05,0,A5,1.5,5,30,10,1,1,R1,1,0.1,1,0.2,rational,Gaussian,matched,42,420012,5,30,12.5,1.25,1.73205080756888,1.72627730487698,5.77350269189614,0.739008344562721,0.719569906742045,0.967216100482006,0.787009347512097,0.782507019277542,0.909152456484256,42,0.0702,0,S1,E6_ablation,A4,-0.0174,-0.1966
0.1,0.0226548450609206,345,623,5000,3608,3535,-0.000108928858523886,0.0175943725342882,0.00657730179857106,0.0173487889511159,0.00668623065709494,0.382682347510978,0.715511481566694,0.71141817879235,0.0715511481566694,0.120799340100543,0,0,6,7143,0.7216,0.707,0.7143,0.7143,0.2857,0.0956208425720621,0.176237623762376,0.069,0.1246,0.1,0.169800749687903,0.0864509218150714,0.105650937231433,0.164030566729499,0.189147577407311,0.0623005248874216,0.0763612341892176,0.11573286771573,0.134043522904619,0.70900992449594,0.733849830002011,0.694229365775962,0.719452805618784,1,V2,moderate,0.1,0,A5,1.5,5,30,10,1,1,R1,1,0.1,1,0.2,rational,Gaussian,matched,42,420012,5,30,12.5,1.25,1.73205080756888,1.72627730487698,5.77350269189614,0.739008344562721,0.719569906742045,0.967216100482006,0.787009347512097,0.782507019277542,0.909152456484256,42,0.1246,0,S1,E6_ablation,A4,-0.0332,-0.1966
0.01,0.0411244089283297,35,95,5000,3608,3432,-0.000108928858523886,0.0175943725342882,0.00664846206488948,0.0173765034846885,0.00675739092341336,0.386450701778387,0.715511481566694,0.690013142810378,0.00715511481566694,0.0157072342580774,0,0,6,7040,0.7216,0.6864,0.704,0.704,0.296,0.00970066518847007,0.0276806526806527,0.007,0.019,0.01,0.0227636740281539,0.00698342876085523,0.0134608403640704,0.0226977717646424,0.0337196913645288,0.00503763509410314,0.00971931902372318,0.0155685340577751,0.0231699952133699,0.70900992449594,0.733849830002011,0.673401077147742,0.699112723567141,1,V2,moderate,0.01,0,A5,1.5,5,30,10,1,1,R1,1,0.5,1,0.2,rational,Gaussian,matched,42,420012,5,30,12.5,1.25,1.73205080756888,1.72627730487698,5.77350269189614,0.739008344562721,0.62974838356686,0.846481724890614,0.787009347512097,0.758963073672702,0.909152456484256,42,0.019,0,S2,E6_ablation,A4,-0.0042,-0.2172
0.05,0.0290771788419169,183,346,5000,3608,3432,-0.000108928858523886,0.0175943725342882,0.00664846206488948,0.0173765034846885,0.00675739092341336,0.386450701778387,0.715511481566694,0.690013142810378,0.0357755740783347,0.0646605455458923,0,0,6,7040,0.7216,0.6864,0.704,0.704,0.296,0.0507206208425721,0.100815850815851,0.0366,0.0692,0.05,0.0937091506439053,0.0440264815163066,0.058370443442147,0.0911848043806609,0.111339516709385,0.031740768074031,0.042170738088648,0.0624909741527672,0.076570477843094,0.70900992449594,0.733849830002011,0.673401077147742,0.699112723567141,1,V2,moderate,0.05,0,A5,1.5,5,30,10,1,1,R1,1,0.5,1,0.2,rational,Gaussian,matched,42,420012,5,30,12.5,1.25,1.73205080756888,1.72627730487698,5.77350269189614,0.739008344562721,0.62974838356686,0.846481724890614,0.787009347512097,0.758963073672702,0.909152456484256,42,0.0692,0,S2,E6_ablation,A4,-0.0184,-0.2172
0.1,0.0226548450609206,345,609,5000,3608,3432,-0.000108928858523886,0.0175943725342882,0.00664846206488948,0.0173765034846885,0.00675739092341336,0.386450701778387,0.715511481566694,0.690013142810378,0.0715511481566694,0.117164748943708,0,0,6,7040,0.7216,0.6864,0.704,0.704,0.296,0.0956208425720621,0.177447552447552,0.069,0.1218,0.1,0.169800749687903,0.0864509218150714,0.105650937231433,0.165028464126334,0.190587903352995,0.0623005248874216,0.0763612341892176,0.113023848614585,0.131156841136656,0.70900992449594,0.733849830002011,0.673401077147742,0.699112723567141,1,V2,moderate,0.1,0,A5,1.5,5,30,10,1,1,R1,1,0.5,1,0.2,rational,Gaussian,matched,42,420012,5,30,12.5,1.25,1.73205080756888,1.72627730487698,5.77350269189614,0.739008344562721,0.62974838356686,0.846481724890614,0.787009347512097,0.758963073672702,0.909152456484256,42,0.1218,0,S2,E6_ablation,A4,-0.036,-0.2172
0.01,0.0411244089283297,35,86,5000,3608,3103,-0.000108928858523886,0.0175943725342882,0.00670752581166395,0.0174352534715951,0.00681645467018783,0.389178254223342,0.715511481566694,0.629943493269568,0.00715511481566694,0.014339828336945,0,0,6,6711,0.7216,0.6206,0.6711,0.6711,0.3289,0.00970066518847007,0.0277151144054141,0.007,0.0172,0.01,0.0227636740281539,0.00698342876085523,0.0134608403640704,0.0224973781489172,0.0341007653841103,0.00503763509410314,0.00971931902372318,0.0139492192474458,0.0211920737507014,0.70900992449594,0.733849830002011,0.607062403997868,0.633952426292984,1,V2,moderate,0.01,0,A5,1.5,5,30,10,1,1,R1,1,1.5,1,0.2,rational,Gaussian,matched,42,420012,5,30,12.5,1.25,1.73205080756888,1.72627730487698,5.77350269189614,0.739008344562721,0.451234434608887,0.606530659712633,0.787009347512097,0.692890932402685,0.909152456484256,42,0.0172,0,S3,E6_ablation,A4,-0.006,-0.283
0.05,0.0290771788419169,183,317,5000,3608,3103,-0.000108928858523886,0.0175943725342882,0.00670752581166395,0.0174352534715951,0.00681645467018783,0.389178254223342,0.715511481566694,0.629943493269568,0.0357755740783347,0.0590314697079459,0,0,6,6711,0.7216,0.6206,0.6711,0.6711,0.3289,0.0507206208425721,0.102159200773445,0.0366,0.0634,0.05,0.0937091506439053,0.0440264815163066,0.058370443442147,0.0919903121518618,0.113311911110862,0.031740768074031,0.042170738088648,0.0569750881353032,0.0704952692031207,0.70900992449594,0.733849830002011,0.607062403997868,0.633952426292984,1,V2,moderate,0.05,0,A5,1.5,5,30,10,1,1,R1,1,1.5,1,0.2,rational,Gaussian,matched,42,420012,5,30,12.5,1.25,1.73205080756888,1.72627730487698,5.77350269189614,0.739008344562721,0.451234434608887,0.606530659712633,0.787009347512097,0.692890932402685,0.909152456484256,42,0.0634,0,S3,E6_ablation,A4,-0.0242,-0.283
0.1,0.0226548450609206,345,562,5000,3608,3103,-0.000108928858523886,0.0175943725342882,0.00670752581166395,0.0174352534715951,0.00681645467018783,0.389178254223342,0.715511481566694,0.629943493269568,0.0715511481566694,0.106964877418189,0,0,6,6711,0.7216,0.6206,0.6711,0.6711,0.3289,0.0956208425720621,0.18111504995166,0.069,0.1124,0.1,0.169800749687903,0.0864509218150714,0.105650937231433,0.167961769952233,0.195056901508655,0.0623005248874216,0.0763612341892176,0.103940890718792,0.121454231829016,0.70900992449594,0.733849830002011,0.607062403997868,0.633952426292984,1,V2,moderate,0.1,0,A5,1.5,5,30,10,1,1,R1,1,1.5,1,0.2,rational,Gaussian,matched,42,420012,5,30,12.5,1.25,1.73205080756888,1.72627730487698,5.77350269189614,0.739008344562721,0.451234434608887,0.606530659712633,0.787009347512097,0.692890932402685,0.909152456484256,42,0.1124,0,S3,E6_ablation,A4,-0.0454,-0.283
0.01,0,0,5000,5000,5000,5000,0,0,0.00652703644666103,1.66550109537561e-16,0.00652703644666103,55422500114836.5,1,1,0,1,0,0,1,10000,1,1,1,1,0,0,1,0,1,0,1,0,0.000767701945057125,0.999232298054943,1,0,0.000767701945057125,0.999232298054943,1,0.999232298054943,1,0.999232298054943,1,1,V0,all,0.01,0,A0,1.5,5,40,0,0,0,R0,0,0.5,1,0.2,rational,Gaussian,matched,42,420013,5,40,0,1,1.95811093399842,1.95158389755176,6.52703644666119,0.511469035905972,0.362100122366147,0.703249111156731,1,1,1,42,1,0,S2,E6_ablation,,NaN,NaN
0.05,0,0,5000,5000,5000,5000,0,0,0.00652703644666103,1.66550109537561e-16,0.00652703644666103,55422500114836.5,1,1,0,1,0,0,1,10000,1,1,1,1,0,0,1,0,1,0,1,0,0.000767701945057125,0.999232298054943,1,0,0.000767701945057125,0.999232298054943,1,0.999232298054943,1,0.999232298054943,1,1,V0,all,0.05,0,A0,1.5,5,40,0,0,0,R0,0,0.5,1,0.2,rational,Gaussian,matched,42,420013,5,40,0,1,1.95811093399842,1.95158389755176,6.52703644666119,0.511469035905972,0.362100122366147,0.703249111156731,1,1,1,42,1,0,S2,E6_ablation,,NaN,NaN
0.1,0,0,5000,5000,5000,5000,0,0,0.00652703644666103,1.66550109537561e-16,0.00652703644666103,55422500114836.5,1,1,0,1,0,0,1,10000,1,1,1,1,0,0,1,0,1,0,1,0,0.000767701945057125,0.999232298054943,1,0,0.000767701945057125,0.999232298054943,1,0.999232298054943,1,0.999232298054943,1,1,V0,all,0.1,0,A0,1.5,5,40,0,0,0,R0,0,0.5,1,0.2,rational,Gaussian,matched,42,420013,5,40,0,1,1.95811093399842,1.95158389755176,6.52703644666119,0.511469035905972,0.362100122366147,0.703249111156731,1,1,1,42,1,0,S2,E6_ablation,,NaN,NaN
0.01,0.0232634787404084,40,227,5000,5000,5000,-0.000223977745240705,0.0100707927451588,0.00645114717223091,0.00993659849298433,0.00667512491747161,0.667250887055743,1,1,0.01,0.0471002702673215,0,0,1,10000,1,1,1,1,0,0.008,0.0454,0.008,0.0454,0.01,0.0471002702673215,0.00588068172509965,0.0108747369888366,0.0399703200435625,0.0515276745648835,0.00588068172509965,0.0108747369888366,0.0399703200435625,0.0515276745648835,0.999232298054943,1,0.999232298054943,1,1,V0,all,0.01,0,A1,1.5,5,40,10,0,0,R0,0,0.5,1,0.2,rational,Gaussian,matched,42,420013,5,40,10,1,1.95811093399842,1.95158389755176,6.52703644666119,0.511469035905972,0.362100122366147,0.703249111156731,1,1,1,42,0.0454,0,S2,E6_ablation,A0,-0.9546,0
0.05,0.0164485362695147,237,782,5000,5000,5000,-0.000223977745240705,0.0100707927451588,0.00645114717223091,0.00993659849298433,0.00667512491747161,0.667250887055743,1,1,0.05,0.160562183782802,0,0,1,10000,1,1,1,1,0,0.0474,0.1564,0.0474,0.1564,0.05,0.160562183782802,0.0418495843205747,0.053645339480091,0.146596039901281,0.166731524875362,0.0418495843205747,0.053645339480091,0.146596039901281,0.166731524875362,0.999232298054943,1,0.999232298054943,1,1,V0,all,0.05,0,A1,1.5,5,40,10,0,0,R0,0,0.5,1,0.2,rational,Gaussian,matched,42,420013,5,40,10,1,1.95811093399842,1.95158389755176,6.52703644666119,0.511469035905972,0.362100122366147,0.703249111156731,1,1,1,42,0.1564,0,S2,E6_ablation,A0,-0.8436,0
0.1,0.012815515655446,487,1275,5000,5000,5000,-0.000223977745240705,0.0100707927451588,0.00645114717223091,0.00993659849298433,0.00667512491747161,0.667250887055743,1,1,0.1,0.26472431191086,0,0,1,10000,1,1,1,1,0,0.0974,0.255,0.0974,0.255,0.1,0.26472431191086,0.0894879641159508,0.105930189490209,0.243110026133715,0.267266147819364,0.0894879641159508,0.105930189490209,0.243110026133715,0.267266147819364,0.999232298054943,1,0.999232298054943,1,1,V0,all,0.1,0,A1,1.5,5,40,10,0,0,R0,0,0.5,1,0.2,rational,Gaussian,matched,42,420013,5,40,10,1,1.95811093399842,1.95158389755176,6.52703644666119,0.511469035905972,0.362100122366147,0.703249111156731,1,1,1,42,0.255,0,S2,E6_ablation,A0,-0.745,0
0.01,0.0371653306913278,40,126,5000,5000,5000,-0.000357822966300809,0.0160889240544891,0.00640579705630177,0.0158745376415801,0.00676362002260258,0.423199962169742,1,1,0.01,0.0275687690026271,0,0,1,10000,1,1,1,1,0,0.008,0.0252,0.008,0.0252,0.01,0.0275687690026271,0.00588068172509965,0.0108747369888366,0.0212065889386657,0.0299224208283605,0.00588068172509965,0.0108747369888366,0.0212065889386657,0.0299224208283605,0.999232298054943,1,0.999232298054943,1,1,V0,all,0.01,0,A2,1.5,5,40,10,1,1,R0,0,0.5,1,0.2,rational,Gaussian,matched,42,420013,5,40,15.9758267910173,1.59758267910173,1.95811093399842,1.95158389755176,6.52703644666119,0.511469035905972,0.362100122366147,0.703249111156731,1,1,1,42,0.0252,0,S2,E6_ablation,A1,-0.0202,0
0.05,0.0262778966407533,237,543,5000,5000,5000,-0.000357822966300809,0.0160889240544891,0.00640579705630177,0.0158745376415801,0.00676362002260258,0.423199962169742,1,1,0.05,0.108174168979213,0,0,1,10000,1,1,1,1,0,0.0474,0.1086,0.0474,0.1086,0.05,0.108174168979213,0.0418495843205747,0.053645339480091,0.100274443962472,0.117526513120119,0.0418495843205747,0.053645339480091,0.100274443962472,0.117526513120119,0.999232298054943,1,0.999232298054943,1,1,V0,all,0.05,0,A2,1.5,5,40,10,1,1,R0,0,0.5,1,0.2,rational,Gaussian,matched,42,420013,5,40,15.9758267910173,1.59758267910173,1.95811093399842,1.95158389755176,6.52703644666119,0.511469035905972,0.362100122366147,0.703249111156731,1,1,1,42,0.1086,0,S2,E6_ablation,A1,-0.0478,0
0.1,0.0204738458348976,487,936,5000,5000,5000,-0.000357822966300809,0.0160889240544891,0.00640579705630177,0.0158745376415801,0.00676362002260258,0.423199962169742,1,1,0.1,0.191333029822165,0,0,1,10000,1,1,1,1,0,0.0974,0.1872,0.0974,0.1872,0.1,0.191333029822165,0.0894879641159508,0.105930189490209,0.176629575395588,0.198250698941239,0.0894879641159508,0.105930189490209,0.176629575395588,0.198250698941239,0.999232298054943,1,0.999232298054943,1,1,V0,all,0.1,0,A2,1.5,5,40,10,1,1,R0,0,0.5,1,0.2,rational,Gaussian,matched,42,420013,5,40,15.9758267910173,1.59758267910173,1.95811093399842,1.95158389755176,6.52703644666119,0.511469035905972,0.362100122366147,0.703249111156731,1,1,1,42,0.1872,0,S2,E6_ablation,A1,-0.0678,0
0.01,0.0525597147137569,46,107,5000,5000,5000,-0.000420690927377577,0.0226914465335087,0.00652894739313061,0.0224604152413535,0.00694963832050819,0.307829935423527,1,1,0.01,0.0208022624062867,0,0,1,10000,1,1,1,1,0,0.0092,0.0214,0.0092,0.0214,0.01,0.0208022624062867,0.00690473854824771,0.0122488376810204,0.017740979070661,0.0257938652311477,0.00690473854824771,0.0122488376810204,0.017740979070661,0.0257938652311477,0.999232298054943,1,0.999232298054943,1,1,V0,all,0.01,0,A3,1.5,5,40,10,1,1,R1,0,0.5,1,0.2,rational,Gaussian,matched,42,420013,5,40,15.9758267910173,1.59758267910173,1.95811093399842,1.95158389755176,6.52703644666119,0.511469035905972,0.362100122366147,0.703249111156731,1,1,1,42,0.0214,0,S2,E6_ablation,A2,-0.0038,0
0.05,0.0371625578199918,224,452,5000,5000,5000,-0.000420690927377577,0.0226914465335087,0.00652894739313061,0.0224604152413535,0.00694963832050819,0.307829935423527,1,1,0.05,0.0875559196518954,0,0,1,10000,1,1,1,1,0,0.0448,0.0904,0.0448,0.0904,0.05,0.0875559196518954,0.0394071274343464,0.0508917884164337,0.0827630136164552,0.0986658878169356,0.0394071274343464,0.0508917884164337,0.0827630136164552,0.0986658878169356,0.999232298054943,1,0.999232298054943,1,1,V0,all,0.05,0,A3,1.5,5,40,10,1,1,R1,0,0.5,1,0.2,rational,Gaussian,matched,42,420013,5,40,15.9758267910173,1.59758267910173,1.95811093399842,1.95158389755176,6.52703644666119,0.511469035905972,0.362100122366147,0.703249111156731,1,1,1,42,0.0904,0,S2,E6_ablation,A2,-0.0182,0
0.1,0.0289543904536481,502,790,5000,5000,5000,-0.000420690927377577,0.0226914465335087,0.00652894739313061,0.0224604152413535,0.00694963832050819,0.307829935423527,1,1,0.1,0.160438296697176,0,0,1,10000,1,1,1,1,0,0.1004,0.158,0.1004,0.158,0.1,0.160438296697176,0.0923741374429391,0.109039409951551,0.148153106473982,0.168372001656437,0.0923741374429391,0.109039409951551,0.148153106473982,0.168372001656437,0.999232298054943,1,0.999232298054943,1,1,V0,all,0.1,0,A3,1.5,5,40,10,1,1,R1,0,0.5,1,0.2,rational,Gaussian,matched,42,420013,5,40,15.9758267910173,1.59758267910173,1.95811093399842,1.95158389755176,6.52703644666119,0.511469035905972,0.362100122366147,0.703249111156731,1,1,1,42,0.158,0,S2,E6_ablation,A2,-0.0292,0
0.01,0.0525597147137569,37,95,5000,4121,4164,-0.000522710285243275,0.0226062298648977,0.0067016583876663,0.0226583339595588,0.00722436867290958,0.319206163773697,0.828355513014973,0.828355513014973,0.00828355513014973,0.0172316687474317,0,0,6,8285,0.8242,0.8328,0.8285,0.8285,0.1715,0.00897840330016986,0.0228146013448607,0.0074,0.019,0.01,0.0208022624062867,0.00652096762563233,0.0123504143651192,0.018700113991742,0.027808722953208,0.00537359775687122,0.0101827421993991,0.0155685340577751,0.0231699952133699,0.813401341945708,0.834500880113117,0.822202203042667,0.842886814542703,1,V2,moderate,0.01,0,A4,1.5,5,40,10,1,1,R1,0,0.5,1,0.2,rational,Gaussian,matched,42,420013,5,40,15.9758267910173,1.59758267910173,1.95811093399842,1.95158389755176,6.52703644666119,0.511469035905972,0.362100122366147,0.703249111156731,1,1,0.828355513014973,42,0.019,0,S2,E6_ablation,A3,-0.0024,-0.1672
0.05,0.0371625578199918,176,387,5000,4121,4164,-0.000522710285243275,0.0226062298648977,0.0067016583876663,0.0226583339595588,0.00722436867290958,0.319206163773697,0.828355513014973,0.828355513014973,0.0414177756507486,0.0725274287407435,0,0,6,8285,0.8242,0.8328,0.8285,0.8285,0.1715,0.0427080805629702,0.0929394812680115,0.0352,0.0774,0.05,0.0875559196518954,0.0369487579866899,0.0493191537314081,0.0844919188705756,0.102137411084981,0.0304383103860638,0.0406753453420613,0.0703132050449703,0.085135656638992,0.813401341945708,0.834500880113117,0.822202203042667,0.842886814542703,1,V2,moderate,0.05,0,A4,1.5,5,40,10,1,1,R1,0,0.5,1,0.2,rational,Gaussian,matched,42,420013,5,40,15.9758267910173,1.59758267910173,1.95811093399842,1.95158389755176,6.52703644666119,0.511469035905972,0.362100122366147,0.703249111156731,1,1,0.828355513014973,42,0.0774,0,S2,E6_ablation,A3,-0.013,-0.1672
0.1,0.0289543904536481,406,670,5000,4121,4164,-0.000522710285243275,0.0226062298648977,0.0067016583876663,0.0226583339595588,0.00722436867290958,0.319206163773697,0.828355513014973,0.828355513014973,0.0828355513014973,0.132899947567838,0,0,6,8285,0.8242,0.8328,0.8285,0.8285,0.1715,0.0985197767532152,0.16090297790586,0.0812,0.134,0.1,0.160438296697176,0.0897913780771375,0.107995971319303,0.15005585898569,0.172375181661652,0.0739466226707771,0.0890964044784028,0.124838195759603,0.143723762064179,0.813401341945708,0.834500880113117,0.822202203042667,0.842886814542703,1,V2,moderate,0.1,0,A4,1.5,5,40,10,1,1,R1,0,0.5,1,0.2,rational,Gaussian,matched,42,420013,5,40,15.9758267910173,1.59758267910173,1.95811093399842,1.95158389755176,6.52703644666119,0.511469035905972,0.362100122366147,0.703249111156731,1,1,0.828355513014973,42,0.134,0,S2,E6_ablation,A3,-0.024,-0.1672
0.01,0.0525597147137569,27,69,5000,2977,3025,-0.000877683878503671,0.0224782961668327,0.00668123521611336,0.0229531220234304,0.00755891909461704,0.33274357639103,0.595497729693409,0.59661395460826,0.00595497729693409,0.0124109200390135,0,0,6,6002,0.5954,0.605,0.6002,0.6002,0.3998,0.00906953308700034,0.0228099173553719,0.0054,0.0138,0.01,0.0208022624062867,0.00624065424448042,0.0131637520682182,0.0180638665745651,0.0287664019453069,0.00371394148173811,0.0078454692823124,0.0109194272130835,0.01742708615829,0.581727354190501,0.608926168278382,0.591374352717632,0.618464429873906,1,V2,moderate,0.01,0,A5,1.5,5,40,10,1,1,R1,1,0,1,0.2,rational,Gaussian,matched,42,420013,5,40,15.9758267910173,1.59758267910173,1.95811093399842,1.95158389755176,6.52703644666119,0.511469035905972,0.514895954536722,1,0.718891490835826,0.720239009983478,0.828355513014973,42,0.0138,0,S0,E6_ablation,A4,-0.0052,-0.2278
0.05,0.0371625578199918,127,292,5000,2977,3025,-0.000877683878503671,0.0224782961668327,0.00668123521611336,0.0229531220234304,0.00755891909461704,0.33274357639103,0.595497729693409,0.59661395460826,0.0297748864846705,0.0522370834728804,0,0,6,6002,0.5954,0.605,0.6002,0.6002,0.3998,0.0426603963721868,0.0965289256198347,0.0254,0.0584,0.05,0.0875559196518954,0.0359710982770411,0.0505284564234305,0.0865111112175465,0.107570179207465,0.0213897552796213,0.0301389474066269,0.0522328329905503,0.0652452013673242,0.581727354190501,0.608926168278382,0.591374352717632,0.618464429873906,1,V2,moderate,0.05,0,A5,1.5,5,40,10,1,1,R1,1,0,1,0.2,rational,Gaussian,matched,42,420013,5,40,15.9758267910173,1.59758267910173,1.95811093399842,1.95158389755176,6.52703644666119,0.511469035905972,0.514895954536722,1,0.718891490835826,0.720239009983478,0.828355513014973,42,0.0584,0,S0,E6_ablation,A4,-0.019,-0.2278
0.1,0.0289543904536481,285,498,5000,2977,3025,-0.000877683878503671,0.0224782961668327,0.00668123521611336,0.0229531220234304,0.00755891909461704,0.33274357639103,0.595497729693409,0.59661395460826,0.0595497729693409,0.0957197266631158,0,0,6,6002,0.5954,0.605,0.6002,0.6002,0.3998,0.0957339603627813,0.164628099173554,0.057,0.0996,0.1,0.160438296697176,0.0856797726287277,0.106830116524425,0.151839675621284,0.178267222482914,0.0509073312952628,0.0637728526280579,0.0916042634531238,0.108210512264478,0.581727354190501,0.608926168278382,0.591374352717632,0.618464429873906,1,V2,moderate,0.1,0,A5,1.5,5,40,10,1,1,R1,1,0,1,0.2,rational,Gaussian,matched,42,420013,5,40,15.9758267910173,1.59758267910173,1.95811093399842,1.95158389755176,6.52703644666119,0.511469035905972,0.514895954536722,1,0.718891490835826,0.720239009983478,0.828355513014973,42,0.0996,0,S0,E6_ablation,A4,-0.0344,-0.2278
0.01,0.0525597147137569,27,68,5000,2977,2966,-0.000877683878503671,0.0224782961668327,0.00667276956067041,0.0229306261890772,0.00755045343917408,0.332537240354651,0.595497729693409,0.584681969516051,0.00595497729693409,0.0121627077540974,0,0,6,5943,0.5954,0.5932,0.5943,0.5943,0.4057,0.00906953308700034,0.0229265003371544,0.0054,0.0136,0.01,0.0208022624062867,0.00624065424448042,0.0131637520682182,0.0181254631216397,0.0289617167025063,0.00371394148173811,0.0078454692823124,0.0107425918316195,0.0172042286205321,0.581727354190501,0.608926168278382,0.579517345804058,0.606739554553384,1,V2,moderate,0.01,0,A5,1.5,5,40,10,1,1,R1,1,0.1,1,0.2,rational,Gaussian,matched,42,420013,5,40,15.9758267910173,1.59758267910173,1.95811093399842,1.95158389755176,6.52703644666119,0.511469035905972,0.47988957776915,0.932012717406046,0.718891490835826,0.70583458470383,0.828355513014973,42,0.0136,0,S1,E6_ablation,A4,-0.0054,-0.2396
0.05,0.0371625578199918,127,285,5000,2977,2966,-0.000877683878503671,0.0224782961668327,0.00667276956067041,0.0229306261890772,0.00755045343917408,0.332537240354651,0.595497729693409,0.584681969516051,0.0297748864846705,0.0511923675448593,0,0,6,5943,0.5954,0.5932,0.5943,0.5943,0.4057,0.0426603963721868,0.0960890087660148,0.0254,0.057,0.05,0.0875559196518954,0.0359710982770411,0.0505284564234305,0.0859991983192332,0.107223728485945,0.0213897552796213,0.0301389474066269,0.0509073312952628,0.0637728526280579,0.581727354190501,0.608926168278382,0.579517345804058,0.606739554553384,1,V2,moderate,0.05,0,A5,1.5,5,40,10,1,1,R1,1,0.1,1,0.2,rational,Gaussian,matched,42,420013,5,40,15.9758267910173,1.59758267910173,1.95811093399842,1.95158389755176,6.52703644666119,0.511469035905972,0.47988957776915,0.932012717406046,0.718891490835826,0.70583458470383,0.828355513014973,42,0.057,0,S1,E6_ablation,A4,-0.0204,-0.2396
0.1,0.0289543904536481,285,490,5000,2977,2966,-0.000877683878503671,0.0224782961668327,0.00667276956067041,0.0229306261890772,0.00755045343917408,0.332537240354651,0.595497729693409,0.584681969516051,0.0595497729693409,0.0938053792987057,0,0,6,5943,0.5954,0.5932,0.5943,0.5943,0.4057,0.0957339603627813,0.165205664194201,0.057,0.098,0.1,0.160438296697176,0.0856797726287277,0.106830116524425,0.15227547518902,0.179001959132801,0.0509073312952628,0.0637728526280579,0.0900650110795922,0.106552221284234,0.581727354190501,0.608926168278382,0.579517345804058,0.606739554553384,1,V2,moderate,0.1,0,A5,1.5,5,40,10,1,1,R1,1,0.1,1,0.2,rational,Gaussian,matched,42,420013,5,40,15.9758267910173,1.59758267910173,1.95811093399842,1.95158389755176,6.52703644666119,0.511469035905972,0.47988957776915,0.932012717406046,0.718891490835826,0.70583458470383,0.828355513014973,42,0.098,0,S1,E6_ablation,A4,-0.036,-0.2396
0.01,0.0525597147137569,27,62,5000,2977,2683,-0.000877683878503671,0.0224782961668327,0.00663621346817814,0.0229008452696858,0.00751389734668181,0.331146486492366,0.595497729693409,0.533619582509201,0.00595497729693409,0.0111004945804896,0,0,6,5660,0.5954,0.5366,0.566,0.566,0.434,0.00906953308700034,0.0231084606783451,0.0054,0.0124,0.01,0.0208022624062867,0.00624065424448042,0.0131637520682182,0.0180683749287261,0.0295121990575061,0.00371394148173811,0.0078454692823124,0.00968538564242355,0.0158632772943962,0.581727354190501,0.608926168278382,0.522755321745412,0.550388482472209,1,V2,moderate,0.01,0,A5,1.5,5,40,10,1,1,R1,1,0.5,1,0.2,rational,Gaussian,matched,42,420013,5,40,15.9758267910173,1.59758267910173,1.95811093399842,1.95158389755176,6.52703644666119,0.511469035905972,0.362100122366147,0.703249111156731,0.718891490835826,0.644191502470939,0.828355513014973,42,0.0124,0,S2,E6_ablation,A4,-0.0066,-0.2962
0.05,0.0371625578199918,127,254,5000,2977,2683,-0.000877683878503671,0.0224782961668327,0.00663621346817814,0.0229008452696858,0.00751389734668181,0.331146486492366,0.595497729693409,0.533619582509201,0.0297748864846705,0.0467215532908535,0,0,6,5660,0.5954,0.5366,0.566,0.566,0.434,0.0426603963721868,0.094670145359672,0.0254,0.0508,0.05,0.0875559196518954,0.0359710982770411,0.0505284564234305,0.084164769460125,0.106334546061585,0.0213897552796213,0.0301389474066269,0.0450508366853607,0.0572388667420786,0.581727354190501,0.608926168278382,0.522755321745412,0.550388482472209,1,V2,moderate,0.05,0,A5,1.5,5,40,10,1,1,R1,1,0.5,1,0.2,rational,Gaussian,matched,42,420013,5,40,15.9758267910173,1.59758267910173,1.95811093399842,1.95158389755176,6.52703644666119,0.511469035905972,0.362100122366147,0.703249111156731,0.718891490835826,0.644191502470939,0.828355513014973,42,0.0508,0,S2,E6_ablation,A4,-0.0266,-0.2962
0.1,0.0289543904536481,285,438,5000,2977,2683,-0.000877683878503671,0.0224782961668327,0.00663621346817814,0.0229008452696858,0.00751389734668181,0.331146486492366,0.595497729693409,0.533619582509201,0.0595497729693409,0.0856130169020346,0,0,6,5660,0.5954,0.5366,0.566,0.566,0.434,0.0957339603627813,0.163250093179277,0.057,0.0876,0.1,0.160438296697176,0.0856797726287277,0.106830116524425,0.149748269772903,0.177714839720306,0.0509073312952628,0.0637728526280579,0.0800769723797629,0.0957562281845203,0.581727354190501,0.608926168278382,0.522755321745412,0.550388482472209,1,V2,moderate,0.1,0,A5,1.5,5,40,10,1,1,R1,1,0.5,1,0.2,rational,Gaussian,matched,42,420013,5,40,15.9758267910173,1.59758267910173,1.95811093399842,1.95158389755176,6.52703644666119,0.511469035905972,0.362100122366147,0.703249111156731,0.718891490835826,0.644191502470939,0.828355513014973,42,0.0876,0,S2,E6_ablation,A4,-0.0464,-0.2962
0.01,0.0525597147137569,27,41,5000,2977,1963,-0.000877683878503671,0.0224782961668327,0.00652286081254296,0.0229205733112521,0.00740054469104663,0.326007833182873,0.595497729693409,0.391320828888498,0.00595497729693409,0.00814035856758416,0,0,6,4940,0.5954,0.3926,0.494,0.494,0.506,0.00906953308700034,0.0208863983698421,0.0054,0.0082,0.01,0.0208022624062867,0.00624065424448042,0.0131637520682182,0.0154333365834968,0.0282109838245976,0.00371394148173811,0.0078454692823124,0.00605048556323917,0.011104626069919,0.581727354190501,0.608926168278382,0.379151855238422,0.406213047139376,1,V2,moderate,0.01,0,A5,1.5,5,40,10,1,1,R1,1,1.5,1,0.2,rational,Gaussian,matched,42,420013,5,40,15.9758267910173,1.59758267910173,1.95811093399842,1.95158389755176,6.52703644666119,0.511469035905972,0.179079987516621,0.347798396819311,0.718891490835826,0.472406862440263,0.828355513014973,42,0.0082,0,S3,E6_ablation,A4,-0.0108,-0.4402
0.05,0.0371625578199918,127,190,5000,2977,1963,-0.000877683878503671,0.0224782961668327,0.00652286081254296,0.0229205733112521,0.00740054469104663,0.326007833182873,0.595497729693409,0.391320828888498,0.0297748864846705,0.0342624550522744,0,0,6,4940,0.5954,0.3926,0.494,0.494,0.506,0.0426603963721868,0.0967906265919511,0.0254,0.038,0.05,0.0875559196518954,0.0359710982770411,0.0505284564234305,0.0844874782780347,0.110668799875082,0.0213897552796213,0.0301389474066269,0.0330452612873978,0.043664095309835,0.581727354190501,0.608926168278382,0.379151855238422,0.406213047139376,1,V2,moderate,0.05,0,A5,1.5,5,40,10,1,1,R1,1,1.5,1,0.2,rational,Gaussian,matched,42,420013,5,40,15.9758267910173,1.59758267910173,1.95811093399842,1.95158389755176,6.52703644666119,0.511469035905972,0.179079987516621,0.347798396819311,0.718891490835826,0.472406862440263,0.828355513014973,42,0.038,0,S3,E6_ablation,A4,-0.0394,-0.4402
0.1,0.0289543904536481,285,319,5000,2977,1963,-0.000877683878503671,0.0224782961668327,0.00652286081254296,0.0229205733112521,0.00740054469104663,0.326007833182873,0.595497729693409,0.391320828888498,0.0595497729693409,0.0627828472489978,0,0,6,4940,0.5954,0.3926,0.494,0.494,0.506,0.0957339603627813,0.162506367804381,0.057,0.0638,0.1,0.160438296697177,0.0856797726287277,0.106830116524425,0.146848391030266,0.17948266933163,0.0509073312952628,0.0637728526280579,0.0573550015033846,0.0709147416734832,0.581727354190501,0.608926168278382,0.379151855238422,0.406213047139376,0,V2,moderate,0.1,0,A5,1.5,5,40,10,1,1,R1,1,1.5,1,0.2,rational,Gaussian,matched,42,420013,5,40,15.9758267910173,1.59758267910173,1.95811093399842,1.95158389755176,6.52703644666119,0.511469035905972,0.179079987516621,0.347798396819311,0.718891490835826,0.472406862440263,0.828355513014973,42,0.0638,0,S3,E6_ablation,A4,-0.0702,-0.4402
0.01,0,0,5000,5000,5000,5000,0,0,0.00777861913430227,1.57875624665813e-16,0.00777861913430227,69679082502767.4,1,1,0,1,0,0,1,10000,1,1,1,1,0,0,1,0,1,0,1,0,0.000767701945057125,0.999232298054943,1,0,0.000767701945057125,0.999232298054943,1,0.999232298054943,1,0.999232298054943,1,1,V0,all,0.01,0,A0,1.5,5,50,0,0,0,R0,0,0.5,1,0.2,rational,Gaussian,matched,42,420014,5,50,0,1,2.33358574029062,2.32580712115632,7.77861913430211,0.30217597874494,0.149537776800757,0.49157620151199,1,1,1,42,1,0,S2,E6_ablation,,NaN,NaN
0.05,0,0,5000,5000,5000,5000,0,0,0.00777861913430227,1.57875624665813e-16,0.00777861913430227,69679082502767.4,1,1,0,1,0,0,1,10000,1,1,1,1,0,0,1,0,1,0,1,0,0.000767701945057125,0.999232298054943,1,0,0.000767701945057125,0.999232298054943,1,0.999232298054943,1,0.999232298054943,1,1,V0,all,0.05,0,A0,1.5,5,50,0,0,0,R0,0,0.5,1,0.2,rational,Gaussian,matched,42,420014,5,50,0,1,2.33358574029062,2.32580712115632,7.77861913430211,0.30217597874494,0.149537776800757,0.49157620151199,1,1,1,42,1,0,S2,E6_ablation,,NaN,NaN
0.1,0,0,5000,5000,5000,5000,0,0,0.00777861913430227,1.57875624665813e-16,0.00777861913430227,69679082502767.4,1,1,0,1,0,0,1,10000,1,1,1,1,0,0,1,0,1,0,1,0,0.000767701945057125,0.999232298054943,1,0,0.000767701945057125,0.999232298054943,1,0.999232298054943,1,0.999232298054943,1,1,V0,all,0.1,0,A0,1.5,5,50,0,0,0,R0,0,0.5,1,0.2,rational,Gaussian,matched,42,420014,5,50,0,1,2.33358574029062,2.32580712115632,7.77861913430211,0.30217597874494,0.149537776800757,0.49157620151199,1,1,1,42,1,0,S2,E6_ablation,,NaN,NaN
0.01,0.0232634787404084,57,271,5000,5000,5000,-3.42153090243942e-05,0.0100432567918426,0.00780711193527744,0.00973955926505395,0.00784132724430184,0.792647861459537,1,1,0.01,0.0607526696548385,0,0,1,10000,1,1,1,1,0,0.0114,0.0542,0.0114,0.0542,0.01,0.0607526696548385,0.0088098452155523,0.0147403531251575,0.0482596192447235,0.0608248638094894,0.0088098452155523,0.0147403531251575,0.0482596192447235,0.0608248638094894,0.999232298054943,1,0.999232298054943,1,1,V0,all,0.01,0,A1,1.5,5,50,10,0,0,R0,0,0.5,1,0.2,rational,Gaussian,matched,42,420014,5,50,10,1,2.33358574029062,2.32580712115632,7.77861913430211,0.30217597874494,0.149537776800757,0.49157620151199,1,1,1,42,0.0542,0,S2,E6_ablation,A0,-0.9458,0
0.05,0.0164485362695147,277,930,5000,5000,5000,-3.42153090243942e-05,0.0100432567918426,0.00780711193527744,0.00973955926505395,0.00784132724430184,0.792647861459537,1,1,0.05,0.19297327499702,0,0,1,10000,1,1,1,1,0,0.0554,0.186,0.0554,0.186,0.05,0.19297327499702,0.0493938020932845,0.0620888384762603,0.175457216124864,0.197024900696632,0.0493938020932845,0.0620888384762603,0.175457216124864,0.197024900696632,0.999232298054943,1,0.999232298054943,1,1,V0,all,0.05,0,A1,1.5,5,50,10,0,0,R0,0,0.5,1,0.2,rational,Gaussian,matched,42,420014,5,50,10,1,2.33358574029062,2.32580712115632,7.77861913430211,0.30217597874494,0.149537776800757,0.49157620151199,1,1,1,42,0.186,0,S2,E6_ablation,A0,-0.814,0
0.1,0.012815515655446,509,1548,5000,5000,5000,-3.42153090243942e-05,0.0100432567918426,0.00780711193527744,0.00973955926505395,0.00784132724430184,0.792647861459537,1,1,0.1,0.307239740568653,0,0,1,10000,1,1,1,1,0,0.1018,0.3096,0.1018,0.3096,0.1,0.307239740568653,0.0937218077935648,0.110489590035479,0.29693539380252,0.322556947098158,0.0937218077935648,0.110489590035479,0.29693539380252,0.322556947098158,0.999232298054943,1,0.999232298054943,1,1,V0,all,0.1,0,A1,1.5,5,50,10,0,0,R0,0,0.5,1,0.2,rational,Gaussian,matched,42,420014,5,50,10,1,2.33358574029062,2.32580712115632,7.77861913430211,0.30217597874494,0.149537776800757,0.49157620151199,1,1,1,42,0.3096,0,S2,E6_ablation,A0,-0.6904,0
0.01,0.0527850504584289,57,107,5000,5000,5000,-7.76348556231333e-05,0.0227882434282511,0.00784326956573444,0.0220991509045352,0.00792090442135758,0.352881753997547,1,1,0.01,0.0236542516144008,0,0,1,10000,1,1,1,1,0,0.0114,0.0214,0.0114,0.0214,0.01,0.0236542516144008,0.0088098452155523,0.0147403531251575,0.017740979070661,0.0257938652311477,0.0088098452155523,0.0147403531251575,0.017740979070661,0.0257938652311477,0.999232298054943,1,0.999232298054943,1,1,V0,all,0.01,0,A2,1.5,5,50,10,1,1,R0,0,0.5,1,0.2,rational,Gaussian,matched,42,420014,5,50,22.6900933636988,2.26900933636988,2.33358574029062,2.32580712115632,7.77861913430211,0.30217597874494,0.149537776800757,0.49157620151199,1,1,1,42,0.0214,0,S2,E6_ablation,A1,-0.0328,0
0.05,0.0373218823651475,277,462,5000,5000,5000,-7.76348556231333e-05,0.0227882434282511,0.00784326956573444,0.0220991509045352,0.00792090442135758,0.352881753997547,1,1,0.05,0.0964524552977832,0,0,1,10000,1,1,1,1,0,0.0554,0.0924,0.0554,0.0924,0.05,0.0964524552977832,0.0493938020932845,0.0620888384762603,0.0846830261007529,0.100742804524858,0.0493938020932845,0.0620888384762603,0.0846830261007529,0.100742804524858,0.999232298054943,1,0.999232298054943,1,1,V0,all,0.05,0,A2,1.5,5,50,10,1,1,R0,0,0.5,1,0.2,rational,Gaussian,matched,42,420014,5,50,22.6900933636988,2.26900933636988,2.33358574029062,2.32580712115632,7.77861913430211,0.30217597874494,0.149537776800757,0.49157620151199,1,1,1,42,0.0924,0,S2,E6_ablation,A1,-0.0936,0
0.1,0.0290785246726014,509,845,5000,5000,5000,-7.76348556231333e-05,0.0227882434282511,0.00784326956573444,0.0220991509045352,0.00792090442135758,0.352881753997547,1,1,0.1,0.173934306318777,0,0,1,10000,1,1,1,1,0,0.1018,0.169,0.1018,0.169,0.1,0.173934306318777,0.0937218077935648,0.110489590035479,0.158867586103553,0.179640632584075,0.0937218077935648,0.110489590035479,0.158867586103553,0.179640632584075,0.999232298054943,1,0.999232298054943,1,1,V0,all,0.1,0,A2,1.5,5,50,10,1,1,R0,0,0.5,1,0.2,rational,Gaussian,matched,42,420014,5,50,22.6900933636988,2.26900933636988,2.33358574029062,2.32580712115632,7.77861913430211,0.30217597874494,0.149537776800757,0.49157620151199,1,1,1,42,0.169,0,S2,E6_ablation,A1,-0.1406,0
0.01,0.0746493342488584,45,101,5000,5000,5000,0.000291150069442499,0.0320428428789934,0.0071593579575997,0.031728086340914,0.0068682078881572,0.215399847980189,1,1,0.01,0.0185829270022447,0,0,1,10000,1,1,1,1,0,0.009,0.0202,0.009,0.0202,0.01,0.0185829270022447,0.00673322861097761,0.0120206546990685,0.0166529886144431,0.0244836981720337,0.00673322861097761,0.0120206546990685,0.0166529886144431,0.0244836981720337,0.999232298054943,1,0.999232298054943,1,1,V0,all,0.01,0,A3,1.5,5,50,10,1,1,R1,0,0.5,1,0.2,rational,Gaussian,matched,42,420014,5,50,22.6900933636988,2.26900933636988,2.33358574029062,2.32580712115632,7.77861913430211,0.30217597874494,0.149537776800757,0.49157620151199,1,1,1,42,0.0202,0,S2,E6_ablation,A2,-0.0012,0
0.05,0.0527811122140849,247,388,5000,5000,5000,0.000291150069442499,0.0320428428789934,0.0071593579575997,0.031728086340914,0.0068682078881572,0.215399847980189,1,1,0.05,0.0803914645715265,0,0,1,10000,1,1,1,1,0,0.0494,0.0776,0.0494,0.0776,0.05,0.0803914645715265,0.043731720637967,0.0557601323549184,0.0705043103313089,0.0853442442718753,0.043731720637967,0.0557601323549184,0.0705043103313089,0.0853442442718753,0.999232298054943,1,0.999232298054943,1,1,V0,all,0.05,0,A3,1.5,5,50,10,1,1,R1,0,0.5,1,0.2,rational,Gaussian,matched,42,420014,5,50,22.6900933636988,2.26900933636988,2.33358574029062,2.32580712115632,7.77861913430211,0.30217597874494,0.149537776800757,0.49157620151199,1,1,1,42,0.0776,0,S2,E6_ablation,A2,-0.0148,0
0.1,0.0411232439657935,488,712,5000,5000,5000,0.000291150069442499,0.0320428428789934,0.0071593579575997,0.031728086340914,0.0068682078881572,0.215399847980189,1,1,0.1,0.149369541333385,0,0,1,10000,1,1,1,1,0,0.0976,0.1424,0.0976,0.1424,0.1,0.149369541333385,0.0896803025435389,0.106137543981843,0.132988001011447,0.152361059419658,0.0896803025435389,0.106137543981843,0.132988001011447,0.152361059419658,0.999232298054943,1,0.999232298054943,1,1,V0,all,0.1,0,A3,1.5,5,50,10,1,1,R1,0,0.5,1,0.2,rational,Gaussian,matched,42,420014,5,50,22.6900933636988,2.26900933636988,2.33358574029062,2.32580712115632,7.77861913430211,0.30217597874494,0.149537776800757,0.49157620151199,1,1,1,42,0.1424,0,S2,E6_ablation,A2,-0.0266,0
0.01,0.0746493342488584,31,69,5000,3499,3483,0.000512903131371656,0.0318851425128306,0.00720998790739263,0.0315907686422512,0.00669708477602097,0.211009582630107,0.697530471461239,0.697530471461239,0.00697530471461239,0.0129621578330056,0,0,6,6982,0.6998,0.6966,0.6982,0.6982,0.3018,0.00885967419262646,0.0198105081826012,0.0062,0.0138,0.01,0.0185829270022447,0.00624866399166544,0.0125479214646632,0.0156841318041965,0.0249949356256909,0.00437138839852441,0.008786794042414,0.0109194272130835,0.01742708615829,0.686946128064781,0.712347098237974,0.683710334051901,0.709187805543302,1,V2,moderate,0.01,0,A4,1.5,5,50,10,1,1,R1,0,0.5,1,0.2,rational,Gaussian,matched,42,420014,5,50,22.6900933636988,2.26900933636988,2.33358574029062,2.32580712115632,7.77861913430211,0.30217597874494,0.149537776800757,0.49157620151199,1,1,0.697530471461239,42,0.0138,0,S2,E6_ablation,A3,-0.0064,-0.3034
0.05,0.0527811122140849,174,268,5000,3499,3483,0.000512903131371656,0.0318851425128306,0.00720998790739263,0.0315907686422512,0.00669708477602097,0.211009582630107,0.697530471461239,0.697530471461239,0.034876523573062,0.0560754961840364,0,0,6,6982,0.6998,0.6966,0.6982,0.6982,0.3018,0.0497284938553873,0.07694516221648,0.0348,0.0536,0.05,0.0803914645715265,0.0430065064448133,0.0574380791742998,0.0685531866969531,0.0862692981209477,0.0300665696232606,0.0402477002664205,0.0476928467869534,0.0601925575095936,0.686946128064781,0.712347098237974,0.683710334051901,0.709187805543302,1,V2,moderate,0.05,0,A4,1.5,5,50,10,1,1,R1,0,0.5,1,0.2,rational,Gaussian,matched,42,420014,5,50,22.6900933636988,2.26900933636988,2.33358574029062,2.32580712115632,7.77861913430211,0.30217597874494,0.149537776800757,0.49157620151199,1,1,0.697530471461239,42,0.0536,0,S2,E6_ablation,A3,-0.024,-0.3034
0.1,0.0411232439657935,337,503,5000,3499,3483,0.000512903131371656,0.0318851425128306,0.00720998790739263,0.0315907686422512,0.00669708477602097,0.211009582630107,0.697530471461239,0.697530471461239,0.0697530471461239,0.104189806588225,0,0,6,6982,0.6998,0.6966,0.6982,0.6982,0.3018,0.0963132323521006,0.14441573356302,0.0674,0.1006,0.1,0.149369541333385,0.0869760253051936,0.106535861198772,0.133133599001946,0.156481363635971,0.0607775466933531,0.0746866690295103,0.0925666314556249,0.109246608858087,0.686946128064781,0.712347098237974,0.683710334051901,0.709187805543302,1,V2,moderate,0.1,0,A4,1.5,5,50,10,1,1,R1,0,0.5,1,0.2,rational,Gaussian,matched,42,420014,5,50,22.6900933636988,2.26900933636988,2.33358574029062,2.32580712115632,7.77861913430211,0.30217597874494,0.149537776800757,0.49157620151199,1,1,0.697530471461239,42,0.1006,0,S2,E6_ablation,A3,-0.0418,-0.3034
0.01,0.0746493342488584,15,48,5000,2081,2093,0.00046399016793706,0.0321923014303802,0.00657889810328063,0.0322703336074984,0.00611490793534357,0.189719314192435,0.419727270597455,0.42084279292709,0.00419727270597455,0.00782049090038491,0,0,6,4174,0.4162,0.4186,0.4174,0.4174,0.5826,0.00720807304180682,0.0229335881509795,0.003,0.0096,0.01,0.0185829270022447,0.00437306973444978,0.0118590800424627,0.0173411208815292,0.0302740473519562,0.00181892977763767,0.00494416595574911,0.00724867509681701,0.012704286970895,0.402606424205017,0.429922242640975,0.404993451871818,0.432331530004838,1,V2,moderate,0.01,0,A5,1.5,5,50,10,1,1,R1,1,0,1,0.2,rational,Gaussian,matched,42,420014,5,50,22.6900933636988,2.26900933636988,2.33358574029062,2.32580712115632,7.77861913430211,0.30217597874494,0.30420060275662,1,0.601733240009112,0.603332485311326,0.697530471461239,42,0.0096,0,S0,E6_ablation,A4,-0.0042,-0.278
0.05,0.0527811122140849,112,163,5000,2081,2093,0.00046399016793706,0.0321923014303802,0.00657889810328063,0.0322703336074984,0.00611490793534357,0.189719314192435,0.419727270597455,0.42084279292709,0.0209863635298728,0.0338321684777804,0,0,6,4174,0.4162,0.4186,0.4174,0.4174,0.5826,0.0538202787121576,0.0778786430960344,0.0224,0.0326,0.05,0.0803914645715265,0.0449209700732285,0.0643638188764186,0.0671558035159322,0.0901481535539569,0.0186501320177961,0.0268831768801224,0.0280252698888947,0.0378923778893447,0.402606424205017,0.429922242640975,0.404993451871818,0.432331530004838,1,V2,moderate,0.05,0,A5,1.5,5,50,10,1,1,R1,1,0,1,0.2,rational,Gaussian,matched,42,420014,5,50,22.6900933636988,2.26900933636988,2.33358574029062,2.32580712115632,7.77861913430211,0.30217597874494,0.30420060275662,1,0.601733240009112,0.603332485311326,0.697530471461239,42,0.0326,0,S0,E6_ablation,A4,-0.021,-0.278
0.1,0.0411232439657935,217,307,5000,2081,2093,0.00046399016793706,0.0321923014303802,0.00657889810328063,0.0322703336074984,0.00611490793534357,0.189719314192435,0.419727270597455,0.42084279292709,0.0419727270597455,0.0628610949529801,0,0,6,4174,0.4162,0.4186,0.4174,0.4174,0.5826,0.104276790004805,0.146679407548973,0.0434,0.0614,0.1,0.149369541333385,0.0918669430431464,0.11814492954709,0.132170077515935,0.162483319488234,0.0380941093753608,0.0494069560408654,0.0550766787752418,0.0683967493709624,0.402606424205017,0.429922242640975,0.404993451871818,0.432331530004838,0,V2,moderate,0.1,0,A5,1.5,5,50,10,1,1,R1,1,0,1,0.2,rational,Gaussian,matched,42,420014,5,50,22.6900933636988,2.26900933636988,2.33358574029062,2.32580712115632,7.77861913430211,0.30217597874494,0.30420060275662,1,0.601733240009112,0.603332485311326,0.697530471461239,42,0.0614,0,S0,E6_ablation,A4,-0.0392,-0.278
0.01,0.0746493342488584,15,44,5000,2081,1985,0.00046399016793706,0.0321923014303802,0.00636447459593582,0.032281365887903,0.00590048442799876,0.183035308631167,0.419727270597455,0.396821277533361,0.00419727270597455,0.00737410083333995,0,0,6,4066,0.4162,0.397,0.4066,0.4066,0.5934,0.00720807304180682,0.0221662468513854,0.003,0.0088,0.01,0.0185829270022447,0.00437306973444978,0.0118590800424627,0.0165533596844449,0.0296250113533111,0.00181892977763767,0.00494416595574911,0.00656203743997331,0.0117921529508508,0.402606424205017,0.429922242640975,0.383522259924182,0.4106358866765,1,V2,moderate,0.01,0,A5,1.5,5,50,10,1,1,R1,1,0.1,1,0.2,rational,Gaussian,matched,42,420014,5,50,22.6900933636988,2.26900933636988,2.33358574029062,2.32580712115632,7.77861913430211,0.30217597874494,0.263923608287504,0.867597256204847,0.601733240009112,0.568894541197706,0.697530471461239,42,0.0088,0,S1,E6_ablation,A4,-0.005,-0.2996
0.05,0.0527811122140849,112,155,5000,2081,1985,0.00046399016793706,0.0321923014303802,0.00636447459593582,0.032281365887903,0.00590048442799876,0.183035308631167,0.419727270597455,0.396821277533361,0.0209863635298728,0.0319010436740511,0,0,6,4066,0.4162,0.397,0.4066,0.4066,0.5934,0.0538202787121576,0.0780856423173804,0.0224,0.031,0.05,0.0803914645715265,0.0449209700732285,0.0643638188764186,0.0670806788837601,0.0907204658122027,0.0186501320177961,0.0268831768801224,0.0265443864926138,0.0361757179318498,0.402606424205017,0.429922242640975,0.383522259924182,0.4106358866765,1,V2,moderate,0.05,0,A5,1.5,5,50,10,1,1,R1,1,0.1,1,0.2,rational,Gaussian,matched,42,420014,5,50,22.6900933636988,2.26900933636988,2.33358574029062,2.32580712115632,7.77861913430211,0.30217597874494,0.263923608287504,0.867597256204847,0.601733240009112,0.568894541197706,0.697530471461239,42,0.031,0,S1,E6_ablation,A4,-0.0226,-0.2996
0.1,0.0411232439657935,217,289,5000,2081,1985,0.00046399016793706,0.0321923014303802,0.00636447459593582,0.032281365887903,0.00590048442799876,0.183035308631167,0.419727270597455,0.396821277533361,0.0419727270597455,0.059273012216486,0,0,6,4066,0.4162,0.397,0.4066,0.4066,0.5934,0.104276790004805,0.145591939546599,0.0434,0.0578,0.1,0.149369541333385,0.0918669430431464,0.11814492954709,0.130760742969824,0.161792218574785,0.0380941093753608,0.0494069560408654,0.0516646304478541,0.0646143251523544,0.402606424205017,0.429922242640975,0.383522259924182,0.4106358866765,0,V2,moderate,0.1,0,A5,1.5,5,50,10,1,1,R1,1,0.1,1,0.2,rational,Gaussian,matched,42,420014,5,50,22.6900933636988,2.26900933636988,2.33358574029062,2.32580712115632,7.77861913430211,0.30217597874494,0.263923608287504,0.867597256204847,0.601733240009112,0.568894541197706,0.697530471461239,42,0.0578,0,S1,E6_ablation,A4,-0.0428,-0.2996
0.01,0.0746493342488584,15,34,5000,2081,1507,0.00046399016793706,0.0321923014303802,0.00672676826548389,0.0322750284715949,0.00626277809754683,0.194292921720325,0.419727270597455,0.298414543079716,0.00419727270597455,0.00554541567045857,0,0,6,3588,0.4162,0.3014,0.3588,0.3588,0.6412,0.00720807304180682,0.0225613802256138,0.003,0.0068,0.01,0.0185829270022447,0.00437306973444978,0.0118590800424627,0.016189545408722,0.0313610816946478,0.00181892977763767,0.00494416595574911,0.00487033343057001,0.00948692776803434,0.402606424205017,0.429922242640975,0.288837550639348,0.314267380573228,1,V2,moderate,0.01,0,A5,1.5,5,50,10,1,1,R1,1,0.5,1,0.2,rational,Gaussian,matched,42,420014,5,50,22.6900933636988,2.26900933636988,2.33358574029062,2.32580712115632,7.77861913430211,0.30217597874494,0.149537776800757,0.49157620151199,0.601733240009112,0.427815780512892,0.697530471461239,42,0.0068,0,S2,E6_ablation,A4,-0.007,-0.3952
0.05,0.0527811122140849,112,120,5000,2081,1507,0.00046399016793706,0.0321923014303802,0.00672676826548389,0.0322750284715949,0.00626277809754683,0.194292921720325,0.419727270597455,0.298414543079716,0.0209863635298728,0.0239899821676212,0,0,6,3588,0.4162,0.3014,0.3588,0.3588,0.6412,0.0538202787121576,0.079628400796284,0.0224,0.024,0.05,0.0803914645715265,0.0449209700732285,0.0643638188764186,0.0670047766097771,0.0943896949259905,0.0186501320177961,0.0268831768801224,0.0201091147398617,0.0286217375118327,0.402606424205017,0.429922242640975,0.288837550639348,0.314267380573228,1,V2,moderate,0.05,0,A5,1.5,5,50,10,1,1,R1,1,0.5,1,0.2,rational,Gaussian,matched,42,420014,5,50,22.6900933636988,2.26900933636988,2.33358574029062,2.32580712115632,7.77861913430211,0.30217597874494,0.149537776800757,0.49157620151199,0.601733240009112,0.427815780512892,0.697530471461239,42,0.024,0,S2,E6_ablation,A4,-0.0296,-0.3952
0.1,0.0411232439657935,217,225,5000,2081,1507,0.00046399016793706,0.0321923014303802,0.00672676826548389,0.0322750284715949,0.00626277809754683,0.194292921720325,0.419727270597455,0.298414543079716,0.0419727270597455,0.0445740434270288,0,0,6,3588,0.4162,0.3014,0.3588,0.3588,0.6412,0.104276790004805,0.149303251493033,0.0434,0.045,0.1,0.149369541333385,0.0918669430431464,0.11814492954709,0.13220230214386,0.168187560850068,0.0380941093753608,0.0494069560408654,0.0395948274633155,0.0511037813066865,0.402606424205017,0.429922242640975,0.288837550639348,0.314267380573228,0,V2,moderate,0.1,0,A5,1.5,5,50,10,1,1,R1,1,0.5,1,0.2,rational,Gaussian,matched,42,420014,5,50,22.6900933636988,2.26900933636988,2.33358574029062,2.32580712115632,7.77861913430211,0.30217597874494,0.149537776800757,0.49157620151199,0.601733240009112,0.427815780512892,0.697530471461239,42,0.045,0,S2,E6_ablation,A4,-0.0556,-0.3952
0.01,0.0746493342488584,15,13,5000,2081,571,0.00046399016793706,0.0321923014303802,0.00641784723688309,0.0312739324139806,0.00595385706894603,0.18760318604437,0.419727270597455,0.106741854056518,0.00419727270597455,0.00198357608201654,0,0,6,2652,0.4162,0.1142,0.2652,0.2652,0.7348,0.00720807304180682,0.0227670753064799,0.003,0.0026,0.01,0.0185829270022447,0.00437306973444978,0.0118590800424627,0.0133526350036796,0.0385598677617174,0.00181892977763767,0.00494416595574911,0.00152012699983262,0.00444358289511021,0.402606424205017,0.429922242640975,0.105678742596116,0.12331361622469,1,V2,moderate,0.01,0,A5,1.5,5,50,10,1,1,R1,1,1.5,1,0.2,rational,Gaussian,matched,42,420014,5,50,22.6900933636988,2.26900933636988,2.33358574029062,2.32580712115632,7.77861913430211,0.30217597874494,0.0361353793596854,0.118787993949493,0.601733240009112,0.153028230914281,0.697530471461239,42,0.0026,0,S3,E6_ablation,A4,-0.0112,-0.5824
0.05,0.0527811122140849,112,41,5000,2081,571,0.00046399016793706,0.0321923014303802,0.00641784723688309,0.0312739324139806,0.00595385706894603,0.18760318604437,0.419727270597455,0.106741854056518,0.0209863635298728,0.00858113397868362,0,0,6,2652,0.4162,0.1142,0.2652,0.2652,0.7348,0.0538202787121576,0.0718038528896672,0.0224,0.0082,0.05,0.0803914645715265,0.0449209700732285,0.0643638188764186,0.0533680782072963,0.0959625894115645,0.0186501320177961,0.0268831768801224,0.00605048556323917,0.011104626069919,0.402606424205017,0.429922242640975,0.105678742596116,0.12331361622469,0,V2,moderate,0.05,0,A5,1.5,5,50,10,1,1,R1,1,1.5,1,0.2,rational,Gaussian,matched,42,420014,5,50,22.6900933636988,2.26900933636988,2.33358574029062,2.32580712115632,7.77861913430211,0.30217597874494,0.0361353793596854,0.118787993949493,0.601733240009112,0.153028230914281,0.697530471461239,42,0.0082,0,S3,E6_ablation,A4,-0.0454,-0.5824
0.1,0.0411232439657935,217,71,5000,2081,571,0.00046399016793706,0.0321923014303802,0.00641784723688309,0.0312739324139806,0.00595385706894603,0.18760318604437,0.419727270597455,0.106741854056518,0.0419727270597455,0.0159439817814972,0,0,6,2652,0.4162,0.1142,0.2652,0.2652,0.7348,0.104276790004805,0.124343257443082,0.0434,0.0142,0.1,0.149369541333385,0.0918669430431464,0.11814492954709,0.0997626536763503,0.15394461914265,0.0380941093753608,0.0494069560408654,0.0112736073056904,0.0178722919041271,0.402606424205017,0.429922242640975,0.105678742596116,0.12331361622469,0,V2,moderate,0.1,0,A5,1.5,5,50,10,1,1,R1,1,1.5,1,0.2,rational,Gaussian,matched,42,420014,5,50,22.6900933636988,2.26900933636988,2.33358574029062,2.32580712115632,7.77861913430211,0.30217597874494,0.0361353793596854,0.118787993949493,0.601733240009112,0.153028230914281,0.697530471461239,42,0.0142,0,S3,E6_ablation,A4,-0.0864,-0.5824
0.01,0,0,5000,5000,5000,5000,0,0,0.00999999999999979,0,0.00999999999999979,Inf,1,1,0,1,0,0,1,10000,1,1,1,1,0,0,1,0,1,0,1,0,0.000767701945057125,0.999232298054943,1,0,0.000767701945057125,0.999232298054943,1,0.999232298054943,1,0.999232298054943,1,1,V0,all,0.01,0,A0,1.5,5,60,0,0,0,R0,0,0.5,1,0.2,rational,Gaussian,matched,42,420015,5,60,0,1,3,2.99,9.99999999999979,0.142222222222222,0.0319466901925023,0.22313016014843,1,1,1,42,1,0,S2,E6_ablation,,NaN,NaN
0.05,0,0,5000,5000,5000,5000,0,0,0.00999999999999979,0,0.00999999999999979,Inf,1,1,0,1,0,0,1,10000,1,1,1,1,0,0,1,0,1,0,1,0,0.000767701945057125,0.999232298054943,1,0,0.000767701945057125,0.999232298054943,1,0.999232298054943,1,0.999232298054943,1,1,V0,all,0.05,0,A0,1.5,5,60,0,0,0,R0,0,0.5,1,0.2,rational,Gaussian,matched,42,420015,5,60,0,1,3,2.99,9.99999999999979,0.142222222222222,0.0319466901925023,0.22313016014843,1,1,1,42,1,0,S2,E6_ablation,,NaN,NaN
0.1,0,0,5000,5000,5000,5000,0,0,0.00999999999999979,0,0.00999999999999979,Inf,1,1,0,1,0,0,1,10000,1,1,1,1,0,0,1,0,1,0,1,0,0.000767701945057125,0.999232298054943,1,0,0.000767701945057125,0.999232298054943,1,0.999232298054943,1,0.999232298054943,1,1,V0,all,0.1,0,A0,1.5,5,60,0,0,0,R0,0,0.5,1,0.2,rational,Gaussian,matched,42,420015,5,60,0,1,3,2.99,9.99999999999979,0.142222222222222,0.0319466901925023,0.22313016014843,1,1,1,42,1,0,S2,E6_ablation,,NaN,NaN
0.01,0.0232634787404084,63,479,5000,5000,5000,0.000329206960476363,0.0101096907618164,0.0100595682760887,0.00998614883833075,0.00973036131561231,0.968377300229528,1,1,0.01,0.0923622480736904,0,0,1,10000,1,1,1,1,0,0.0126,0.0958,0.0126,0.0958,0.01,0.0923622480736904,0.00986111299635937,0.0160872428596823,0.0879496407213302,0.104270969531054,0.00986111299635937,0.0160872428596823,0.0879496407213302,0.104270969531054,0.999232298054943,1,0.999232298054943,1,1,V0,all,0.01,0,A1,1.5,5,60,10,0,0,R0,0,0.5,1,0.2,rational,Gaussian,matched,42,420015,5,60,10,1,3,2.99,9.99999999999979,0.142222222222222,0.0319466901925023,0.22313016014843,1,1,1,42,0.0958,0,S2,E6_ablation,A0,-0.9042,0
0.05,0.0164485362695147,305,1320,5000,5000,5000,0.000329206960476363,0.0101096907618164,0.0100595682760887,0.00998614883833075,0.00973036131561231,0.968377300229528,1,1,0.05,0.259511022841437,0,0,1,10000,1,1,1,1,0,0.061,0.264,0.061,0.264,0.05,0.259511022841437,0.0546972332830901,0.0679768090246701,0.251966416749523,0.276395938568544,0.0546972332830901,0.0679768090246701,0.251966416749523,0.276395938568544,0.999232298054943,1,0.999232298054943,1,1,V0,all,0.05,0,A1,1.5,5,60,10,0,0,R0,0,0.5,1,0.2,rational,Gaussian,matched,42,420015,5,60,10,1,3,2.99,9.99999999999979,0.142222222222222,0.0319466901925023,0.22313016014843,1,1,1,42,0.264,0,S2,E6_ablation,A0,-0.736,0
0.1,0.012815515655446,541,1978,5000,5000,5000,0.000329206960476363,0.0101096907618164,0.0100595682760887,0.00998614883833075,0.00973036131561231,0.968377300229528,1,1,0.1,0.389143691645353,0,0,1,10000,1,1,1,1,0,0.1082,0.3956,0.1082,0.3956,0.1,0.389143691645353,0.099888692291972,0.117112878952175,0.382131552210885,0.409228743955243,0.099888692291972,0.117112878952175,0.382131552210885,0.409228743955243,0.999232298054943,1,0.999232298054943,1,1,V0,all,0.1,0,A1,1.5,5,60,10,0,0,R0,0,0.5,1,0.2,rational,Gaussian,matched,42,420015,5,60,10,1,3,2.99,9.99999999999979,0.142222222222222,0.0319466901925023,0.22313016014843,1,1,1,42,0.3956,0,S2,E6_ablation,A0,-0.6044,0
0.01,0.0872380452765315,63,94,5000,5000,5000,0.00123452610178636,0.0379113403568116,0.0102233810353331,0.0374480581437403,0.00898885493354674,0.238555117406555,1,1,0.01,0.0197145135657487,0,0,1,10000,1,1,1,1,0,0.0126,0.0188,0.0126,0.0188,0.01,0.0197145135657487,0.00986111299635937,0.0160872428596823,0.0153881578331203,0.0229506785188027,0.00986111299635937,0.0160872428596823,0.0153881578331203,0.0229506785188027,0.999232298054943,1,0.999232298054943,1,1,V0,all,0.01,0,A2,1.5,5,60,10,1,1,R0,0,0.5,1,0.2,rational,Gaussian,matched,42,420015,5,60,37.5,3.75,3,2.99,9.99999999999979,0.142222222222222,0.0319466901925023,0.22313016014843,1,1,1,42,0.0188,0,S2,E6_ablation,A1,-0.077,0
0.05,0.0616820110106802,305,430,5000,5000,5000,0.00123452610178636,0.0379113403568116,0.0102233810353331,0.0374480581437403,0.00898885493354674,0.238555117406555,1,1,0.05,0.0840727860825272,0,0,1,10000,1,1,1,1,0,0.061,0.086,0.061,0.086,0.05,0.0840727860825272,0.0546972332830901,0.0679768090246701,0.0785431608495494,0.0940924963609579,0.0546972332830901,0.0679768090246701,0.0785431608495494,0.0940924963609579,0.999232298054943,1,0.999232298054943,1,1,V0,all,0.05,0,A2,1.5,5,60,10,1,1,R0,0,0.5,1,0.2,rational,Gaussian,matched,42,420015,5,60,37.5,3.75,3,2.99,9.99999999999979,0.142222222222222,0.0319466901925023,0.22313016014843,1,1,1,42,0.086,0,S2,E6_ablation,A1,-0.178,0
0.1,0.0480581837079225,541,784,5000,5000,5000,0.00123452610178636,0.0379113403568116,0.0102233810353331,0.0374480581437403,0.00898885493354674,0.238555117406555,1,1,0.1,0.155080348721523,0,0,1,10000,1,1,1,1,0,0.1082,0.1568,0.1082,0.1568,0.1,0.155080348721523,0.099888692291972,0.117112878952175,0.146985272097001,0.167141678518087,0.099888692291972,0.117112878952175,0.146985272097001,0.167141678518087,0.999232298054943,1,0.999232298054943,1,1,V0,all,0.1,0,A2,1.5,5,60,10,1,1,R0,0,0.5,1,0.2,rational,Gaussian,matched,42,420015,5,60,37.5,3.75,3,2.99,9.99999999999979,0.142222222222222,0.0319466901925023,0.22313016014843,1,1,1,42,0.1568,0,S2,E6_ablation,A1,-0.2388,0
0.01,0.123373226784989,55,95,5000,5000,5000,0.000561629445783976,0.0528638847739859,0.0102748690483957,0.0536456406514116,0.00971323960261173,0.182387029463784,1,1,0.01,0.0162670552244003,0,0,1,10000,1,1,1,1,0,0.011,0.019,0.011,0.019,0.01,0.0162670552244003,0.00846117233573319,0.0142896401665327,0.0155685340577751,0.0231699952133699,0.00846117233573319,0.0142896401665327,0.0155685340577751,0.0231699952133699,0.999232298054943,1,0.999232298054943,1,1,V0,all,0.01,0,A3,1.5,5,60,10,1,1,R1,0,0.5,1,0.2,rational,Gaussian,matched,42,420015,5,60,37.5,3.75,3,2.99,9.99999999999979,0.142222222222222,0.0319466901925023,0.22313016014843,1,1,1,42,0.019,0,S2,E6_ablation,A2,0.000199999999999999,0
0.05,0.0872315365257506,263,372,5000,5000,5000,0.000561629445783976,0.0528638847739859,0.0102748690483957,0.0536456406514116,0.00971323960261173,0.182387029463784,1,1,0.05,0.0726559831158145,0,0,1,10000,1,1,1,1,0,0.0526,0.0744,0.0526,0.0744,0.05,0.0726559831158145,0.0467487102249782,0.0591382294754589,0.0674483912005754,0.0820050766950572,0.0467487102249782,0.0591382294754589,0.0674483912005754,0.0820050766950572,0.999232298054943,1,0.999232298054943,1,1,V0,all,0.05,0,A3,1.5,5,60,10,1,1,R1,0,0.5,1,0.2,rational,Gaussian,matched,42,420015,5,60,37.5,3.75,3,2.99,9.99999999999979,0.142222222222222,0.0319466901925023,0.22313016014843,1,1,1,42,0.0744,0,S2,E6_ablation,A2,-0.0116,0
0.1,0.0679645351827618,514,684,5000,5000,5000,0.000561629445783976,0.0528638847739859,0.0102748690483957,0.0536456406514116,0.00971323960261173,0.182387029463784,1,1,0.1,0.13719914848991,0,0,1,10000,1,1,1,1,0,0.1028,0.1368,0.1028,0.1368,0.1,0.13719914848991,0.0946847298092121,0.111525132615941,0.127553473004555,0.146604185688335,0.0946847298092121,0.111525132615941,0.127553473004555,0.146604185688335,0.999232298054943,1,0.999232298054943,1,1,V0,all,0.1,0,A3,1.5,5,60,10,1,1,R1,0,0.5,1,0.2,rational,Gaussian,matched,42,420015,5,60,37.5,3.75,3,2.99,9.99999999999979,0.142222222222222,0.0319466901925023,0.22313016014843,1,1,1,42,0.1368,0,S2,E6_ablation,A2,-0.02,0
0.01,0.123373226784989,30,35,5000,2389,2409,0.00100923820464665,0.0524365775600966,0.010389066502698,0.0539392465506614,0.00937982829805134,0.176335039803169,0.472291245199884,0.472291245199884,0.00472291245199884,0.00768278776766729,0,0,6,4798,0.4778,0.4818,0.4798,0.4798,0.5202,0.0125575554625366,0.0145288501452885,0.006,0.007,0.01,0.0162670552244003,0.00881029676888773,0.017869890748491,0.0104651789449178,0.0201383480919498,0.0042061361604981,0.00855235336121834,0.00503763509410314,0.00971931902372318,0.463976977141539,0.491657108824821,0.467969428560904,0.495658515789896,1,V2,moderate,0.01,0,A4,1.5,5,60,10,1,1,R1,0,0.5,1,0.2,rational,Gaussian,matched,42,420015,5,60,37.5,3.75,3,2.99,9.99999999999979,0.142222222222222,0.0319466901925023,0.22313016014843,1,1,0.472291245199884,42,0.007,0,S2,E6_ablation,A3,-0.012,-0.5182
0.05,0.0872315365257506,130,186,5000,2389,2409,0.00100923820464665,0.0524365775600966,0.010389066502698,0.0539392465506614,0.00937982829805134,0.176335039803169,0.472291245199884,0.472291245199884,0.0236145622599942,0.0343147847369898,0,0,6,4798,0.4778,0.4818,0.4798,0.4798,0.5202,0.054416073670992,0.0772104607721046,0.026,0.0372,0.05,0.0726559831158145,0.0460145424195817,0.0642482824943296,0.067211753873391,0.0885554049868481,0.021939673218923,0.0307881082249912,0.0322995937978886,0.0428109911224563,0.463976977141539,0.491657108824821,0.467969428560904,0.495658515789896,1,V2,moderate,0.05,0,A4,1.5,5,60,10,1,1,R1,0,0.5,1,0.2,rational,Gaussian,matched,42,420015,5,60,37.5,3.75,3,2.99,9.99999999999979,0.142222222222222,0.0319466901925023,0.22313016014843,1,1,0.472291245199884,42,0.0372,0,S2,E6_ablation,A3,-0.0372,-0.5182
0.1,0.0679645351827618,244,330,5000,2389,2409,0.00100923820464665,0.0524365775600966,0.010389066502698,0.0539392465506614,0.00937982829805134,0.176335039803169,0.472291245199884,0.472291245199884,0.0472291245199884,0.0647979566806634,0,0,6,4798,0.4778,0.4818,0.4798,0.4798,0.5202,0.102134784428631,0.136986301369863,0.0488,0.066,0.1,0.13719914848991,0.0906232866260121,0.114923744919946,0.123832809888466,0.151295693227174,0.0431667882318987,0.0551259860033208,0.0594458588260475,0.073220506462262,0.463976977141539,0.491657108824821,0.467969428560904,0.495658515789896,1,V2,moderate,0.1,0,A4,1.5,5,60,10,1,1,R1,0,0.5,1,0.2,rational,Gaussian,matched,42,420015,5,60,37.5,3.75,3,2.99,9.99999999999979,0.142222222222222,0.0319466901925023,0.22313016014843,1,1,0.472291245199884,42,0.066,0,S2,E6_ablation,A3,-0.0708,-0.5182
0.01,0.123373226784989,11,20,5000,972,980,-0.00024016978426167,0.0528206327317584,0.0132029981390294,0.0550852186107405,0.0134431679232911,0.249109909674952,0.19627688112203,0.197043302799803,0.0019627688112203,0.00320531428824262,0,0,6,1952,0.1944,0.196,0.1952,0.1952,0.8048,0.0113168724279835,0.0204081632653061,0.0022,0.004,0.01,0.0162670552244003,0.00633074564518343,0.0201504604842667,0.0132494148668616,0.0313120929122939,0.00122891540713881,0.00393540864936006,0.00259094271878478,0.00617061761071189,0.183667212609406,0.205602006819413,0.185231926479165,0.20723483630343,1,V2,moderate,0.01,0,A5,1.5,5,60,10,1,1,R1,1,0,1,0.2,rational,Gaussian,matched,42,420015,5,60,37.5,3.75,3,2.99,9.99999999999979,0.142222222222222,0.143175132269214,1,0.415584415584416,0.417207189001375,0.472291245199884,42,0.004,0,S0,E6_ablation,A4,-0.003,-0.2858
0.05,0.0872315365257506,45,89,5000,972,980,-0.00024016978426167,0.0528206327317584,0.0132029981390294,0.0550852186107405,0.0134431679232911,0.249109909674952,0.19627688112203,0.197043302799803,0.00981384405610149,0.0143163748813068,0,0,6,1952,0.1944,0.196,0.1952,0.1952,0.8048,0.0462962962962963,0.0908163265306123,0.009,0.0178,0.05,0.0726559831158145,0.0347781687853118,0.0613864878527671,0.0743877370808925,0.110440272747706,0.00673322861097761,0.0120206546990685,0.0144879455921639,0.0218524261636492,0.183667212609406,0.205602006819413,0.185231926479165,0.20723483630343,0,V2,moderate,0.05,0,A5,1.5,5,60,10,1,1,R1,1,0,1,0.2,rational,Gaussian,matched,42,420015,5,60,37.5,3.75,3,2.99,9.99999999999979,0.142222222222222,0.143175132269214,1,0.415584415584416,0.417207189001375,0.472291245199884,42,0.0178,0,S0,E6_ablation,A4,-0.0194,-0.2858
0.1,0.0679645351827618,92,147,5000,972,980,-0.00024016978426167,0.0528206327317584,0.0132029981390294,0.0550852186107405,0.0134431679232911,0.249109909674952,0.19627688112203,0.197043302799803,0.019627688112203,0.0270341733597725,0,0,6,1952,0.1944,0.196,0.1952,0.1952,0.8048,0.0946502057613169,0.15,0.0184,0.0294,0.1,0.13719914848991,0.0778101595766754,0.114681619823332,0.129012671705302,0.173720513759061,0.0150277338906346,0.0225117166228444,0.0250668806848126,0.0344556803858752,0.183667212609406,0.205602006819413,0.185231926479165,0.20723483630343,0,V2,moderate,0.1,0,A5,1.5,5,60,10,1,1,R1,1,0,1,0.2,rational,Gaussian,matched,42,420015,5,60,37.5,3.75,3,2.99,9.99999999999979,0.142222222222222,0.143175132269214,1,0.415584415584416,0.417207189001375,0.472291245199884,42,0.0294,0,S0,E6_ablation,A4,-0.0366,-0.2858
0.01,0.123373226784989,11,12,5000,972,804,-0.00024016978426167,0.0528206327317584,0.0121091758935729,0.0546306660236832,0.0123493456778346,0.229826797332045,0.19627688112203,0.163671475009008,0.0019627688112203,0.00266245292263059,0,0,6,1776,0.1944,0.1608,0.1776,0.1776,0.8224,0.0113168724279835,0.0149253731343284,0.0022,0.0024,0.01,0.0162670552244003,0.00633074564518343,0.0201504604842667,0.00855821889701212,0.0259057944520152,0.00122891540713881,0.00393540864936006,0.00137346555641283,0.00419055141930802,0.183667212609406,0.205602006819413,0.150878848113432,0.171241960886095,1,V2,moderate,0.01,0,A5,1.5,5,60,10,1,1,R1,1,0.1,1,0.2,rational,Gaussian,matched,42,420015,5,60,37.5,3.75,3,2.99,9.99999999999979,0.142222222222222,0.106066746733549,0.740818220681718,0.415584415584416,0.346547764059736,0.472291245199884,42,0.0024,0,S1,E6_ablation,A4,-0.0046,-0.321
0.05,0.0872315365257506,45,68,5000,972,804,-0.00024016978426167,0.0528206327317584,0.0121091758935729,0.0546306660236832,0.0123493456778346,0.229826797332045,0.19627688112203,0.163671475009008,0.00981384405610149,0.011891711924795,0,0,6,1776,0.1944,0.1608,0.1776,0.1776,0.8224,0.0462962962962963,0.0845771144278607,0.009,0.0136,0.05,0.0726559831158145,0.0347781687853118,0.0613864878527671,0.0672634450882506,0.10584163301066,0.00673322861097761,0.0120206546990685,0.0107425918316195,0.0172042286205321,0.183667212609406,0.205602006819413,0.150878848113432,0.171241960886095,0,V2,moderate,0.05,0,A5,1.5,5,60,10,1,1,R1,1,0.1,1,0.2,rational,Gaussian,matched,42,420015,5,60,37.5,3.75,3,2.99,9.99999999999979,0.142222222222222,0.106066746733549,0.740818220681718,0.415584415584416,0.346547764059736,0.472291245199884,42,0.0136,0,S1,E6_ablation,A4,-0.0236,-0.321
0.1,0.0679645351827618,92,116,5000,972,804,-0.00024016978426167,0.0528206327317584,0.0121091758935729,0.0546306660236832,0.0123493456778346,0.229826797332045,0.19627688112203,0.163671475009008,0.019627688112203,0.0224555870033235,0,0,6,1776,0.1944,0.1608,0.1776,0.1776,0.8224,0.0946502057613169,0.144278606965174,0.0184,0.0232,0.1,0.13719914848991,0.0778101595766754,0.114681619823332,0.121681234160716,0.170259042295238,0.0150277338906346,0.0225117166228444,0.0193789813288477,0.0277530992459587,0.183667212609406,0.205602006819413,0.150878848113432,0.171241960886095,0,V2,moderate,0.1,0,A5,1.5,5,60,10,1,1,R1,1,0.1,1,0.2,rational,Gaussian,matched,42,420015,5,60,37.5,3.75,3,2.99,9.99999999999979,0.142222222222222,0.106066746733549,0.740818220681718,0.415584415584416,0.346547764059736,0.472291245199884,42,0.0232,0,S1,E6_ablation,A4,-0.0428,-0.321
0.01,0.123373226784989,11,3,5000,972,309,-0.00024016978426167,0.0528206327317584,0.00715565967479269,0.0517642912982774,0.00739582945905436,0.14142482404902,0.19627688112203,0.0650500426563948,0.0019627688112203,0.00105817263624117,0,0,6,1281,0.1944,0.0618,0.1281,0.1281,0.8719,0.0113168724279835,0.00970873786407767,0.0022,0.0006,0.01,0.0162670552244003,0.00633074564518343,0.0201504604842667,0.00330723434177899,0.028151060405321,0.00122891540713881,0.00393540864936006,0.000204074654194346,0.00176270604852871,0.183667212609406,0.205602006819413,0.0554562040094518,0.0688166099751963,1,V2,moderate,0.01,0,A5,1.5,5,60,10,1,1,R1,1,0.5,1,0.2,rational,Gaussian,matched,42,420015,5,60,37.5,3.75,3,2.99,9.99999999999979,0.142222222222222,0.0319466901925023,0.22313016014843,0.415584415584416,0.13773289959856,0.472291245199884,42,0.0006,0,S2,E6_ablation,A4,-0.0064,-0.42
0.05,0.0872315365257506,45,17,5000,972,309,-0.00024016978426167,0.0528206327317584,0.00715565967479269,0.0517642912982774,0.00739582945905436,0.14142482404902,0.19627688112203,0.0650500426563948,0.00981384405610149,0.00472627480092603,0,0,6,1281,0.1944,0.0618,0.1281,0.1281,0.8719,0.0462962962962963,0.0550161812297735,0.009,0.0034,0.05,0.0726559831158145,0.0347781687853118,0.0613864878527671,0.0346297763844467,0.0863307221483998,0.00673322861097761,0.0120206546990685,0.00212393679582944,0.00543854477600129,0.183667212609406,0.205602006819413,0.0554562040094518,0.0688166099751963,0,V2,moderate,0.05,0,A5,1.5,5,60,10,1,1,R1,1,0.5,1,0.2,rational,Gaussian,matched,42,420015,5,60,37.5,3.75,3,2.99,9.99999999999979,0.142222222222222,0.0319466901925023,0.22313016014843,0.415584415584416,0.13773289959856,0.472291245199884,42,0.0034,0,S2,E6_ablation,A4,-0.0338,-0.42
0.1,0.0679645351827618,92,38,5000,972,309,-0.00024016978426167,0.0528206327317584,0.00715565967479269,0.0517642912982774,0.00739582945905436,0.14142482404902,0.19627688112203,0.0650500426563948,0.019627688112203,0.00892481046168968,0,0,6,1281,0.1944,0.0618,0.1281,0.1281,0.8719,0.0946502057613169,0.122977346278317,0.0184,0.0076,0.1,0.13719914848991,0.0778101595766754,0.114681619823332,0.0909217806907027,0.164292023520764,0.0150277338906346,0.0225117166228444,0.00554222319009683,0.0104138096853954,0.183667212609406,0.205602006819413,0.0554562040094518,0.0688166099751963,0,V2,moderate,0.1,0,A5,1.5,5,60,10,1,1,R1,1,0.5,1,0.2,rational,Gaussian,matched,42,420015,5,60,37.5,3.75,3,2.99,9.99999999999979,0.142222222222222,0.0319466901925023,0.22313016014843,0.415584415584416,0.13773289959856,0.472291245199884,42,0.0076,0,S2,E6_ablation,A4,-0.0584,-0.42
0.01,0.123373226784989,11,0,5000,972,14,-0.00024016978426167,0.0528206327317584,0.0203134010797382,0.0491616290731673,0.0205535708639998,0.402822099758301,0.19627688112203,0.00372633751295732,0.0019627688112203,6.06165381080312e-05,0,0,6,986,0.1944,0.0028,0.0986,0.0986,0.9014,0.0113168724279835,0,0.0022,0,0.01,0.0162670552244003,0.00633074564518343,0.0201504604842667,1.38777878078145e-17,0.215310802737636,0.00122891540713881,0.00393540864936006,0,0.000767701945057125,0.183667212609406,0.205602006819413,0.00166867707579114,0.00469472573837367,0,V2,moderate,0.01,0,A5,1.5,5,60,10,1,1,R1,1,1.5,1,0.2,rational,Gaussian,matched,42,420015,5,60,37.5,3.75,3,2.99,9.99999999999979,0.142222222222222,0.00159053204874108,0.0111089965382423,0.415584415584416,0.00788991443485313,0.472291245199884,42,0,0,S3,E6_ablation,A4,-0.007,-0.479
0.05,0.0872315365257506,45,1,5000,972,14,-0.00024016978426167,0.0528206327317584,0.0203134010797382,0.0491616290731673,0.0205535708639998,0.402822099758301,0.19627688112203,0.00372633751295732,0.00981384405610149,0.000270740715425253,0,0,6,986,0.1944,0.0028,0.0986,0.0986,0.9014,0.0462962962962963,0.0714285714285714,0.009,0.0002,0.05,0.0726559831158145,0.0347781687853118,0.0613864878527671,0.0127222152478909,0.314687044241511,0.00673322861097761,0.0120206546990685,3.53057834393653e-05,0.00113208908083974,0.183667212609406,0.205602006819413,0.00166867707579114,0.00469472573837367,0,V2,moderate,0.05,0,A5,1.5,5,60,10,1,1,R1,1,1.5,1,0.2,rational,Gaussian,matched,42,420015,5,60,37.5,3.75,3,2.99,9.99999999999979,0.142222222222222,0.00159053204874108,0.0111089965382423,0.415584415584416,0.00788991443485313,0.472291245199884,42,0.0002,0,S3,E6_ablation,A4,-0.037,-0.479
0.1,0.0679645351827618,92,3,5000,972,14,-0.00024016978426167,0.0528206327317584,0.0203134010797382,0.0491616290731673,0.0205535708639998,0.402822099758301,0.19627688112203,0.00372633751295732,0.019627688112203,0.000511250333763753,0,0,6,986,0.1944,0.0028,0.0986,0.0986,0.9014,0.0946502057613169,0.214285714285714,0.0184,0.0006,0.1,0.13719914848991,0.0778101595766754,0.114681619823332,0.0757138671269318,0.475892305866003,0.0150277338906346,0.0225117166228444,0.000204074654194346,0.00176270604852871,0.183667212609406,0.205602006819413,0.00166867707579114,0.00469472573837367,0,V2,moderate,0.1,0,A5,1.5,5,60,10,1,1,R1,1,1.5,1,0.2,rational,Gaussian,matched,42,420015,5,60,37.5,3.75,3,2.99,9.99999999999979,0.142222222222222,0.00159053204874108,0.0111089965382423,0.415584415584416,0.00788991443485313,0.472291245199884,42,0.0006,0,S3,E6_ablation,A4,-0.0654,-0.479
0.01,0,0,5000,5000,5000,5000,0,0,0.0146190220008151,0,0.0146190220008151,Inf,1,1,0,1,0,0,1,10000,1,1,1,1,0,0,1,0,1,0,1,0,0.000767701945057125,0.999232298054943,1,0,0.000767701945057125,0.999232298054943,1,0.999232298054943,1,0.999232298054943,1,1,V0,all,0.01,0,A0,1.5,5,70,0,0,0,R0,0,0.5,1,0.2,rational,Gaussian,matched,42,420016,5,70,0,1,4.38570660024463,4.37108757824382,14.6190220008151,0.045521074116997,0.00105183588938083,0.0229527830230526,1,1,1,42,1,0,S2,E6_ablation,,NaN,NaN
0.05,0,0,5000,5000,5000,5000,0,0,0.0146190220008151,0,0.0146190220008151,Inf,1,1,0,1,0,0,1,10000,1,1,1,1,0,0,1,0,1,0,1,0,0.000767701945057125,0.999232298054943,1,0,0.000767701945057125,0.999232298054943,1,0.999232298054943,1,0.999232298054943,1,1,V0,all,0.05,0,A0,1.5,5,70,0,0,0,R0,0,0.5,1,0.2,rational,Gaussian,matched,42,420016,5,70,0,1,4.38570660024463,4.37108757824382,14.6190220008151,0.045521074116997,0.00105183588938083,0.0229527830230526,1,1,1,42,1,0,S2,E6_ablation,,NaN,NaN
0.1,0,0,5000,5000,5000,5000,0,0,0.0146190220008151,0,0.0146190220008151,Inf,1,1,0,1,0,0,1,10000,1,1,1,1,0,0,1,0,1,0,1,0,0.000767701945057125,0.999232298054943,1,0,0.000767701945057125,0.999232298054943,1,0.999232298054943,1,0.999232298054943,1,1,V0,all,0.1,0,A0,1.5,5,70,0,0,0,R0,0,0.5,1,0.2,rational,Gaussian,matched,42,420016,5,70,0,1,4.38570660024463,4.37108757824382,14.6190220008151,0.045521074116997,0.00105183588938083,0.0229527830230526,1,1,1,42,1,0,S2,E6_ablation,,NaN,NaN
0.01,0.0232634787404084,40,966,5000,5000,5000,-9.89008811322243e-05,0.00981315573726796,0.0146057737562075,0.00994565287625758,0.0147046746373397,1.48838366982464,1,1,0.01,0.193671555779219,0,0,1,10000,1,1,1,1,0,0.008,0.1932,0.008,0.1932,0.01,0.193671555779219,0.00588068172509965,0.0108747369888366,0.18249386455866,0.204377197354827,0.00588068172509965,0.0108747369888366,0.18249386455866,0.204377197354827,0.999232298054943,1,0.999232298054943,1,1,V0,all,0.01,0,A1,1.5,5,70,10,0,0,R0,0,0.5,1,0.2,rational,Gaussian,matched,42,420016,5,70,10,1,4.38570660024463,4.37108757824382,14.6190220008151,0.045521074116997,0.00105183588938083,0.0229527830230526,1,1,1,42,0.1932,0,S2,E6_ablation,A0,-0.8068,0
0.05,0.0164485362695147,237,2121,5000,5000,5000,-9.89008811322243e-05,0.00981315573726796,0.0146057737562075,0.00994565287625758,0.0147046746373397,1.48838366982464,1,1,0.05,0.427418065497276,0,0,1,10000,1,1,1,1,0,0.0474,0.4242,0.0474,0.4242,0.05,0.427418065497276,0.0418495843205747,0.053645339480091,0.41056447304491,0.437951910569961,0.0418495843205747,0.053645339480091,0.41056447304491,0.437951910569961,0.999232298054943,1,0.999232298054943,1,1,V0,all,0.05,0,A1,1.5,5,70,10,0,0,R0,0,0.5,1,0.2,rational,Gaussian,matched,42,420016,5,70,10,1,4.38570660024463,4.37108757824382,14.6190220008151,0.045521074116997,0.00105183588938083,0.0229527830230526,1,1,1,42,0.4242,0,S2,E6_ablation,A0,-0.5758,0
0.1,0.012815515655446,467,2851,5000,5000,5000,-9.89008811322243e-05,0.00981315573726796,0.0146057737562075,0.00994565287625758,0.0147046746373397,1.48838366982464,1,1,0.1,0.571561346649613,0,0,1,10000,1,1,1,1,0,0.0934,0.5702,0.0934,0.5702,0.1,0.571561346649613,0.0856434609879036,0.101780834233817,0.556429506986947,0.583862707659967,0.0856434609879036,0.101780834233817,0.556429506986947,0.583862707659967,0.999232298054943,1,0.999232298054943,1,1,V0,all,0.1,0,A1,1.5,5,70,10,0,0,R0,0,0.5,1,0.2,rational,Gaussian,matched,42,420016,5,70,10,1,4.38570660024463,4.37108757824382,14.6190220008151,0.045521074116997,0.00105183588938083,0.0229527830230526,1,1,1,42,0.5702,0,S2,E6_ablation,A0,-0.4298,0
0.01,0.186441490083727,40,81,5000,5000,5000,-0.000792625550746123,0.0786459926520769,0.0145128460288892,0.079707870125378,0.0153054715796353,0.193302862388632,1,1,0.01,0.0160189622742961,0,0,1,10000,1,1,1,1,0,0.008,0.0162,0.008,0.0162,0.01,0.0160189622742961,0.00588068172509965,0.0108747369888366,0.0130538519314656,0.0200889764705717,0.00588068172509965,0.0108747369888366,0.0130538519314656,0.0200889764705717,0.999232298054943,1,0.999232298054943,1,1,V0,all,0.01,0,A2,1.5,5,70,10,1,1,R0,0,0.5,1,0.2,rational,Gaussian,matched,42,420016,5,70,80.1434265976222,8.01434265976222,4.38570660024463,4.37108757824382,14.6190220008151,0.045521074116997,0.00105183588938083,0.0229527830230526,1,1,1,42,0.0162,0,S2,E6_ablation,A1,-0.177,0
0.05,0.131824205915418,237,369,5000,5000,5000,-0.000792625550746123,0.0786459926520769,0.0145128460288892,0.079707870125378,0.0153054715796353,0.193302862388632,1,1,0.05,0.0718099425864781,0,0,1,10000,1,1,1,1,0,0.0474,0.0738,0.0474,0.0738,0.05,0.0718099425864781,0.0418495843205747,0.053645339480091,0.0668758348861686,0.0813785542517981,0.0418495843205747,0.053645339480091,0.0668758348861686,0.0813785542517981,0.999232298054943,1,0.999232298054943,1,1,V0,all,0.05,0,A2,1.5,5,70,10,1,1,R0,0,0.5,1,0.2,rational,Gaussian,matched,42,420016,5,70,80.1434265976222,8.01434265976222,4.38570660024463,4.37108757824382,14.6190220008151,0.045521074116997,0.00105183588938083,0.0229527830230526,1,1,1,42,0.0738,0,S2,E6_ablation,A1,-0.3504,0
0.1,0.102707933824291,467,677,5000,5000,5000,-0.000792625550746123,0.0786459926520769,0.0145128460288892,0.079707870125378,0.0153054715796353,0.193302862388632,1,1,0.1,0.135853323102134,0,0,1,10000,1,1,1,1,0,0.0934,0.1354,0.0934,0.1354,0.1,0.135853323102134,0.0856434609879036,0.101780834233817,0.126195665251366,0.14516414300697,0.0856434609879036,0.101780834233817,0.126195665251366,0.14516414300697,0.999232298054943,1,0.999232298054943,1,1,V0,all,0.1,0,A2,1.5,5,70,10,1,1,R0,0,0.5,1,0.2,rational,Gaussian,matched,42,420016,5,70,80.1434265976222,8.01434265976222,4.38570660024463,4.37108757824382,14.6190220008151,0.045521074116997,0.00105183588938083,0.0229527830230526,1,1,1,42,0.1354,0,S2,E6_ablation,A1,-0.4348,0
0.01,0.263668083865455,58,66,5000,5000,5000,-0.000909725805896902,0.112788391063884,0.0159161797278749,0.113135634600649,0.0168259055337718,0.148951716047109,1,1,0.01,0.0139972300785216,0,0,1,10000,1,1,1,1,0,0.0116,0.0132,0.0116,0.0132,0.01,0.0139972300785216,0.00898452345001099,0.0149653678099208,0.0103894488016411,0.0167579858120665,0.00898452345001099,0.0149653678099208,0.0103894488016411,0.0167579858120665,0.999232298054943,1,0.999232298054943,1,1,V0,all,0.01,0,A3,1.5,5,70,10,1,1,R1,0,0.5,1,0.2,rational,Gaussian,matched,42,420016,5,70,80.1434265976222,8.01434265976222,4.38570660024463,4.37108757824382,14.6190220008151,0.045521074116997,0.00105183588938083,0.0229527830230526,1,1,1,42,0.0132,0,S2,E6_ablation,A2,-0.003,0
0.05,0.186427579854648,232,354,5000,5000,5000,-0.000909725805896902,0.112788391063884,0.0159161797278749,0.113135634600649,0.0168259055337718,0.148951716047109,1,1,0.05,0.0647761448881757,0,0,1,10000,1,1,1,1,0,0.0464,0.0708,0.0464,0.0708,0.05,0.0647761448881757,0.0409095822823139,0.0525868769222419,0.0640151703735282,0.0782438249761088,0.0409095822823139,0.0525868769222419,0.0640151703735282,0.0782438249761088,0.999232298054943,1,0.999232298054943,1,1,V0,all,0.05,0,A3,1.5,5,70,10,1,1,R1,0,0.5,1,0.2,rational,Gaussian,matched,42,420016,5,70,80.1434265976222,8.01434265976222,4.38570660024463,4.37108757824382,14.6190220008151,0.045521074116997,0.00105183588938083,0.0229527830230526,1,1,1,42,0.0708,0,S2,E6_ablation,A2,-0.003,0
0.1,0.145250952977631,490,637,5000,5000,5000,-0.000909725805896902,0.112788391063884,0.0159161797278749,0.113135634600649,0.0168259055337718,0.148951716047109,1,1,0.1,0.124543935216411,0,0,1,10000,1,1,1,1,0,0.098,0.1274,0.098,0.1274,0.1,0.124543935216411,0.0900650110795922,0.106552221284234,0.118443391150587,0.13692870033887,0.0900650110795922,0.106552221284234,0.118443391150587,0.13692870033887,0.999232298054943,1,0.999232298054943,1,1,V0,all,0.1,0,A3,1.5,5,70,10,1,1,R1,0,0.5,1,0.2,rational,Gaussian,matched,42,420016,5,70,80.1434265976222,8.01434265976222,4.38570660024463,4.37108757824382,14.6190220008151,0.045521074116997,0.00105183588938083,0.0229527830230526,1,1,1,42,0.1274,0,S2,E6_ablation,A2,-0.00799999999999998,0
0.01,0.263668083865455,7,7,5000,665,693,0.00550377031851838,0.110384606117546,0.0156480890009933,0.111630023797667,0.0101443186824749,0.0913827983339831,0.133232907696458,0.133232907696458,0.00133232907696458,0.00186489166305775,0,0,6,1358,0.133,0.1386,0.1358,0.1358,0.8642,0.0105263157894737,0.0101010101010101,0.0014,0.0014,0.01,0.0139972300785216,0.00510811132152675,0.0215670574877637,0.00490137001949937,0.0207019556650664,0.000678332601952456,0.00288721977765851,0.000678332601952456,0.00288721977765851,0.12386878426711,0.142694708960562,0.12929971586036,0.148455179105527,1,V2,moderate,0.01,0,A4,1.5,5,70,10,1,1,R1,0,0.5,1,0.2,rational,Gaussian,matched,42,420016,5,70,80.1434265976222,8.01434265976222,4.38570660024463,4.37108757824382,14.6190220008151,0.045521074116997,0.00105183588938083,0.0229527830230526,1,1,0.133232907696458,42,0.0014,0,S2,E6_ablation,A3,-0.0118,-0.8614
0.05,0.186427579854648,35,45,5000,665,693,0.00550377031851838,0.110384606117546,0.0156480890009933,0.111630023797667,0.0101443186824749,0.0913827983339831,0.133232907696458,0.133232907696458,0.00666164538482288,0.00863031413281867,0,0,6,1358,0.133,0.1386,0.1358,0.1358,0.8642,0.0526315789473684,0.0649350649350649,0.007,0.009,0.05,0.0647761448881757,0.0380843849949927,0.0723176510134986,0.0488815140271197,0.0857853569416478,0.00503763509410314,0.00971931902372318,0.00673322861097761,0.0120206546990685,0.12386878426711,0.142694708960562,0.12929971586036,0.148455179105527,0,V2,moderate,0.05,0,A4,1.5,5,70,10,1,1,R1,0,0.5,1,0.2,rational,Gaussian,matched,42,420016,5,70,80.1434265976222,8.01434265976222,4.38570660024463,4.37108757824382,14.6190220008151,0.045521074116997,0.00105183588938083,0.0229527830230526,1,1,0.133232907696458,42,0.009,0,S2,E6_ablation,A3,-0.0618,-0.8614
0.1,0.145250952977631,74,89,5000,665,693,0.00550377031851838,0.110384606117546,0.0156480890009933,0.111630023797667,0.0101443186824749,0.0913827983339831,0.133232907696458,0.133232907696458,0.0133232907696458,0.0165933506248417,0,0,6,1358,0.133,0.1386,0.1358,0.1358,0.8642,0.111278195488722,0.128427128427128,0.0148,0.0178,0.1,0.124543935216411,0.0895736897512795,0.13744791128467,0.105550619441253,0.155400356593432,0.0118060993158914,0.018538878651592,0.0144879455921639,0.0218524261636492,0.12386878426711,0.142694708960562,0.12929971586036,0.148455179105527,0,V2,moderate,0.1,0,A4,1.5,5,70,10,1,1,R1,0,0.5,1,0.2,rational,Gaussian,matched,42,420016,5,70,80.1434265976222,8.01434265976222,4.38570660024463,4.37108757824382,14.6190220008151,0.045521074116997,0.00105183588938083,0.0229527830230526,1,1,0.133232907696458,42,0.0178,0,S2,E6_ablation,A3,-0.1096,-0.8614
0.01,0.263668083865455,2,0,5000,115,139,-0.0109054777946235,0.120042268943456,0.0234601730888192,0.110471253711276,0.0343656508834427,0.297909350405576,0.0247021771466485,0.0248368319132236,0.000247021771466485,0.000347646850710959,0,0,6,254,0.023,0.0278,0.0254,0.0254,0.9746,0.0173913043478261,0,0.0004,0,0.01,0.0139972300785216,0.00478235236260555,0.0612001666884706,1.73472347597681e-18,0.0268931642984424,0.000109701282077635,0.00145738650142344,0,0.000767701945057125,0.0191966460912995,0.027535741564285,0.0235930213627045,0.0327319963542075,0,V2,moderate,0.01,0,A5,1.5,5,70,10,1,1,R1,1,0,1,0.2,rational,Gaussian,matched,42,420016,5,70,80.1434265976222,8.01434265976222,4.38570660024463,4.37108757824382,14.6190220008151,0.045521074116997,0.045826072085656,1,0.185405974948224,0.186416646927866,0.133232907696458,42,0,0,S0,E6_ablation,A4,-0.0014,-0.1108
0.05,0.186427579854648,6,10,5000,115,139,-0.0109054777946235,0.120042268943456,0.0234601730888192,0.110471253711276,0.0343656508834427,0.297909350405576,0.0247021771466485,0.0248368319132236,0.00123510885733242,0.00160883422257423,0,0,6,254,0.023,0.0278,0.0254,0.0254,0.9746,0.0521739130434783,0.0719424460431655,0.0012,0.002,0.05,0.0647761448881757,0.0241285490618255,0.109170545192777,0.0395442385453223,0.12736429779651,0.000550083167759156,0.00261577629262983,0.00108674686094388,0.00367788427633301,0.0191966460912995,0.027535741564285,0.0235930213627045,0.0327319963542075,0,V2,moderate,0.05,0,A5,1.5,5,70,10,1,1,R1,1,0,1,0.2,rational,Gaussian,matched,42,420016,5,70,80.1434265976222,8.01434265976222,4.38570660024463,4.37108757824382,14.6190220008151,0.045521074116997,0.045826072085656,1,0.185405974948224,0.186416646927866,0.133232907696458,42,0.002,0,S0,E6_ablation,A4,-0.007,-0.1108
0.1,0.145250952977631,12,20,5000,115,139,-0.0109054777946235,0.120042268943456,0.0234601730888192,0.110471253711276,0.0343656508834427,0.297909350405576,0.0247021771466485,0.0248368319132236,0.00247021771466485,0.0030932767847814,0,0,6,254,0.023,0.0278,0.0254,0.0254,0.9746,0.104347826086957,0.143884892086331,0.0024,0.004,0.1,0.124543935216411,0.0607050344205642,0.173568922639327,0.0951140777297575,0.211809830655464,0.00137346555641283,0.00419055141930802,0.00259094271878478,0.00617061761071189,0.0191966460912995,0.027535741564285,0.0235930213627045,0.0327319963542075,0,V2,moderate,0.1,0,A5,1.5,5,70,10,1,1,R1,1,0,1,0.2,rational,Gaussian,matched,42,420016,5,70,80.1434265976222,8.01434265976222,4.38570660024463,4.37108757824382,14.6190220008151,0.045521074116997,0.045826072085656,1,0.185405974948224,0.186416646927866,0.133232907696458,42,0.004,0,S0,E6_ablation,A4,-0.0138,-0.1108
0.01,0.263668083865455,2,0,5000,115,76,-0.0109054777946235,0.120042268943456,0.0191518518855684,0.106173719098719,0.0300573296801919,0.265242110489163,0.0247021771466485,0.0129549503389557,0.000247021771466485,0.000181333420550184,0,0,6,191,0.023,0.0152,0.0191,0.0191,0.9809,0.0173913043478261,0,0.0004,0,0.01,0.0139972300785216,0.00478235236260555,0.0612001666884706,3.46944695195361e-18,0.0481135850651373,0.000109701282077635,0.00145738650142344,0,0.000767701945057125,0.0191966460912995,0.027535741564285,0.0121618712021073,0.0189824926038201,0,V2,moderate,0.01,0,A5,1.5,5,70,10,1,1,R1,1,0.1,1,0.2,rational,Gaussian,matched,42,420016,5,70,80.1434265976222,8.01434265976222,4.38570660024463,4.37108757824382,14.6190220008151,0.045521074116997,0.0215416866457911,0.47007490857009,0.185405974948224,0.0972353644676938,0.133232907696458,42,0,0,S1,E6_ablation,A4,-0.0014,-0.1234
0.05,0.186427579854648,6,2,5000,115,76,-0.0109054777946235,0.120042268943456,0.0191518518855684,0.106173719098719,0.0300573296801919,0.265242110489163,0.0247021771466485,0.0129549503389557,0.00123510885733242,0.000839171740175312,0,0,6,191,0.023,0.0152,0.0191,0.0191,0.9809,0.0521739130434783,0.0263157894736842,0.0012,0.0004,0.05,0.0647761448881757,0.0241285490618255,0.109170545192777,0.00724665907512834,0.0909662109865807,0.000550083167759156,0.00261577629262983,0.000109701282077635,0.00145738650142344,0.0191966460912995,0.027535741564285,0.0121618712021073,0.0189824926038201,0,V2,moderate,0.05,0,A5,1.5,5,70,10,1,1,R1,1,0.1,1,0.2,rational,Gaussian,matched,42,420016,5,70,80.1434265976222,8.01434265976222,4.38570660024463,4.37108757824382,14.6190220008151,0.045521074116997,0.0215416866457911,0.47007490857009,0.185405974948224,0.0972353644676938,0.133232907696458,42,0.0004,0,S1,E6_ablation,A4,-0.0086,-0.1234
0.1,0.145250952977631,12,10,5000,115,76,-0.0109054777946235,0.120042268943456,0.0191518518855684,0.106173719098719,0.0300573296801919,0.265242110489163,0.0247021771466485,0.0129549503389557,0.00247021771466485,0.00161346049574671,0,0,6,191,0.023,0.0152,0.0191,0.0191,0.9809,0.104347826086957,0.131578947368421,0.0024,0.002,0.1,0.124543935216411,0.0607050344205642,0.173568922639327,0.0730688156791896,0.225541194368806,0.00137346555641283,0.00419055141930802,0.00108674686094388,0.00367788427633301,0.0191966460912995,0.027535741564285,0.0121618712021073,0.0189824926038201,0,V2,moderate,0.1,0,A5,1.5,5,70,10,1,1,R1,1,0.1,1,0.2,rational,Gaussian,matched,42,420016,5,70,80.1434265976222,8.01434265976222,4.38570660024463,4.37108757824382,14.6190220008151,0.045521074116997,0.0215416866457911,0.47007490857009,0.185405974948224,0.0972353644676938,0.133232907696458,42,0.002,0,S1,E6_ablation,A4,-0.0158,-0.1234
0.01,0.263668083865455,2,0,5000,115,3,-0.0109054777946235,0.120042268943456,0.00988247870651164,0.0465939016409311,0.0207879565011352,0.228307211803073,0.0247021771466485,0.000697029964147167,0.000247021771466485,9.75648877979159e-06,0,0,6,118,0.023,0.0006,0.0118,0.0118,0.9882,0.0173913043478261,0,0.0004,0,0.01,0.0139972300785216,0.00478235236260555,0.0612001666884706,0,0.561497031755046,0.000109701282077635,0.00145738650142344,0,0.000767701945057125,0.0191966460912995,0.027535741564285,0.000204074654194346,0.00176270604852871,0,V2,moderate,0.01,0,A5,1.5,5,70,10,1,1,R1,1,0.5,1,0.2,rational,Gaussian,matched,42,420016,5,70,80.1434265976222,8.01434265976222,4.38570660024463,4.37108757824382,14.6190220008151,0.045521074116997,0.00105183588938083,0.0229527830230526,0.185405974948224,0.0052316651809116,0.133232907696458,42,0,0,S2,E6_ablation,A4,-0.0014,-0.138
0.05,0.186427579854648,6,0,5000,115,3,-0.0109054777946235,0.120042268943456,0.00988247870651164,0.0465939016409311,0.0207879565011352,0.228307211803073,0.0247021771466485,0.000697029964147167,0.00123510885733242,4.51509139489968e-05,0,0,6,118,0.023,0.0006,0.0118,0.0118,0.9882,0.0521739130434783,0,0.0012,0,0.05,0.0647761448881757,0.0241285490618255,0.109170545192777,0,0.561497031755046,0.000550083167759156,0.00261577629262983,0,0.000767701945057125,0.0191966460912995,0.027535741564285,0.000204074654194346,0.00176270604852871,0,V2,moderate,0.05,0,A5,1.5,5,70,10,1,1,R1,1,0.5,1,0.2,rational,Gaussian,matched,42,420016,5,70,80.1434265976222,8.01434265976222,4.38570660024463,4.37108757824382,14.6190220008151,0.045521074116997,0.00105183588938083,0.0229527830230526,0.185405974948224,0.0052316651809116,0.133232907696458,42,0,0,S2,E6_ablation,A4,-0.009,-0.138
0.1,0.145250952977631,12,0,5000,115,3,-0.0109054777946235,0.120042268943456,0.00988247870651164,0.0465939016409311,0.0207879565011352,0.228307211803073,0.0247021771466485,0.000697029964147167,0.00247021771466485,8.6810854698642e-05,0,0,6,118,0.023,0.0006,0.0118,0.0118,0.9882,0.104347826086957,0,0.0024,0,0.1,0.124543935216411,0.0607050344205642,0.173568922639327,0,0.561497031755046,0.00137346555641283,0.00419055141930802,0,0.000767701945057125,0.0191966460912995,0.027535741564285,0.000204074654194346,0.00176270604852871,0,V2,moderate,0.1,0,A5,1.5,5,70,10,1,1,R1,1,0.5,1,0.2,rational,Gaussian,matched,42,420016,5,70,80.1434265976222,8.01434265976222,4.38570660024463,4.37108757824382,14.6190220008151,0.045521074116997,0.00105183588938083,0.0229527830230526,0.185405974948224,0.0052316651809116,0.133232907696458,42,0,0,S2,E6_ablation,A4,-0.0178,-0.138
0.01,0.263668083865455,2,0,5000,115,0,-0.0109054777946235,0.120042268943456,NaN,NaN,NaN,NaN,0.0247021771466485,3.69146703740579e-07,0.000247021771466485,5.16703134498475e-09,0,0,6,115,0.023,0,0.0115,0.0115,0.9885,0.0173913043478261,NaN,0.0004,0,0.01,0.0139972300785216,0.00478235236260555,0.0612001666884706,NaN,NaN,0.000109701282077635,0.00145738650142344,0,0.000767701945057125,0.0191966460912995,0.027535741564285,0,0.000767701945057125,0,V2,moderate,0.01,0,A5,1.5,5,70,10,1,1,R1,1,1.5,1,0.2,rational,Gaussian,matched,42,420016,5,70,80.1434265976222,8.01434265976222,4.38570660024463,4.37108757824382,14.6190220008151,0.045521074116997,5.54138962987223e-07,1.20922203838778e-05,0.185405974948224,2.77068713820763e-06,0.133232907696458,42,0,0,S3,E6_ablation,A4,-0.0014,-0.1386
0.05,0.186427579854648,6,0,5000,115,0,-0.0109054777946235,0.120042268943456,NaN,NaN,NaN,NaN,0.0247021771466485,3.69146703740579e-07,0.00123510885733242,2.39119003664922e-08,0,0,6,115,0.023,0,0.0115,0.0115,0.9885,0.0521739130434783,NaN,0.0012,0,0.05,0.0647761448881757,0.0241285490618255,0.109170545192777,NaN,NaN,0.000550083167759156,0.00261577629262983,0,0.000767701945057125,0.0191966460912995,0.027535741564285,0,0.000767701945057125,0,V2,moderate,0.05,0,A5,1.5,5,70,10,1,1,R1,1,1.5,1,0.2,rational,Gaussian,matched,42,420016,5,70,80.1434265976222,8.01434265976222,4.38570660024463,4.37108757824382,14.6190220008151,0.045521074116997,5.54138962987223e-07,1.20922203838778e-05,0.185405974948224,2.77068713820763e-06,0.133232907696458,42,0,0,S3,E6_ablation,A4,-0.009,-0.1386
0.1,0.145250952977631,12,0,5000,115,0,-0.0109054777946235,0.120042268943456,NaN,NaN,NaN,NaN,0.0247021771466485,3.69146703740579e-07,0.00247021771466485,4.59749831560183e-08,0,0,6,115,0.023,0,0.0115,0.0115,0.9885,0.104347826086957,NaN,0.0024,0,0.1,0.124543935216411,0.0607050344205642,0.173568922639327,NaN,NaN,0.00137346555641283,0.00419055141930802,0,0.000767701945057125,0.0191966460912995,0.027535741564285,0,0.000767701945057125,0,V2,moderate,0.1,0,A5,1.5,5,70,10,1,1,R1,1,1.5,1,0.2,rational,Gaussian,matched,42,420016,5,70,80.1434265976222,8.01434265976222,4.38570660024463,4.37108757824382,14.6190220008151,0.045521074116997,5.54138962987223e-07,1.20922203838778e-05,0.185405974948224,2.77068713820763e-06,0.133232907696458,42,0,0,S3,E6_ablation,A4,-0.0178,-0.1386
0.01,0,0,5000,5000,5000,5000,0,0,0.00999999999999982,1.87368873229756e-16,0.00999999999999982,75477507976414.4,1,1,0,1,0,0,1,10000,1,1,1,1,0,0,1,0,1,0,1,0,0.000767701945057125,0.999232298054943,1,0,0.000767701945057125,0.999232298054943,1,0.999232298054943,1,0.999232298054943,1,1,V0,all,0.01,0,A0,1.5,10,0,0,0,0,R0,0,0.5,1,0.2,rational,Gaussian,matched,42,420017,10,0,0,1,1.5,1.49,10,1.13777777777778,1.15310121165713,1,1,1,1,42,1,0,S2,E6_ablation,,NaN,NaN
0.05,0,0,5000,5000,5000,5000,0,0,0.00999999999999982,1.87368873229756e-16,0.00999999999999982,75477507976414.4,1,1,0,1,0,0,1,10000,1,1,1,1,0,0,1,0,1,0,1,0,0.000767701945057125,0.999232298054943,1,0,0.000767701945057125,0.999232298054943,1,0.999232298054943,1,0.999232298054943,1,1,V0,all,0.05,0,A0,1.5,10,0,0,0,0,R0,0,0.5,1,0.2,rational,Gaussian,matched,42,420017,10,0,0,1,1.5,1.49,10,1.13777777777778,1.15310121165713,1,1,1,1,42,1,0,S2,E6_ablation,,NaN,NaN
0.1,0,0,5000,5000,5000,5000,0,0,0.00999999999999982,1.87368873229756e-16,0.00999999999999982,75477507976414.4,1,1,0,1,0,0,1,10000,1,1,1,1,0,0,1,0,1,0,1,0,0.000767701945057125,0.999232298054943,1,0,0.000767701945057125,0.999232298054943,1,0.999232298054943,1,0.999232298054943,1,1,V0,all,0.1,0,A0,1.5,10,0,0,0,0,R0,0,0.5,1,0.2,rational,Gaussian,matched,42,420017,10,0,0,1,1.5,1.49,10,1.13777777777778,1.15310121165713,1,1,1,1,42,1,0,S2,E6_ablation,,NaN,NaN
0.01,0.0232634787404084,51,492,5000,5000,5000,-1.1660290369738e-05,0.0100859239409353,0.0102114575385943,0.010020142027688,0.010223117828964,1.01691331657133,1,1,0.01,0.0923622480736941,0,0,1,10000,1,1,1,1,0,0.0102,0.0984,0.0102,0.0984,0.01,0.0923622480736941,0.00776673589879977,0.0133853049265782,0.0904497616652761,0.106966856536994,0.00776673589879977,0.0133853049265782,0.0904497616652761,0.106966856536994,0.999232298054943,1,0.999232298054943,1,1,V0,all,0.01,0,A1,1.5,10,0,10,0,0,R0,0,0.5,1,0.2,rational,Gaussian,matched,42,420017,10,0,10,1,1.5,1.49,10,1.13777777777778,1.15310121165713,1,1,1,1,42,0.0984,0,S2,E6_ablation,A0,-0.9016,0
0.05,0.0164485362695147,247,1382,5000,5000,5000,-1.1660290369738e-05,0.0100859239409353,0.0102114575385943,0.010020142027688,0.010223117828964,1.01691331657133,1,1,0.05,0.259511022841444,0,0,1,10000,1,1,1,1,0,0.0494,0.2764,0.0494,0.2764,0.05,0.259511022841444,0.043731720637967,0.0557601323549184,0.26417923347903,0.2889640828308,0.043731720637967,0.0557601323549184,0.26417923347903,0.2889640828308,0.999232298054943,1,0.999232298054943,1,1,V0,all,0.05,0,A1,1.5,10,0,10,0,0,R0,0,0.5,1,0.2,rational,Gaussian,matched,42,420017,10,0,10,1,1.5,1.49,10,1.13777777777778,1.15310121165713,1,1,1,1,42,0.2764,0,S2,E6_ablation,A0,-0.7236,0
0.1,0.012815515655446,504,2005,5000,5000,5000,-1.1660290369738e-05,0.0100859239409353,0.0102114575385943,0.010020142027688,0.010223117828964,1.01691331657133,1,1,0.1,0.389143691645361,0,0,1,10000,1,1,1,1,0,0.1008,0.401,0.1008,0.401,0.1,0.389143691645361,0.0927591356204094,0.109453797612524,0.387496348009487,0.414655656975634,0.0927591356204094,0.109453797612524,0.387496348009487,0.414655656975634,0.999232298054943,1,0.999232298054943,1,1,V0,all,0.1,0,A1,1.5,10,0,10,0,0,R0,0,0.5,1,0.2,rational,Gaussian,matched,42,420017,10,0,10,1,1.5,1.49,10,1.13777777777778,1.15310121165713,1,1,1,1,42,0.401,0,S2,E6_ablation,A0,-0.599,0
0.01,0.0232634787404084,51,492,5000,5000,5000,-1.1660290369738e-05,0.0100859239409353,0.0102114575385943,0.010020142027688,0.010223117828964,1.01691331657133,1,1,0.01,0.0923622480736941,0,0,1,10000,1,1,1,1,0,0.0102,0.0984,0.0102,0.0984,0.01,0.0923622480736941,0.00776673589879977,0.0133853049265782,0.0904497616652761,0.106966856536994,0.00776673589879977,0.0133853049265782,0.0904497616652761,0.106966856536994,0.999232298054943,1,0.999232298054943,1,1,V0,all,0.01,0,A2,1.5,10,0,10,1,1,R0,0,0.5,1,0.2,rational,Gaussian,matched,42,420017,10,0,10,1,1.5,1.49,10,1.13777777777778,1.15310121165713,1,1,1,1,42,0.0984,0,S2,E6_ablation,A1,0,0
0.05,0.0164485362695147,247,1382,5000,5000,5000,-1.1660290369738e-05,0.0100859239409353,0.0102114575385943,0.010020142027688,0.010223117828964,1.01691331657133,1,1,0.05,0.259511022841444,0,0,1,10000,1,1,1,1,0,0.0494,0.2764,0.0494,0.2764,0.05,0.259511022841444,0.043731720637967,0.0557601323549184,0.26417923347903,0.2889640828308,0.043731720637967,0.0557601323549184,0.26417923347903,0.2889640828308,0.999232298054943,1,0.999232298054943,1,1,V0,all,0.05,0,A2,1.5,10,0,10,1,1,R0,0,0.5,1,0.2,rational,Gaussian,matched,42,420017,10,0,10,1,1.5,1.49,10,1.13777777777778,1.15310121165713,1,1,1,1,42,0.2764,0,S2,E6_ablation,A1,0,0
0.1,0.012815515655446,504,2005,5000,5000,5000,-1.1660290369738e-05,0.0100859239409353,0.0102114575385943,0.010020142027688,0.010223117828964,1.01691331657133,1,1,0.1,0.389143691645361,0,0,1,10000,1,1,1,1,0,0.1008,0.401,0.1008,0.401,0.1,0.389143691645361,0.0927591356204094,0.109453797612524,0.387496348009487,0.414655656975634,0.0927591356204094,0.109453797612524,0.387496348009487,0.414655656975634,0.999232298054943,1,0.999232298054943,1,1,V0,all,0.1,0,A2,1.5,10,0,10,1,1,R0,0,0.5,1,0.2,rational,Gaussian,matched,42,420017,10,0,10,1,1.5,1.49,10,1.13777777777778,1.15310121165713,1,1,1,1,42,0.401,0,S2,E6_ablation,A1,0,0
0.01,0.0328995271426637,46,287,5000,5000,5000,-0.000359581951148985,0.0140428330021796,0.0101290622785273,0.0143653571240345,0.0104886442296763,0.738376382279353,1,1,0.01,0.0526976998110202,0,0,1,10000,1,1,1,1,0,0.0092,0.0574,0.0092,0.0574,0.01,0.0526976998110202,0.00690473854824771,0.0122488376810204,0.0512859370556652,0.0641936327060993,0.00690473854824771,0.0122488376810204,0.0512859370556652,0.0641936327060993,0.999232298054943,1,0.999232298054943,1,1,V0,all,0.01,0,A3,1.5,10,0,10,1,1,R1,0,0.5,1,0.2,rational,Gaussian,matched,42,420017,10,0,10,1,1.5,1.49,10,1.13777777777778,1.15310121165713,1,1,1,1,42,0.0574,0,S2,E6_ablation,A2,-0.041,0
0.05,0.0232617430735335,250,884,5000,5000,5000,-0.000359581951148985,0.0140428330021796,0.0101290622785273,0.0143653571240345,0.0104886442296763,0.738376382279353,1,1,0.05,0.174187261617932,0,0,1,10000,1,1,1,1,0,0.05,0.1768,0.05,0.1768,0.05,0.174187261617932,0.0442968967005706,0.0563940350499809,0.166474840963884,0.187621401573401,0.0442968967005706,0.0563940350499809,0.166474840963884,0.187621401573401,0.999232298054943,1,0.999232298054943,1,1,V0,all,0.05,0,A3,1.5,10,0,10,1,1,R1,0,0.5,1,0.2,rational,Gaussian,matched,42,420017,10,0,10,1,1.5,1.49,10,1.13777777777778,1.15310121165713,1,1,1,1,42,0.1768,0,S2,E6_ablation,A2,-0.0996,0
0.1,0.0181238760487365,467,1429,5000,5000,5000,-0.000359581951148985,0.0140428330021796,0.0101290622785273,0.0143653571240345,0.0104886442296763,0.738376382279353,1,1,0.1,0.282833427382102,0,0,1,10000,1,1,1,1,0,0.0934,0.2858,0.0934,0.2858,0.1,0.282833427382102,0.0856434609879036,0.101780834233817,0.273445292301289,0.298483591211973,0.0856434609879036,0.101780834233817,0.273445292301289,0.298483591211973,0.999232298054943,1,0.999232298054943,1,1,V0,all,0.1,0,A3,1.5,10,0,10,1,1,R1,0,0.5,1,0.2,rational,Gaussian,matched,42,420017,10,0,10,1,1.5,1.49,10,1.13777777777778,1.15310121165713,1,1,1,1,42,0.2858,0,S2,E6_ablation,A2,-0.1152,0
0.01,0.0328995271426637,46,287,5000,5000,5000,-0.000359581951148985,0.0140428330021796,0.0101290622785273,0.0143653571240345,0.0104886442296763,0.738376382279353,1,1,0.01,0.0526976998110202,0,0,6,10000,1,1,1,1,0,0.0092,0.0574,0.0092,0.0574,0.01,0.0526976998110202,0.00690473854824771,0.0122488376810204,0.0512859370556652,0.0641936327060993,0.00690473854824771,0.0122488376810204,0.0512859370556652,0.0641936327060993,0.999232298054943,1,0.999232298054943,1,1,V2,moderate,0.01,0,A4,1.5,10,0,10,1,1,R1,0,0.5,1,0.2,rational,Gaussian,matched,42,420017,10,0,10,1,1.5,1.49,10,1.13777777777778,1.15310121165713,1,1,1,1,42,0.0574,0,S2,E6_ablation,A3,0,0
0.05,0.0232617430735335,250,884,5000,5000,5000,-0.000359581951148985,0.0140428330021796,0.0101290622785273,0.0143653571240345,0.0104886442296763,0.738376382279353,1,1,0.05,0.174187261617932,0,0,6,10000,1,1,1,1,0,0.05,0.1768,0.05,0.1768,0.05,0.174187261617932,0.0442968967005706,0.0563940350499809,0.166474840963884,0.187621401573401,0.0442968967005706,0.0563940350499809,0.166474840963884,0.187621401573401,0.999232298054943,1,0.999232298054943,1,1,V2,moderate,0.05,0,A4,1.5,10,0,10,1,1,R1,0,0.5,1,0.2,rational,Gaussian,matched,42,420017,10,0,10,1,1.5,1.49,10,1.13777777777778,1.15310121165713,1,1,1,1,42,0.1768,0,S2,E6_ablation,A3,0,0
0.1,0.0181238760487365,467,1429,5000,5000,5000,-0.000359581951148985,0.0140428330021796,0.0101290622785273,0.0143653571240345,0.0104886442296763,0.738376382279353,1,1,0.1,0.282833427382102,0,0,6,10000,1,1,1,1,0,0.0934,0.2858,0.0934,0.2858,0.1,0.282833427382102,0.0856434609879036,0.101780834233817,0.273445292301289,0.298483591211973,0.0856434609879036,0.101780834233817,0.273445292301289,0.298483591211973,0.999232298054943,1,0.999232298054943,1,1,V2,moderate,0.1,0,A4,1.5,10,0,10,1,1,R1,0,0.5,1,0.2,rational,Gaussian,matched,42,420017,10,0,10,1,1.5,1.49,10,1.13777777777778,1.15310121165713,1,1,1,1,42,0.2858,0,S2,E6_ablation,A3,0,0
0.01,0.0328995271426637,38,243,5000,4260,4219,-0.000301516434995169,0.0140506645666951,0.0102497067086941,0.0143651607739116,0.0105512231436893,0.742584588170896,0.850498338870432,0.852191396861539,0.00850498338870432,0.0449085264133433,0,0,6,8479,0.852,0.8438,0.8479,0.8479,0.1521,0.00892018779342723,0.0575965868689263,0.0076,0.0486,0.01,0.0526976998110202,0.00650594416515182,0.0122192968157305,0.0509606403282156,0.0650374295963634,0.00554222319009683,0.0104138096853954,0.0429785323075291,0.0549145490084684,0.841887148872737,0.861572388957942,0.833473560598096,0.853598567544483,1,V2,moderate,0.01,0,A5,1.5,10,0,10,1,1,R1,1,0,1,0.2,rational,Gaussian,matched,42,420017,10,0,10,1,1.5,1.49,10,1.13777777777778,1.15310121165713,1,0.850498338870432,0.852191396861539,1,42,0.0486,0,S0,E6_ablation,A4,-0.0088,-0.1562
0.05,0.0232617430735335,210,755,5000,4260,4219,-0.000301516434995169,0.0140506645666951,0.0102497067086941,0.0143651607739116,0.0105512231436893,0.742584588170896,0.850498338870432,0.852191396861539,0.0425249169435216,0.148440885793672,0,0,6,8479,0.852,0.8438,0.8479,0.8479,0.1521,0.0492957746478873,0.178952358378763,0.042,0.151,0.05,0.174187261617932,0.0431912250394643,0.0562124378110586,0.167679637558086,0.19080918414716,0.036782686294686,0.0479205286869863,0.141343694655479,0.161192161302171,0.841887148872737,0.861572388957942,0.833473560598096,0.853598567544483,1,V2,moderate,0.05,0,A5,1.5,10,0,10,1,1,R1,1,0,1,0.2,rational,Gaussian,matched,42,420017,10,0,10,1,1.5,1.49,10,1.13777777777778,1.15310121165713,1,0.850498338870432,0.852191396861539,1,42,0.151,0,S0,E6_ablation,A4,-0.0258,-0.1562
0.1,0.0181238760487365,398,1221,5000,4260,4219,-0.000301516434995169,0.0140506645666951,0.0102497067086941,0.0143651607739116,0.0105512231436893,0.742584588170896,0.850498338870432,0.852191396861539,0.0850498338870432,0.24102821355989,0,0,6,8479,0.852,0.8438,0.8479,0.8479,0.1521,0.0934272300469484,0.289405072292012,0.0796,0.2442,0.1,0.282833427382102,0.0850503934794964,0.102536660716913,0.275917708287287,0.303275586718333,0.0724161478096428,0.0874293359857613,0.23249131545528,0.256301440859811,0.841887148872737,0.861572388957942,0.833473560598096,0.853598567544483,1,V2,moderate,0.1,0,A5,1.5,10,0,10,1,1,R1,1,0,1,0.2,rational,Gaussian,matched,42,420017,10,0,10,1,1.5,1.49,10,1.13777777777778,1.15310121165713,1,0.850498338870432,0.852191396861539,1,42,0.2442,0,S0,E6_ablation,A4,-0.0416,-0.1562
0.01,0.0328995271426637,38,243,5000,4260,4219,-0.000301516434995169,0.0140506645666951,0.0102497067086941,0.0143651607739116,0.0105512231436893,0.742584588170896,0.850498338870432,0.852191396861539,0.00850498338870432,0.0449085264133433,0,0,6,8479,0.852,0.8438,0.8479,0.8479,0.1521,0.00892018779342723,0.0575965868689263,0.0076,0.0486,0.01,0.0526976998110202,0.00650594416515182,0.0122192968157305,0.0509606403282156,0.0650374295963634,0.00554222319009683,0.0104138096853954,0.0429785323075291,0.0549145490084684,0.841887148872737,0.861572388957942,0.833473560598096,0.853598567544483,1,V2,moderate,0.01,0,A5,1.5,10,0,10,1,1,R1,1,0.1,1,0.2,rational,Gaussian,matched,42,420017,10,0,10,1,1.5,1.49,10,1.13777777777778,1.15310121165713,1,0.850498338870432,0.852191396861539,1,42,0.0486,0,S1,E6_ablation,A4,-0.0088,-0.1562
0.05,0.0232617430735335,210,755,5000,4260,4219,-0.000301516434995169,0.0140506645666951,0.0102497067086941,0.0143651607739116,0.0105512231436893,0.742584588170896,0.850498338870432,0.852191396861539,0.0425249169435216,0.148440885793672,0,0,6,8479,0.852,0.8438,0.8479,0.8479,0.1521,0.0492957746478873,0.178952358378763,0.042,0.151,0.05,0.174187261617932,0.0431912250394643,0.0562124378110586,0.167679637558086,0.19080918414716,0.036782686294686,0.0479205286869863,0.141343694655479,0.161192161302171,0.841887148872737,0.861572388957942,0.833473560598096,0.853598567544483,1,V2,moderate,0.05,0,A5,1.5,10,0,10,1,1,R1,1,0.1,1,0.2,rational,Gaussian,matched,42,420017,10,0,10,1,1.5,1.49,10,1.13777777777778,1.15310121165713,1,0.850498338870432,0.852191396861539,1,42,0.151,0,S1,E6_ablation,A4,-0.0258,-0.1562
0.1,0.0181238760487365,398,1221,5000,4260,4219,-0.000301516434995169,0.0140506645666951,0.0102497067086941,0.0143651607739116,0.0105512231436893,0.742584588170896,0.850498338870432,0.852191396861539,0.0850498338870432,0.24102821355989,0,0,6,8479,0.852,0.8438,0.8479,0.8479,0.1521,0.0934272300469484,0.289405072292012,0.0796,0.2442,0.1,0.282833427382102,0.0850503934794964,0.102536660716913,0.275917708287287,0.303275586718333,0.0724161478096428,0.0874293359857613,0.23249131545528,0.256301440859811,0.841887148872737,0.861572388957942,0.833473560598096,0.853598567544483,1,V2,moderate,0.1,0,A5,1.5,10,0,10,1,1,R1,1,0.1,1,0.2,rational,Gaussian,matched,42,420017,10,0,10,1,1.5,1.49,10,1.13777777777778,1.15310121165713,1,0.850498338870432,0.852191396861539,1,42,0.2442,0,S1,E6_ablation,A4,-0.0416,-0.1562
0.01,0.0328995271426637,38,243,5000,4260,4219,-0.000301516434995169,0.0140506645666951,0.0102497067086941,0.0143651607739116,0.0105512231436893,0.742584588170896,0.850498338870432,0.852191396861539,0.00850498338870432,0.0449085264133433,0,0,6,8479,0.852,0.8438,0.8479,0.8479,0.1521,0.00892018779342723,0.0575965868689263,0.0076,0.0486,0.01,0.0526976998110202,0.00650594416515182,0.0122192968157305,0.0509606403282156,0.0650374295963634,0.00554222319009683,0.0104138096853954,0.0429785323075291,0.0549145490084684,0.841887148872737,0.861572388957942,0.833473560598096,0.853598567544483,1,V2,moderate,0.01,0,A5,1.5,10,0,10,1,1,R1,1,0.5,1,0.2,rational,Gaussian,matched,42,420017,10,0,10,1,1.5,1.49,10,1.13777777777778,1.15310121165713,1,0.850498338870432,0.852191396861539,1,42,0.0486,0,S2,E6_ablation,A4,-0.0088,-0.1562
0.05,0.0232617430735335,210,755,5000,4260,4219,-0.000301516434995169,0.0140506645666951,0.0102497067086941,0.0143651607739116,0.0105512231436893,0.742584588170896,0.850498338870432,0.852191396861539,0.0425249169435216,0.148440885793672,0,0,6,8479,0.852,0.8438,0.8479,0.8479,0.1521,0.0492957746478873,0.178952358378763,0.042,0.151,0.05,0.174187261617932,0.0431912250394643,0.0562124378110586,0.167679637558086,0.19080918414716,0.036782686294686,0.0479205286869863,0.141343694655479,0.161192161302171,0.841887148872737,0.861572388957942,0.833473560598096,0.853598567544483,1,V2,moderate,0.05,0,A5,1.5,10,0,10,1,1,R1,1,0.5,1,0.2,rational,Gaussian,matched,42,420017,10,0,10,1,1.5,1.49,10,1.13777777777778,1.15310121165713,1,0.850498338870432,0.852191396861539,1,42,0.151,0,S2,E6_ablation,A4,-0.0258,-0.1562
0.1,0.0181238760487365,398,1221,5000,4260,4219,-0.000301516434995169,0.0140506645666951,0.0102497067086941,0.0143651607739116,0.0105512231436893,0.742584588170896,0.850498338870432,0.852191396861539,0.0850498338870432,0.24102821355989,0,0,6,8479,0.852,0.8438,0.8479,0.8479,0.1521,0.0934272300469484,0.289405072292012,0.0796,0.2442,0.1,0.282833427382102,0.0850503934794964,0.102536660716913,0.275917708287287,0.303275586718333,0.0724161478096428,0.0874293359857613,0.23249131545528,0.256301440859811,0.841887148872737,0.861572388957942,0.833473560598096,0.853598567544483,1,V2,moderate,0.1,0,A5,1.5,10,0,10,1,1,R1,1,0.5,1,0.2,rational,Gaussian,matched,42,420017,10,0,10,1,1.5,1.49,10,1.13777777777778,1.15310121165713,1,0.850498338870432,0.852191396861539,1,42,0.2442,0,S2,E6_ablation,A4,-0.0416,-0.1562
0.01,0.0328995271426637,38,243,5000,4260,4219,-0.000301516434995169,0.0140506645666951,0.0102497067086941,0.0143651607739116,0.0105512231436893,0.742584588170896,0.850498338870432,0.852191396861539,0.00850498338870432,0.0449085264133433,0,0,6,8479,0.852,0.8438,0.8479,0.8479,0.1521,0.00892018779342723,0.0575965868689263,0.0076,0.0486,0.01,0.0526976998110202,0.00650594416515182,0.0122192968157305,0.0509606403282156,0.0650374295963634,0.00554222319009683,0.0104138096853954,0.0429785323075291,0.0549145490084684,0.841887148872737,0.861572388957942,0.833473560598096,0.853598567544483,1,V2,moderate,0.01,0,A5,1.5,10,0,10,1,1,R1,1,1.5,1,0.2,rational,Gaussian,matched,42,420017,10,0,10,1,1.5,1.49,10,1.13777777777778,1.15310121165713,1,0.850498338870432,0.852191396861539,1,42,0.0486,0,S3,E6_ablation,A4,-0.0088,-0.1562
0.05,0.0232617430735335,210,755,5000,4260,4219,-0.000301516434995169,0.0140506645666951,0.0102497067086941,0.0143651607739116,0.0105512231436893,0.742584588170896,0.850498338870432,0.852191396861539,0.0425249169435216,0.148440885793672,0,0,6,8479,0.852,0.8438,0.8479,0.8479,0.1521,0.0492957746478873,0.178952358378763,0.042,0.151,0.05,0.174187261617932,0.0431912250394643,0.0562124378110586,0.167679637558086,0.19080918414716,0.036782686294686,0.0479205286869863,0.141343694655479,0.161192161302171,0.841887148872737,0.861572388957942,0.833473560598096,0.853598567544483,1,V2,moderate,0.05,0,A5,1.5,10,0,10,1,1,R1,1,1.5,1,0.2,rational,Gaussian,matched,42,420017,10,0,10,1,1.5,1.49,10,1.13777777777778,1.15310121165713,1,0.850498338870432,0.852191396861539,1,42,0.151,0,S3,E6_ablation,A4,-0.0258,-0.1562
0.1,0.0181238760487365,398,1221,5000,4260,4219,-0.000301516434995169,0.0140506645666951,0.0102497067086941,0.0143651607739116,0.0105512231436893,0.742584588170896,0.850498338870432,0.852191396861539,0.0850498338870432,0.24102821355989,0,0,6,8479,0.852,0.8438,0.8479,0.8479,0.1521,0.0934272300469484,0.289405072292012,0.0796,0.2442,0.1,0.282833427382102,0.0850503934794964,0.102536660716913,0.275917708287287,0.303275586718333,0.0724161478096428,0.0874293359857613,0.23249131545528,0.256301440859811,0.841887148872737,0.861572388957942,0.833473560598096,0.853598567544483,1,V2,moderate,0.1,0,A5,1.5,10,0,10,1,1,R1,1,1.5,1,0.2,rational,Gaussian,matched,42,420017,10,0,10,1,1.5,1.49,10,1.13777777777778,1.15310121165713,1,0.850498338870432,0.852191396861539,1,42,0.2442,0,S3,E6_ablation,A4,-0.0416,-0.1562
0.01,0,0,5000,5000,5000,5000,0,0,0.0101542661188572,1.42261551896667e-16,0.0101542661188572,100942950992579,1,1,0,1,0,0,1,10000,1,1,1,1,0,0,1,0,1,0,1,0,0.000767701945057125,0.999232298054943,1,0,0.000767701945057125,0.999232298054943,1,0.999232298054943,1,0.999232298054943,1,1,V0,all,0.01,0,A0,1.5,10,10,0,0,0,R0,0,0.5,1,0.2,rational,Gaussian,matched,42,420018,10,10,0,1,1.52313991782862,1.51298565170976,10.1542661188574,1.08670539742466,1.08435237796439,0.984574607094838,1,1,1,42,1,0,S2,E6_ablation,,NaN,NaN
0.05,0,0,5000,5000,5000,5000,0,0,0.0101542661188572,1.42261551896667e-16,0.0101542661188572,100942950992579,1,1,0,1,0,0,1,10000,1,1,1,1,0,0,1,0,1,0,1,0,0.000767701945057125,0.999232298054943,1,0,0.000767701945057125,0.999232298054943,1,0.999232298054943,1,0.999232298054943,1,1,V0,all,0.05,0,A0,1.5,10,10,0,0,0,R0,0,0.5,1,0.2,rational,Gaussian,matched,42,420018,10,10,0,1,1.52313991782862,1.51298565170976,10.1542661188574,1.08670539742466,1.08435237796439,0.984574607094838,1,1,1,42,1,0,S2,E6_ablation,,NaN,NaN
0.1,0,0,5000,5000,5000,5000,0,0,0.0101542661188572,1.42261551896667e-16,0.0101542661188572,100942950992579,1,1,0,1,0,0,1,10000,1,1,1,1,0,0,1,0,1,0,1,0,0.000767701945057125,0.999232298054943,1,0,0.000767701945057125,0.999232298054943,1,0.999232298054943,1,0.999232298054943,1,1,V0,all,0.1,0,A0,1.5,10,10,0,0,0,R0,0,0.5,1,0.2,rational,Gaussian,matched,42,420018,10,10,0,1,1.52313991782862,1.51298565170976,10.1542661188574,1.08670539742466,1.08435237796439,0.984574607094838,1,1,1,42,1,0,S2,E6_ablation,,NaN,NaN
0.01,0.0232634787404084,53,463,5000,5000,5000,2.85594112687988e-05,0.0100571800444809,0.0100162237609011,0.00994479400281198,0.00998766434963234,0.998652100323054,1,1,0.01,0.0949421833010541,0,0,1,10000,1,1,1,1,0,0.0106,0.0926,0.0106,0.0926,0.01,0.0949421833010541,0.00811345161522002,0.0138379750486019,0.0848750904611361,0.100950433083696,0.00811345161522002,0.0138379750486019,0.0848750904611361,0.100950433083696,0.999232298054943,1,0.999232298054943,1,1,V0,all,0.01,0,A1,1.5,10,10,10,0,0,R0,0,0.5,1,0.2,rational,Gaussian,matched,42,420018,10,10,10,1,1.52313991782862,1.51298565170976,10.1542661188574,1.08670539742466,1.08435237796439,0.984574607094838,1,1,1,42,0.0926,0,S2,E6_ablation,A0,-0.9074,0
0.05,0.0164485362695147,254,1295,5000,5000,5000,2.85594112687988e-05,0.0100571800444809,0.0100162237609011,0.00994479400281198,0.00998766434963234,0.998652100323054,1,1,0.05,0.264534768208324,0,0,1,10000,1,1,1,1,0,0.0508,0.259,0.0508,0.259,0.05,0.264534768208324,0.0450508366853607,0.0572388667420786,0.247045377764913,0.271324654572604,0.0450508366853607,0.0572388667420786,0.247045377764913,0.271324654572604,0.999232298054943,1,0.999232298054943,1,1,V0,all,0.05,0,A1,1.5,10,10,10,0,0,R0,0,0.5,1,0.2,rational,Gaussian,matched,42,420018,10,10,10,1,1.52313991782862,1.51298565170976,10.1542661188574,1.08670539742466,1.08435237796439,0.984574607094838,1,1,1,42,0.259,0,S2,E6_ablation,A0,-0.741,0
0.1,0.012815515655446,500,1935,5000,5000,5000,2.85594112687988e-05,0.0100571800444809,0.0100162237609011,0.00994479400281198,0.00998766434963234,0.998652100323054,1,1,0.1,0.395071488750801,0,0,1,10000,1,1,1,1,0,0.1,0.387,0.1,0.387,0.1,0.395071488750801,0.0919891799815856,0.10862498157446,0.373591187132365,0.400582313507218,0.0919891799815856,0.10862498157446,0.373591187132365,0.400582313507218,0.999232298054943,1,0.999232298054943,1,1,V0,all,0.1,0,A1,1.5,10,10,10,0,0,R0,0,0.5,1,0.2,rational,Gaussian,matched,42,420018,10,10,10,1,1.52313991782862,1.51298565170976,10.1542661188574,1.08670539742466,1.08435237796439,0.984574607094838,1,1,1,42,0.387,0,S2,E6_ablation,A0,-0.613,0
0.01,0.023622355398049,53,448,5000,5000,5000,2.89999862221271e-05,0.0102123282576921,0.0100140942350212,0.0100982084801771,0.00998509424879904,0.983227254411873,1,1,0.01,0.0923622480736929,0,0,1,10000,1,1,1,1,0,0.0106,0.0896,0.0106,0.0896,0.01,0.0923622480736929,0.00811345161522002,0.0138379750486019,0.0819953346992999,0.097834795057203,0.00811345161522002,0.0138379750486019,0.0819953346992999,0.097834795057203,0.999232298054943,1,0.999232298054943,1,1,V0,all,0.01,0,A2,1.5,10,10,10,1,1,R0,0,0.5,1,0.2,rational,Gaussian,matched,42,420018,10,10,10.1542661188575,1.01542661188575,1.52313991782862,1.51298565170976,10.1542661188574,1.08670539742466,1.08435237796439,0.984574607094838,1,1,1,42,0.0896,0,S2,E6_ablation,A1,-0.003,0
0.05,0.0167022814546331,254,1271,5000,5000,5000,2.89999862221271e-05,0.0102123282576921,0.0100140942350212,0.0100982084801771,0.00998509424879904,0.983227254411873,1,1,0.05,0.259511022841442,0,0,1,10000,1,1,1,1,0,0.0508,0.2542,0.0508,0.2542,0.05,0.259511022841442,0.0450508366853607,0.0572388667420786,0.242323115589103,0.266454286687087,0.0450508366853607,0.0572388667420786,0.242323115589103,0.266454286687087,0.999232298054943,1,0.999232298054943,1,1,V0,all,0.05,0,A2,1.5,10,10,10,1,1,R0,0,0.5,1,0.2,rational,Gaussian,matched,42,420018,10,10,10.1542661188575,1.01542661188575,1.52313991782862,1.51298565170976,10.1542661188574,1.08670539742466,1.08435237796439,0.984574607094838,1,1,1,42,0.2542,0,S2,E6_ablation,A1,-0.00480000000000003,0
0.1,0.0130132156415783,500,1894,5000,5000,5000,2.89999862221271e-05,0.0102123282576921,0.0100140942350212,0.0100982084801771,0.00998509424879904,0.983227254411873,1,1,0.1,0.389143691645359,0,0,1,10000,1,1,1,1,0,0.1,0.3788,0.1,0.3788,0.1,0.389143691645359,0.0919891799815856,0.10862498157446,0.3654521737754,0.392333917176082,0.0919891799815856,0.10862498157446,0.3654521737754,0.392333917176082,0.999232298054943,1,0.999232298054943,1,1,V0,all,0.1,0,A2,1.5,10,10,10,1,1,R0,0,0.5,1,0.2,rational,Gaussian,matched,42,420018,10,10,10.1542661188575,1.01542661188575,1.52313991782862,1.51298565170976,10.1542661188574,1.08670539742466,1.08435237796439,0.984574607094838,1,1,1,42,0.3788,0,S2,E6_ablation,A1,-0.00819999999999999,0
0.01,0.0334070553791182,51,236,5000,5000,5000,-1.53306501152016e-05,0.0144961638826217,0.00999587494120102,0.0141303131040935,0.0100112055913162,0.699379677026115,1,1,0.01,0.0526976998110197,0,0,1,10000,1,1,1,1,0,0.0102,0.0472,0.0102,0.0472,0.01,0.0526976998110197,0.00776673589879977,0.0133853049265782,0.0416615258049748,0.0534337050764689,0.00776673589879977,0.0133853049265782,0.0416615258049748,0.0534337050764689,0.999232298054943,1,0.999232298054943,1,1,V0,all,0.01,0,A3,1.5,10,10,10,1,1,R1,0,0.5,1,0.2,rational,Gaussian,matched,42,420018,10,10,10.1542661188575,1.01542661188575,1.52313991782862,1.51298565170976,10.1542661188574,1.08670539742466,1.08435237796439,0.984574607094838,1,1,1,42,0.0472,0,S2,E6_ablation,A2,-0.0424,0
0.05,0.0236205929557148,267,843,5000,5000,5000,-1.53306501152016e-05,0.0144961638826217,0.00999587494120102,0.0141303131040935,0.0100112055913162,0.699379677026115,1,1,0.05,0.174187261617931,0,0,1,10000,1,1,1,1,0,0.0534,0.1686,0.0534,0.1686,0.05,0.174187261617931,0.0475039707136969,0.0599817406636281,0.158477682310642,0.179231150538542,0.0475039707136969,0.0599817406636281,0.158477682310642,0.179231150538542,0.999232298054943,1,0.999232298054943,1,1,V0,all,0.05,0,A3,1.5,10,10,10,1,1,R1,0,0.5,1,0.2,rational,Gaussian,matched,42,420018,10,10,10.1542661188575,1.01542661188575,1.52313991782862,1.51298565170976,10.1542661188574,1.08670539742466,1.08435237796439,0.984574607094838,1,1,1,42,0.1686,0,S2,E6_ablation,A2,-0.0856,0
0.1,0.0184034660504057,530,1395,5000,5000,5000,-1.53306501152016e-05,0.0144961638826217,0.00999587494120102,0.0141303131040935,0.0100112055913162,0.699379677026115,1,1,0.1,0.282833427382101,0,0,1,10000,1,1,1,1,0,0.106,0.279,0.106,0.279,0.1,0.282833427382101,0.0977677221982587,0.114837226934446,0.266741510988032,0.291597813271683,0.0977677221982587,0.114837226934446,0.266741510988032,0.291597813271683,0.999232298054943,1,0.999232298054943,1,1,V0,all,0.1,0,A3,1.5,10,10,10,1,1,R1,0,0.5,1,0.2,rational,Gaussian,matched,42,420018,10,10,10.1542661188575,1.01542661188575,1.52313991782862,1.51298565170976,10.1542661188574,1.08670539742466,1.08435237796439,0.984574607094838,1,1,1,42,0.279,0,S2,E6_ablation,A2,-0.0998,0
0.01,0.0334070553791182,51,233,5000,4947,4951,-1.71262015134812e-05,0.0145009265462404,0.00997612352052682,0.0141207883780523,0.0099932497220403,0.698236878852108,0.989847803378734,0.989847803378734,0.00989847803378734,0.0521627024010497,0,0,6,9898,0.9894,0.9902,0.9898,0.9898,0.0102,0.0103092783505155,0.0470611997576247,0.0102,0.0466,0.01,0.0526976998110197,0.00785003457216819,0.013528444157366,0.0415053737849401,0.053319347192615,0.00776673589879977,0.0133853049265782,0.0410975242290518,0.052798627894726,0.986162024951398,0.99188654838478,0.987068428170889,0.992578916842177,1,V2,moderate,0.01,0,A4,1.5,10,10,10,1,1,R1,0,0.5,1,0.2,rational,Gaussian,matched,42,420018,10,10,10.1542661188575,1.01542661188575,1.52313991782862,1.51298565170976,10.1542661188574,1.08670539742466,1.08435237796439,0.984574607094838,1,1,0.989847803378734,42,0.0466,0,S2,E6_ablation,A3,-0.000599999999999996,-0.00980000000000003
0.05,0.0236205929557148,264,829,5000,4947,4951,-1.71262015134812e-05,0.0145009265462404,0.00997612352052682,0.0141207883780523,0.0099932497220403,0.698236878852108,0.989847803378734,0.989847803378734,0.0494923901689367,0.172418878289066,0,0,6,9898,0.9894,0.9902,0.9898,0.9898,0.0102,0.0533656761673742,0.167440921026055,0.0528,0.1658,0.05,0.174187261617931,0.0474418321454286,0.0599826255441094,0.157299429193524,0.178098074971267,0.0469374885167706,0.0593491441028885,0.155748949461432,0.176364182518644,0.986162024951398,0.99188654838478,0.987068428170889,0.992578916842177,1,V2,moderate,0.05,0,A4,1.5,10,10,10,1,1,R1,0,0.5,1,0.2,rational,Gaussian,matched,42,420018,10,10,10.1542661188575,1.01542661188575,1.52313991782862,1.51298565170976,10.1542661188574,1.08670539742466,1.08435237796439,0.984574607094838,1,1,0.989847803378734,42,0.1658,0,S2,E6_ablation,A3,-0.0028,-0.00980000000000003
0.1,0.0184034660504057,524,1379,5000,4947,4951,-1.71262015134812e-05,0.0145009265462404,0.00997612352052682,0.0141207883780523,0.0099932497220403,0.698236878852108,0.989847803378734,0.989847803378734,0.0989847803378733,0.279962046816251,0,0,6,9898,0.9894,0.9902,0.9898,0.9898,0.0102,0.105922781483728,0.278529589981822,0.1048,0.2758,0.1,0.282833427382101,0.0976509320752686,0.114806175987983,0.266218287200218,0.29118430212058,0.096611310570768,0.113595481046605,0.263588012771213,0.28835622478095,0.986162024951398,0.99188654838478,0.987068428170889,0.992578916842177,1,V2,moderate,0.1,0,A4,1.5,10,10,10,1,1,R1,0,0.5,1,0.2,rational,Gaussian,matched,42,420018,10,10,10.1542661188575,1.01542661188575,1.52313991782862,1.51298565170976,10.1542661188574,1.08670539742466,1.08435237796439,0.984574607094838,1,1,0.989847803378734,42,0.2758,0,S2,E6_ablation,A3,-0.00320000000000004,-0.00980000000000003
0.01,0.0334070553791182,47,189,5000,4195,4179,7.40401025281318e-05,0.0144789521792393,0.00991230921586592,0.0141392340311922,0.00983826911333779,0.687505206702686,0.83599008188943,0.837720450629726,0.0083599008188943,0.0441459408328374,0,0,6,8374,0.839,0.8358,0.8374,0.8374,0.1626,0.0112038140643623,0.0452261306532663,0.0094,0.0378,0.01,0.0526976998110197,0.00843614329803276,0.0148658698358888,0.0393326099623829,0.0519549663370903,0.00707655721568871,0.0124767119328013,0.0328587846422788,0.043450879035732,0.828553084149788,0.848926413931463,0.825274556792563,0.845809854581136,1,V2,moderate,0.01,0,A5,1.5,10,10,10,1,1,R1,1,0,1,0.2,rational,Gaussian,matched,42,420018,10,10,10.1542661188575,1.01542661188575,1.52313991782862,1.51298565170976,10.1542661188574,1.08670539742466,1.10134099554321,1,0.844564264360513,0.846312380317723,0.989847803378734,42,0.0378,0,S0,E6_ablation,A4,-0.0088,-0.1544
0.05,0.0236205929557148,229,703,5000,4195,4179,7.40401025281318e-05,0.0144789521792393,0.00991230921586592,0.0141392340311922,0.00983826911333779,0.687505206702686,0.83599008188943,0.837720450629726,0.0417995040944715,0.145920231296531,0,0,6,8374,0.839,0.8358,0.8374,0.8374,0.1626,0.0545887961859356,0.168222062694424,0.0458,0.1406,0.05,0.174187261617931,0.0481128198516278,0.061879772950485,0.157186727611205,0.179866797534399,0.0403459347014957,0.0519514457453942,0.131240622123489,0.150511202034618,0.828553084149788,0.848926413931463,0.825274556792563,0.845809854581136,1,V2,moderate,0.05,0,A5,1.5,10,10,10,1,1,R1,1,0,1,0.2,rational,Gaussian,matched,42,420018,10,10,10.1542661188575,1.01542661188575,1.52313991782862,1.51298565170976,10.1542661188574,1.08670539742466,1.10134099554321,1,0.844564264360513,0.846312380317723,0.989847803378734,42,0.1406,0,S0,E6_ablation,A4,-0.0252,-0.1544
0.1,0.0184034660504057,444,1168,5000,4195,4179,7.40401025281318e-05,0.0144789521792393,0.00991230921586592,0.0141392340311922,0.00983826911333779,0.687505206702686,0.83599008188943,0.837720450629726,0.083599008188943,0.236935346239683,0,0,6,8374,0.839,0.8358,0.8374,0.8374,0.1626,0.105840286054827,0.279492701603254,0.0888,0.2336,0.1,0.282833427382101,0.0968889114136555,0.115512882644837,0.266094396238727,0.293296028154835,0.0812278454746506,0.0970035126049644,0.22207914568267,0.245529885913656,0.828553084149788,0.848926413931463,0.825274556792563,0.845809854581136,1,V2,moderate,0.1,0,A5,1.5,10,10,10,1,1,R1,1,0,1,0.2,rational,Gaussian,matched,42,420018,10,10,10.1542661188575,1.01542661188575,1.52313991782862,1.51298565170976,10.1542661188574,1.08670539742466,1.10134099554321,1,0.844564264360513,0.846312380317723,0.989847803378734,42,0.2336,0,S0,E6_ablation,A4,-0.0422,-0.1544
0.01,0.0334070553791182,47,189,5000,4195,4178,7.40401025281318e-05,0.0144789521792393,0.00991249578861514,0.0141409212958039,0.00983845568608701,0.687478197918566,0.83599008188943,0.8373197287441,0.0083599008188943,0.044124823711201,0,0,6,8373,0.839,0.8356,0.8373,0.8373,0.1627,0.0112038140643623,0.0452369554810914,0.0094,0.0378,0.01,0.0526976998110197,0.00843614329803276,0.0148658698358888,0.0393420511301183,0.0519673546856574,0.00707655721568871,0.0124767119328013,0.0328587846422788,0.043450879035732,0.828553084149788,0.848926413931463,0.825069695420153,0.845615023034325,1,V2,moderate,0.01,0,A5,1.5,10,10,10,1,1,R1,1,0.1,1,0.2,rational,Gaussian,matched,42,420018,10,10,10.1542661188575,1.01542661188575,1.52313991782862,1.51298565170976,10.1542661188574,1.08670539742466,1.09792211138811,0.996895707897065,0.844564264360513,0.845907548499884,0.989847803378734,42,0.0378,0,S1,E6_ablation,A4,-0.0088,-0.1546
0.05,0.0236205929557148,229,703,5000,4195,4178,7.40401025281318e-05,0.0144789521792393,0.00991249578861514,0.0141409212958039,0.00983845568608701,0.687478197918566,0.83599008188943,0.8373197287441,0.0417995040944715,0.145850430648604,0,0,6,8373,0.839,0.8356,0.8373,0.8373,0.1627,0.0545887961859356,0.168262326471996,0.0458,0.1406,0.05,0.174187261617931,0.0481128198516278,0.061879772950485,0.157224589619168,0.179909534833814,0.0403459347014957,0.0519514457453942,0.131240622123489,0.150511202034618,0.828553084149788,0.848926413931463,0.825069695420153,0.845615023034325,1,V2,moderate,0.05,0,A5,1.5,10,10,10,1,1,R1,1,0.1,1,0.2,rational,Gaussian,matched,42,420018,10,10,10.1542661188575,1.01542661188575,1.52313991782862,1.51298565170976,10.1542661188574,1.08670539742466,1.09792211138811,0.996895707897065,0.844564264360513,0.845907548499884,0.989847803378734,42,0.1406,0,S1,E6_ablation,A4,-0.0252,-0.1546
0.1,0.0184034660504057,444,1168,5000,4195,4178,7.40401025281318e-05,0.0144789521792393,0.00991249578861514,0.0141409212958039,0.00983845568608701,0.687478197918566,0.83599008188943,0.8373197287441,0.083599008188943,0.236822008695345,0,0,6,8373,0.839,0.8356,0.8373,0.8373,0.1627,0.105840286054827,0.279559597893729,0.0888,0.2336,0.1,0.282833427382101,0.0968889114136555,0.115512882644837,0.266158657990274,0.29336553293411,0.0812278454746506,0.0970035126049644,0.22207914568267,0.245529885913656,0.828553084149788,0.848926413931463,0.825069695420153,0.845615023034325,1,V2,moderate,0.1,0,A5,1.5,10,10,10,1,1,R1,1,0.1,1,0.2,rational,Gaussian,matched,42,420018,10,10,10.1542661188575,1.01542661188575,1.52313991782862,1.51298565170976,10.1542661188574,1.08670539742466,1.09792211138811,0.996895707897065,0.844564264360513,0.845907548499884,0.989847803378734,42,0.2336,0,S1,E6_ablation,A4,-0.0422,-0.1546
0.01,0.0334070553791182,47,188,5000,4195,4171,7.40401025281318e-05,0.0144789521792393,0.00991412366770312,0.0141325876728085,0.00984008356517498,0.687789798500982,0.83599008188943,0.835708204252897,0.0083599008188943,0.0440399000773255,0,0,6,8366,0.839,0.8342,0.8366,0.8366,0.1634,0.0112038140643623,0.0450731239510909,0.0094,0.0376,0.01,0.0526976998110197,0.00843614329803276,0.0148658698358888,0.0391846096521104,0.0517988354840293,0.00707655721568871,0.0124767119328013,0.0326723476431979,0.043237623115591,0.828553084149788,0.848926413931463,0.823635817481356,0.844251050538568,1,V2,moderate,0.01,0,A5,1.5,10,10,10,1,1,R1,1,0.5,1,0.2,rational,Gaussian,matched,42,420018,10,10,10.1542661188575,1.01542661188575,1.52313991782862,1.51298565170976,10.1542661188574,1.08670539742466,1.08435237796439,0.984574607094838,0.844564264360513,0.844279495696512,0.989847803378734,42,0.0376,0,S2,E6_ablation,A4,-0.009,-0.156
0.05,0.0236205929557148,229,702,5000,4195,4171,7.40401025281318e-05,0.0144789521792393,0.00991412366770312,0.0141325876728085,0.00984008356517498,0.687789798500982,0.83599008188943,0.835708204252897,0.0417995040944715,0.145569723610451,0,0,6,8366,0.839,0.8342,0.8366,0.8366,0.1634,0.0545887961859356,0.168304962838648,0.0458,0.1404,0.05,0.174187261617931,0.0481128198516278,0.061879772950485,0.157257040525084,0.179963300105139,0.0403459347014957,0.0519514457453942,0.131046501676097,0.150305629562788,0.828553084149788,0.848926413931463,0.823635817481356,0.844251050538568,1,V2,moderate,0.05,0,A5,1.5,10,10,10,1,1,R1,1,0.5,1,0.2,rational,Gaussian,matched,42,420018,10,10,10.1542661188575,1.01542661188575,1.52313991782862,1.51298565170976,10.1542661188574,1.08670539742466,1.08435237796439,0.984574607094838,0.844564264360513,0.844279495696512,0.989847803378734,42,0.1404,0,S2,E6_ablation,A4,-0.0254,-0.156
0.1,0.0184034660504057,444,1166,5000,4195,4171,7.40401025281318e-05,0.0144789521792393,0.00991412366770312,0.0141325876728085,0.00984008356517498,0.687789798500982,0.83599008188943,0.835708204252897,0.083599008188943,0.236366215700188,0,0,6,8366,0.839,0.8342,0.8366,0.8366,0.1634,0.105840286054827,0.279549268760489,0.0888,0.2332,0.1,0.282833427382101,0.0968889114136555,0.115512882644837,0.266137429374769,0.293366801351281,0.0812278454746506,0.0970035126049644,0.221686431582586,0.245123214175297,0.828553084149788,0.848926413931463,0.823635817481356,0.844251050538568,1,V2,moderate,0.1,0,A5,1.5,10,10,10,1,1,R1,1,0.5,1,0.2,rational,Gaussian,matched,42,420018,10,10,10.1542661188575,1.01542661188575,1.52313991782862,1.51298565170976,10.1542661188574,1.08670539742466,1.08435237796439,0.984574607094838,0.844564264360513,0.844279495696512,0.989847803378734,42,0.2332,0,S2,E6_ablation,A4,-0.0426,-0.156
0.01,0.0334070553791182,47,187,5000,4195,4145,7.40401025281318e-05,0.0144789521792393,0.00991720288271495,0.0141301390152506,0.00984316278018682,0.688063188052652,0.83599008188943,0.831618645770959,0.0083599008188943,0.0438243897520847,0,0,6,8340,0.839,0.829,0.834,0.834,0.166,0.0112038140643623,0.0451145958986731,0.0094,0.0374,0.01,0.0526976998110197,0.00843614329803276,0.0148658698358888,0.0392060895277935,0.0518654692605955,0.00707655721568871,0.0124767119328013,0.0324859505928384,0.0430243272467284,0.828553084149788,0.848926413931463,0.818312271359523,0.83918258076063,1,V2,moderate,0.01,0,A5,1.5,10,10,10,1,1,R1,1,1.5,1,0.2,rational,Gaussian,matched,42,420018,10,10,10.1542661188575,1.01542661188575,1.52313991782862,1.51298565170976,10.1542661188574,1.08670539742466,1.05115726879164,0.954433979162999,0.844564264360513,0.840147993390824,0.989847803378734,42,0.0374,0,S3,E6_ablation,A4,-0.0092,-0.1612
0.05,0.0236205929557148,229,699,5000,4195,4145,7.40401025281318e-05,0.0144789521792393,0.00991720288271495,0.0141301390152506,0.00984316278018682,0.688063188052652,0.83599008188943,0.831618645770959,0.0417995040944715,0.144857374617255,0,0,6,8340,0.839,0.829,0.834,0.834,0.166,0.0545887961859356,0.168636911942099,0.0458,0.1398,0.05,0.174187261617931,0.0481128198516278,0.061879772950485,0.157546115313866,0.18034133416683,0.0403459347014957,0.0519514457453942,0.130464179952712,0.149688872528507,0.828553084149788,0.848926413931463,0.818312271359523,0.83918258076063,1,V2,moderate,0.05,0,A5,1.5,10,10,10,1,1,R1,1,1.5,1,0.2,rational,Gaussian,matched,42,420018,10,10,10.1542661188575,1.01542661188575,1.52313991782862,1.51298565170976,10.1542661188574,1.08670539742466,1.05115726879164,0.954433979162999,0.844564264360513,0.840147993390824,0.989847803378734,42,0.1398,0,S3,E6_ablation,A4,-0.026,-0.1612
0.1,0.0184034660504057,444,1160,5000,4195,4145,7.40401025281318e-05,0.0144789521792393,0.00991720288271495,0.0141301390152506,0.00984316278018682,0.688063188052652,0.83599008188943,0.831618645770959,0.083599008188943,0.235209551858261,0,0,6,8340,0.839,0.829,0.834,0.834,0.166,0.105840286054827,0.279855247285887,0.0888,0.232,0.1,0.282833427382101,0.0968889114136555,0.115512882644837,0.266397227700261,0.293720935860813,0.0812278454746506,0.0970035126049644,0.220508377220732,0.243903111021819,0.828553084149788,0.848926413931463,0.818312271359523,0.83918258076063,1,V2,moderate,0.1,0,A5,1.5,10,10,10,1,1,R1,1,1.5,1,0.2,rational,Gaussian,matched,42,420018,10,10,10.1542661188575,1.01542661188575,1.52313991782862,1.51298565170976,10.1542661188574,1.08670539742466,1.05115726879164,0.954433979162999,0.844564264360513,0.840147993390824,0.989847803378734,42,0.232,0,S3,E6_ablation,A4,-0.0438,-0.1612
0.01,0,0,5000,5000,5000,5000,0,0,0.010641777724759,1.87368873229756e-16,0.010641777724759,80321486310373.8,1,1,0,1,0,0,1,10000,1,1,1,1,0,0,1,0,1,0,1,0,0.000767701945057125,0.999232298054943,1,0,0.000767701945057125,0.999232298054943,1,0.999232298054943,1,0.999232298054943,1,1,V0,all,0.01,0,A0,1.5,10,20,0,0,0,R0,0,0.5,1,0.2,rational,Gaussian,matched,42,420019,10,20,0,1,1.59626665871387,1.58562488098911,10.6417777247592,0.944093258626198,0.895485261327242,0.935908872470481,1,1,1,42,1,0,S2,E6_ablation,,NaN,NaN
0.05,0,0,5000,5000,5000,5000,0,0,0.010641777724759,1.87368873229756e-16,0.010641777724759,80321486310373.8,1,1,0,1,0,0,1,10000,1,1,1,1,0,0,1,0,1,0,1,0,0.000767701945057125,0.999232298054943,1,0,0.000767701945057125,0.999232298054943,1,0.999232298054943,1,0.999232298054943,1,1,V0,all,0.05,0,A0,1.5,10,20,0,0,0,R0,0,0.5,1,0.2,rational,Gaussian,matched,42,420019,10,20,0,1,1.59626665871387,1.58562488098911,10.6417777247592,0.944093258626198,0.895485261327242,0.935908872470481,1,1,1,42,1,0,S2,E6_ablation,,NaN,NaN
0.1,0,0,5000,5000,5000,5000,0,0,0.010641777724759,1.87368873229756e-16,0.010641777724759,80321486310373.8,1,1,0,1,0,0,1,10000,1,1,1,1,0,0,1,0,1,0,1,0,0.000767701945057125,0.999232298054943,1,0,0.000767701945057125,0.999232298054943,1,0.999232298054943,1,0.999232298054943,1,1,V0,all,0.1,0,A0,1.5,10,20,0,0,0,R0,0,0.5,1,0.2,rational,Gaussian,matched,42,420019,10,20,0,1,1.59626665871387,1.58562488098911,10.6417777247592,0.944093258626198,0.895485261327242,0.935908872470481,1,1,1,42,1,0,S2,E6_ablation,,NaN,NaN
0.01,0.0232634787404084,47,556,5000,5000,5000,0.000178081763119704,0.00987502829721828,0.0107924071899595,0.0100563061079756,0.0106143254268398,1.06504524220172,1,1,0.01,0.103443792337338,0,0,1,10000,1,1,1,1,0,0.0094,0.1112,0.0094,0.1112,0.01,0.103443792337338,0.00707655721568871,0.0124767119328013,0.102782716585273,0.120214248447203,0.00707655721568871,0.0124767119328013,0.102782716585273,0.120214248447203,0.999232298054943,1,0.999232298054943,1,1,V0,all,0.01,0,A1,1.5,10,20,10,0,0,R0,0,0.5,1,0.2,rational,Gaussian,matched,42,420019,10,20,10,1,1.59626665871387,1.58562488098911,10.6417777247592,0.944093258626198,0.895485261327242,0.935908872470481,1,1,1,42,0.1112,0,S2,E6_ablation,A0,-0.8888,0
0.05,0.0164485362695147,261,1424,5000,5000,5000,0.000178081763119704,0.00987502829721828,0.0107924071899595,0.0100563061079756,0.0106143254268398,1.06504524220172,1,1,0.05,0.280729469000847,0,0,1,10000,1,1,1,1,0,0.0522,0.2848,0.0522,0.2848,0.05,0.280729469000847,0.0463712280942276,0.0587163257677656,0.272459222694475,0.297471196222677,0.0463712280942276,0.0587163257677656,0.272459222694475,0.297471196222677,0.999232298054943,1,0.999232298054943,1,1,V0,all,0.05,0,A1,1.5,10,20,10,0,0,R0,0,0.5,1,0.2,rational,Gaussian,matched,42,420019,10,20,10,1,1.59626665871387,1.58562488098911,10.6417777247592,0.944093258626198,0.895485261327242,0.935908872470481,1,1,1,42,0.2848,0,S2,E6_ablation,A0,-0.7152,0
0.1,0.012815515655446,541,2106,5000,5000,5000,0.000178081763119704,0.00987502829721828,0.0107924071899595,0.0100563061079756,0.0106143254268398,1.06504524220172,1,1,0.1,0.413958526510534,0,0,1,10000,1,1,1,1,0,0.1082,0.4212,0.1082,0.4212,0.1,0.413958526510534,0.099888692291972,0.117112878952175,0.407579773194988,0.434941216631553,0.099888692291972,0.117112878952175,0.407579773194988,0.434941216631553,0.999232298054943,1,0.999232298054943,1,1,V0,all,0.1,0,A1,1.5,10,20,10,0,0,R0,0,0.5,1,0.2,rational,Gaussian,matched,42,420019,10,20,10,1,1.59626665871387,1.58562488098911,10.6417777247592,0.944093258626198,0.895485261327242,0.935908872470481,1,1,1,42,0.4212,0,S2,E6_ablation,A0,-0.5788,0
0.01,0.0247564769860086,47,493,5000,5000,5000,0.00018951065399531,0.0105087856164703,0.0108020742535053,0.0107016974333214,0.01061256359951,1.0006490337929,1,1,0.01,0.0923622480736945,0,0,1,10000,1,1,1,1,0,0.0094,0.0986,0.0094,0.0986,0.01,0.0923622480736945,0.00707655721568871,0.0124767119328013,0.0906421526554426,0.107174158466049,0.00707655721568871,0.0124767119328013,0.0906421526554426,0.107174158466049,0.999232298054943,1,0.999232298054943,1,1,V0,all,0.01,0,A2,1.5,10,20,10,1,1,R0,0,0.5,1,0.2,rational,Gaussian,matched,42,420019,10,20,10.6417777247591,1.06417777247591,1.59626665871387,1.58562488098911,10.6417777247592,0.944093258626198,0.895485261327242,0.935908872470481,1,1,1,42,0.0986,0,S2,E6_ablation,A1,-0.0126,0
0.05,0.0175041666877814,261,1328,5000,5000,5000,0.00018951065399531,0.0105087856164703,0.0108020742535053,0.0107016974333214,0.01061256359951,1.0006490337929,1,1,0.05,0.259511022841445,0,0,1,10000,1,1,1,1,0,0.0522,0.2656,0.0522,0.2656,0.05,0.259511022841445,0.0463712280942276,0.0587163257677656,0.253541577561547,0.278018321110296,0.0463712280942276,0.0587163257677656,0.253541577561547,0.278018321110296,0.999232298054943,1,0.999232298054943,1,1,V0,all,0.05,0,A2,1.5,10,20,10,1,1,R0,0,0.5,1,0.2,rational,Gaussian,matched,42,420019,10,20,10.6417777247591,1.06417777247591,1.59626665871387,1.58562488098911,10.6417777247592,0.944093258626198,0.895485261327242,0.935908872470481,1,1,1,42,0.2656,0,S2,E6_ablation,A1,-0.0192,0
0.1,0.0136379869033427,541,1979,5000,5000,5000,0.00018951065399531,0.0105087856164703,0.0108020742535053,0.0107016974333214,0.01061256359951,1.0006490337929,1,1,0.1,0.389143691645362,0,0,1,10000,1,1,1,1,0,0.1082,0.3958,0.1082,0.3958,0.1,0.389143691645362,0.099888692291972,0.117112878952175,0.382330217642504,0.409429771442846,0.099888692291972,0.117112878952175,0.382330217642504,0.409429771442846,0.999232298054943,1,0.999232298054943,1,1,V0,all,0.1,0,A2,1.5,10,20,10,1,1,R0,0,0.5,1,0.2,rational,Gaussian,matched,42,420019,10,20,10.6417777247591,1.06417777247591,1.59626665871387,1.58562488098911,10.6417777247592,0.944093258626198,0.895485261327242,0.935908872470481,1,1,1,42,0.3958,0,S2,E6_ablation,A1,-0.0254,0
0.01,0.0350109455101907,60,290,5000,5000,5000,0.000299129395004493,0.0148240611678224,0.0109576169947588,0.0152092985101931,0.0106584875997543,0.70971819296907,1,1,0.01,0.0526976998110204,0,0,1,10000,1,1,1,1,0,0.012,0.058,0.012,0.058,0.01,0.0526976998110204,0.00933453521161284,0.0154147418867629,0.0518540097397114,0.0648246387797191,0.00933453521161284,0.0154147418867629,0.0518540097397114,0.0648246387797191,0.999232298054943,1,0.999232298054943,1,1,V0,all,0.01,0,A3,1.5,10,20,10,1,1,R1,0,0.5,1,0.2,rational,Gaussian,matched,42,420019,10,20,10.6417777247591,1.06417777247591,1.59626665871387,1.58562488098911,10.6417777247592,0.944093258626198,0.895485261327242,0.935908872470481,1,1,1,42,0.058,0,S2,E6_ablation,A2,-0.0406,0
0.05,0.0247546299278998,239,936,5000,5000,5000,0.000299129395004493,0.0148240611678224,0.0109576169947588,0.0152092985101931,0.0106584875997543,0.70971819296907,1,1,0.05,0.174187261617933,0,0,1,10000,1,1,1,1,0,0.0478,0.1872,0.0478,0.1872,0.05,0.174187261617933,0.0422257872975776,0.054068522341532,0.176629575395588,0.198250698941239,0.0422257872975776,0.054068522341532,0.176629575395588,0.198250698941239,0.999232298054943,1,0.999232298054943,1,1,V0,all,0.05,0,A3,1.5,10,20,10,1,1,R1,0,0.5,1,0.2,rational,Gaussian,matched,42,420019,10,20,10.6417777247591,1.06417777247591,1.59626665871387,1.58562488098911,10.6417777247592,0.944093258626198,0.895485261327242,0.935908872470481,1,1,1,42,0.1872,0,S2,E6_ablation,A2,-0.0784,0
0.1,0.0192870260421739,475,1487,5000,5000,5000,0.000299129395004493,0.0148240611678224,0.0109576169947588,0.0152092985101931,0.0106584875997543,0.70971819296907,1,1,0.1,0.282833427382103,0,0,1,10000,1,1,1,1,0,0.095,0.2974,0.095,0.2974,0.1,0.282833427382103,0.0871807381378733,0.103441100437623,0.284889124122102,0.310221948706035,0.0871807381378733,0.103441100437623,0.284889124122102,0.310221948706035,0.999232298054943,1,0.999232298054943,1,1,V0,all,0.1,0,A3,1.5,10,20,10,1,1,R1,0,0.5,1,0.2,rational,Gaussian,matched,42,420019,10,20,10.6417777247591,1.06417777247591,1.59626665871387,1.58562488098911,10.6417777247592,0.944093258626198,0.895485261327242,0.935908872470481,1,1,1,42,0.2974,0,S2,E6_ablation,A2,-0.0984,0
0.01,0.0350109455101907,60,278,5000,4800,4790,0.000355614169723594,0.0148722573481673,0.0109775912233395,0.0152500131652189,0.0106219770536159,0.705201945933364,0.960005441285478,0.960005441285478,0.00960005441285478,0.0505900785618083,0,0,6,9590,0.96,0.958,0.959,0.959,0.041,0.0125,0.0580375782881002,0.012,0.0556,0.01,0.0526976998110204,0.00972395176591206,0.0160557205822042,0.0517634924609253,0.065019981425259,0.00933453521161284,0.0154147418867629,0.0495829138548093,0.0622994196339575,0.954205858612875,0.965087855597673,0.952079471313014,0.963217313705314,1,V2,moderate,0.01,0,A4,1.5,10,20,10,1,1,R1,0,0.5,1,0.2,rational,Gaussian,matched,42,420019,10,20,10.6417777247591,1.06417777247591,1.59626665871387,1.58562488098911,10.6417777247592,0.944093258626198,0.895485261327242,0.935908872470481,1,1,0.960005441285478,42,0.0556,0,S2,E6_ablation,A3,-0.00240000000000001,-0.042
0.05,0.0247546299278998,232,905,5000,4800,4790,0.000355614169723594,0.0148722573481673,0.0109775912233395,0.0152500131652189,0.0106219770536159,0.705201945933364,0.960005441285478,0.960005441285478,0.0480002720642739,0.167220718955832,0,0,6,9590,0.96,0.958,0.959,0.959,0.041,0.0483333333333333,0.188935281837161,0.0464,0.181,0.05,0.174187261617933,0.0426189266497967,0.0547701031154666,0.178100449053833,0.200268646879287,0.0409095822823139,0.0525868769222419,0.170574220131488,0.191915573709458,0.954205858612875,0.965087855597673,0.952079471313014,0.963217313705314,1,V2,moderate,0.05,0,A4,1.5,10,20,10,1,1,R1,0,0.5,1,0.2,rational,Gaussian,matched,42,420019,10,20,10.6417777247591,1.06417777247591,1.59626665871387,1.58562488098911,10.6417777247592,0.944093258626198,0.895485261327242,0.935908872470481,1,1,0.960005441285478,42,0.181,0,S2,E6_ablation,A3,-0.00620000000000001,-0.042
0.1,0.0192870260421739,461,1430,5000,4800,4790,0.000355614169723594,0.0148722573481673,0.0109775912233395,0.0152500131652189,0.0106219770536159,0.705201945933364,0.960005441285478,0.960005441285478,0.0960005441285478,0.27152162926424,0,0,6,9590,0.96,0.958,0.959,0.959,0.041,0.0960416666666667,0.298538622129436,0.0922,0.286,0.1,0.282833427382103,0.0880262741360497,0.104703121027624,0.285744919204414,0.311655199973747,0.0844909731146427,0.100535164591746,0.273642515234494,0.298686061197991,0.954205858612875,0.965087855597673,0.952079471313014,0.963217313705314,1,V2,moderate,0.1,0,A4,1.5,10,20,10,1,1,R1,0,0.5,1,0.2,rational,Gaussian,matched,42,420019,10,20,10.6417777247591,1.06417777247591,1.59626665871387,1.58562488098911,10.6417777247592,0.944093258626198,0.895485261327242,0.935908872470481,1,1,0.960005441285478,42,0.286,0,S2,E6_ablation,A3,-0.0114,-0.042
0.01,0.0350109455101907,48,248,5000,3962,3964,0.000437416869060448,0.014837582577945,0.0111818496552705,0.0153651125559248,0.01074443278621,0.711379842007193,0.79218600278302,0.794030569899944,0.0079218600278302,0.0418435846133607,0,0,6,7926,0.7924,0.7928,0.7926,0.7926,0.2074,0.0121150933871782,0.0625630676084763,0.0096,0.0496,0.01,0.0526976998110204,0.00915019423282256,0.0160251588057186,0.0554393722379927,0.070533770592481,0.00724867509681701,0.012704286970895,0.0439200857923503,0.0559714601197571,0.780935458154718,0.803415589747812,0.781343141666044,0.803807292074931,1,V2,moderate,0.01,0,A5,1.5,10,20,10,1,1,R1,1,0,1,0.2,rational,Gaussian,matched,42,420019,10,20,10.6417777247591,1.06417777247591,1.59626665871387,1.58562488098911,10.6417777247592,0.944093258626198,0.956808176167265,1,0.825189075722589,0.827110488912138,0.960005441285478,42,0.0496,0,S0,E6_ablation,A4,-0.006,-0.1652
0.05,0.0247546299278998,191,769,5000,3962,3964,0.000437416869060448,0.014837582577945,0.0111818496552705,0.0153651125559248,0.01074443278621,0.711379842007193,0.79218600278302,0.794030569899944,0.039609300139151,0.138310010611798,0,0,6,7926,0.7924,0.7928,0.7926,0.7926,0.2074,0.0482079757698132,0.193995963673058,0.0382,0.1538,0.05,0.174187261617933,0.0419645502986655,0.0553266457380591,0.181984950253855,0.206599491645433,0.033231777279803,0.0438772722366518,0.144066596560969,0.164064960265789,0.780935458154718,0.803415589747812,0.781343141666044,0.803807292074931,1,V2,moderate,0.05,0,A5,1.5,10,20,10,1,1,R1,1,0,1,0.2,rational,Gaussian,matched,42,420019,10,20,10.6417777247591,1.06417777247591,1.59626665871387,1.58562488098911,10.6417777247592,0.944093258626198,0.956808176167265,1,0.825189075722589,0.827110488912138,0.960005441285478,42,0.1538,0,S0,E6_ablation,A4,-0.0272,-0.1652
0.1,0.0192870260421739,382,1197,5000,3962,3964,0.000437416869060448,0.014837582577945,0.0111818496552705,0.0153651125559248,0.01074443278621,0.711379842007193,0.79218600278302,0.794030569899944,0.079218600278302,0.224578387530966,0,0,6,7926,0.7924,0.7928,0.7926,0.7926,0.2074,0.0964159515396265,0.30196770938446,0.0764,0.2394,0.1,0.282833427382103,0.0876122949024473,0.10600146066332,0.28787286132037,0.316446006685352,0.0693578966531309,0.0840925004347215,0.227775129272792,0.251424996980972,0.780935458154718,0.803415589747812,0.781343141666044,0.803807292074931,1,V2,moderate,0.1,0,A5,1.5,10,20,10,1,1,R1,1,0,1,0.2,rational,Gaussian,matched,42,420019,10,20,10.6417777247591,1.06417777247591,1.59626665871387,1.58562488098911,10.6417777247592,0.944093258626198,0.956808176167265,1,0.825189075722589,0.827110488912138,0.960005441285478,42,0.2394,0,S0,E6_ablation,A4,-0.0466,-0.1652
0.01,0.0350109455101907,48,247,5000,3962,3952,0.000437416869060448,0.014837582577945,0.0111837058514813,0.0153638150533312,0.0107462889824209,0.711533830346258,0.79218600278302,0.79220407999343,0.0079218600278302,0.0417473327965594,0,0,6,7914,0.7924,0.7904,0.7914,0.7914,0.2086,0.0121150933871782,0.0625,0.0096,0.0494,0.01,0.0526976998110204,0.00915019423282256,0.0160251588057186,0.0553697179330711,0.07047998155643,0.00724867509681701,0.012704286970895,0.043731720637967,0.0557601323549184,0.780935458154718,0.803415589747812,0.77889728872218,0.801456829988131,1,V2,moderate,0.01,0,A5,1.5,10,20,10,1,1,R1,1,0.1,1,0.2,rational,Gaussian,matched,42,420019,10,20,10.6417777247591,1.06417777247591,1.59626665871387,1.58562488098911,10.6417777247592,0.944093258626198,0.944216511586756,0.98683992790389,0.825189075722589,0.82520790604337,0.960005441285478,42,0.0494,0,S1,E6_ablation,A4,-0.0062,-0.1676
0.05,0.0247546299278998,191,765,5000,3962,3952,0.000437416869060448,0.014837582577945,0.0111837058514813,0.0153638150533312,0.0107462889824209,0.711533830346258,0.79218600278302,0.79220407999343,0.039609300139151,0.137991859336609,0,0,6,7914,0.7924,0.7904,0.7914,0.7914,0.2086,0.0482079757698132,0.193572874493927,0.0382,0.153,0.05,0.174187261617933,0.0419645502986655,0.0553266457380591,0.181554708218141,0.206186174420254,0.033231777279803,0.0438772722366518,0.143288505636014,0.163244279513855,0.780935458154718,0.803415589747812,0.77889728872218,0.801456829988131,1,V2,moderate,0.05,0,A5,1.5,10,20,10,1,1,R1,1,0.1,1,0.2,rational,Gaussian,matched,42,420019,10,20,10.6417777247591,1.06417777247591,1.59626665871387,1.58562488098911,10.6417777247592,0.944093258626198,0.944216511586756,0.98683992790389,0.825189075722589,0.82520790604337,0.960005441285478,42,0.153,0,S1,E6_ablation,A4,-0.028,-0.1676
0.1,0.0192870260421739,382,1193,5000,3962,3952,0.000437416869060448,0.014837582577945,0.0111837058514813,0.0153638150533312,0.0107462889824209,0.711533830346258,0.79218600278302,0.79220407999343,0.079218600278302,0.224061795130628,0,0,6,7914,0.7924,0.7904,0.7914,0.7914,0.2086,0.0964159515396265,0.301872469635628,0.0764,0.2386,0.1,0.282833427382103,0.0876122949024473,0.10600146066332,0.287757918242023,0.316371818426733,0.0693578966531309,0.0840925004347215,0.22698929657149,0.250612058005386,0.780935458154718,0.803415589747812,0.77889728872218,0.801456829988131,1,V2,moderate,0.1,0,A5,1.5,10,20,10,1,1,R1,1,0.1,1,0.2,rational,Gaussian,matched,42,420019,10,20,10.6417777247591,1.06417777247591,1.59626665871387,1.58562488098911,10.6417777247592,0.944093258626198,0.944216511586756,0.98683992790389,0.825189075722589,0.82520790604337,0.960005441285478,42,0.2386,0,S1,E6_ablation,A4,-0.0474,-0.1676
0.01,0.0350109455101907,48,244,5000,3962,3921,0.000437416869060448,0.014837582577945,0.0111805041359515,0.0153486584353358,0.010743087266891,0.71168502481621,0.79218600278302,0.784739652657272,0.0079218600278302,0.0413539746455373,0,0,6,7883,0.7924,0.7842,0.7883,0.7883,0.2117,0.0121150933871782,0.0622290232083652,0.0096,0.0488,0.01,0.0526976998110204,0.00915019423282256,0.0160251588057186,0.0550877921799573,0.0702271954395627,0.00724867509681701,0.012704286970895,0.0431667882318987,0.0551259860033208,0.780935458154718,0.803415589747812,0.772581552468373,0.795382085746057,1,V2,moderate,0.01,0,A5,1.5,10,20,10,1,1,R1,1,0.5,1,0.2,rational,Gaussian,matched,42,420019,10,20,10.6417777247591,1.06417777247591,1.59626665871387,1.58562488098911,10.6417777247592,0.944093258626198,0.895485261327242,0.935908872470481,0.825189075722589,0.817432504972556,0.960005441285478,42,0.0488,0,S2,E6_ablation,A4,-0.00679999999999999,-0.1738
0.05,0.0247546299278998,191,758,5000,3962,3921,0.000437416869060448,0.014837582577945,0.0111805041359515,0.0153486584353358,0.010743087266891,0.71168502481621,0.79218600278302,0.784739652657272,0.039609300139151,0.136691651179378,0,0,6,7883,0.7924,0.7842,0.7883,0.7883,0.2117,0.0482079757698132,0.193318031114512,0.0382,0.1516,0.05,0.174187261617933,0.0419645502986655,0.0553266457380591,0.181260074105217,0.205976321241403,0.033231777279803,0.0438772722366518,0.141927075129799,0.161807859585517,0.780935458154718,0.803415589747812,0.772581552468373,0.795382085746057,1,V2,moderate,0.05,0,A5,1.5,10,20,10,1,1,R1,1,0.5,1,0.2,rational,Gaussian,matched,42,420019,10,20,10.6417777247591,1.06417777247591,1.59626665871387,1.58562488098911,10.6417777247592,0.944093258626198,0.895485261327242,0.935908872470481,0.825189075722589,0.817432504972556,0.960005441285478,42,0.1516,0,S2,E6_ablation,A4,-0.0294,-0.1738
0.1,0.0192870260421739,382,1185,5000,3962,3921,0.000437416869060448,0.014837582577945,0.0111805041359515,0.0153486584353358,0.010743087266891,0.71168502481621,0.79218600278302,0.784739652657272,0.079218600278302,0.221950605563697,0,0,6,7883,0.7924,0.7842,0.7883,0.7883,0.2117,0.0964159515396265,0.302218821729151,0.0764,0.237,0.1,0.282833427382103,0.0876122949024473,0.10600146066332,0.288044384138004,0.316780418016926,0.0693578966531309,0.0840925004347215,0.225417802917556,0.248986008305544,0.780935458154718,0.803415589747812,0.772581552468373,0.795382085746057,1,V2,moderate,0.1,0,A5,1.5,10,20,10,1,1,R1,1,0.5,1,0.2,rational,Gaussian,matched,42,420019,10,20,10.6417777247591,1.06417777247591,1.59626665871387,1.58562488098911,10.6417777247592,0.944093258626198,0.895485261327242,0.935908872470481,0.825189075722589,0.817432504972556,0.960005441285478,42,0.237,0,S2,E6_ablation,A4,-0.049,-0.1738
0.01,0.0350109455101907,48,235,5000,3962,3813,0.000437416869060448,0.014837582577945,0.0111457529315844,0.0153613166205481,0.010708336062524,0.709080550530369,0.79218600278302,0.764957370870561,0.0079218600278302,0.0403114938983642,0,0,6,7775,0.7924,0.7626,0.7775,0.7775,0.2225,0.0121150933871782,0.0616312614739051,0.0096,0.047,0.01,0.0526976998110204,0.00915019423282256,0.0160251588057186,0.054430435184988,0.0697144799059047,0.00724867509681701,0.012704286970895,0.0414734961677938,0.053222041794428,0.780935458154718,0.803415589747812,0.750607457738925,0.774189345199531,1,V2,moderate,0.01,0,A5,1.5,10,20,10,1,1,R1,1,1.5,1,0.2,rational,Gaussian,matched,42,420019,10,20,10.6417777247591,1.06417777247591,1.59626665871387,1.58562488098911,10.6417777247592,0.944093258626198,0.78437830145492,0.819786369925207,0.825189075722589,0.796826078242076,0.960005441285478,42,0.047,0,S3,E6_ablation,A4,-0.0086,-0.1954
0.05,0.0247546299278998,191,739,5000,3962,3813,0.000437416869060448,0.014837582577945,0.0111457529315844,0.0153613166205481,0.010708336062524,0.709080550530369,0.79218600278302,0.764957370870561,0.039609300139151,0.133245829686396,0,0,6,7775,0.7924,0.7626,0.7775,0.7775,0.2225,0.0482079757698132,0.193810647783897,0.0382,0.1478,0.05,0.174187261617933,0.0419645502986655,0.0553266457380591,0.18157485747339,0.206662766438436,0.033231777279803,0.0438772722366518,0.138233254496427,0.157907514753671,0.780935458154718,0.803415589747812,0.750607457738925,0.774189345199531,1,V2,moderate,0.05,0,A5,1.5,10,20,10,1,1,R1,1,1.5,1,0.2,rational,Gaussian,matched,42,420019,10,20,10.6417777247591,1.06417777247591,1.59626665871387,1.58562488098911,10.6417777247592,0.944093258626198,0.78437830145492,0.819786369925207,0.825189075722589,0.796826078242076,0.960005441285478,42,0.1478,0,S3,E6_ablation,A4,-0.0332,-0.1954
0.1,0.0192870260421739,382,1154,5000,3962,3813,0.000437416869060448,0.014837582577945,0.0111457529315844,0.0153613166205481,0.010708336062524,0.709080550530369,0.79218600278302,0.764957370870561,0.079218600278302,0.216355515004523,0,0,6,7775,0.7924,0.7626,0.7775,0.7775,0.2225,0.0964159515396265,0.302648832939942,0.0764,0.2308,0.1,0.282833427382103,0.0876122949024473,0.10600146066332,0.288271682976601,0.317423230936589,0.0693578966531309,0.0840925004347215,0.219330455321256,0.242682875405963,0.780935458154718,0.803415589747812,0.750607457738925,0.774189345199531,1,V2,moderate,0.1,0,A5,1.5,10,20,10,1,1,R1,1,1.5,1,0.2,rational,Gaussian,matched,42,420019,10,20,10.6417777247591,1.06417777247591,1.59626665871387,1.58562488098911,10.6417777247592,0.944093258626198,0.78437830145492,0.819786369925207,0.825189075722589,0.796826078242076,0.960005441285478,42,0.2308,0,S3,E6_ablation,A4,-0.0552,-0.1954
0.01,0,0,5000,5000,5000,5000,0,0,0.0115470053837927,2.06452739947602e-16,0.0115470053837927,79097674473583.5,1,1,0,1,0,0,1,10000,1,1,1,1,0,0,1,0,1,0,1,0,0.000767701945057125,0.999232298054943,1,0,0.000767701945057125,0.999232298054943,1,0.999232298054943,1,0.999232298054943,1,1,V0,all,0.01,0,A0,1.5,10,30,0,0,0,R0,0,0.5,1,0.2,rational,Gaussian,matched,42,420020,10,30,0,1,1.73205080756888,1.72050380218508,11.5470053837925,0.739008344562721,0.633981974227071,0.846481724890614,1,1,1,42,1,0,S2,E6_ablation,,NaN,NaN
0.05,0,0,5000,5000,5000,5000,0,0,0.0115470053837927,2.06452739947602e-16,0.0115470053837927,79097674473583.5,1,1,0,1,0,0,1,10000,1,1,1,1,0,0,1,0,1,0,1,0,0.000767701945057125,0.999232298054943,1,0,0.000767701945057125,0.999232298054943,1,0.999232298054943,1,0.999232298054943,1,1,V0,all,0.05,0,A0,1.5,10,30,0,0,0,R0,0,0.5,1,0.2,rational,Gaussian,matched,42,420020,10,30,0,1,1.73205080756888,1.72050380218508,11.5470053837925,0.739008344562721,0.633981974227071,0.846481724890614,1,1,1,42,1,0,S2,E6_ablation,,NaN,NaN
0.1,0,0,5000,5000,5000,5000,0,0,0.0115470053837927,2.06452739947602e-16,0.0115470053837927,79097674473583.5,1,1,0,1,0,0,1,10000,1,1,1,1,0,0,1,0,1,0,1,0,0.000767701945057125,0.999232298054943,1,0,0.000767701945057125,0.999232298054943,1,0.999232298054943,1,0.999232298054943,1,1,V0,all,0.1,0,A0,1.5,10,30,0,0,0,R0,0,0.5,1,0.2,rational,Gaussian,matched,42,420020,10,30,0,1,1.73205080756888,1.72050380218508,11.5470053837925,0.739008344562721,0.633981974227071,0.846481724890614,1,1,1,42,1,0,S2,E6_ablation,,NaN,NaN
0.01,0.0232634787404084,68,627,5000,5000,5000,0.000194552559241,0.0100498631993145,0.0117522919480841,0.0100641509489973,0.0115577393888431,1.14922226739225,1,1,0.01,0.12066933755221,0,0,1,10000,1,1,1,1,0,0.0136,0.1254,0.0136,0.1254,0.01,0.12066933755221,0.0107425918316195,0.0172042286205321,0.116507151370614,0.134868010926623,0.0107425918316195,0.0172042286205321,0.116507151370614,0.134868010926623,0.999232298054943,1,0.999232298054943,1,1,V0,all,0.01,0,A1,1.5,10,30,10,0,0,R0,0,0.5,1,0.2,rational,Gaussian,matched,42,420020,10,30,10,1,1.73205080756888,1.72050380218508,11.5470053837925,0.739008344562721,0.633981974227071,0.846481724890614,1,1,1,42,0.1254,0,S2,E6_ablation,A0,-0.8746,0
0.05,0.0164485362695147,269,1575,5000,5000,5000,0.000194552559241,0.0100498631993145,0.0117522919480841,0.0100641509489973,0.0115577393888431,1.14922226739225,1,1,0.05,0.312012786818453,0,0,1,10000,1,1,1,1,0,0.0538,0.315,0.0538,0.315,0.05,0.312012786818453,0.0478817469838921,0.0604033502318769,0.302270697878692,0.328013351840979,0.0478817469838921,0.0604033502318769,0.302270697878692,0.328013351840979,0.999232298054943,1,0.999232298054943,1,1,V0,all,0.05,0,A1,1.5,10,30,10,0,0,R0,0,0.5,1,0.2,rational,Gaussian,matched,42,420020,10,30,10,1,1.73205080756888,1.72050380218508,11.5470053837925,0.739008344562721,0.633981974227071,0.846481724890614,1,1,1,42,0.315,0,S2,E6_ablation,A0,-0.685,0
0.1,0.012815515655446,512,2292,5000,5000,5000,0.000194552559241,0.0100498631993145,0.0117522919480841,0.0100641509489973,0.0115577393888431,1.14922226739225,1,1,0.1,0.44952915403629,0,0,1,10000,1,1,1,1,0,0.1024,0.4584,0.1024,0.4584,0.1,0.44952915403629,0.094299531229569,0.11111094535714,0.444626214691422,0.472237658110407,0.094299531229569,0.11111094535714,0.444626214691422,0.472237658110407,0.999232298054943,1,0.999232298054943,1,1,V0,all,0.1,0,A1,1.5,10,30,10,0,0,R0,0,0.5,1,0.2,rational,Gaussian,matched,42,420020,10,30,10,1,1.73205080756888,1.72050380218508,11.5470053837925,0.739008344562721,0.633981974227071,0.846481724890614,1,1,1,42,0.4584,0,S2,E6_ablation,A0,-0.5416,0
0.01,0.0290793484255105,68,441,5000,5000,5000,0.000243190699051249,0.0125623289991431,0.0118036135891571,0.0125801886862467,0.0115604228901058,0.919591277069652,1,1,0.01,0.0803699491683983,0,0,1,10000,1,1,1,1,0,0.0136,0.0882,0.0136,0.0882,0.01,0.0803699491683983,0.0107425918316195,0.0172042286205321,0.0806523544299161,0.096379924892033,0.0107425918316195,0.0172042286205321,0.0806523544299161,0.096379924892033,0.999232298054943,1,0.999232298054943,1,1,V0,all,0.01,0,A2,1.5,10,30,10,1,1,R0,0,0.5,1,0.2,rational,Gaussian,matched,42,420020,10,30,12.5,1.25,1.73205080756888,1.72050380218508,11.5470053837925,0.739008344562721,0.633981974227071,0.846481724890614,1,1,1,42,0.0882,0,S2,E6_ablation,A1,-0.0372,0
0.05,0.0205606703368934,269,1197,5000,5000,5000,0.000243190699051249,0.0125623289991431,0.0118036135891571,0.0125801886862467,0.0115604228901058,0.919591277069652,1,1,0.05,0.235426088414852,0,0,1,10000,1,1,1,1,0,0.0538,0.2394,0.0538,0.2394,0.05,0.235426088414852,0.0478817469838921,0.0604033502318769,0.227775129272792,0.251424996980972,0.0478817469838921,0.0604033502318769,0.227775129272792,0.251424996980972,0.999232298054943,1,0.999232298054943,1,1,V0,all,0.05,0,A2,1.5,10,30,10,1,1,R0,0,0.5,1,0.2,rational,Gaussian,matched,42,420020,10,30,12.5,1.25,1.73205080756888,1.72050380218508,11.5470053837925,0.739008344562721,0.633981974227071,0.846481724890614,1,1,1,42,0.2394,0,S2,E6_ablation,A1,-0.0756,0
0.1,0.0160193945693075,512,1831,5000,5000,5000,0.000243190699051249,0.0125623289991431,0.0118036135891571,0.0125801886862467,0.0115604228901058,0.919591277069652,1,1,0.1,0.360249812687273,0,0,1,10000,1,1,1,1,0,0.1024,0.3662,0.1024,0.3662,0.1,0.360249812687273,0.094299531229569,0.11111094535714,0.35295384967868,0.379651587361818,0.094299531229569,0.11111094535714,0.35295384967868,0.379651587361818,0.999232298054943,1,0.999232298054943,1,1,V0,all,0.1,0,A2,1.5,10,30,10,1,1,R0,0,0.5,1,0.2,rational,Gaussian,matched,42,420020,10,30,12.5,1.25,1.73205080756888,1.72050380218508,11.5470053837925,0.739008344562721,0.633981974227071,0.846481724890614,1,1,1,42,0.3662,0,S2,E6_ablation,A1,-0.0921999999999999,0
0.01,0.0411244089283297,40,234,5000,5000,5000,1.26362044962042e-05,0.0177778006198654,0.0115935429010406,0.0178628458060832,0.0115809066965444,0.649868893405128,1,1,0.01,0.0471488253154881,0,0,1,10000,1,1,1,1,0,0.008,0.0468,0.008,0.0468,0.01,0.0471488253154881,0.00588068172509965,0.0108747369888366,0.0412854955836611,0.0530103494593387,0.00588068172509965,0.0108747369888366,0.0412854955836611,0.0530103494593387,0.999232298054943,1,0.999232298054943,1,1,V0,all,0.01,0,A3,1.5,10,30,10,1,1,R1,0,0.5,1,0.2,rational,Gaussian,matched,42,420020,10,30,12.5,1.25,1.73205080756888,1.72050380218508,11.5470053837925,0.739008344562721,0.633981974227071,0.846481724890614,1,1,1,42,0.0468,0,S2,E6_ablation,A2,-0.0414,0
0.05,0.0290771788419169,254,847,5000,5000,5000,1.26362044962042e-05,0.0177778006198654,0.0115935429010406,0.0178628458060832,0.0115809066965444,0.649868893405128,1,1,0.05,0.160682592467169,0,0,1,10000,1,1,1,1,0,0.0508,0.1694,0.0508,0.1694,0.05,0.160682592467169,0.0450508366853607,0.0572388667420786,0.159257510919805,0.180050093606267,0.0450508366853607,0.0572388667420786,0.159257510919805,0.180050093606267,0.999232298054943,1,0.999232298054943,1,1,V0,all,0.05,0,A3,1.5,10,30,10,1,1,R1,0,0.5,1,0.2,rational,Gaussian,matched,42,420020,10,30,12.5,1.25,1.73205080756888,1.72050380218508,11.5470053837925,0.739008344562721,0.633981974227071,0.846481724890614,1,1,1,42,0.1694,0,S2,E6_ablation,A2,-0.07,0
0.1,0.0226548450609206,504,1366,5000,5000,5000,1.26362044962042e-05,0.0177778006198654,0.0115935429010406,0.0178628458060832,0.0115809066965444,0.649868893405128,1,1,0.1,0.264885933531282,0,0,1,10000,1,1,1,1,0,0.1008,0.2732,0.1008,0.2732,0.1,0.264885933531282,0.0927591356204094,0.109453797612524,0.261026379570339,0.285721850031939,0.0927591356204094,0.109453797612524,0.261026379570339,0.285721850031939,0.999232298054943,1,0.999232298054943,1,1,V0,all,0.1,0,A3,1.5,10,30,10,1,1,R1,0,0.5,1,0.2,rational,Gaussian,matched,42,420020,10,30,12.5,1.25,1.73205080756888,1.72050380218508,11.5470053837925,0.739008344562721,0.633981974227071,0.846481724890614,1,1,1,42,0.2732,0,S2,E6_ablation,A2,-0.093,0
0.01,0.0411244089283297,36,209,5000,4565,4530,1.79408977141213e-05,0.0178166328772588,0.0116532276290041,0.0178495198438443,0.01163528673129,0.652455109243606,0.909152456484256,0.909152456484256,0.00909152456484256,0.0428654703559231,0,0,6,9095,0.913,0.906,0.9095,0.9095,0.0905,0.00788608981380066,0.0461368653421634,0.0072,0.0418,0.01,0.0471488253154881,0.00570187707793464,0.010897836329558,0.040402966027096,0.0526398681020047,0.00520539599745487,0.00995125103959344,0.0365954747193083,0.0477080473431421,0.904867578528283,0.9204982996651,0.897596482733516,0.913780143287098,1,V2,moderate,0.01,0,A4,1.5,10,30,10,1,1,R1,0,0.5,1,0.2,rational,Gaussian,matched,42,420020,10,30,12.5,1.25,1.73205080756888,1.72050380218508,11.5470053837925,0.739008344562721,0.633981974227071,0.846481724890614,1,1,0.909152456484256,42,0.0418,0,S2,E6_ablation,A3,-0.005,-0.094
0.05,0.0290771788419169,232,772,5000,4565,4530,1.79408977141213e-05,0.0178166328772588,0.0116532276290041,0.0178495198438443,0.01163528673129,0.652455109243606,0.909152456484256,0.909152456484256,0.0454576228242128,0.146084973655785,0,0,6,9095,0.913,0.906,0.9095,0.9095,0.0905,0.0508214676889376,0.170419426048565,0.0464,0.1544,0.05,0.160682592467169,0.0448193665223724,0.0575789029377049,0.15975041557447,0.181646934306243,0.0409095822823139,0.0525868769222419,0.144650226639019,0.164680408945405,0.904867578528283,0.9204982996651,0.897596482733516,0.913780143287098,1,V2,moderate,0.05,0,A4,1.5,10,30,10,1,1,R1,0,0.5,1,0.2,rational,Gaussian,matched,42,420020,10,30,12.5,1.25,1.73205080756888,1.72050380218508,11.5470053837925,0.739008344562721,0.633981974227071,0.846481724890614,1,1,0.909152456484256,42,0.1544,0,S2,E6_ablation,A3,-0.015,-0.094
0.1,0.0226548450609206,459,1252,5000,4565,4530,1.79408977141213e-05,0.0178166328772588,0.0116532276290041,0.0178495198438443,0.01163528673129,0.652455109243606,0.909152456484256,0.909152456484256,0.0909152456484256,0.24082169715809,0,0,6,9095,0.913,0.906,0.9095,0.9095,0.0905,0.100547645125958,0.276379690949227,0.0918,0.2504,0.1,0.264885933531282,0.0921569650009552,0.109610040295534,0.263550408994162,0.289587913463415,0.0841069013981498,0.100119850469795,0.238586025964118,0.262597210846854,0.904867578528283,0.9204982996651,0.897596482733516,0.913780143287098,1,V2,moderate,0.1,0,A4,1.5,10,30,10,1,1,R1,0,0.5,1,0.2,rational,Gaussian,matched,42,420020,10,30,12.5,1.25,1.73205080756888,1.72050380218508,11.5470053837925,0.739008344562721,0.633981974227071,0.846481724890614,1,1,0.909152456484256,42,0.2504,0,S2,E6_ablation,A3,-0.0228,-0.094
0.01,0.0411244089283297,25,163,5000,3577,3553,6.68781872814177e-06,0.0176733862206902,0.0115707182488065,0.0179617996542595,0.0115640304300783,0.649001901642855,0.715511481566694,0.717542420173355,0.00715511481566694,0.0338312822252061,0,0,6,7130,0.7154,0.7106,0.713,0.713,0.287,0.00698909700866648,0.0458767238952997,0.005,0.0326,0.01,0.0471488253154881,0.00473858412973357,0.0102973953850998,0.0394740568491337,0.0532603151040251,0.00338910145310319,0.00737092347250336,0.0280252698888947,0.0378923778893447,0.702731291800306,0.727737982201763,0.697872406444248,0.723004237496495,1,V2,moderate,0.01,0,A5,1.5,10,30,10,1,1,R1,1,0,1,0.2,rational,Gaussian,matched,42,420020,10,30,12.5,1.25,1.73205080756888,1.72050380218508,11.5470053837925,0.739008344562721,0.74896120682227,1,0.787009347512097,0.789243228740901,0.909152456484256,42,0.0326,0,S0,E6_ablation,A4,-0.0092,-0.1954
0.05,0.0290771788419169,179,601,5000,3577,3553,6.68781872814177e-06,0.0176733862206902,0.0115707182488065,0.0179617996542595,0.0115640304300783,0.649001901642855,0.715511481566694,0.717542420173355,0.0357755740783347,0.115296576278621,0,0,6,7130,0.7154,0.7106,0.713,0.713,0.287,0.050041934582052,0.169152828595553,0.0358,0.1202,0.05,0.160682592467169,0.043367086244825,0.0576821958811315,0.157184818117242,0.181835481994898,0.03099625002291,0.041316484462881,0.111476530197403,0.129506616200062,0.702731291800306,0.727737982201763,0.697872406444248,0.723004237496495,1,V2,moderate,0.05,0,A5,1.5,10,30,10,1,1,R1,1,0,1,0.2,rational,Gaussian,matched,42,420020,10,30,12.5,1.25,1.73205080756888,1.72050380218508,11.5470053837925,0.739008344562721,0.74896120682227,1,0.787009347512097,0.789243228740901,0.909152456484256,42,0.1202,0,S0,E6_ablation,A4,-0.0342,-0.1954
0.1,0.0226548450609206,352,977,5000,3577,3553,6.68781872814177e-06,0.0176733862206902,0.0115707182488065,0.0179617996542595,0.0115640304300783,0.649001901642855,0.715511481566694,0.717542420173355,0.0715511481566694,0.190066893815914,0,0,6,7130,0.7154,0.7106,0.713,0.713,0.287,0.098406485882024,0.274978891077962,0.0704,0.1954,0.1,0.264885933531282,0.0890717774124707,0.108602838166241,0.260546165210857,0.289897671403057,0.0636340218927391,0.077825587618454,0.184645125465278,0.206622558559651,0.702731291800306,0.727737982201763,0.697872406444248,0.723004237496495,1,V2,moderate,0.1,0,A5,1.5,10,30,10,1,1,R1,1,0,1,0.2,rational,Gaussian,matched,42,420020,10,30,12.5,1.25,1.73205080756888,1.72050380218508,11.5470053837925,0.739008344562721,0.74896120682227,1,0.787009347512097,0.789243228740901,0.909152456484256,42,0.1954,0,S0,E6_ablation,A4,-0.055,-0.1954
0.01,0.0411244089283297,25,159,5000,3577,3521,6.68781872814177e-06,0.0176733862206902,0.0115251078842182,0.0179555041963741,0.0115184200654901,0.646557265971544,0.715511481566694,0.712452923879019,0.00715511481566694,0.0335913184534806,0,0,6,7098,0.7154,0.7042,0.7098,0.7098,0.2902,0.00698909700866648,0.0451576256745243,0.005,0.0318,0.01,0.0471488253154881,0.00473858412973357,0.0102973953850998,0.038780389878724,0.0525262582586855,0.00338910145310319,0.00737092347250336,0.0272844214711993,0.0370344546301522,0.702731291800306,0.727737982201763,0.691396547865923,0.716689922659716,1,V2,moderate,0.01,0,A5,1.5,10,30,10,1,1,R1,1,0.1,1,0.2,rational,Gaussian,matched,42,420020,10,30,12.5,1.25,1.73205080756888,1.72050380218508,11.5470053837925,0.739008344562721,0.724407337874933,0.967216100482006,0.787009347512097,0.7836451618182,0.909152456484256,42,0.0318,0,S1,E6_ablation,A4,-0.01,-0.2018
0.05,0.0290771788419169,179,593,5000,3577,3521,6.68781872814177e-06,0.0176733862206902,0.0115251078842182,0.0179555041963741,0.0115184200654901,0.646557265971544,0.715511481566694,0.712452923879019,0.0357755740783347,0.114478782819695,0,0,6,7098,0.7154,0.7042,0.7098,0.7098,0.2902,0.050041934582052,0.16841806305027,0.0358,0.1186,0.05,0.160682592467169,0.043367086244825,0.0576821958811315,0.156419645922147,0.181139212460885,0.03099625002291,0.041316484462881,0.109929726236884,0.127855876806806,0.702731291800306,0.727737982201763,0.691396547865923,0.716689922659716,1,V2,moderate,0.05,0,A5,1.5,10,30,10,1,1,R1,1,0.1,1,0.2,rational,Gaussian,matched,42,420020,10,30,12.5,1.25,1.73205080756888,1.72050380218508,11.5470053837925,0.739008344562721,0.724407337874933,0.967216100482006,0.787009347512097,0.7836451618182,0.909152456484256,42,0.1186,0,S1,E6_ablation,A4,-0.0358,-0.2018
0.1,0.0226548450609206,352,965,5000,3577,3521,6.68781872814177e-06,0.0176733862206902,0.0115251078842182,0.0179555041963741,0.0115184200654901,0.646557265971544,0.715511481566694,0.712452923879019,0.0715511481566694,0.188718757838785,0,0,6,7098,0.7154,0.7042,0.7098,0.7098,0.2902,0.098406485882024,0.274069866515195,0.0704,0.193,0.1,0.264885933531282,0.0890717774124707,0.108602838166241,0.259588996655807,0.289043184794902,0.0636340218927391,0.077825587618454,0.18229832225449,0.204173046739775,0.702731291800306,0.727737982201763,0.691396547865923,0.716689922659716,1,V2,moderate,0.1,0,A5,1.5,10,30,10,1,1,R1,1,0.1,1,0.2,rational,Gaussian,matched,42,420020,10,30,12.5,1.25,1.73205080756888,1.72050380218508,11.5470053837925,0.739008344562721,0.724407337874933,0.967216100482006,0.787009347512097,0.7836451618182,0.909152456484256,42,0.193,0,S1,E6_ablation,A4,-0.0574,-0.2018
0.01,0.0411244089283297,25,155,5000,3577,3419,6.68781872814177e-06,0.0176733862206902,0.01153194797594,0.0179406170143945,0.0115252601572119,0.647213717680973,0.715511481566694,0.691125572311645,0.00715511481566694,0.0325857588799885,0,0,6,6996,0.7154,0.6838,0.6996,0.6996,0.3004,0.00698909700866648,0.0453348932436385,0.005,0.031,0.01,0.0471488253154881,0.00473858412973357,0.0102973953850998,0.0388570912715246,0.0528332375375769,0.00338910145310319,0.00737092347250336,0.0265443864926138,0.0361757179318498,0.702731291800306,0.727737982201763,0.670774388180849,0.696543404584148,1,V2,moderate,0.01,0,A5,1.5,10,30,10,1,1,R1,1,0.5,1,0.2,rational,Gaussian,matched,42,420020,10,30,12.5,1.25,1.73205080756888,1.72050380218508,11.5470053837925,0.739008344562721,0.633981974227071,0.846481724890614,0.787009347512097,0.760186663284469,0.909152456484256,42,0.031,0,S2,E6_ablation,A4,-0.0108,-0.2222
0.05,0.0290771788419169,179,579,5000,3577,3419,6.68781872814177e-06,0.0176733862206902,0.01153194797594,0.0179406170143945,0.0115252601572119,0.647213717680973,0.715511481566694,0.691125572311645,0.0357755740783347,0.111051848679391,0,0,6,6996,0.7154,0.6838,0.6996,0.6996,0.3004,0.050041934582052,0.169347762503656,0.0358,0.1158,0.05,0.160682592467169,0.043367086244825,0.0576821958811315,0.157148619373327,0.182289088390384,0.03099625002291,0.041316484462881,0.107224084462716,0.124965817711866,0.702731291800306,0.727737982201763,0.670774388180849,0.696543404584148,1,V2,moderate,0.05,0,A5,1.5,10,30,10,1,1,R1,1,0.5,1,0.2,rational,Gaussian,matched,42,420020,10,30,12.5,1.25,1.73205080756888,1.72050380218508,11.5470053837925,0.739008344562721,0.633981974227071,0.846481724890614,0.787009347512097,0.760186663284469,0.909152456484256,42,0.1158,0,S2,E6_ablation,A4,-0.0386,-0.2222
0.1,0.0226548450609206,352,935,5000,3577,3419,6.68781872814177e-06,0.0176733862206902,0.01153194797594,0.0179406170143945,0.0115252601572119,0.647213717680973,0.715511481566694,0.691125572311645,0.0715511481566694,0.183069442409111,0,0,6,6996,0.7154,0.6838,0.6996,0.6996,0.3004,0.098406485882024,0.273471775372916,0.0704,0.187,0.1,0.264885933531282,0.0890717774124707,0.108602838166241,0.258791183434455,0.288660833074165,0.0636340218927391,0.077825587618454,0.176434170496918,0.198046410920688,0.702731291800306,0.727737982201763,0.670774388180849,0.696543404584148,1,V2,moderate,0.1,0,A5,1.5,10,30,10,1,1,R1,1,0.5,1,0.2,rational,Gaussian,matched,42,420020,10,30,12.5,1.25,1.73205080756888,1.72050380218508,11.5470053837925,0.739008344562721,0.633981974227071,0.846481724890614,0.787009347512097,0.760186663284469,0.909152456484256,42,0.187,0,S2,E6_ablation,A4,-0.0634,-0.2222
0.01,0.0411244089283297,25,142,5000,3577,3130,6.68781872814177e-06,0.0176733862206902,0.011521926581218,0.0178735446911921,0.0115152387624898,0.64787906687868,0.715511481566694,0.631238040072998,0.00715511481566694,0.0297621320838929,0,0,6,6707,0.7154,0.626,0.6707,0.6707,0.3293,0.00698909700866648,0.0453674121405751,0.005,0.0284,0.01,0.0471488253154881,0.00473858412973357,0.0102973953850998,0.0386172420850104,0.0532321582764911,0.00338910145310319,0.00737092347250336,0.0241452726866539,0.0333788237879239,0.702731291800306,0.727737982201763,0.612496300957825,0.63931023815202,1,V2,moderate,0.01,0,A5,1.5,10,30,10,1,1,R1,1,1.5,1,0.2,rational,Gaussian,matched,42,420020,10,30,12.5,1.25,1.73205080756888,1.72050380218508,11.5470053837925,0.739008344562721,0.454267934873082,0.606530659712633,0.787009347512097,0.694314837485048,0.909152456484256,42,0.0284,0,S3,E6_ablation,A4,-0.0134,-0.28
0.05,0.0290771788419169,179,521,5000,3577,3130,6.68781872814177e-06,0.0176733862206902,0.011521926581218,0.0178735446911921,0.0115152387624898,0.64787906687868,0.715511481566694,0.631238040072998,0.0357755740783347,0.101428964742824,0,0,6,6707,0.7154,0.626,0.6707,0.6707,0.3293,0.050041934582052,0.166453674121406,0.0358,0.1042,0.05,0.160682592467169,0.043367086244825,0.0576821958811315,0.153814819457644,0.179910250097807,0.03099625002291,0.041316484462881,0.0960332342532844,0.112974478606423,0.702731291800306,0.727737982201763,0.612496300957825,0.63931023815202,1,V2,moderate,0.05,0,A5,1.5,10,30,10,1,1,R1,1,1.5,1,0.2,rational,Gaussian,matched,42,420020,10,30,12.5,1.25,1.73205080756888,1.72050380218508,11.5470053837925,0.739008344562721,0.454267934873082,0.606530659712633,0.787009347512097,0.694314837485048,0.909152456484256,42,0.1042,0,S3,E6_ablation,A4,-0.0502,-0.28
0.1,0.0226548450609206,352,852,5000,3577,3130,6.68781872814177e-06,0.0176733862206902,0.011521926581218,0.0178735446911921,0.0115152387624898,0.64787906687868,0.715511481566694,0.631238040072998,0.0715511481566694,0.167206077525193,0,0,6,6707,0.7154,0.626,0.6707,0.6707,0.3293,0.098406485882024,0.272204472843451,0.0704,0.1704,0.1,0.264885933531282,0.0890717774124707,0.108602838166241,0.25689781422914,0.288069594384881,0.0636340218927391,0.077825587618454,0.160232414549889,0.181073654572292,0.702731291800306,0.727737982201763,0.612496300957825,0.63931023815202,0,V2,moderate,0.1,0,A5,1.5,10,30,10,1,1,R1,1,1.5,1,0.2,rational,Gaussian,matched,42,420020,10,30,12.5,1.25,1.73205080756888,1.72050380218508,11.5470053837925,0.739008344562721,0.454267934873082,0.606530659712633,0.787009347512097,0.694314837485048,0.909152456484256,42,0.1704,0,S3,E6_ablation,A4,-0.08,-0.28
0.01,0,0,5000,5000,5000,5000,0,0,0.0130540728933224,4.52808110305244e-16,0.0130540728933224,40770574797122.2,1,1,0,1,0,0,1,10000,1,1,1,1,0,0,1,0,1,0,1,0,0.000767701945057125,0.999232298054943,1,0,0.000767701945057125,0.999232298054943,1,0.999232298054943,1,0.999232298054943,1,1,V0,all,0.01,0,A0,1.5,10,40,0,0,0,R0,0,0.5,1,0.2,rational,Gaussian,matched,42,420021,10,40,0,1,1.95811093399842,1.9450568611051,13.0540728933228,0.511469035905972,0.364534402050086,0.703249111156731,1,1,1,42,1,0,S2,E6_ablation,,NaN,NaN
0.05,0,0,5000,5000,5000,5000,0,0,0.0130540728933224,4.52808110305244e-16,0.0130540728933224,40770574797122.2,1,1,0,1,0,0,1,10000,1,1,1,1,0,0,1,0,1,0,1,0,0.000767701945057125,0.999232298054943,1,0,0.000767701945057125,0.999232298054943,1,0.999232298054943,1,0.999232298054943,1,1,V0,all,0.05,0,A0,1.5,10,40,0,0,0,R0,0,0.5,1,0.2,rational,Gaussian,matched,42,420021,10,40,0,1,1.95811093399842,1.9450568611051,13.0540728933228,0.511469035905972,0.364534402050086,0.703249111156731,1,1,1,42,1,0,S2,E6_ablation,,NaN,NaN
0.1,0,0,5000,5000,5000,5000,0,0,0.0130540728933224,4.52808110305244e-16,0.0130540728933224,40770574797122.2,1,1,0,1,0,0,1,10000,1,1,1,1,0,0,1,0,1,0,1,0,0.000767701945057125,0.999232298054943,1,0,0.000767701945057125,0.999232298054943,1,0.999232298054943,1,0.999232298054943,1,1,V0,all,0.1,0,A0,1.5,10,40,0,0,0,R0,0,0.5,1,0.2,rational,Gaussian,matched,42,420021,10,40,0,1,1.95811093399842,1.9450568611051,13.0540728933228,0.511469035905972,0.364534402050086,0.703249111156731,1,1,1,42,1,0,S2,E6_ablation,,NaN,NaN
0.01,0.0232634787404084,50,771,5000,5000,5000,0.000128362559874008,0.0100407010946964,0.0129489579040428,0.0100341770940021,0.0128205953441688,1.27727745559804,1,1,0.01,0.153641294676587,0,0,1,10000,1,1,1,1,0,0.01,0.1542,0.01,0.1542,0.01,0.153641294676587,0.00759377281394657,0.0131585750922094,0.144455677404683,0.164475265260518,0.00759377281394657,0.0131585750922094,0.144455677404683,0.164475265260518,0.999232298054943,1,0.999232298054943,1,1,V0,all,0.01,0,A1,1.5,10,40,10,0,0,R0,0,0.5,1,0.2,rational,Gaussian,matched,42,420021,10,40,10,1,1.95811093399842,1.9450568611051,13.0540728933228,0.511469035905972,0.364534402050086,0.703249111156731,1,1,1,42,0.1542,0,S2,E6_ablation,A0,-0.8458,0
0.05,0.0164485362695147,257,1833,5000,5000,5000,0.000128362559874008,0.0100407010946964,0.0129489579040428,0.0100341770940021,0.0128205953441688,1.27727745559804,1,1,0.05,0.367136758038194,0,0,1,10000,1,1,1,1,0,0.0514,0.3666,0.0514,0.3666,0.05,0.367136758038194,0.0456165654284363,0.057872216756669,0.353350471942085,0.380054350936856,0.0456165654284363,0.057872216756669,0.353350471942085,0.380054350936856,0.999232298054943,1,0.999232298054943,1,1,V0,all,0.05,0,A1,1.5,10,40,10,0,0,R0,0,0.5,1,0.2,rational,Gaussian,matched,42,420021,10,40,10,1,1.95811093399842,1.9450568611051,13.0540728933228,0.511469035905972,0.364534402050086,0.703249111156731,1,1,1,42,0.3666,0,S2,E6_ablation,A0,-0.6334,0
0.1,0.012815515655446,524,2533,5000,5000,5000,0.000128362559874008,0.0100407010946964,0.0129489579040428,0.0100341770940021,0.0128205953441688,1.27727745559804,1,1,0.1,0.509516154239741,0,0,1,10000,1,1,1,1,0,0.1048,0.5066,0.1048,0.5066,0.1,0.509516154239741,0.096611310570768,0.113595481046605,0.492742421812165,0.520447444522161,0.096611310570768,0.113595481046605,0.492742421812165,0.520447444522161,0.999232298054943,1,0.999232298054943,1,1,V0,all,0.1,0,A1,1.5,10,40,10,0,0,R0,0,0.5,1,0.2,rational,Gaussian,matched,42,420021,10,40,10,1,1.95811093399842,1.9450568611051,13.0540728933228,0.511469035905972,0.364534402050086,0.703249111156731,1,1,1,42,0.5066,0,S2,E6_ablation,A0,-0.4934,0
0.01,0.0371653306913278,50,319,5000,5000,5000,0.000205069802299873,0.0160408501549248,0.0128861430071352,0.0160304275244171,0.0126810732048353,0.790805571388456,1,1,0.01,0.0656195225304069,0,0,1,10000,1,1,1,1,0,0.01,0.0638,0.01,0.0638,0.01,0.0656195225304069,0.00759377281394657,0.0131585750922094,0.0573550015033846,0.0709147416734832,0.00759377281394657,0.0131585750922094,0.0573550015033846,0.0709147416734832,0.999232298054943,1,0.999232298054943,1,1,V0,all,0.01,0,A2,1.5,10,40,10,1,1,R0,0,0.5,1,0.2,rational,Gaussian,matched,42,420021,10,40,15.9758267910173,1.59758267910173,1.95811093399842,1.9450568611051,13.0540728933228,0.511469035905972,0.364534402050086,0.703249111156731,1,1,1,42,0.0638,0,S2,E6_ablation,A1,-0.0904,0
0.05,0.0262778966407533,257,1027,5000,5000,5000,0.000205069802299873,0.0160408501549248,0.0128861430071352,0.0160304275244171,0.0126810732048353,0.790805571388456,1,1,0.05,0.203909006637899,0,0,1,10000,1,1,1,1,0,0.0514,0.2054,0.0514,0.2054,0.05,0.203909006637899,0.0456165654284363,0.057872216756669,0.194430253689039,0.216822076296989,0.0456165654284363,0.057872216756669,0.194430253689039,0.216822076296989,0.999232298054943,1,0.999232298054943,1,1,V0,all,0.05,0,A2,1.5,10,40,10,1,1,R0,0,0.5,1,0.2,rational,Gaussian,matched,42,420021,10,40,15.9758267910173,1.59758267910173,1.95811093399842,1.9450568611051,13.0540728933228,0.511469035905972,0.364534402050086,0.703249111156731,1,1,1,42,0.2054,0,S2,E6_ablation,A1,-0.1612,0
0.1,0.0204738458348976,524,1608,5000,5000,5000,0.000205069802299873,0.0160408501549248,0.0128861430071352,0.0160304275244171,0.0126810732048353,0.790805571388456,1,1,0.1,0.321167166668194,0,0,1,10000,1,1,1,1,0,0.1048,0.3216,0.1048,0.3216,0.1,0.321167166668194,0.096611310570768,0.113595481046605,0.308794356598036,0.33467955945596,0.096611310570768,0.113595481046605,0.308794356598036,0.33467955945596,0.999232298054943,1,0.999232298054943,1,1,V0,all,0.1,0,A2,1.5,10,40,10,1,1,R0,0,0.5,1,0.2,rational,Gaussian,matched,42,420021,10,40,15.9758267910173,1.59758267910173,1.95811093399842,1.9450568611051,13.0540728933228,0.511469035905972,0.364534402050086,0.703249111156731,1,1,1,42,0.3216,0,S2,E6_ablation,A1,-0.185,0
0.01,0.0525597147137569,49,222,5000,5000,5000,0.000114005258482704,0.022707410678876,0.0133768148844063,0.0228205417824034,0.0132628096259236,0.582620915852387,1,1,0.01,0.0401834687375877,0,0,1,10000,1,1,1,1,0,0.0098,0.0444,0.0098,0.0444,0.01,0.0401834687375877,0.00742108315782349,0.0129315718291105,0.0390318208814263,0.0504677091309097,0.00742108315782349,0.0129315718291105,0.0390318208814263,0.0504677091309097,0.999232298054943,1,0.999232298054943,1,1,V0,all,0.01,0,A3,1.5,10,40,10,1,1,R1,0,0.5,1,0.2,rational,Gaussian,matched,42,420021,10,40,15.9758267910173,1.59758267910173,1.95811093399842,1.9450568611051,13.0540728933228,0.511469035905972,0.364534402050086,0.703249111156731,1,1,1,42,0.0444,0,S2,E6_ablation,A2,-0.0194,0
0.05,0.0371625578199918,238,761,5000,5000,5000,0.000114005258482704,0.022707410678876,0.0133768148844063,0.0228205417824034,0.0132628096259236,0.582620915852387,1,1,0.05,0.142970853129625,0,0,1,10000,1,1,1,1,0,0.0476,0.1522,0.0476,0.1522,0.05,0.142970853129625,0.0420376715417821,0.0538569451781056,0.142510509565794,0.162423503907187,0.0420376715417821,0.0538569451781056,0.142510509565794,0.162423503907187,0.999232298054943,1,0.999232298054943,1,1,V0,all,0.05,0,A3,1.5,10,40,10,1,1,R1,0,0.5,1,0.2,rational,Gaussian,matched,42,420021,10,40,15.9758267910173,1.59758267910173,1.95811093399842,1.9450568611051,13.0540728933228,0.511469035905972,0.364534402050086,0.703249111156731,1,1,1,42,0.1522,0,S2,E6_ablation,A2,-0.0532,0
0.1,0.0289543904536481,504,1231,5000,5000,5000,0.000114005258482704,0.022707410678876,0.0133768148844063,0.0228205417824034,0.0132628096259236,0.582620915852387,1,1,0.1,0.240789671484361,0,0,1,10000,1,1,1,1,0,0.1008,0.2462,0.1008,0.2462,0.1,0.240789671484361,0.0927591356204094,0.109453797612524,0.234456988713453,0.258332696793858,0.0927591356204094,0.109453797612524,0.234456988713453,0.258332696793858,0.999232298054943,1,0.999232298054943,1,1,V0,all,0.1,0,A3,1.5,10,40,10,1,1,R1,0,0.5,1,0.2,rational,Gaussian,matched,42,420021,10,40,15.9758267910173,1.59758267910173,1.95811093399842,1.9450568611051,13.0540728933228,0.511469035905972,0.364534402050086,0.703249111156731,1,1,1,42,0.2462,0,S2,E6_ablation,A2,-0.0754,0
0.01,0.0525597147137569,38,186,5000,4154,4152,9.849103055795e-05,0.0225273175858583,0.0132861839685909,0.022927891109092,0.013187692938033,0.580227492892886,0.828355513014973,0.828355513014973,0.00828355513014973,0.0332861978608456,0,0,6,8306,0.8308,0.8304,0.8306,0.8306,0.1694,0.0091478093403948,0.0447976878612717,0.0076,0.0372,0.01,0.0401834687375877,0.00667213475297334,0.0125304874757587,0.038915214312505,0.0515216954071807,0.00554222319009683,0.0104138096853954,0.0322995937978886,0.0428109911224563,0.82015463428062,0.840937454112531,0.819745183747876,0.840547518806831,1,V2,moderate,0.01,0,A4,1.5,10,40,10,1,1,R1,0,0.5,1,0.2,rational,Gaussian,matched,42,420021,10,40,15.9758267910173,1.59758267910173,1.95811093399842,1.9450568611051,13.0540728933228,0.511469035905972,0.364534402050086,0.703249111156731,1,1,0.828355513014973,42,0.0372,0,S2,E6_ablation,A3,-0.00720000000000001,-0.1696
0.05,0.0371625578199918,193,618,5000,4154,4152,9.849103055795e-05,0.0225273175858583,0.0132861839685909,0.022927891109092,0.013187692938033,0.580227492892886,0.828355513014973,0.828355513014973,0.0414177756507486,0.118430694390379,0,0,6,8306,0.8308,0.8304,0.8306,0.8306,0.1694,0.0464612421762157,0.148843930635838,0.0386,0.1236,0.05,0.142970853129625,0.0404687908956016,0.0532917487213338,0.138342122789819,0.159994921851081,0.0336049261306962,0.0443035092242026,0.11476518593654,0.133012740087699,0.82015463428062,0.840937454112531,0.819745183747876,0.840547518806831,1,V2,moderate,0.05,0,A4,1.5,10,40,10,1,1,R1,0,0.5,1,0.2,rational,Gaussian,matched,42,420021,10,40,15.9758267910173,1.59758267910173,1.95811093399842,1.9450568611051,13.0540728933228,0.511469035905972,0.364534402050086,0.703249111156731,1,1,0.828355513014973,42,0.1236,0,S2,E6_ablation,A3,-0.0286,-0.1696
0.1,0.0289543904536481,406,1017,5000,4154,4152,9.849103055795e-05,0.0225273175858583,0.0132861839685909,0.022927891109092,0.013187692938033,0.580227492892886,0.828355513014973,0.828355513014973,0.0828355513014973,0.199459451851135,0,0,6,8306,0.8308,0.8304,0.8306,0.8306,0.1694,0.097737120847376,0.244942196531792,0.0812,0.2034,0.1,0.240789671484361,0.0890748121240226,0.10714273654896,0.232100869967717,0.258255049287917,0.0739466226707771,0.0890964044784028,0.19247237001124,0.214783030782568,0.82015463428062,0.840937454112531,0.819745183747876,0.840547518806831,1,V2,moderate,0.1,0,A4,1.5,10,40,10,1,1,R1,0,0.5,1,0.2,rational,Gaussian,matched,42,420021,10,40,15.9758267910173,1.59758267910173,1.95811093399842,1.9450568611051,13.0540728933228,0.511469035905972,0.364534402050086,0.703249111156731,1,1,0.828355513014973,42,0.2034,0,S2,E6_ablation,A3,-0.0428,-0.1696
0.01,0.0525597147137569,19,133,5000,2967,3004,-0.000128681018553728,0.0225041564538218,0.013250291416357,0.0230328832413458,0.0133789724349107,0.587568747696564,0.595497729693409,0.597730624014072,0.00595497729693409,0.0240188898435683,0,0,6,5971,0.5934,0.6008,0.5971,0.5971,0.4029,0.00640377485675767,0.0442743009320905,0.0038,0.0266,0.01,0.0401834687375877,0.00410352522800687,0.00998051776138359,0.0374820429311114,0.0522306172988239,0.00243413885088568,0.00592772855938902,0.0224902033025565,0.0314366568990236,0.5797182439692,0.606938349307463,0.587153122966914,0.614292108320963,1,V2,moderate,0.01,0,A5,1.5,10,40,10,1,1,R1,1,0,1,0.2,rational,Gaussian,matched,42,420021,10,40,15.9758267910173,1.59758267910173,1.95811093399842,1.9450568611051,13.0540728933228,0.511469035905972,0.518357430200639,1,0.718891490835826,0.721587065725568,0.828355513014973,42,0.0266,0,S0,E6_ablation,A4,-0.0106,-0.2296
0.05,0.0371625578199918,145,457,5000,2967,3004,-0.000128681018553728,0.0225041564538218,0.013250291416357,0.0230328832413458,0.0133789724349107,0.587568747696564,0.595497729693409,0.597730624014072,0.0297748864846705,0.0854580572569949,0,0,6,5971,0.5934,0.6008,0.5971,0.5971,0.4029,0.048870913380519,0.152130492676431,0.029,0.0914,0.05,0.142970853129625,0.0416796269071937,0.0572288685119249,0.139732163533722,0.165417383537339,0.0246980626966006,0.0340251125356432,0.0837228755792633,0.0997044904502374,0.5797182439692,0.606938349307463,0.587153122966914,0.614292108320963,1,V2,moderate,0.05,0,A5,1.5,10,40,10,1,1,R1,1,0,1,0.2,rational,Gaussian,matched,42,420021,10,40,15.9758267910173,1.59758267910173,1.95811093399842,1.9450568611051,13.0540728933228,0.511469035905972,0.518357430200639,1,0.718891490835826,0.721587065725568,0.828355513014973,42,0.0914,0,S0,E6_ablation,A4,-0.0322,-0.2296
0.1,0.0289543904536481,288,740,5000,2967,3004,-0.000128681018553728,0.0225041564538218,0.013250291416357,0.0230328832413458,0.0133789724349107,0.587568747696564,0.595497729693409,0.597730624014072,0.0595497729693409,0.143927360592491,0,0,6,5971,0.5934,0.6008,0.5971,0.5971,0.4029,0.0970677451971689,0.246338215712383,0.0576,0.148,0.1,0.240789671484361,0.0869303365148061,0.108247180312655,0.231260401394112,0.262063957331388,0.051475272851246,0.0644039898297405,0.138427611042058,0.158112851127263,0.5797182439692,0.606938349307463,0.587153122966914,0.614292108320963,0,V2,moderate,0.1,0,A5,1.5,10,40,10,1,1,R1,1,0,1,0.2,rational,Gaussian,matched,42,420021,10,40,15.9758267910173,1.59758267910173,1.95811093399842,1.9450568611051,13.0540728933228,0.511469035905972,0.518357430200639,1,0.718891490835826,0.721587065725568,0.828355513014973,42,0.148,0,S0,E6_ablation,A4,-0.0554,-0.2296
0.01,0.0525597147137569,19,130,5000,2967,2943,-0.000128681018553728,0.0225041564538218,0.013198274105908,0.0230853911600792,0.0133269551244617,0.584602078403222,0.595497729693409,0.585832762544307,0.00595497729693409,0.0235407924991538,0,0,6,5910,0.5934,0.5886,0.591,0.591,0.409,0.00640377485675767,0.0441726129799524,0.0038,0.026,0.01,0.0401834687375877,0.00410352522800687,0.00998051776138359,0.037324224642583,0.052209420959879,0.00243413885088568,0.00592772855938902,0.021939673218923,0.0307881082249912,0.5797182439692,0.606938349307463,0.574897331512951,0.602166631702385,1,V2,moderate,0.01,0,A5,1.5,10,40,10,1,1,R1,1,0.1,1,0.2,rational,Gaussian,matched,42,420021,10,40,15.9758267910173,1.59758267910173,1.95811093399842,1.9450568611051,13.0540728933228,0.511469035905972,0.483115717108912,0.932012717406046,0.718891490835826,0.70722383486294,0.828355513014973,42,0.026,0,S1,E6_ablation,A4,-0.0112,-0.2418
0.05,0.0371625578199918,145,449,5000,2967,2943,-0.000128681018553728,0.0225041564538218,0.013198274105908,0.0230853911600792,0.0133269551244617,0.584602078403222,0.595497729693409,0.585832762544307,0.0297748864846705,0.0837570098522445,0,0,6,5910,0.5934,0.5886,0.591,0.591,0.409,0.048870913380519,0.152565409446143,0.029,0.0898,0.05,0.142970853129625,0.0416796269071937,0.0572288685119249,0.140028146104529,0.166008493946546,0.0246980626966006,0.0340251125356432,0.0821872367340568,0.0980425859416681,0.5797182439692,0.606938349307463,0.574897331512951,0.602166631702385,1,V2,moderate,0.05,0,A5,1.5,10,40,10,1,1,R1,1,0.1,1,0.2,rational,Gaussian,matched,42,420021,10,40,15.9758267910173,1.59758267910173,1.95811093399842,1.9450568611051,13.0540728933228,0.511469035905972,0.483115717108912,0.932012717406046,0.718891490835826,0.70722383486294,0.828355513014973,42,0.0898,0,S1,E6_ablation,A4,-0.0338,-0.2418
0.1,0.0289543904536481,288,724,5000,2967,2943,-0.000128681018553728,0.0225041564538218,0.013198274105908,0.0230853911600792,0.0133269551244617,0.584602078403222,0.595497729693409,0.585832762544307,0.0595497729693409,0.141062478437819,0,0,6,5910,0.5934,0.5886,0.591,0.591,0.409,0.0970677451971689,0.246007475365274,0.0576,0.1448,0.1,0.240789671484361,0.0869303365148061,0.108247180312655,0.230785159602004,0.261891992904772,0.051475272851246,0.0644039898297405,0.135318654572608,0.154826720889161,0.5797182439692,0.606938349307463,0.574897331512951,0.602166631702385,0,V2,moderate,0.1,0,A5,1.5,10,40,10,1,1,R1,1,0.1,1,0.2,rational,Gaussian,matched,42,420021,10,40,15.9758267910173,1.59758267910173,1.95811093399842,1.9450568611051,13.0540728933228,0.511469035905972,0.483115717108912,0.932012717406046,0.718891490835826,0.70722383486294,0.828355513014973,42,0.1448,0,S1,E6_ablation,A4,-0.0586,-0.2418
0.01,0.0525597147137569,19,115,5000,2967,2684,-0.000128681018553728,0.0225041564538218,0.0131106812286316,0.0229650545782715,0.0132393622471854,0.58231413466326,0.595497729693409,0.534890487674859,0.00595497729693409,0.0214937551895158,0,0,6,5651,0.5934,0.5368,0.5651,0.5651,0.4349,0.00640377485675767,0.0428464977645306,0.0038,0.023,0.01,0.0401834687375877,0.00410352522800687,0.00998051776138359,0.0358161588246869,0.0511835628491106,0.00243413885088568,0.00592772855938902,0.0191966460912995,0.027535741564285,0.5797182439692,0.606938349307463,0.522955575736353,0.550587921400491,1,V2,moderate,0.01,0,A5,1.5,10,40,10,1,1,R1,1,0.5,1,0.2,rational,Gaussian,matched,42,420021,10,40,15.9758267910173,1.59758267910173,1.95811093399842,1.9450568611051,13.0540728933228,0.511469035905972,0.364534402050086,0.703249111156731,0.718891490835826,0.645725753339908,0.828355513014973,42,0.023,0,S2,E6_ablation,A4,-0.0142,-0.2936
0.05,0.0371625578199918,145,403,5000,2967,2684,-0.000128681018553728,0.0225041564538218,0.0131106812286316,0.0229650545782715,0.0132393622471854,0.58231413466326,0.595497729693409,0.534890487674859,0.0297748864846705,0.0764737493537957,0,0,6,5651,0.5934,0.5368,0.5651,0.5651,0.4349,0.048870913380519,0.150149031296572,0.029,0.0806,0.05,0.142970853129625,0.0416796269071937,0.0572288685119249,0.137135271716241,0.164162803794514,0.0246980626966006,0.0340251125356432,0.0733725917079937,0.0884713566835202,0.5797182439692,0.606938349307463,0.522955575736353,0.550587921400491,1,V2,moderate,0.05,0,A5,1.5,10,40,10,1,1,R1,1,0.5,1,0.2,rational,Gaussian,matched,42,420021,10,40,15.9758267910173,1.59758267910173,1.95811093399842,1.9450568611051,13.0540728933228,0.511469035905972,0.364534402050086,0.703249111156731,0.718891490835826,0.645725753339908,0.828355513014973,42,0.0806,0,S2,E6_ablation,A4,-0.043,-0.2936
0.1,0.0289543904536481,288,653,5000,2967,2684,-0.000128681018553728,0.0225041564538218,0.0131106812286316,0.0229650545782715,0.0132393622471854,0.58231413466326,0.595497729693409,0.534890487674859,0.0595497729693409,0.128796104807339,0,0,6,5651,0.5934,0.5368,0.5651,0.5651,0.4349,0.0970677451971689,0.243293591654247,0.0576,0.1306,0.1,0.240789671484361,0.0869303365148061,0.108247180312655,0.227435414017723,0.259885538087613,0.051475272851246,0.0644039898297405,0.121542920168837,0.140224258028172,0.5797182439692,0.606938349307463,0.522955575736353,0.550587921400491,0,V2,moderate,0.1,0,A5,1.5,10,40,10,1,1,R1,1,0.5,1,0.2,rational,Gaussian,matched,42,420021,10,40,15.9758267910173,1.59758267910173,1.95811093399842,1.9450568611051,13.0540728933228,0.511469035905972,0.364534402050086,0.703249111156731,0.718891490835826,0.645725753339908,0.828355513014973,42,0.1306,0,S2,E6_ablation,A4,-0.0728,-0.2936
0.01,0.0525597147137569,19,84,5000,2967,1971,-0.000128681018553728,0.0225041564538218,0.0133225048797077,0.0230402064849342,0.0134511858982614,0.590644085723358,0.595497729693409,0.392704385211359,0.00595497729693409,0.0157802243862542,0,0,6,4938,0.5934,0.3942,0.4938,0.4938,0.5062,0.00640377485675767,0.0426179604261796,0.0038,0.0168,0.01,0.0401834687375877,0.00410352522800687,0.00998051776138359,0.0345545082127272,0.0524608104363515,0.00243413885088568,0.00592772855938902,0.0135906850091447,0.0207512221505585,0.5797182439692,0.606938349307463,0.380740960526455,0.407821485205119,1,V2,moderate,0.01,0,A5,1.5,10,40,10,1,1,R1,1,1.5,1,0.2,rational,Gaussian,matched,42,420021,10,40,15.9758267910173,1.59758267910173,1.95811093399842,1.9450568611051,13.0540728933228,0.511469035905972,0.18028388320316,0.347798396819311,0.718891490835826,0.474077107040706,0.828355513014973,42,0.0168,0,S3,E6_ablation,A4,-0.0204,-0.4362
0.05,0.0371625578199918,145,306,5000,2967,1971,-0.000128681018553728,0.0225041564538218,0.0133225048797077,0.0230402064849342,0.0134511858982614,0.590644085723358,0.595497729693409,0.392704385211359,0.0297748864846705,0.0561452809814128,0,0,6,4938,0.5934,0.3942,0.4938,0.4938,0.5062,0.048870913380519,0.155251141552511,0.029,0.0612,0.05,0.142970853129625,0.0416796269071937,0.0572288685119249,0.139935532090931,0.171907961000638,0.0246980626966006,0.0340251125356432,0.0548869460159517,0.0681867892110304,0.5797182439692,0.606938349307463,0.380740960526455,0.407821485205119,0,V2,moderate,0.05,0,A5,1.5,10,40,10,1,1,R1,1,1.5,1,0.2,rational,Gaussian,matched,42,420021,10,40,15.9758267910173,1.59758267910173,1.95811093399842,1.9450568611051,13.0540728933228,0.511469035905972,0.18028388320316,0.347798396819311,0.718891490835826,0.474077107040706,0.828355513014973,42,0.0612,0,S3,E6_ablation,A4,-0.0624,-0.4362
0.1,0.0289543904536481,288,495,5000,2967,1971,-0.000128681018553728,0.0225041564538218,0.0133225048797077,0.0230402064849342,0.0134511858982614,0.590644085723358,0.595497729693409,0.392704385211359,0.0595497729693409,0.0945591599055111,0,0,6,4938,0.5934,0.3942,0.4938,0.4938,0.5062,0.0970677451971689,0.251141552511416,0.0576,0.099,0.1,0.240789671484361,0.0869303365148061,0.108247180312655,0.232492759207854,0.270758504017185,0.051475272851246,0.0644039898297405,0.0910269658890982,0.107588731070838,0.5797182439692,0.606938349307463,0.380740960526455,0.407821485205119,0,V2,moderate,0.1,0,A5,1.5,10,40,10,1,1,R1,1,1.5,1,0.2,rational,Gaussian,matched,42,420021,10,40,15.9758267910173,1.59758267910173,1.95811093399842,1.9450568611051,13.0540728933228,0.511469035905972,0.18028388320316,0.347798396819311,0.718891490835826,0.474077107040706,0.828355513014973,42,0.099,0,S3,E6_ablation,A4,-0.1044,-0.4362
0.01,0,0,5000,5000,5000,5000,0,0,0.0155572382686045,3.15751249331626e-16,0.0155572382686045,69679082502767.4,1,1,0,1,0,0,1,10000,1,1,1,1,0,0,1,0,1,0,1,0,0.000767701945057125,0.999232298054943,1,0,0.000767701945057125,0.999232298054943,1,0.999232298054943,1,0.999232298054943,1,1,V0,all,0.01,0,A0,1.5,10,50,0,0,0,R0,0,0.5,1,0.2,rational,Gaussian,matched,42,420022,10,50,0,1,2.33358574029062,2.31802850202201,15.5572382686042,0.30217597874494,0.150543069949152,0.49157620151199,1,1,1,42,1,0,S2,E6_ablation,,NaN,NaN
0.05,0,0,5000,5000,5000,5000,0,0,0.0155572382686045,3.15751249331626e-16,0.0155572382686045,69679082502767.4,1,1,0,1,0,0,1,10000,1,1,1,1,0,0,1,0,1,0,1,0,0.000767701945057125,0.999232298054943,1,0,0.000767701945057125,0.999232298054943,1,0.999232298054943,1,0.999232298054943,1,1,V0,all,0.05,0,A0,1.5,10,50,0,0,0,R0,0,0.5,1,0.2,rational,Gaussian,matched,42,420022,10,50,0,1,2.33358574029062,2.31802850202201,15.5572382686042,0.30217597874494,0.150543069949152,0.49157620151199,1,1,1,42,1,0,S2,E6_ablation,,NaN,NaN
0.1,0,0,5000,5000,5000,5000,0,0,0.0155572382686045,3.15751249331626e-16,0.0155572382686045,69679082502767.4,1,1,0,1,0,0,1,10000,1,1,1,1,0,0,1,0,1,0,1,0,0.000767701945057125,0.999232298054943,1,0,0.000767701945057125,0.999232298054943,1,0.999232298054943,1,0.999232298054943,1,1,V0,all,0.1,0,A0,1.5,10,50,0,0,0,R0,0,0.5,1,0.2,rational,Gaussian,matched,42,420022,10,50,0,1,2.33358574029062,2.31802850202201,15.5572382686042,0.30217597874494,0.150543069949152,0.49157620151199,1,1,1,42,1,0,S2,E6_ablation,,NaN,NaN
0.01,0.0232634787404084,59,1074,5000,5000,5000,-0.00018070562757399,0.0100359692982531,0.0155735110096628,0.00993055136755484,0.0157542166372368,1.57804129486637,1,1,0.01,0.220464901696128,0,0,1,10000,1,1,1,1,0,0.0118,0.2148,0.0118,0.2148,0.01,0.220464901696128,0.00915942192270621,0.0151901622564476,0.203637855258221,0.22640004193124,0.00915942192270621,0.0151901622564476,0.203637855258221,0.22640004193124,0.999232298054943,1,0.999232298054943,1,1,V0,all,0.01,0,A1,1.5,10,50,10,0,0,R0,0,0.5,1,0.2,rational,Gaussian,matched,42,420022,10,50,10,1,2.33358574029062,2.31802850202201,15.5572382686042,0.30217597874494,0.150543069949152,0.49157620151199,1,1,1,42,0.2148,0,S2,E6_ablation,A0,-0.7852,0
0.05,0.0164485362695147,229,2330,5000,5000,5000,-0.00018070562757399,0.0100359692982531,0.0155735110096628,0.00993055136755484,0.0157542166372368,1.57804129486637,1,1,0.05,0.464489377294277,0,0,1,10000,1,1,1,1,0,0.0458,0.466,0.0458,0.466,0.05,0.464489377294277,0.0403459347014957,0.0519514457453942,0.452204426709943,0.479847777022321,0.0403459347014957,0.0519514457453942,0.452204426709943,0.479847777022321,0.999232298054943,1,0.999232298054943,1,1,V0,all,0.05,0,A1,1.5,10,50,10,0,0,R0,0,0.5,1,0.2,rational,Gaussian,matched,42,420022,10,50,10,1,2.33358574029062,2.31802850202201,15.5572382686042,0.30217597874494,0.150543069949152,0.49157620151199,1,1,1,42,0.466,0,S2,E6_ablation,A0,-0.534,0
0.1,0.012815515655446,458,3048,5000,5000,5000,-0.00018070562757399,0.0100359692982531,0.0155735110096628,0.00993055136755484,0.0157542166372368,1.57804129486637,1,1,0.1,0.60802387805059,0,0,1,10000,1,1,1,1,0,0.0916,0.6096,0.0916,0.6096,0.1,0.60802387805059,0.083914882734668,0.0999121762140547,0.595998803706919,0.623032916026724,0.083914882734668,0.0999121762140547,0.595998803706919,0.623032916026724,0.999232298054943,1,0.999232298054943,1,1,V0,all,0.1,0,A1,1.5,10,50,10,0,0,R0,0,0.5,1,0.2,rational,Gaussian,matched,42,420022,10,50,10,1,2.33358574029062,2.31802850202201,15.5572382686042,0.30217597874494,0.150543069949152,0.49157620151199,1,1,1,42,0.6096,0,S2,E6_ablation,A0,-0.3904,0
0.01,0.0527850504584289,59,254,5000,5000,5000,-0.00041002275609996,0.0227717080372578,0.0155941612699944,0.0225325137682826,0.0160041840260944,0.706510798766307,1,1,0.01,0.0504290469689055,0,0,1,10000,1,1,1,1,0,0.0118,0.0508,0.0118,0.0508,0.01,0.0504290469689055,0.00915942192270621,0.0151901622564476,0.0450508366853607,0.0572388667420786,0.00915942192270621,0.0151901622564476,0.0450508366853607,0.0572388667420786,0.999232298054943,1,0.999232298054943,1,1,V0,all,0.01,0,A2,1.5,10,50,10,1,1,R0,0,0.5,1,0.2,rational,Gaussian,matched,42,420022,10,50,22.6900933636988,2.26900933636988,2.33358574029062,2.31802850202201,15.5572382686042,0.30217597874494,0.150543069949152,0.49157620151199,1,1,1,42,0.0508,0,S2,E6_ablation,A1,-0.164,0
0.05,0.0373218823651475,229,833,5000,5000,5000,-0.00041002275609996,0.0227717080372578,0.0155941612699944,0.0225325137682826,0.0160041840260944,0.706510798766307,1,1,0.05,0.168725597951231,0,0,1,10000,1,1,1,1,0,0.0458,0.1666,0.0458,0.1666,0.05,0.168725597951231,0.0403459347014957,0.0519514457453942,0.15652848079309,0.177183422863875,0.0403459347014957,0.0519514457453942,0.15652848079309,0.177183422863875,0.999232298054943,1,0.999232298054943,1,1,V0,all,0.05,0,A2,1.5,10,50,10,1,1,R0,0,0.5,1,0.2,rational,Gaussian,matched,42,420022,10,50,22.6900933636988,2.26900933636988,2.33358574029062,2.31802850202201,15.5572382686042,0.30217597874494,0.150543069949152,0.49157620151199,1,1,1,42,0.1666,0,S2,E6_ablation,A1,-0.2994,0
0.1,0.0290785246726014,458,1392,5000,5000,5000,-0.00041002275609996,0.0227717080372578,0.0155941612699944,0.0225325137682826,0.0160041840260944,0.706510798766307,1,1,0.1,0.275617192329488,0,0,1,10000,1,1,1,1,0,0.0916,0.2784,0.0916,0.2784,0.1,0.275617192329488,0.083914882734668,0.0999121762140547,0.266150169997989,0.29099007550406,0.083914882734668,0.0999121762140547,0.266150169997989,0.29099007550406,0.999232298054943,1,0.999232298054943,1,1,V0,all,0.1,0,A2,1.5,10,50,10,1,1,R0,0,0.5,1,0.2,rational,Gaussian,matched,42,420022,10,50,22.6900933636988,2.26900933636988,2.33358574029062,2.31802850202201,15.5572382686042,0.30217597874494,0.150543069949152,0.49157620151199,1,1,1,42,0.2784,0,S2,E6_ablation,A1,-0.3312,0
0.01,0.0746493342488584,59,133,5000,5000,5000,-0.000393466768781738,0.0317060238959973,0.0149475043336784,0.0318084266562884,0.0153409711024602,0.483069633137264,1,1,0.01,0.0327721766608229,0,0,1,10000,1,1,1,1,0,0.0118,0.0266,0.0118,0.0266,0.01,0.0327721766608229,0.00915942192270621,0.0151901622564476,0.0224902033025565,0.0314366568990236,0.00915942192270621,0.0151901622564476,0.0224902033025565,0.0314366568990236,0.999232298054943,1,0.999232298054943,1,1,V0,all,0.01,0,A3,1.5,10,50,10,1,1,R1,0,0.5,1,0.2,rational,Gaussian,matched,42,420022,10,50,22.6900933636988,2.26900933636988,2.33358574029062,2.31802850202201,15.5572382686042,0.30217597874494,0.150543069949152,0.49157620151199,1,1,1,42,0.0266,0,S2,E6_ablation,A2,-0.0242,0
0.05,0.0527811122140849,256,569,5000,5000,5000,-0.000393466768781738,0.0317060238959973,0.0149475043336784,0.0318084266562884,0.0153409711024602,0.483069633137264,1,1,0.05,0.123017715702323,0,0,1,10000,1,1,1,1,0,0.0512,0.1138,0.0512,0.1138,0.05,0.123017715702323,0.0454279633979573,0.057661125867926,0.10529249264693,0.122900480335432,0.0454279633979573,0.057661125867926,0.10529249264693,0.122900480335432,0.999232298054943,1,0.999232298054943,1,1,V0,all,0.05,0,A3,1.5,10,50,10,1,1,R1,0,0.5,1,0.2,rational,Gaussian,matched,42,420022,10,50,22.6900933636988,2.26900933636988,2.33358574029062,2.31802850202201,15.5572382686042,0.30217597874494,0.150543069949152,0.49157620151199,1,1,1,42,0.1138,0,S2,E6_ablation,A2,-0.0528,0
0.1,0.0411232439657935,456,1045,5000,5000,5000,-0.000393466768781738,0.0317060238959973,0.0149475043336784,0.0318084266562884,0.0153409711024602,0.483069633137264,1,1,0.1,0.212803699138758,0,0,1,10000,1,1,1,1,0,0.0912,0.209,0.0912,0.209,0.1,0.212803699138758,0.0835308799658389,0.0994967931444398,0.197955498800133,0.22049130373189,0.0835308799658389,0.0994967931444398,0.197955498800133,0.22049130373189,0.999232298054943,1,0.999232298054943,1,1,V0,all,0.1,0,A3,1.5,10,50,10,1,1,R1,0,0.5,1,0.2,rational,Gaussian,matched,42,420022,10,50,22.6900933636988,2.26900933636988,2.33358574029062,2.31802850202201,15.5572382686042,0.30217597874494,0.150543069949152,0.49157620151199,1,1,1,42,0.209,0,S2,E6_ablation,A2,-0.0694,0
0.01,0.0746493342488584,50,89,5000,3518,3469,-0.000279595660513614,0.0321270556633043,0.0147789565558212,0.0316731275852508,0.0150585522163348,0.472041625118033,0.697530471461239,0.697530471461239,0.00697530471461239,0.0228595918370348,0,0,6,6987,0.7036,0.6938,0.6987,0.6987,0.3013,0.0142126208072769,0.0256558085903719,0.01,0.0178,0.01,0.0327721766608229,0.0107975114828547,0.0186874781269462,0.0208959758920064,0.0314650261798946,0.00759377281394657,0.0131585750922094,0.0144879455921639,0.0218524261636492,0.690789589861806,0.716097801906167,0.68087961278827,0.706422825937826,1,V2,moderate,0.01,0,A4,1.5,10,50,10,1,1,R1,0,0.5,1,0.2,rational,Gaussian,matched,42,420022,10,50,22.6900933636988,2.26900933636988,2.33358574029062,2.31802850202201,15.5572382686042,0.30217597874494,0.150543069949152,0.49157620151199,1,1,0.697530471461239,42,0.0178,0,S2,E6_ablation,A3,-0.0088,-0.3062
0.05,0.0527811122140849,186,377,5000,3518,3469,-0.000279595660513614,0.0321270556633043,0.0147789565558212,0.0316731275852508,0.0150585522163348,0.472041625118033,0.697530471461239,0.697530471461239,0.034876523573062,0.0858086052319261,0,0,6,6987,0.7036,0.6938,0.6987,0.6987,0.3013,0.0528709494030699,0.108676852118766,0.0372,0.0754,0.05,0.123017715702323,0.0459520395351264,0.0607652738974171,0.0987494403412098,0.119469982516648,0.0322995937978886,0.0428109911224563,0.0684029564643133,0.0830489760274292,0.690789589861806,0.716097801906167,0.68087961278827,0.706422825937826,1,V2,moderate,0.05,0,A4,1.5,10,50,10,1,1,R1,0,0.5,1,0.2,rational,Gaussian,matched,42,420022,10,50,22.6900933636988,2.26900933636988,2.33358574029062,2.31802850202201,15.5572382686042,0.30217597874494,0.150543069949152,0.49157620151199,1,1,0.697530471461239,42,0.0754,0,S2,E6_ablation,A3,-0.0384,-0.3062
0.1,0.0411232439657935,324,710,5000,3518,3469,-0.000279595660513614,0.0321270556633043,0.0147789565558212,0.0316731275852508,0.0150585522163348,0.472041625118033,0.697530471461239,0.697530471461239,0.0697530471461239,0.148437064588953,0,0,6,6987,0.7036,0.6938,0.6987,0.6987,0.3013,0.0920977828311541,0.204669933698472,0.0648,0.142,0.1,0.212803699138758,0.0829822582361379,0.10210314848713,0.19157406191146,0.218419159980161,0.058305114190253,0.0719630935827247,0.132599648940674,0.151950025651987,0.690789589861806,0.716097801906167,0.68087961278827,0.706422825937826,1,V2,moderate,0.1,0,A4,1.5,10,50,10,1,1,R1,0,0.5,1,0.2,rational,Gaussian,matched,42,420022,10,50,22.6900933636988,2.26900933636988,2.33358574029062,2.31802850202201,15.5572382686042,0.30217597874494,0.150543069949152,0.49157620151199,1,1,0.697530471461239,42,0.142,0,S2,E6_ablation,A3,-0.067,-0.3062
0.01,0.0746493342488584,27,59,5000,2102,2099,-0.000335301648173629,0.031440469648174,0.0146462255862759,0.0315388452823564,0.0149815272344495,0.4757596672492,0.419727270597455,0.42196050616397,0.00419727270597455,0.0138285642518959,0,0,6,4201,0.4204,0.4198,0.4201,0.4201,0.5799,0.0128449096098953,0.0281086231538828,0.0054,0.0118,0.01,0.0327721766608229,0.00884273280090255,0.0186244151073195,0.0218538984893661,0.0360874447867098,0.00371394148173811,0.0078454692823124,0.00915942192270621,0.0151901622564476,0.406783940573009,0.434138277576644,0.406187090273615,0.433536049118372,1,V2,moderate,0.01,0,A5,1.5,10,50,10,1,1,R1,1,0,1,0.2,rational,Gaussian,matched,42,420022,10,50,22.6900933636988,2.26900933636988,2.33358574029062,2.31802850202201,15.5572382686042,0.30217597874494,0.306245643068382,1,0.601733240009112,0.604934871561977,0.697530471461239,42,0.0118,0,S0,E6_ablation,A4,-0.006,-0.274
0.05,0.0527811122140849,101,218,5000,2102,2099,-0.000335301648173629,0.031440469648174,0.0146462255862759,0.0315388452823564,0.0149815272344495,0.4757596672492,0.419727270597455,0.42196050616397,0.0209863635298728,0.0519086175848876,0,0,6,4201,0.4204,0.4198,0.4201,0.4201,0.5799,0.0480494766888677,0.103858980466889,0.0202,0.0436,0.05,0.123017715702323,0.0397022492539613,0.0580455930437057,0.0915232600283981,0.11764203722961,0.0166529886144431,0.0244836981720337,0.038281587437894,0.0496191708975542,0.406783940573009,0.434138277576644,0.406187090273615,0.433536049118372,1,V2,moderate,0.05,0,A5,1.5,10,50,10,1,1,R1,1,0,1,0.2,rational,Gaussian,matched,42,420022,10,50,22.6900933636988,2.26900933636988,2.33358574029062,2.31802850202201,15.5572382686042,0.30217597874494,0.306245643068382,1,0.601733240009112,0.604934871561977,0.697530471461239,42,0.0436,0,S0,E6_ablation,A4,-0.0318,-0.274
0.1,0.0411232439657935,189,412,5000,2102,2099,-0.000335301648173629,0.031440469648174,0.0146462255862759,0.0315388452823564,0.0149815272344495,0.4757596672492,0.419727270597455,0.42196050616397,0.0419727270597455,0.0897947566021553,0,0,6,4201,0.4204,0.4198,0.4201,0.4201,0.5799,0.0899143672692674,0.196283944735588,0.0378,0.0824,0.1,0.212803699138758,0.0784218203276359,0.102903063946668,0.179853583377316,0.213823959619654,0.0328587846422788,0.043450879035732,0.0750950492199433,0.0903461354445684,0.406783940573009,0.434138277576644,0.406187090273615,0.433536049118372,0,V2,moderate,0.1,0,A5,1.5,10,50,10,1,1,R1,1,0,1,0.2,rational,Gaussian,matched,42,420022,10,50,22.6900933636988,2.26900933636988,2.33358574029062,2.31802850202201,15.5572382686042,0.30217597874494,0.306245643068382,1,0.601733240009112,0.604934871561977,0.697530471461239,42,0.0824,0,S0,E6_ablation,A4,-0.0596,-0.274
0.01,0.0746493342488584,27,57,5000,2102,1985,-0.000335301648173629,0.031440469648174,0.0146602041760177,0.0317669152133369,0.0149955058241913,0.474479552255486,0.419727270597455,0.397966955310274,0.00419727270597455,0.0130422433645981,0,0,6,4087,0.4204,0.397,0.4087,0.4087,0.5913,0.0128449096098953,0.0287153652392947,0.0054,0.0114,0.01,0.0327721766608229,0.00884273280090255,0.0186244151073195,0.022229719234373,0.0370215892588487,0.00371394148173811,0.0078454692823124,0.0088098452155523,0.0147403531251575,0.406783940573009,0.434138277576644,0.383522259924182,0.4106358866765,1,V2,moderate,0.01,0,A5,1.5,10,50,10,1,1,R1,1,0.1,1,0.2,rational,Gaussian,matched,42,420022,10,50,22.6900933636988,2.26900933636988,2.33358574029062,2.31802850202201,15.5572382686042,0.30217597874494,0.265697879650817,0.867597256204847,0.601733240009112,0.570537018227437,0.697530471461239,42,0.0114,0,S1,E6_ablation,A4,-0.0064,-0.2968
0.05,0.0527811122140849,101,211,5000,2102,1985,-0.000335301648173629,0.031440469648174,0.0146602041760177,0.0317669152133369,0.0149955058241913,0.474479552255486,0.419727270597455,0.397966955310274,0.0209863635298728,0.0489569857672784,0,0,6,4087,0.4204,0.397,0.4087,0.4087,0.5913,0.0480494766888677,0.106297229219144,0.0202,0.0422,0.05,0.123017715702323,0.0397022492539613,0.0580455930437057,0.0934905130708497,0.120624823740965,0.0166529886144431,0.0244836981720337,0.0369699319690464,0.0481329759318479,0.406783940573009,0.434138277576644,0.383522259924182,0.4106358866765,1,V2,moderate,0.05,0,A5,1.5,10,50,10,1,1,R1,1,0.1,1,0.2,rational,Gaussian,matched,42,420022,10,50,22.6900933636988,2.26900933636988,2.33358574029062,2.31802850202201,15.5572382686042,0.30217597874494,0.265697879650817,0.867597256204847,0.601733240009112,0.570537018227437,0.697530471461239,42,0.0422,0,S1,E6_ablation,A4,-0.0332,-0.2968
0.1,0.0411232439657935,189,390,5000,2102,1985,-0.000335301648173629,0.031440469648174,0.0146602041760177,0.0317669152133369,0.0149955058241913,0.474479552255486,0.419727270597455,0.397966955310274,0.0419727270597455,0.0846888402250149,0,0,6,4087,0.4204,0.397,0.4087,0.4087,0.5913,0.0899143672692674,0.19647355163728,0.0378,0.078,0.1,0.212803699138758,0.0784218203276359,0.102903063946668,0.179587728428706,0.214531901039136,0.0328587846422788,0.043450879035732,0.0708865641014266,0.0857613763402016,0.406783940573009,0.434138277576644,0.383522259924182,0.4106358866765,0,V2,moderate,0.1,0,A5,1.5,10,50,10,1,1,R1,1,0.1,1,0.2,rational,Gaussian,matched,42,420022,10,50,22.6900933636988,2.26900933636988,2.33358574029062,2.31802850202201,15.5572382686042,0.30217597874494,0.265697879650817,0.867597256204847,0.601733240009112,0.570537018227437,0.697530471461239,42,0.078,0,S1,E6_ablation,A4,-0.064,-0.2968
0.01,0.0746493342488584,27,43,5000,2102,1513,-0.000335301648173629,0.031440469648174,0.0146878120911633,0.0319156599333389,0.015023113739337,0.474230079929826,0.419727270597455,0.29955913426583,0.00419727270597455,0.00981720486852296,0,0,6,3615,0.4204,0.3026,0.3615,0.3615,0.6385,0.0128449096098953,0.0284203569068077,0.0054,0.0086,0.01,0.0327721766608229,0.00884273280090255,0.0186244151073195,0.0211673785339506,0.0380619221277966,0.00371394148173811,0.0078454692823124,0.00639117563159494,0.0115633218400072,0.406783940573009,0.434138277576644,0.290022302653862,0.315480786074047,1,V2,moderate,0.01,0,A5,1.5,10,50,10,1,1,R1,1,0.5,1,0.2,rational,Gaussian,matched,42,420022,10,50,22.6900933636988,2.26900933636988,2.33358574029062,2.31802850202201,15.5572382686042,0.30217597874494,0.150543069949152,0.49157620151199,0.601733240009112,0.429456699774407,0.697530471461239,42,0.0086,0,S2,E6_ablation,A4,-0.0092,-0.3912
0.05,0.0527811122140849,101,158,5000,2102,1513,-0.000335301648173629,0.031440469648174,0.0146878120911633,0.0319156599333389,0.015023113739337,0.474230079929826,0.419727270597455,0.29955913426583,0.0209863635298728,0.0368510804151479,0,0,6,3615,0.4204,0.3026,0.3615,0.3615,0.6385,0.0480494766888677,0.1044282881692,0.0202,0.0316,0.05,0.123017715702323,0.0397022492539613,0.0580455930437057,0.0900075654810082,0.120852611738411,0.0166529886144431,0.0244836981720337,0.0270993353095593,0.0368198478725702,0.406783940573009,0.434138277576644,0.290022302653862,0.315480786074047,0,V2,moderate,0.05,0,A5,1.5,10,50,10,1,1,R1,1,0.5,1,0.2,rational,Gaussian,matched,42,420022,10,50,22.6900933636988,2.26900933636988,2.33358574029062,2.31802850202201,15.5572382686042,0.30217597874494,0.150543069949152,0.49157620151199,0.601733240009112,0.429456699774407,0.697530471461239,42,0.0316,0,S2,E6_ablation,A4,-0.0438,-0.3912
0.1,0.0411232439657935,189,305,5000,2102,1513,-0.000335301648173629,0.031440469648174,0.0146878120911633,0.0319156599333389,0.015023113739337,0.474230079929826,0.419727270597455,0.29955913426583,0.0419727270597455,0.0637472918825724,0,0,6,3615,0.4204,0.3026,0.3615,0.3615,0.6385,0.0899143672692674,0.201586252478519,0.0378,0.061,0.1,0.212803699138758,0.0784218203276359,0.102903063946668,0.182138501341945,0.22254549199902,0.0328587846422788,0.043450879035732,0.0546972332830901,0.0679768090246701,0.406783940573009,0.434138277576644,0.290022302653862,0.315480786074047,0,V2,moderate,0.1,0,A5,1.5,10,50,10,1,1,R1,1,0.5,1,0.2,rational,Gaussian,matched,42,420022,10,50,22.6900933636988,2.26900933636988,2.33358574029062,2.31802850202201,15.5572382686042,0.30217597874494,0.150543069949152,0.49157620151199,0.601733240009112,0.429456699774407,0.697530471461239,42,0.061,0,S2,E6_ablation,A4,-0.081,-0.3912
0.01,0.0746493342488584,27,11,5000,2102,551,-0.000335301648173629,0.031440469648174,0.0140997479719295,0.030774395657177,0.0144350496201031,0.464012012398693,0.419727270597455,0.107349008147256,0.00419727270597455,0.00351806065936598,0,0,6,2653,0.4204,0.1102,0.2653,0.2653,0.7347,0.0128449096098953,0.0199637023593466,0.0054,0.0022,0.01,0.0327721766608229,0.00884273280090255,0.0186244151073195,0.0111832889636422,0.0353912025597917,0.00371394148173811,0.0078454692823124,0.00122891540713881,0.00393540864936006,0.406783940573009,0.434138277576644,0.101817815894897,0.119180684541469,1,V2,moderate,0.01,0,A5,1.5,10,50,10,1,1,R1,1,1.5,1,0.2,rational,Gaussian,matched,42,420022,10,50,22.6900933636988,2.26900933636988,2.33358574029062,2.31802850202201,15.5572382686042,0.30217597874494,0.0363783055958654,0.118787993949493,0.601733240009112,0.153898664702594,0.697530471461239,42,0.0022,0,S3,E6_ablation,A4,-0.0156,-0.5836
0.05,0.0527811122140849,101,49,5000,2102,551,-0.000335301648173629,0.031440469648174,0.0140997479719295,0.030774395657177,0.0144350496201031,0.464012012398693,0.419727270597455,0.107349008147256,0.0209863635298728,0.0132058297651855,0,0,6,2653,0.4204,0.1102,0.2653,0.2653,0.7347,0.0480494766888677,0.088929219600726,0.0202,0.0098,0.05,0.123017715702323,0.0397022492539613,0.0580455930437057,0.0679205159824627,0.115630041030988,0.0166529886144431,0.0244836981720337,0.00742108315782349,0.0129315718291105,0.406783940573009,0.434138277576644,0.101817815894897,0.119180684541469,0,V2,moderate,0.05,0,A5,1.5,10,50,10,1,1,R1,1,1.5,1,0.2,rational,Gaussian,matched,42,420022,10,50,22.6900933636988,2.26900933636988,2.33358574029062,2.31802850202201,15.5572382686042,0.30217597874494,0.0363783055958654,0.118787993949493,0.601733240009112,0.153898664702594,0.697530471461239,42,0.0098,0,S3,E6_ablation,A4,-0.0656,-0.5836
0.1,0.0411232439657935,189,102,5000,2102,551,-0.000335301648173629,0.031440469648174,0.0140997479719295,0.030774395657177,0.0144350496201031,0.464012012398693,0.419727270597455,0.107349008147256,0.0419727270597455,0.0228442660326126,0,0,6,2653,0.4204,0.1102,0.2653,0.2653,0.7347,0.0899143672692674,0.185117967332123,0.0378,0.0204,0.1,0.212803699138758,0.0784218203276359,0.102903063946668,0.154907294184766,0.219688827854235,0.0328587846422788,0.043450879035732,0.0168340830157831,0.0247022966899157,0.406783940573009,0.434138277576644,0.101817815894897,0.119180684541469,0,V2,moderate,0.1,0,A5,1.5,10,50,10,1,1,R1,1,1.5,1,0.2,rational,Gaussian,matched,42,420022,10,50,22.6900933636988,2.26900933636988,2.33358574029062,2.31802850202201,15.5572382686042,0.30217597874494,0.0363783055958654,0.118787993949493,0.601733240009112,0.153898664702594,0.697530471461239,42,0.0204,0,S3,E6_ablation,A4,-0.1216,-0.5836
0.01,0,0,5000,5000,5000,5000,0,0,0.0199999999999996,3.74737746459512e-16,0.0199999999999996,75477507976414.4,1,1,0,1,0,0,1,10000,1,1,1,1,0,0,1,0,1,0,1,0,0.000767701945057125,0.999232298054943,1,0,0.000767701945057125,0.999232298054943,1,0.999232298054943,1,0.999232298054943,1,1,V0,all,0.01,0,A0,1.5,10,60,0,0,0,R0,0,0.5,1,0.2,rational,Gaussian,matched,42,420023,10,60,0,1,3,2.98,20,0.142222222222222,0.0321614572530506,0.22313016014843,1,1,1,42,1,0,S2,E6_ablation,,NaN,NaN
0.05,0,0,5000,5000,5000,5000,0,0,0.0199999999999996,3.74737746459512e-16,0.0199999999999996,75477507976414.4,1,1,0,1,0,0,1,10000,1,1,1,1,0,0,1,0,1,0,1,0,0.000767701945057125,0.999232298054943,1,0,0.000767701945057125,0.999232298054943,1,0.999232298054943,1,0.999232298054943,1,1,V0,all,0.05,0,A0,1.5,10,60,0,0,0,R0,0,0.5,1,0.2,rational,Gaussian,matched,42,420023,10,60,0,1,3,2.98,20,0.142222222222222,0.0321614572530506,0.22313016014843,1,1,1,42,1,0,S2,E6_ablation,,NaN,NaN
0.1,0,0,5000,5000,5000,5000,0,0,0.0199999999999996,3.74737746459512e-16,0.0199999999999996,75477507976414.4,1,1,0,1,0,0,1,10000,1,1,1,1,0,0,1,0,1,0,1,0,0.000767701945057125,0.999232298054943,1,0,0.000767701945057125,0.999232298054943,1,0.999232298054943,1,0.999232298054943,1,1,V0,all,0.1,0,A0,1.5,10,60,0,0,0,R0,0,0.5,1,0.2,rational,Gaussian,matched,42,420023,10,60,0,1,3,2.98,20,0.142222222222222,0.0321614572530506,0.22313016014843,1,1,1,42,1,0,S2,E6_ablation,,NaN,NaN
0.01,0.0232634787404084,50,1827,5000,5000,5000,-0.000220441226589199,0.00992194383497854,0.0199237093108615,0.00992245737930414,0.0201441505374507,2.03020996332275,1,1,0.01,0.372080585435495,0,0,1,10000,1,1,1,1,0,0.01,0.3654,0.01,0.3654,0.01,0.372080585435495,0.00759377281394657,0.0131585750922094,0.352160634868525,0.378846030495084,0.00759377281394657,0.0131585750922094,0.352160634868525,0.378846030495084,0.999232298054943,1,0.999232298054943,1,1,V0,all,0.01,0,A1,1.5,10,60,10,0,0,R0,0,0.5,1,0.2,rational,Gaussian,matched,42,420023,10,60,10,1,3,2.98,20,0.142222222222222,0.0321614572530506,0.22313016014843,1,1,1,42,0.3654,0,S2,E6_ablation,A0,-0.6346,0
0.05,0.0164485362695147,254,3198,5000,5000,5000,-0.000220441226589199,0.00992194383497854,0.0199237093108615,0.00992245737930414,0.0201441505374507,2.03020996332275,1,1,0.05,0.638760031312336,0,0,1,10000,1,1,1,1,0,0.0508,0.6396,0.0508,0.6396,0.05,0.638760031312336,0.0450508366853607,0.0572388667420786,0.626189600869696,0.652796056747245,0.0450508366853607,0.0572388667420786,0.626189600869696,0.652796056747245,0.999232298054943,1,0.999232298054943,1,1,V0,all,0.05,0,A1,1.5,10,60,10,0,0,R0,0,0.5,1,0.2,rational,Gaussian,matched,42,420023,10,60,10,1,3,2.98,20,0.142222222222222,0.0321614572530506,0.22313016014843,1,1,1,42,0.6396,0,S2,E6_ablation,A0,-0.3604,0
0.1,0.012815515655446,493,3809,5000,5000,5000,-0.000220441226589199,0.00992194383497854,0.0199237093108615,0.00992245737930414,0.0201441505374507,2.03020996332275,1,1,0.1,0.763759584105884,0,0,1,10000,1,1,1,1,0,0.0986,0.7618,0.0986,0.7618,0.1,0.763759584105884,0.0906421526554426,0.107174158466049,0.749794432913881,0.773403598347687,0.0906421526554426,0.107174158466049,0.749794432913881,0.773403598347687,0.999232298054943,1,0.999232298054943,1,1,V0,all,0.1,0,A1,1.5,10,60,10,0,0,R0,0,0.5,1,0.2,rational,Gaussian,matched,42,420023,10,60,10,1,3,2.98,20,0.142222222222222,0.0321614572530506,0.22313016014843,1,1,1,42,0.7618,0,S2,E6_ablation,A0,-0.2382,0
0.01,0.0872380452765315,50,159,5000,5000,5000,-0.000826654599709489,0.0372072893811695,0.0197139099157303,0.0372092151723905,0.0205405645154398,0.552043249862081,1,1,0.01,0.036485299532467,0,0,1,10000,1,1,1,1,0,0.01,0.0318,0.01,0.0318,0.01,0.036485299532467,0.00759377281394657,0.0131585750922094,0.0272844214711993,0.0370344546301522,0.00759377281394657,0.0131585750922094,0.0272844214711993,0.0370344546301522,0.999232298054943,1,0.999232298054943,1,1,V0,all,0.01,0,A2,1.5,10,60,10,1,1,R0,0,0.5,1,0.2,rational,Gaussian,matched,42,420023,10,60,37.5,3.75,3,2.98,20,0.142222222222222,0.0321614572530506,0.22313016014843,1,1,1,42,0.0318,0,S2,E6_ablation,A1,-0.3336,0
0.05,0.0616820110106802,254,658,5000,5000,5000,-0.000826654599709489,0.0372072893811695,0.0197139099157303,0.0372092151723905,0.0205405645154398,0.552043249862081,1,1,0.05,0.133172229927766,0,0,1,10000,1,1,1,1,0,0.0508,0.1316,0.0508,0.1316,0.05,0.133172229927766,0.0450508366853607,0.0572388667420786,0.122511905127897,0.141253737665221,0.0450508366853607,0.0572388667420786,0.122511905127897,0.141253737665221,0.999232298054943,1,0.999232298054943,1,1,V0,all,0.05,0,A2,1.5,10,60,10,1,1,R0,0,0.5,1,0.2,rational,Gaussian,matched,42,420023,10,60,37.5,3.75,3,2.98,20,0.142222222222222,0.0321614572530506,0.22313016014843,1,1,1,42,0.1316,0,S2,E6_ablation,A1,-0.508,0
0.1,0.0480581837079225,493,1152,5000,5000,5000,-0.000826654599709489,0.0372072893811695,0.0197139099157303,0.0372092151723905,0.0205405645154398,0.552043249862081,1,1,0.1,0.227164267736502,0,0,1,10000,1,1,1,1,0,0.0986,0.2304,0.0986,0.2304,0.1,0.227164267736502,0.0906421526554426,0.107174158466049,0.218937844248581,0.242276100640194,0.0906421526554426,0.107174158466049,0.218937844248581,0.242276100640194,0.999232298054943,1,0.999232298054943,1,1,V0,all,0.1,0,A2,1.5,10,60,10,1,1,R0,0,0.5,1,0.2,rational,Gaussian,matched,42,420023,10,60,37.5,3.75,3,2.98,20,0.142222222222222,0.0321614572530506,0.22313016014843,1,1,1,42,0.2304,0,S2,E6_ablation,A1,-0.5314,0
0.01,0.123373226784989,42,127,5000,5000,5000,-0.001619704960294,0.0525033674002582,0.0202928321499469,0.0535099498371466,0.0219125371102409,0.413373527267016,1,1,0.01,0.0256343246525191,0,0,1,10000,1,1,1,1,0,0.0084,0.0254,0.0084,0.0254,0.01,0.0256343246525191,0.00622065438730661,0.0113341501650736,0.0213897552796213,0.0301389474066269,0.00622065438730661,0.0113341501650736,0.0213897552796213,0.0301389474066269,0.999232298054943,1,0.999232298054943,1,1,V0,all,0.01,0,A3,1.5,10,60,10,1,1,R1,0,0.5,1,0.2,rational,Gaussian,matched,42,420023,10,60,37.5,3.75,3,2.98,20,0.142222222222222,0.0321614572530506,0.22313016014843,1,1,1,42,0.0254,0,S2,E6_ablation,A2,-0.0064,0
0.05,0.0872315365257506,233,549,5000,5000,5000,-0.001619704960294,0.0525033674002582,0.0202928321499469,0.0535099498371466,0.0219125371102409,0.413373527267016,1,1,0.05,0.102447191930942,0,0,1,10000,1,1,1,1,0,0.0466,0.1098,0.0466,0.1098,0.05,0.102447191930942,0.0410975242290518,0.052798627894726,0.101431918474867,0.118767196123056,0.0410975242290518,0.052798627894726,0.101431918474867,0.118767196123056,0.999232298054943,1,0.999232298054943,1,1,V0,all,0.05,0,A3,1.5,10,60,10,1,1,R1,0,0.5,1,0.2,rational,Gaussian,matched,42,420023,10,60,37.5,3.75,3,2.98,20,0.142222222222222,0.0321614572530506,0.22313016014843,1,1,1,42,0.1098,0,S2,E6_ablation,A2,-0.0218,0
0.1,0.0679645351827618,453,974,5000,5000,5000,-0.001619704960294,0.0525033674002582,0.0202928321499469,0.0535099498371466,0.0219125371102409,0.413373527267016,1,1,0.1,0.182884261855094,0,0,1,10000,1,1,1,1,0,0.0906,0.1948,0.0906,0.1948,0.1,0.182884261855094,0.0829549627192377,0.0988736316333751,0.184058364395645,0.206010240871618,0.0829549627192377,0.0988736316333751,0.184058364395645,0.206010240871618,0.999232298054943,1,0.999232298054943,1,1,V0,all,0.1,0,A3,1.5,10,60,10,1,1,R1,0,0.5,1,0.2,rational,Gaussian,matched,42,420023,10,60,37.5,3.75,3,2.98,20,0.142222222222222,0.0321614572530506,0.22313016014843,1,1,1,42,0.1948,0,S2,E6_ablation,A2,-0.0356,0
0.01,0.123373226784989,23,65,5000,2345,2405,-0.00154358128098541,0.052373338807537,0.0209009912376686,0.0529959636167016,0.022444572518654,0.426009856287531,0.472291245199884,0.472291245199884,0.00472291245199884,0.0121068671099963,0,0,6,4750,0.469,0.481,0.475,0.475,0.525,0.00980810234541578,0.027027027027027,0.0046,0.013,0.01,0.0256343246525191,0.00654454892849205,0.01467504366407,0.0212617130266911,0.0343008721864592,0.00306725202534384,0.00689338706181876,0.0102131489253639,0.0165345927691217,0.455196713345211,0.482850884175382,0.467170867233213,0.494858305440699,1,V2,moderate,0.01,0,A4,1.5,10,60,10,1,1,R1,0,0.5,1,0.2,rational,Gaussian,matched,42,420023,10,60,37.5,3.75,3,2.98,20,0.142222222222222,0.0321614572530506,0.22313016014843,1,1,0.472291245199884,42,0.013,0,S2,E6_ablation,A3,-0.0124,-0.519
0.05,0.0872315365257506,112,270,5000,2345,2405,-0.00154358128098541,0.052373338807537,0.0209009912376686,0.0529959636167016,0.022444572518654,0.426009856287531,0.472291245199884,0.472291245199884,0.0236145622599942,0.0483849118442959,0,0,6,4750,0.469,0.481,0.475,0.475,0.525,0.0477611940298507,0.112266112266112,0.0224,0.054,0.05,0.102447191930942,0.0398447033068522,0.0571569303985954,0.100262348638369,0.125506539899004,0.0186501320177961,0.0268831768801224,0.0480706711782013,0.0606141189567897,0.455196713345211,0.482850884175382,0.467170867233213,0.494858305440699,1,V2,moderate,0.05,0,A4,1.5,10,60,10,1,1,R1,0,0.5,1,0.2,rational,Gaussian,matched,42,420023,10,60,37.5,3.75,3,2.98,20,0.142222222222222,0.0321614572530506,0.22313016014843,1,1,0.472291245199884,42,0.054,0,S2,E6_ablation,A3,-0.0558,-0.519
0.1,0.0679645351827618,222,471,5000,2345,2405,-0.00154358128098541,0.052373338807537,0.0209009912376686,0.0529959636167016,0.022444572518654,0.426009856287531,0.472291245199884,0.472291245199884,0.0472291245199884,0.0863746357590039,0,0,6,4750,0.469,0.481,0.475,0.475,0.525,0.0946695095948827,0.195841995841996,0.0444,0.0942,0.1,0.182884261855094,0.0834744663041689,0.107190364282373,0.180471876194101,0.212182217066048,0.0390318208814263,0.0504677091309097,0.0864120108938272,0.102611056004781,0.455196713345211,0.482850884175382,0.467170867233213,0.494858305440699,0,V2,moderate,0.1,0,A4,1.5,10,60,10,1,1,R1,0,0.5,1,0.2,rational,Gaussian,matched,42,420023,10,60,37.5,3.75,3,2.98,20,0.142222222222222,0.0321614572530506,0.22313016014843,1,1,0.472291245199884,42,0.0942,0,S2,E6_ablation,A3,-0.1006,-0.519
0.01,0.123373226784989,14,21,5000,994,991,-0.000663816487595852,0.053158124607065,0.0215221769406398,0.0514227536536444,0.0221859934282357,0.424225537331902,0.19627688112203,0.197813144242249,0.0019627688112203,0.00507080636004139,0,0,6,1985,0.1988,0.1982,0.1985,0.1985,0.8015,0.0140845070422535,0.0211907164480323,0.0028,0.0042,0.01,0.0256343246525191,0.00840813145429998,0.0235022071463092,0.0139012146103866,0.0321779454550128,0.00166867707579114,0.00469472573837367,0.00274877441031467,0.00641247883840397,0.187970855318915,0.210091608332787,0.18738386971382,0.209479515180217,1,V2,moderate,0.01,0,A5,1.5,10,60,10,1,1,R1,1,0,1,0.2,rational,Gaussian,matched,42,420023,10,60,37.5,3.75,3,2.98,20,0.142222222222222,0.144137651457142,1,0.415584415584416,0.418837203214576,0.472291245199884,42,0.0042,0,S0,E6_ablation,A4,-0.0088,-0.2828
0.05,0.0872315365257506,52,112,5000,994,991,-0.000663816487595852,0.053158124607065,0.0215221769406398,0.0514227536536444,0.0221859934282357,0.424225537331902,0.19627688112203,0.197813144242249,0.00981384405610149,0.0202654011546487,0,0,6,1985,0.1988,0.1982,0.1985,0.1985,0.8015,0.0523138832997988,0.113017154389506,0.0104,0.0224,0.05,0.102447191930942,0.0401150533743775,0.0679596892286682,0.0947804016362901,0.134242481156293,0.00793996463634238,0.0136117691082576,0.0186501320177961,0.0268831768801224,0.187970855318915,0.210091608332787,0.18738386971382,0.209479515180217,0,V2,moderate,0.05,0,A5,1.5,10,60,10,1,1,R1,1,0,1,0.2,rational,Gaussian,matched,42,420023,10,60,37.5,3.75,3,2.98,20,0.142222222222222,0.144137651457142,1,0.415584415584416,0.418837203214576,0.472291245199884,42,0.0224,0,S0,E6_ablation,A4,-0.0316,-0.2828
0.1,0.0679645351827618,104,194,5000,994,991,-0.000663816487595852,0.053158124607065,0.0215221769406398,0.0514227536536444,0.0221859934282357,0.424225537331902,0.19627688112203,0.197813144242249,0.019627688112203,0.0361769108699789,0,0,6,1985,0.1988,0.1982,0.1985,0.1985,0.8015,0.104627766599598,0.195761856710394,0.0208,0.0388,0.1,0.182884261855094,0.0870981873590826,0.125201529142034,0.172252385786081,0.221620884518909,0.0171965606217459,0.0251392049223968,0.0337915584107043,0.0445165698634164,0.187970855318915,0.210091608332787,0.18738386971382,0.209479515180217,0,V2,moderate,0.1,0,A5,1.5,10,60,10,1,1,R1,1,0,1,0.2,rational,Gaussian,matched,42,420023,10,60,37.5,3.75,3,2.98,20,0.142222222222222,0.144137651457142,1,0.415584415584416,0.418837203214576,0.472291245199884,42,0.0388,0,S0,E6_ablation,A4,-0.0554,-0.2828
0.01,0.123373226784989,14,18,5000,994,820,-0.000663816487595852,0.053158124607065,0.0217257666378354,0.0524619195066857,0.0223895831254313,0.423955451344292,0.19627688112203,0.164388803428206,0.0019627688112203,0.00421399595631778,0,0,6,1814,0.1988,0.164,0.1814,0.1814,0.8186,0.0140845070422535,0.0219512195121951,0.0028,0.0036,0.01,0.0256343246525191,0.00840813145429998,0.0235022071463092,0.0139295656106242,0.0344310241534865,0.00166867707579114,0.00469472573837367,0.00227844075441302,0.0056837337366397,0.187970855318915,0.210091608332787,0.153995319312553,0.174520576394525,1,V2,moderate,0.01,0,A5,1.5,10,60,10,1,1,R1,1,0.1,1,0.2,rational,Gaussian,matched,42,420023,10,60,37.5,3.75,3,2.98,20,0.142222222222222,0.106779798485721,0.740818220681718,0.415584415584416,0.348066590475615,0.472291245199884,42,0.0036,0,S1,E6_ablation,A4,-0.0094,-0.317
0.05,0.0872315365257506,52,99,5000,994,820,-0.000663816487595852,0.053158124607065,0.0217257666378354,0.0524619195066857,0.0223895831254313,0.423955451344292,0.19627688112203,0.164388803428206,0.00981384405610149,0.0168411712961073,0,0,6,1814,0.1988,0.164,0.1814,0.1814,0.8186,0.0523138832997988,0.120731707317073,0.0104,0.0198,0.05,0.102447191930942,0.0401150533743775,0.0679596892286682,0.100181665603477,0.144818700255295,0.00793996463634238,0.0136117691082576,0.0162910955983785,0.0240462053496544,0.187970855318915,0.210091608332787,0.153995319312553,0.174520576394525,0,V2,moderate,0.05,0,A5,1.5,10,60,10,1,1,R1,1,0.1,1,0.2,rational,Gaussian,matched,42,420023,10,60,37.5,3.75,3,2.98,20,0.142222222222222,0.106779798485721,0.740818220681718,0.415584415584416,0.348066590475615,0.472291245199884,42,0.0198,0,S1,E6_ablation,A4,-0.0342,-0.317
0.1,0.0679645351827618,104,170,5000,994,820,-0.000663816487595852,0.053158124607065,0.0217257666378354,0.0524619195066857,0.0223895831254313,0.423955451344292,0.19627688112203,0.164388803428206,0.019627688112203,0.0300641249722096,0,0,6,1814,0.1988,0.164,0.1814,0.1814,0.8186,0.104627766599598,0.207317073170732,0.0208,0.034,0.1,0.182884261855094,0.0870981873590826,0.125201529142034,0.180966441158951,0.236397185227239,0.0171965606217459,0.0251392049223968,0.0293236268287216,0.0393918713840716,0.187970855318915,0.210091608332787,0.153995319312553,0.174520576394525,0,V2,moderate,0.1,0,A5,1.5,10,60,10,1,1,R1,1,0.1,1,0.2,rational,Gaussian,matched,42,420023,10,60,37.5,3.75,3,2.98,20,0.142222222222222,0.106779798485721,0.740818220681718,0.415584415584416,0.348066590475615,0.472291245199884,42,0.034,0,S1,E6_ablation,A4,-0.0602,-0.317
0.01,0.123373226784989,14,8,5000,994,329,-0.000663816487595852,0.053158124607065,0.0207048073304314,0.0542577616401751,0.0213686238180273,0.397846257860367,0.19627688112203,0.0654267718389182,0.0019627688112203,0.00167717111028512,0,0,6,1323,0.1988,0.0658,0.1323,0.1323,0.8677,0.0140845070422535,0.0243161094224924,0.0028,0.0016,0.01,0.0256343246525191,0.00840813145429998,0.0235022071463092,0.0123717574812224,0.0472405843556248,0.00166867707579114,0.00469472573837367,0.000810975139728283,0.00315427015910466,0.187970855318915,0.210091608332787,0.0592556892070312,0.0730109831620564,0,V2,moderate,0.01,0,A5,1.5,10,60,10,1,1,R1,1,0.5,1,0.2,rational,Gaussian,matched,42,420023,10,60,37.5,3.75,3,2.98,20,0.142222222222222,0.0321614572530506,0.22313016014843,0.415584415584416,0.138530562452472,0.472291245199884,42,0.0016,0,S2,E6_ablation,A4,-0.0114,-0.4152
0.05,0.0872315365257506,52,38,5000,994,329,-0.000663816487595852,0.053158124607065,0.0207048073304314,0.0542577616401751,0.0213686238180273,0.397846257860367,0.19627688112203,0.0654267718389182,0.00981384405610149,0.00670278905200357,0,0,6,1323,0.1988,0.0658,0.1323,0.1323,0.8677,0.0523138832997988,0.115501519756839,0.0104,0.0076,0.05,0.102447191930942,0.0401150533743775,0.0679596892286682,0.0853158641700463,0.154562482426511,0.00793996463634238,0.0136117691082576,0.00554222319009683,0.0104138096853954,0.187970855318915,0.210091608332787,0.0592556892070312,0.0730109831620564,0,V2,moderate,0.05,0,A5,1.5,10,60,10,1,1,R1,1,0.5,1,0.2,rational,Gaussian,matched,42,420023,10,60,37.5,3.75,3,2.98,20,0.142222222222222,0.0321614572530506,0.22313016014843,0.415584415584416,0.138530562452472,0.472291245199884,42,0.0076,0,S2,E6_ablation,A4,-0.0464,-0.4152
0.1,0.0679645351827618,104,66,5000,994,329,-0.000663816487595852,0.053158124607065,0.0207048073304314,0.0542577616401751,0.0213686238180273,0.397846257860367,0.19627688112203,0.0654267718389182,0.019627688112203,0.0119655268733222,0,0,6,1323,0.1988,0.0658,0.1323,0.1323,0.8677,0.104627766599598,0.200607902735562,0.0208,0.0132,0.1,0.182884261855094,0.0870981873590826,0.125201529142034,0.160903485455853,0.247223132249767,0.0171965606217459,0.0251392049223968,0.0103894488016411,0.0167579858120665,0.187970855318915,0.210091608332787,0.0592556892070312,0.0730109831620564,0,V2,moderate,0.1,0,A5,1.5,10,60,10,1,1,R1,1,0.5,1,0.2,rational,Gaussian,matched,42,420023,10,60,37.5,3.75,3,2.98,20,0.142222222222222,0.0321614572530506,0.22313016014843,0.415584415584416,0.138530562452472,0.472291245199884,42,0.0132,0,S2,E6_ablation,A4,-0.081,-0.4152
0.01,0.123373226784989,14,1,5000,994,23,-0.000663816487595852,0.053158124607065,0.0322895061756488,0.0498848571645425,0.0329533226632446,0.639280975355146,0.19627688112203,0.0037511894829868,0.0019627688112203,9.61592090399989e-05,0,0,6,1017,0.1988,0.0046,0.1017,0.1017,0.8983,0.0140845070422535,0.0434782608695652,0.0028,0.0002,0.01,0.0256343246525191,0.00840813145429998,0.0235022071463092,0.00771666614345316,0.209911550702589,0.00166867707579114,0.00469472573837367,3.53057834393653e-05,0.00113208908083974,0.187970855318915,0.210091608332787,0.00306725202534384,0.00689338706181876,0,V2,moderate,0.01,0,A5,1.5,10,60,10,1,1,R1,1,1.5,1,0.2,rational,Gaussian,matched,42,420023,10,60,37.5,3.75,3,2.98,20,0.142222222222222,0.00160122467106776,0.0111089965382423,0.415584415584416,0.00794253444481956,0.472291245199884,42,0.0002,0,S3,E6_ablation,A4,-0.0128,-0.4764
0.05,0.0872315365257506,52,3,5000,994,23,-0.000663816487595852,0.053158124607065,0.0322895061756488,0.0498848571645425,0.0329533226632446,0.639280975355146,0.19627688112203,0.0037511894829868,0.00981384405610149,0.000384298828932878,0,0,6,1017,0.1988,0.0046,0.1017,0.1017,0.8983,0.0523138832997988,0.130434782608696,0.0104,0.0006,0.05,0.102447191930942,0.0401150533743775,0.0679596892286682,0.0453765909363124,0.32127482270096,0.00793996463634238,0.0136117691082576,0.000204074654194346,0.00176270604852871,0.187970855318915,0.210091608332787,0.00306725202534384,0.00689338706181876,0,V2,moderate,0.05,0,A5,1.5,10,60,10,1,1,R1,1,1.5,1,0.2,rational,Gaussian,matched,42,420023,10,60,37.5,3.75,3,2.98,20,0.142222222222222,0.00160122467106776,0.0111089965382423,0.415584415584416,0.00794253444481956,0.472291245199884,42,0.0006,0,S3,E6_ablation,A4,-0.0534,-0.4764
0.1,0.0679645351827618,104,5,5000,994,23,-0.000663816487595852,0.053158124607065,0.0322895061756488,0.0498848571645425,0.0329533226632446,0.639280975355146,0.19627688112203,0.0037511894829868,0.019627688112203,0.000686033519674632,0,0,6,1017,0.1988,0.0046,0.1017,0.1017,0.8983,0.104627766599598,0.217391304347826,0.0208,0.001,0.1,0.182884261855094,0.0870981873590826,0.125201529142034,0.096639780265862,0.41903483016264,0.0171965606217459,0.0251392049223968,0.0004272134911088,0.00233895305005821,0.187970855318915,0.210091608332787,0.00306725202534384,0.00689338706181876,0,V2,moderate,0.1,0,A5,1.5,10,60,10,1,1,R1,1,1.5,1,0.2,rational,Gaussian,matched,42,420023,10,60,37.5,3.75,3,2.98,20,0.142222222222222,0.00160122467106776,0.0111089965382423,0.415584415584416,0.00794253444481956,0.472291245199884,42,0.001,0,S3,E6_ablation,A4,-0.0932,-0.4764
0.01,0,0,5000,5000,5000,5000,0,0,0.0292380440016302,0,0.0292380440016302,Inf,1,1,0,1,0,0,1,10000,1,1,1,1,0,0,1,0,1,0,1,0,0.000767701945057125,0.999232298054943,1,0,0.000767701945057125,0.999232298054943,1,0.999232298054943,1,0.999232298054943,1,1,V0,all,0.01,0,A0,1.5,10,70,0,0,0,R0,0,0.5,1,0.2,rational,Gaussian,matched,42,420024,10,70,0,1,4.38570660024463,4.356468556243,29.2380440016302,0.045521074116997,0.00105890703511706,0.0229527830230526,1,1,1,42,1,0,S2,E6_ablation,,NaN,NaN
0.05,0,0,5000,5000,5000,5000,0,0,0.0292380440016302,0,0.0292380440016302,Inf,1,1,0,1,0,0,1,10000,1,1,1,1,0,0,1,0,1,0,1,0,0.000767701945057125,0.999232298054943,1,0,0.000767701945057125,0.999232298054943,1,0.999232298054943,1,0.999232298054943,1,1,V0,all,0.05,0,A0,1.5,10,70,0,0,0,R0,0,0.5,1,0.2,rational,Gaussian,matched,42,420024,10,70,0,1,4.38570660024463,4.356468556243,29.2380440016302,0.045521074116997,0.00105890703511706,0.0229527830230526,1,1,1,42,1,0,S2,E6_ablation,,NaN,NaN
0.1,0,0,5000,5000,5000,5000,0,0,0.0292380440016302,0,0.0292380440016302,Inf,1,1,0,1,0,0,1,10000,1,1,1,1,0,0,1,0,1,0,1,0,0.000767701945057125,0.999232298054943,1,0,0.000767701945057125,0.999232298054943,1,0.999232298054943,1,0.999232298054943,1,1,V0,all,0.1,0,A0,1.5,10,70,0,0,0,R0,0,0.5,1,0.2,rational,Gaussian,matched,42,420024,10,70,0,1,4.38570660024463,4.356468556243,29.2380440016302,0.045521074116997,0.00105890703511706,0.0229527830230526,1,1,1,42,1,0,S2,E6_ablation,,NaN,NaN
0.01,0.0232634787404084,52,3638,5000,5000,5000,-3.31300428709008e-05,0.0100951897001926,0.0292241882786899,0.00994625958258733,0.0292573183215608,2.91960028721307,1,1,0.01,0.724898688047883,0,0,1,10000,1,1,1,1,0,0.0104,0.7276,0.0104,0.7276,0.01,0.724898688047883,0.00793996463634238,0.0136117691082576,0.715088832954726,0.739761709119884,0.00793996463634238,0.0136117691082576,0.715088832954726,0.739761709119884,0.999232298054943,1,0.999232298054943,1,1,V0,all,0.01,0,A1,1.5,10,70,10,0,0,R0,0,0.5,1,0.2,rational,Gaussian,matched,42,420024,10,70,10,1,4.38570660024463,4.356468556243,29.2380440016302,0.045521074116997,0.00105890703511706,0.0229527830230526,1,1,1,42,0.7276,0,S2,E6_ablation,A0,-0.2724,0
0.05,0.0164485362695147,263,4488,5000,5000,5000,-3.31300428709008e-05,0.0100951897001926,0.0292241882786899,0.00994625958258733,0.0292573183215608,2.91960028721307,1,1,0.05,0.899542804294139,0,0,1,10000,1,1,1,1,0,0.0526,0.8976,0.0526,0.8976,0.05,0.899542804294139,0.0467487102249782,0.0591382294754589,0.888889054642859,0.905700468770431,0.0467487102249782,0.0591382294754589,0.888889054642859,0.905700468770431,0.999232298054943,1,0.999232298054943,1,1,V0,all,0.05,0,A1,1.5,10,70,10,0,0,R0,0,0.5,1,0.2,rational,Gaussian,matched,42,420024,10,70,10,1,4.38570660024463,4.356468556243,29.2380440016302,0.045521074116997,0.00105890703511706,0.0229527830230526,1,1,1,42,0.8976,0,S2,E6_ablation,A0,-0.1024,0
0.1,0.012815515655446,488,4758,5000,5000,5000,-3.31300428709008e-05,0.0100951897001926,0.0292241882786899,0.00994625958258733,0.0292573183215608,2.91960028721307,1,1,0.1,0.949731191358618,0,0,1,10000,1,1,1,1,0,0.0976,0.9516,0.0976,0.9516,0.1,0.949731191358618,0.0896803025435389,0.106137543981843,0.945296915691861,0.957209695911364,0.0896803025435389,0.106137543981843,0.945296915691861,0.957209695911364,0.999232298054943,1,0.999232298054943,1,1,V0,all,0.1,0,A1,1.5,10,70,10,0,0,R0,0,0.5,1,0.2,rational,Gaussian,matched,42,420024,10,70,10,1,4.38570660024463,4.356468556243,29.2380440016302,0.045521074116997,0.00105890703511706,0.0229527830230526,1,1,1,42,0.9516,0,S2,E6_ablation,A0,-0.0484,0
0.01,0.186441490083727,52,119,5000,5000,5000,-0.000265515515900033,0.0809063094726459,0.0291269994901875,0.0797127324777984,0.0293925150060875,0.365980311375097,1,1,0.01,0.0249088249398183,0,0,1,10000,1,1,1,1,0,0.0104,0.0238,0.0104,0.0238,0.01,0.0249088249398183,0.00793996463634238,0.0136117691082576,0.0199264644643377,0.0284046948681347,0.00793996463634238,0.0136117691082576,0.0199264644643377,0.0284046948681347,0.999232298054943,1,0.999232298054943,1,1,V0,all,0.01,0,A2,1.5,10,70,10,1,1,R0,0,0.5,1,0.2,rational,Gaussian,matched,42,420024,10,70,80.1434265976222,8.01434265976222,4.38570660024463,4.356468556243,29.2380440016302,0.045521074116997,0.00105890703511706,0.0229527830230526,1,1,1,42,0.0238,0,S2,E6_ablation,A1,-0.7038,0
0.05,0.131824205915418,263,491,5000,5000,5000,-0.000265515515900033,0.0809063094726459,0.0291269994901875,0.0797127324777984,0.0293925150060875,0.365980311375097,1,1,0.05,0.100266916204615,0,0,1,10000,1,1,1,1,0,0.0526,0.0982,0.0526,0.0982,0.05,0.100266916204615,0.0467487102249782,0.0591382294754589,0.0902573811305235,0.106759544152524,0.0467487102249782,0.0591382294754589,0.0902573811305235,0.106759544152524,0.999232298054943,1,0.999232298054943,1,1,V0,all,0.05,0,A2,1.5,10,70,10,1,1,R0,0,0.5,1,0.2,rational,Gaussian,matched,42,420024,10,70,80.1434265976222,8.01434265976222,4.38570660024463,4.356468556243,29.2380440016302,0.045521074116997,0.00105890703511706,0.0229527830230526,1,1,1,42,0.0982,0,S2,E6_ablation,A1,-0.7994,0
0.1,0.102707933824291,488,900,5000,5000,5000,-0.000265515515900033,0.0809063094726459,0.0291269994901875,0.0797127324777984,0.0293925150060875,0.365980311375097,1,1,0.1,0.179642049990591,0,0,1,10000,1,1,1,1,0,0.0976,0.18,0.0976,0.18,0.1,0.179642049990591,0.0896803025435389,0.106137543981843,0.169597981390976,0.190893347853861,0.0896803025435389,0.106137543981843,0.169597981390976,0.190893347853861,0.999232298054943,1,0.999232298054943,1,1,V0,all,0.1,0,A2,1.5,10,70,10,1,1,R0,0,0.5,1,0.2,rational,Gaussian,matched,42,420024,10,70,80.1434265976222,8.01434265976222,4.38570660024463,4.356468556243,29.2380440016302,0.045521074116997,0.00105890703511706,0.0229527830230526,1,1,1,42,0.18,0,S2,E6_ablation,A1,-0.7716,0
0.01,0.263668083865455,55,96,5000,5000,5000,-0.00115826708243552,0.114978418245536,0.0276404311035986,0.113889264289975,0.0287986981860341,0.251659577020928,1,1,0.01,0.0193021462112554,0,0,1,10000,1,1,1,1,0,0.011,0.0192,0.011,0.0192,0.01,0.0193021462112554,0.00846117233573319,0.0142896401665327,0.0157490175491223,0.0233892046412447,0.00846117233573319,0.0142896401665327,0.0157490175491223,0.0233892046412447,0.999232298054943,1,0.999232298054943,1,1,V0,all,0.01,0,A3,1.5,10,70,10,1,1,R1,0,0.5,1,0.2,rational,Gaussian,matched,42,420024,10,70,80.1434265976222,8.01434265976222,4.38570660024463,4.356468556243,29.2380440016302,0.045521074116997,0.00105890703511706,0.0229527830230526,1,1,1,42,0.0192,0,S2,E6_ablation,A2,-0.0046,0
0.05,0.186427579854648,262,417,5000,5000,5000,-0.00115826708243552,0.114978418245536,0.0276404311035986,0.113889264289975,0.0287986981860341,0.251659577020928,1,1,0.05,0.0827382820312039,0,0,1,10000,1,1,1,1,0,0.0524,0.0834,0.0524,0.0834,0.05,0.0827382820312039,0.0465599567062765,0.0589272900749386,0.0760524370001622,0.0913872122604594,0.0465599567062765,0.0589272900749386,0.0760524370001622,0.0913872122604594,0.999232298054943,1,0.999232298054943,1,1,V0,all,0.05,0,A3,1.5,10,70,10,1,1,R1,0,0.5,1,0.2,rational,Gaussian,matched,42,420024,10,70,80.1434265976222,8.01434265976222,4.38570660024463,4.356468556243,29.2380440016302,0.045521074116997,0.00105890703511706,0.0229527830230526,1,1,1,42,0.0834,0,S2,E6_ablation,A2,-0.0148,0
0.1,0.145250952977631,508,767,5000,5000,5000,-0.00115826708243552,0.114978418245536,0.0276404311035986,0.113889264289975,0.0287986981860341,0.251659577020928,1,1,0.1,0.153015945656394,0,0,1,10000,1,1,1,1,0,0.1016,0.1534,0.1016,0.1534,0.1,0.153015945656394,0.0935292532671729,0.110282451642649,0.14367753927963,0.163654631708683,0.0935292532671729,0.110282451642649,0.14367753927963,0.163654631708683,0.999232298054943,1,0.999232298054943,1,1,V0,all,0.1,0,A3,1.5,10,70,10,1,1,R1,0,0.5,1,0.2,rational,Gaussian,matched,42,420024,10,70,80.1434265976222,8.01434265976222,4.38570660024463,4.356468556243,29.2380440016302,0.045521074116997,0.00105890703511706,0.0229527830230526,1,1,1,42,0.1534,0,S2,E6_ablation,A2,-0.0266,0
0.01,0.263668083865455,9,14,5000,695,631,0.00319188044127669,0.118633508136188,0.0297063783651907,0.110098998657441,0.026514497923914,0.231677261919797,0.133232907696458,0.133232907696458,0.00133232907696458,0.00257168106450773,0,0,6,1326,0.139,0.1262,0.1326,0.1326,0.8674,0.0129496402877698,0.0221870047543582,0.0018,0.0028,0.01,0.0193021462112554,0.0068275428297195,0.0244262680955109,0.0132615310538029,0.0368950212290994,0.000947293507681198,0.00341764471037372,0.00166867707579114,0.00469472573837367,0.129687843875047,0.148866436929284,0.117281556808692,0.135692377165432,1,V2,moderate,0.01,0,A4,1.5,10,70,10,1,1,R1,0,0.5,1,0.2,rational,Gaussian,matched,42,420024,10,70,80.1434265976222,8.01434265976222,4.38570660024463,4.356468556243,29.2380440016302,0.045521074116997,0.00105890703511706,0.0229527830230526,1,1,0.133232907696458,42,0.0028,0,S2,E6_ablation,A3,-0.0164,-0.8738
0.05,0.186427579854648,45,46,5000,695,631,0.00319188044127669,0.118633508136188,0.0297063783651907,0.110098998657441,0.026514497923914,0.231677261919797,0.133232907696458,0.133232907696458,0.00666164538482288,0.0110234618928269,0,0,6,1326,0.139,0.1262,0.1326,0.1326,0.8674,0.0647482014388489,0.0729001584786054,0.009,0.0092,0.05,0.0827382820312039,0.0487398236977604,0.0855416469222755,0.0550972154824717,0.0958719083657611,0.00673322861097761,0.0120206546990685,0.00690473854824771,0.0122488376810204,0.129687843875047,0.148866436929284,0.117281556808692,0.135692377165432,0,V2,moderate,0.05,0,A4,1.5,10,70,10,1,1,R1,0,0.5,1,0.2,rational,Gaussian,matched,42,420024,10,70,80.1434265976222,8.01434265976222,4.38570660024463,4.356468556243,29.2380440016302,0.045521074116997,0.00105890703511706,0.0229527830230526,1,1,0.133232907696458,42,0.0092,0,S2,E6_ablation,A3,-0.0742,-0.8738
0.1,0.145250952977631,78,92,5000,695,631,0.00319188044127669,0.118633508136188,0.0297063783651907,0.110098998657441,0.026514497923914,0.231677261919797,0.133232907696458,0.133232907696458,0.0133232907696458,0.0203867593637245,0,0,6,1326,0.139,0.1262,0.1326,0.1326,0.8674,0.112230215827338,0.145800316957211,0.0156,0.0184,0.1,0.153015945656394,0.09086229016046,0.137861201846481,0.120408032816011,0.175479162657384,0.012518237134049,0.0194255125103223,0.0150277338906346,0.0225117166228444,0.129687843875047,0.148866436929284,0.117281556808692,0.135692377165432,0,V2,moderate,0.1,0,A4,1.5,10,70,10,1,1,R1,0,0.5,1,0.2,rational,Gaussian,matched,42,420024,10,70,80.1434265976222,8.01434265976222,4.38570660024463,4.356468556243,29.2380440016302,0.045521074116997,0.00105890703511706,0.0229527830230526,1,1,0.133232907696458,42,0.0184,0,S2,E6_ablation,A3,-0.135,-0.8738
0.01,0.263668083865455,1,2,5000,135,122,0.00196679788781296,0.117967294816651,0.0265383131137044,0.120741628816596,0.0245715152258914,0.205856199269292,0.0247021771466485,0.0249725057573225,0.000247021771466485,0.000482022957389257,0,0,6,257,0.027,0.0244,0.0257,0.0257,0.9743,0.00740740740740741,0.0163934426229508,0.0002,0.0004,0.01,0.0193021462112554,0.00130878824627451,0.0407640830006204,0.00450724661359547,0.0578049587134826,3.53057834393653e-05,0.00113208908083974,0.000109701282077635,0.00145738650142344,0.0228575535636327,0.0318686924763914,0.0204746435065703,0.029055594583568,0,V2,moderate,0.01,0,A5,1.5,10,70,10,1,1,R1,1,0,1,0.2,rational,Gaussian,matched,42,420024,10,70,80.1434265976222,8.01434265976222,4.38570660024463,4.356468556243,29.2380440016302,0.045521074116997,0.0461341456525576,1,0.185405974948224,0.187434967749987,0.133232907696458,42,0.0004,0,S0,E6_ablation,A4,-0.0024,-0.1018
0.05,0.186427579854648,9,14,5000,135,122,0.00196679788781296,0.117967294816651,0.0265383131137044,0.120741628816596,0.0245715152258914,0.205856199269292,0.0247021771466485,0.0249725057573225,0.00123510885733242,0.00206618222437521,0,0,6,257,0.027,0.0244,0.0257,0.0257,0.9743,0.0666666666666667,0.114754098360656,0.0018,0.0028,0.05,0.0827382820312039,0.0354668977849256,0.121845327296929,0.0695991625699835,0.183429204385485,0.000947293507681198,0.00341764471037372,0.00166867707579114,0.00469472573837367,0.0228575535636327,0.0318686924763914,0.0204746435065703,0.029055594583568,0,V2,moderate,0.05,0,A5,1.5,10,70,10,1,1,R1,1,0,1,0.2,rational,Gaussian,matched,42,420024,10,70,80.1434265976222,8.01434265976222,4.38570660024463,4.356468556243,29.2380440016302,0.045521074116997,0.0461341456525576,1,0.185405974948224,0.187434967749987,0.133232907696458,42,0.0028,0,S0,E6_ablation,A4,-0.0064,-0.1018
0.1,0.145250952977631,13,20,5000,135,122,0.00196679788781296,0.117967294816651,0.0265383131137044,0.120741628816596,0.0245715152258914,0.205856199269292,0.0247021771466485,0.0249725057573225,0.00247021771466485,0.00382119158386643,0,0,6,257,0.027,0.0244,0.0257,0.0257,0.9743,0.0962962962962963,0.163934426229508,0.0026,0.004,0.1,0.153015945656394,0.0571418194350658,0.157790082564269,0.108701554137037,0.239684893632627,0.00152012699983262,0.00444358289511021,0.00259094271878478,0.00617061761071189,0.0228575535636327,0.0318686924763914,0.0204746435065703,0.029055594583568,0,V2,moderate,0.1,0,A5,1.5,10,70,10,1,1,R1,1,0,1,0.2,rational,Gaussian,matched,42,420024,10,70,80.1434265976222,8.01434265976222,4.38570660024463,4.356468556243,29.2380440016302,0.045521074116997,0.0461341456525576,1,0.185405974948224,0.187434967749987,0.133232907696458,42,0.004,0,S0,E6_ablation,A4,-0.0144,-0.1018
0.01,0.263668083865455,1,0,5000,135,58,0.00196679788781296,0.117967294816651,0.0199221806214391,0.112248002674762,0.0179553827336262,0.15593963203608,0.0247021771466485,0.0130335224272418,0.000247021771466485,0.000251574955538298,0,0,6,193,0.027,0.0116,0.0193,0.0193,0.9807,0.00740740740740741,0,0.0002,0,0.01,0.0193021462112554,0.00130878824627451,0.0407640830006204,0,0.0621178557872029,3.53057834393653e-05,0.00113208908083974,0,0.000767701945057125,0.0228575535636327,0.0318686924763914,0.00898452345001099,0.0149653678099208,0,V2,moderate,0.01,0,A5,1.5,10,70,10,1,1,R1,1,0.1,1,0.2,rational,Gaussian,matched,42,420024,10,70,80.1434265976222,8.01434265976222,4.38570660024463,4.356468556243,29.2380440016302,0.045521074116997,0.0216865042995853,0.47007490857009,0.185405974948224,0.0978250993135708,0.133232907696458,42,0,0,S1,E6_ablation,A4,-0.0028,-0.1146
0.05,0.186427579854648,9,5,5000,135,58,0.00196679788781296,0.117967294816651,0.0199221806214391,0.112248002674762,0.0179553827336262,0.15593963203608,0.0247021771466485,0.0130335224272418,0.00123510885733242,0.00107837125444515,0,0,6,193,0.027,0.0116,0.0193,0.0193,0.9807,0.0666666666666667,0.0862068965517241,0.0018,0.001,0.05,0.0827382820312039,0.0354668977849256,0.121845327296929,0.0373853831261911,0.186436290628735,0.000947293507681198,0.00341764471037372,0.0004272134911088,0.00233895305005821,0.0228575535636327,0.0318686924763914,0.00898452345001099,0.0149653678099208,0,V2,moderate,0.05,0,A5,1.5,10,70,10,1,1,R1,1,0.1,1,0.2,rational,Gaussian,matched,42,420024,10,70,80.1434265976222,8.01434265976222,4.38570660024463,4.356468556243,29.2380440016302,0.045521074116997,0.0216865042995853,0.47007490857009,0.185405974948224,0.0978250993135708,0.133232907696458,42,0.001,0,S1,E6_ablation,A4,-0.0082,-0.1146
0.1,0.145250952977631,13,8,5000,135,58,0.00196679788781296,0.117967294816651,0.0199221806214391,0.112248002674762,0.0179553827336262,0.15593963203608,0.0247021771466485,0.0130335224272418,0.00247021771466485,0.00199433675943821,0,0,6,193,0.027,0.0116,0.0193,0.0193,0.9807,0.0962962962962963,0.137931034482759,0.0026,0.0016,0.1,0.153015945656394,0.0571418194350658,0.157790082564269,0.0715848701971812,0.24925909433838,0.00152012699983262,0.00444358289511021,0.000810975139728283,0.00315427015910466,0.0228575535636327,0.0318686924763914,0.00898452345001099,0.0149653678099208,0,V2,moderate,0.1,0,A5,1.5,10,70,10,1,1,R1,1,0.1,1,0.2,rational,Gaussian,matched,42,420024,10,70,80.1434265976222,8.01434265976222,4.38570660024463,4.356468556243,29.2380440016302,0.045521074116997,0.0216865042995853,0.47007490857009,0.185405974948224,0.0978250993135708,0.133232907696458,42,0.0016,0,S1,E6_ablation,A4,-0.0168,-0.1146
0.01,0.263668083865455,1,0,5000,135,6,0.00196679788781296,0.117967294816651,0.0114272034655756,0.102739729009585,0.00946040557776269,0.0855248609231172,0.0247021771466485,0.000701691187668893,0.000247021771466485,1.35441458995345e-05,0,0,6,141,0.027,0.0012,0.0141,0.0141,0.9859,0.00740740740740741,0,0.0002,0,0.01,0.0193021462112554,0.00130878824627451,0.0407640830006204,2.77555756156289e-17,0.390334287902165,3.53057834393653e-05,0.00113208908083974,0,0.000767701945057125,0.0228575535636327,0.0318686924763914,0.000550083167759156,0.00261577629262983,0,V2,moderate,0.01,0,A5,1.5,10,70,10,1,1,R1,1,0.5,1,0.2,rational,Gaussian,matched,42,420024,10,70,80.1434265976222,8.01434265976222,4.38570660024463,4.356468556243,29.2380440016302,0.045521074116997,0.00105890703511706,0.0229527830230526,0.185405974948224,0.00526665070815346,0.133232907696458,42,0,0,S2,E6_ablation,A4,-0.0028,-0.125
0.05,0.186427579854648,9,0,5000,135,6,0.00196679788781296,0.117967294816651,0.0114272034655756,0.102739729009585,0.00946040557776269,0.0855248609231172,0.0247021771466485,0.000701691187668893,0.00123510885733242,5.80567233841593e-05,0,0,6,141,0.027,0.0012,0.0141,0.0141,0.9859,0.0666666666666667,0,0.0018,0,0.05,0.0827382820312039,0.0354668977849256,0.121845327296929,2.77555756156289e-17,0.390334287902165,0.000947293507681198,0.00341764471037372,0,0.000767701945057125,0.0228575535636327,0.0318686924763914,0.000550083167759156,0.00261577629262983,0,V2,moderate,0.05,0,A5,1.5,10,70,10,1,1,R1,1,0.5,1,0.2,rational,Gaussian,matched,42,420024,10,70,80.1434265976222,8.01434265976222,4.38570660024463,4.356468556243,29.2380440016302,0.045521074116997,0.00105890703511706,0.0229527830230526,0.185405974948224,0.00526665070815346,0.133232907696458,42,0,0,S2,E6_ablation,A4,-0.0092,-0.125
0.1,0.145250952977631,13,1,5000,135,6,0.00196679788781296,0.117967294816651,0.0114272034655756,0.102739729009585,0.00946040557776269,0.0855248609231172,0.0247021771466485,0.000701691187668893,0.00247021771466485,0.000107369940639914,0,0,6,141,0.027,0.0012,0.0141,0.0141,0.9859,0.0962962962962963,0.166666666666667,0.0026,0.0002,0.1,0.153015945656394,0.0571418194350658,0.157790082564269,0.0300533697483066,0.56350282218647,0.00152012699983262,0.00444358289511021,3.53057834393653e-05,0.00113208908083974,0.0228575535636327,0.0318686924763914,0.000550083167759156,0.00261577629262983,0,V2,moderate,0.1,0,A5,1.5,10,70,10,1,1,R1,1,0.5,1,0.2,rational,Gaussian,matched,42,420024,10,70,80.1434265976222,8.01434265976222,4.38570660024463,4.356468556243,29.2380440016302,0.045521074116997,0.00105890703511706,0.0229527830230526,0.185405974948224,0.00526665070815346,0.133232907696458,42,0.0002,0,S2,E6_ablation,A4,-0.0182,-0.125
0.01,0.263668083865455,1,0,5000,135,0,0.00196679788781296,0.117967294816651,NaN,NaN,NaN,NaN,0.0247021771466485,3.7162834834468e-07,0.000247021771466485,7.17322471599638e-09,0,0,6,135,0.027,0,0.0135,0.0135,0.9865,0.00740740740740741,NaN,0.0002,0,0.01,0.0193021462112554,0.00130878824627451,0.0407640830006204,NaN,NaN,3.53057834393653e-05,0.00113208908083974,0,0.000767701945057125,0.0228575535636327,0.0318686924763914,0,0.000767701945057125,0,V2,moderate,0.01,0,A5,1.5,10,70,10,1,1,R1,1,1.5,1,0.2,rational,Gaussian,matched,42,420024,10,70,80.1434265976222,8.01434265976222,4.38570660024463,4.356468556243,29.2380440016302,0.045521074116997,5.57864256452645e-07,1.20922203838778e-05,0.185405974948224,2.78931350197171e-06,0.133232907696458,42,0,0,S3,E6_ablation,A4,-0.0028,-0.1262
0.05,0.186427579854648,9,0,5000,135,0,0.00196679788781296,0.117967294816651,NaN,NaN,NaN,NaN,0.0247021771466485,3.7162834834468e-07,0.00123510885733242,3.07478910961326e-08,0,0,6,135,0.027,0,0.0135,0.0135,0.9865,0.0666666666666667,NaN,0.0018,0,0.05,0.0827382820312039,0.0354668977849256,0.121845327296929,NaN,NaN,0.000947293507681198,0.00341764471037372,0,0.000767701945057125,0.0228575535636327,0.0318686924763914,0,0.000767701945057125,0,V2,moderate,0.05,0,A5,1.5,10,70,10,1,1,R1,1,1.5,1,0.2,rational,Gaussian,matched,42,420024,10,70,80.1434265976222,8.01434265976222,4.38570660024463,4.356468556243,29.2380440016302,0.045521074116997,5.57864256452645e-07,1.20922203838778e-05,0.185405974948224,2.78931350197171e-06,0.133232907696458,42,0,0,S3,E6_ablation,A4,-0.0092,-0.1262
0.1,0.145250952977631,13,0,5000,135,0,0.00196679788781296,0.117967294816651,NaN,NaN,NaN,NaN,0.0247021771466485,3.7162834834468e-07,0.00247021771466485,5.68650631546849e-08,0,0,6,135,0.027,0,0.0135,0.0135,0.9865,0.0962962962962963,NaN,0.0026,0,0.1,0.153015945656394,0.0571418194350658,0.157790082564269,NaN,NaN,0.00152012699983262,0.00444358289511021,0,0.000767701945057125,0.0228575535636327,0.0318686924763914,0,0.000767701945057125,0,V2,moderate,0.1,0,A5,1.5,10,70,10,1,1,R1,1,1.5,1,0.2,rational,Gaussian,matched,42,420024,10,70,80.1434265976222,8.01434265976222,4.38570660024463,4.356468556243,29.2380440016302,0.045521074116997,5.57864256452645e-07,1.20922203838778e-05,0.185405974948224,2.78931350197171e-06,0.133232907696458,42,0,0,S3,E6_ablation,A4,-0.0184,-0.1262
0.01,0,0,5000,5000,5000,5000,0,0,0.0300000000000006,5.30878474150976e-16,0.0300000000000006,79917361386794.6,1,1,0,1,0,0,1,10000,1,1,1,1,0,0,1,0,1,0,1,0,0.000767701945057125,0.999232298054943,1,0,0.000767701945057125,0.999232298054943,1,0.999232298054943,1,0.999232298054943,1,1,V0,all,0.01,0,A0,1.5,30,0,0,0,0,R0,0,0.5,1,0.2,rational,Gaussian,matched,42,420025,30,0,0,1,1.5,1.47,30,1.13777777777778,1.18469156370031,1,1,1,1,42,1,0,S2,E6_ablation,,NaN,NaN
0.05,0,0,5000,5000,5000,5000,0,0,0.0300000000000006,5.30878474150976e-16,0.0300000000000006,79917361386794.6,1,1,0,1,0,0,1,10000,1,1,1,1,0,0,1,0,1,0,1,0,0.000767701945057125,0.999232298054943,1,0,0.000767701945057125,0.999232298054943,1,0.999232298054943,1,0.999232298054943,1,1,V0,all,0.05,0,A0,1.5,30,0,0,0,0,R0,0,0.5,1,0.2,rational,Gaussian,matched,42,420025,30,0,0,1,1.5,1.47,30,1.13777777777778,1.18469156370031,1,1,1,1,42,1,0,S2,E6_ablation,,NaN,NaN
0.1,0,0,5000,5000,5000,5000,0,0,0.0300000000000006,5.30878474150976e-16,0.0300000000000006,79917361386794.6,1,1,0,1,0,0,1,10000,1,1,1,1,0,0,1,0,1,0,1,0,0.000767701945057125,0.999232298054943,1,0,0.000767701945057125,0.999232298054943,1,0.999232298054943,1,0.999232298054943,1,1,V0,all,0.1,0,A0,1.5,30,0,0,0,0,R0,0,0.5,1,0.2,rational,Gaussian,matched,42,420025,30,0,0,1,1.5,1.47,30,1.13777777777778,1.18469156370031,1,1,1,1,42,1,0,S2,E6_ablation,,NaN,NaN
0.01,0.0232634787404084,62,3743,5000,5000,5000,-6.8400132257697e-05,0.0100162161850582,0.0300411646948902,0.0101309279304022,0.0301095648271479,2.98891759721748,1,1,0.01,0.749733747466798,0,0,1,10000,1,1,1,1,0,0.0124,0.7486,0.0124,0.7486,0.01,0.749733747466798,0.00968538564242355,0.0158632772943962,0.736387650831002,0.760430647761916,0.00968538564242355,0.0158632772943962,0.736387650831002,0.760430647761916,0.999232298054943,1,0.999232298054943,1,1,V0,all,0.01,0,A1,1.5,30,0,10,0,0,R0,0,0.5,1,0.2,rational,Gaussian,matched,42,420025,30,0,10,1,1.5,1.47,30,1.13777777777778,1.18469156370031,1,1,1,1,42,0.7486,0,S2,E6_ablation,A0,-0.2514,0
0.05,0.0164485362695147,235,4572,5000,5000,5000,-6.8400132257697e-05,0.0100162161850582,0.0300411646948902,0.0101309279304022,0.0301095648271479,2.98891759721748,1,1,0.05,0.912314536750297,0,0,1,10000,1,1,1,1,0,0.047,0.9144,0.047,0.9144,0.05,0.912314536750297,0.0414734961677938,0.053222041794428,0.906323561130444,0.921840167497493,0.0414734961677938,0.053222041794428,0.906323561130444,0.921840167497493,0.999232298054943,1,0.999232298054943,1,1,V0,all,0.05,0,A1,1.5,30,0,10,0,0,R0,0,0.5,1,0.2,rational,Gaussian,matched,42,420025,30,0,10,1,1.5,1.47,30,1.13777777777778,1.18469156370031,1,1,1,1,42,0.9144,0,S2,E6_ablation,A0,-0.0856,0
0.1,0.012815515655446,476,4778,5000,5000,5000,-6.8400132257697e-05,0.0100162161850582,0.0300411646948902,0.0101309279304022,0.0301095648271479,2.98891759721748,1,1,0.1,0.957142573827111,0,0,1,10000,1,1,1,1,0,0.0952,0.9556,0.0952,0.9556,0.1,0.957142573827111,0.0873729474228302,0.103648584071888,0.94953229086909,0.960968179118574,0.0873729474228302,0.103648584071888,0.94953229086909,0.960968179118574,0.999232298054943,1,0.999232298054943,1,1,V0,all,0.1,0,A1,1.5,30,0,10,0,0,R0,0,0.5,1,0.2,rational,Gaussian,matched,42,420025,30,0,10,1,1.5,1.47,30,1.13777777777778,1.18469156370031,1,1,1,1,42,0.9556,0,S2,E6_ablation,A0,-0.0444,0
0.01,0.0232634787404084,62,3743,5000,5000,5000,-6.8400132257697e-05,0.0100162161850582,0.0300411646948902,0.0101309279304022,0.0301095648271479,2.98891759721748,1,1,0.01,0.749733747466798,0,0,1,10000,1,1,1,1,0,0.0124,0.7486,0.0124,0.7486,0.01,0.749733747466798,0.00968538564242355,0.0158632772943962,0.736387650831002,0.760430647761916,0.00968538564242355,0.0158632772943962,0.736387650831002,0.760430647761916,0.999232298054943,1,0.999232298054943,1,1,V0,all,0.01,0,A2,1.5,30,0,10,1,1,R0,0,0.5,1,0.2,rational,Gaussian,matched,42,420025,30,0,10,1,1.5,1.47,30,1.13777777777778,1.18469156370031,1,1,1,1,42,0.7486,0,S2,E6_ablation,A1,0,0
0.05,0.0164485362695147,235,4572,5000,5000,5000,-6.8400132257697e-05,0.0100162161850582,0.0300411646948902,0.0101309279304022,0.0301095648271479,2.98891759721748,1,1,0.05,0.912314536750297,0,0,1,10000,1,1,1,1,0,0.047,0.9144,0.047,0.9144,0.05,0.912314536750297,0.0414734961677938,0.053222041794428,0.906323561130444,0.921840167497493,0.0414734961677938,0.053222041794428,0.906323561130444,0.921840167497493,0.999232298054943,1,0.999232298054943,1,1,V0,all,0.05,0,A2,1.5,30,0,10,1,1,R0,0,0.5,1,0.2,rational,Gaussian,matched,42,420025,30,0,10,1,1.5,1.47,30,1.13777777777778,1.18469156370031,1,1,1,1,42,0.9144,0,S2,E6_ablation,A1,0,0
0.1,0.012815515655446,476,4778,5000,5000,5000,-6.8400132257697e-05,0.0100162161850582,0.0300411646948902,0.0101309279304022,0.0301095648271479,2.98891759721748,1,1,0.1,0.957142573827111,0,0,1,10000,1,1,1,1,0,0.0952,0.9556,0.0952,0.9556,0.1,0.957142573827111,0.0873729474228302,0.103648584071888,0.94953229086909,0.960968179118574,0.0873729474228302,0.103648584071888,0.94953229086909,0.960968179118574,0.999232298054943,1,0.999232298054943,1,1,V0,all,0.1,0,A2,1.5,30,0,10,1,1,R0,0,0.5,1,0.2,rational,Gaussian,matched,42,420025,30,0,10,1,1.5,1.47,30,1.13777777777778,1.18469156370031,1,1,1,1,42,0.9556,0,S2,E6_ablation,A1,0,0
0.01,0.0328995271426637,49,2101,5000,5000,5000,7.11475007208365e-05,0.0141587039781368,0.0301360949389033,0.0142382367855931,0.0300649474381825,2.11746960850893,1,1,0.01,0.418775307844015,0,0,1,10000,1,1,1,1,0,0.0098,0.4202,0.0098,0.4202,0.01,0.418775307844015,0.00742108315782349,0.0129315718291105,0.406584988170832,0.433937537059599,0.00742108315782349,0.0129315718291105,0.406584988170832,0.433937537059599,0.999232298054943,1,0.999232298054943,1,1,V0,all,0.01,0,A3,1.5,30,0,10,1,1,R1,0,0.5,1,0.2,rational,Gaussian,matched,42,420025,30,0,10,1,1.5,1.47,30,1.13777777777778,1.18469156370031,1,1,1,1,42,0.4202,0,S2,E6_ablation,A2,-0.3284,0
0.05,0.0232617430735335,258,3437,5000,5000,5000,7.11475007208365e-05,0.0141587039781368,0.0301360949389033,0.0142382367855931,0.0300649474381825,2.11746960850893,1,1,0.05,0.683129043080008,0,0,1,10000,1,1,1,1,0,0.0516,0.6874,0.0516,0.6874,0.05,0.683129043080008,0.0458051930526966,0.0580832820516306,0.674411466691872,0.700100798619121,0.0458051930526966,0.0580832820516306,0.674411466691872,0.700100798619121,0.999232298054943,1,0.999232298054943,1,1,V0,all,0.05,0,A3,1.5,30,0,10,1,1,R1,0,0.5,1,0.2,rational,Gaussian,matched,42,420025,30,0,10,1,1.5,1.47,30,1.13777777777778,1.18469156370031,1,1,1,1,42,0.6874,0,S2,E6_ablation,A2,-0.227,0
0.1,0.0181238760487365,510,4014,5000,5000,5000,7.11475007208365e-05,0.0141587039781368,0.0301360949389033,0.0142382367855931,0.0300649474381825,2.11746960850893,1,1,0.1,0.799480978792268,0,0,1,10000,1,1,1,1,0,0.102,0.8028,0.102,0.8028,0.1,0.799480978792268,0.0939143723134036,0.110696718434862,0.791540727488479,0.813594352213594,0.0939143723134036,0.110696718434862,0.791540727488479,0.813594352213594,0.999232298054943,1,0.999232298054943,1,1,V0,all,0.1,0,A3,1.5,30,0,10,1,1,R1,0,0.5,1,0.2,rational,Gaussian,matched,42,420025,30,0,10,1,1.5,1.47,30,1.13777777777778,1.18469156370031,1,1,1,1,42,0.8028,0,S2,E6_ablation,A2,-0.1528,0
0.01,0.0328995271426637,49,2101,5000,5000,5000,7.11475007208365e-05,0.0141587039781368,0.0301360949389033,0.0142382367855931,0.0300649474381825,2.11746960850893,1,1,0.01,0.418775307844015,0,0,6,10000,1,1,1,1,0,0.0098,0.4202,0.0098,0.4202,0.01,0.418775307844015,0.00742108315782349,0.0129315718291105,0.406584988170832,0.433937537059599,0.00742108315782349,0.0129315718291105,0.406584988170832,0.433937537059599,0.999232298054943,1,0.999232298054943,1,1,V2,moderate,0.01,0,A4,1.5,30,0,10,1,1,R1,0,0.5,1,0.2,rational,Gaussian,matched,42,420025,30,0,10,1,1.5,1.47,30,1.13777777777778,1.18469156370031,1,1,1,1,42,0.4202,0,S2,E6_ablation,A3,0,0
0.05,0.0232617430735335,258,3437,5000,5000,5000,7.11475007208365e-05,0.0141587039781368,0.0301360949389033,0.0142382367855931,0.0300649474381825,2.11746960850893,1,1,0.05,0.683129043080008,0,0,6,10000,1,1,1,1,0,0.0516,0.6874,0.0516,0.6874,0.05,0.683129043080008,0.0458051930526966,0.0580832820516306,0.674411466691872,0.700100798619121,0.0458051930526966,0.0580832820516306,0.674411466691872,0.700100798619121,0.999232298054943,1,0.999232298054943,1,1,V2,moderate,0.05,0,A4,1.5,30,0,10,1,1,R1,0,0.5,1,0.2,rational,Gaussian,matched,42,420025,30,0,10,1,1.5,1.47,30,1.13777777777778,1.18469156370031,1,1,1,1,42,0.6874,0,S2,E6_ablation,A3,0,0
0.1,0.0181238760487365,510,4014,5000,5000,5000,7.11475007208365e-05,0.0141587039781368,0.0301360949389033,0.0142382367855931,0.0300649474381825,2.11746960850893,1,1,0.1,0.799480978792268,0,0,6,10000,1,1,1,1,0,0.102,0.8028,0.102,0.8028,0.1,0.799480978792268,0.0939143723134036,0.110696718434862,0.791540727488479,0.813594352213594,0.0939143723134036,0.110696718434862,0.791540727488479,0.813594352213594,0.999232298054943,1,0.999232298054943,1,1,V2,moderate,0.1,0,A4,1.5,30,0,10,1,1,R1,0,0.5,1,0.2,rational,Gaussian,matched,42,420025,30,0,10,1,1.5,1.47,30,1.13777777777778,1.18469156370031,1,1,1,1,42,0.8028,0,S2,E6_ablation,A3,0,0
0.01,0.0328995271426637,39,1781,5000,4226,4256,-4.12920052822081e-05,0.0142076054638445,0.0301136681721989,0.0143051313809261,0.0301549601774811,2.11517988934291,0.850498338870432,0.855563502195724,0.00850498338870432,0.358288869012118,0,0,6,8482,0.8452,0.8512,0.8482,0.8482,0.1518,0.00922858495030762,0.418468045112782,0.0078,0.3562,0.01,0.418775307844015,0.00675838425930566,0.0125902035346946,0.403727490097239,0.433355648627804,0.00571125620915014,0.0106444695855641,0.34304152992011,0.369579261159289,0.834909321263216,0.854960657313917,0.841065865037206,0.860794901116585,1,V2,moderate,0.01,0,A5,1.5,30,0,10,1,1,R1,1,0,1,0.2,rational,Gaussian,matched,42,420025,30,0,10,1,1.5,1.47,30,1.13777777777778,1.18469156370031,1,0.850498338870432,0.855563502195724,1,42,0.3562,0,S0,E6_ablation,A4,-0.064,-0.1488
0.05,0.0232617430735335,218,2918,5000,4226,4256,-4.12920052822081e-05,0.0142076054638445,0.0301136681721989,0.0143051313809261,0.0301549601774811,2.11517988934291,0.850498338870432,0.855563502195724,0.0425249169435216,0.584460276549145,0,0,6,8482,0.8452,0.8512,0.8482,0.8482,0.1518,0.0515854235683862,0.68562030075188,0.0436,0.5836,0.05,0.683129043080008,0.0453144919189197,0.0586708378157141,0.671510054872093,0.699395767627088,0.038281587437894,0.0496191708975542,0.569876970709933,0.597194669524854,0.834909321263216,0.854960657313917,0.841065865037206,0.860794901116585,1,V2,moderate,0.05,0,A5,1.5,30,0,10,1,1,R1,1,0,1,0.2,rational,Gaussian,matched,42,420025,30,0,10,1,1.5,1.47,30,1.13777777777778,1.18469156370031,1,0.850498338870432,0.855563502195724,1,42,0.5836,0,S0,E6_ablation,A4,-0.1038,-0.1488
0.1,0.0181238760487365,431,3421,5000,4226,4256,-4.12920052822081e-05,0.0142076054638445,0.0301136681721989,0.0143051313809261,0.0301549601774811,2.11517988934291,0.850498338870432,0.855563502195724,0.0850498338870432,0.684006746154378,0,0,6,8482,0.8452,0.8512,0.8482,0.8482,0.1518,0.101987695220066,0.803806390977444,0.0862,0.6842,0.1,0.799480978792268,0.0932218707482877,0.111476453586094,0.79160397057573,0.815460875615967,0.0787348438402954,0.0943005062894339,0.671178463812162,0.696938714791279,0.834909321263216,0.854960657313917,0.841065865037206,0.860794901116585,1,V2,moderate,0.1,0,A5,1.5,30,0,10,1,1,R1,1,0,1,0.2,rational,Gaussian,matched,42,420025,30,0,10,1,1.5,1.47,30,1.13777777777778,1.18469156370031,1,0.850498338870432,0.855563502195724,1,42,0.6842,0,S0,E6_ablation,A4,-0.1186,-0.1488
0.01,0.0328995271426637,39,1781,5000,4226,4256,-4.12920052822081e-05,0.0142076054638445,0.0301136681721989,0.0143051313809261,0.0301549601774811,2.11517988934291,0.850498338870432,0.855563502195724,0.00850498338870432,0.358288869012118,0,0,6,8482,0.8452,0.8512,0.8482,0.8482,0.1518,0.00922858495030762,0.418468045112782,0.0078,0.3562,0.01,0.418775307844015,0.00675838425930566,0.0125902035346946,0.403727490097239,0.433355648627804,0.00571125620915014,0.0106444695855641,0.34304152992011,0.369579261159289,0.834909321263216,0.854960657313917,0.841065865037206,0.860794901116585,1,V2,moderate,0.01,0,A5,1.5,30,0,10,1,1,R1,1,0.1,1,0.2,rational,Gaussian,matched,42,420025,30,0,10,1,1.5,1.47,30,1.13777777777778,1.18469156370031,1,0.850498338870432,0.855563502195724,1,42,0.3562,0,S1,E6_ablation,A4,-0.064,-0.1488
0.05,0.0232617430735335,218,2918,5000,4226,4256,-4.12920052822081e-05,0.0142076054638445,0.0301136681721989,0.0143051313809261,0.0301549601774811,2.11517988934291,0.850498338870432,0.855563502195724,0.0425249169435216,0.584460276549145,0,0,6,8482,0.8452,0.8512,0.8482,0.8482,0.1518,0.0515854235683862,0.68562030075188,0.0436,0.5836,0.05,0.683129043080008,0.0453144919189197,0.0586708378157141,0.671510054872093,0.699395767627088,0.038281587437894,0.0496191708975542,0.569876970709933,0.597194669524854,0.834909321263216,0.854960657313917,0.841065865037206,0.860794901116585,1,V2,moderate,0.05,0,A5,1.5,30,0,10,1,1,R1,1,0.1,1,0.2,rational,Gaussian,matched,42,420025,30,0,10,1,1.5,1.47,30,1.13777777777778,1.18469156370031,1,0.850498338870432,0.855563502195724,1,42,0.5836,0,S1,E6_ablation,A4,-0.1038,-0.1488
0.1,0.0181238760487365,431,3421,5000,4226,4256,-4.12920052822081e-05,0.0142076054638445,0.0301136681721989,0.0143051313809261,0.0301549601774811,2.11517988934291,0.850498338870432,0.855563502195724,0.0850498338870432,0.684006746154378,0,0,6,8482,0.8452,0.8512,0.8482,0.8482,0.1518,0.101987695220066,0.803806390977444,0.0862,0.6842,0.1,0.799480978792268,0.0932218707482877,0.111476453586094,0.79160397057573,0.815460875615967,0.0787348438402954,0.0943005062894339,0.671178463812162,0.696938714791279,0.834909321263216,0.854960657313917,0.841065865037206,0.860794901116585,1,V2,moderate,0.1,0,A5,1.5,30,0,10,1,1,R1,1,0.1,1,0.2,rational,Gaussian,matched,42,420025,30,0,10,1,1.5,1.47,30,1.13777777777778,1.18469156370031,1,0.850498338870432,0.855563502195724,1,42,0.6842,0,S1,E6_ablation,A4,-0.1186,-0.1488
0.01,0.0328995271426637,39,1781,5000,4226,4256,-4.12920052822081e-05,0.0142076054638445,0.0301136681721989,0.0143051313809261,0.0301549601774811,2.11517988934291,0.850498338870432,0.855563502195724,0.00850498338870432,0.358288869012118,0,0,6,8482,0.8452,0.8512,0.8482,0.8482,0.1518,0.00922858495030762,0.418468045112782,0.0078,0.3562,0.01,0.418775307844015,0.00675838425930566,0.0125902035346946,0.403727490097239,0.433355648627804,0.00571125620915014,0.0106444695855641,0.34304152992011,0.369579261159289,0.834909321263216,0.854960657313917,0.841065865037206,0.860794901116585,1,V2,moderate,0.01,0,A5,1.5,30,0,10,1,1,R1,1,0.5,1,0.2,rational,Gaussian,matched,42,420025,30,0,10,1,1.5,1.47,30,1.13777777777778,1.18469156370031,1,0.850498338870432,0.855563502195724,1,42,0.3562,0,S2,E6_ablation,A4,-0.064,-0.1488
0.05,0.0232617430735335,218,2918,5000,4226,4256,-4.12920052822081e-05,0.0142076054638445,0.0301136681721989,0.0143051313809261,0.0301549601774811,2.11517988934291,0.850498338870432,0.855563502195724,0.0425249169435216,0.584460276549145,0,0,6,8482,0.8452,0.8512,0.8482,0.8482,0.1518,0.0515854235683862,0.68562030075188,0.0436,0.5836,0.05,0.683129043080008,0.0453144919189197,0.0586708378157141,0.671510054872093,0.699395767627088,0.038281587437894,0.0496191708975542,0.569876970709933,0.597194669524854,0.834909321263216,0.854960657313917,0.841065865037206,0.860794901116585,1,V2,moderate,0.05,0,A5,1.5,30,0,10,1,1,R1,1,0.5,1,0.2,rational,Gaussian,matched,42,420025,30,0,10,1,1.5,1.47,30,1.13777777777778,1.18469156370031,1,0.850498338870432,0.855563502195724,1,42,0.5836,0,S2,E6_ablation,A4,-0.1038,-0.1488
0.1,0.0181238760487365,431,3421,5000,4226,4256,-4.12920052822081e-05,0.0142076054638445,0.0301136681721989,0.0143051313809261,0.0301549601774811,2.11517988934291,0.850498338870432,0.855563502195724,0.0850498338870432,0.684006746154378,0,0,6,8482,0.8452,0.8512,0.8482,0.8482,0.1518,0.101987695220066,0.803806390977444,0.0862,0.6842,0.1,0.799480978792268,0.0932218707482877,0.111476453586094,0.79160397057573,0.815460875615967,0.0787348438402954,0.0943005062894339,0.671178463812162,0.696938714791279,0.834909321263216,0.854960657313917,0.841065865037206,0.860794901116585,1,V2,moderate,0.1,0,A5,1.5,30,0,10,1,1,R1,1,0.5,1,0.2,rational,Gaussian,matched,42,420025,30,0,10,1,1.5,1.47,30,1.13777777777778,1.18469156370031,1,0.850498338870432,0.855563502195724,1,42,0.6842,0,S2,E6_ablation,A4,-0.1186,-0.1488
0.01,0.0328995271426637,39,1781,5000,4226,4256,-4.12920052822081e-05,0.0142076054638445,0.0301136681721989,0.0143051313809261,0.0301549601774811,2.11517988934291,0.850498338870432,0.855563502195724,0.00850498338870432,0.358288869012118,0,0,6,8482,0.8452,0.8512,0.8482,0.8482,0.1518,0.00922858495030762,0.418468045112782,0.0078,0.3562,0.01,0.418775307844015,0.00675838425930566,0.0125902035346946,0.403727490097239,0.433355648627804,0.00571125620915014,0.0106444695855641,0.34304152992011,0.369579261159289,0.834909321263216,0.854960657313917,0.841065865037206,0.860794901116585,1,V2,moderate,0.01,0,A5,1.5,30,0,10,1,1,R1,1,1.5,1,0.2,rational,Gaussian,matched,42,420025,30,0,10,1,1.5,1.47,30,1.13777777777778,1.18469156370031,1,0.850498338870432,0.855563502195724,1,42,0.3562,0,S3,E6_ablation,A4,-0.064,-0.1488
0.05,0.0232617430735335,218,2918,5000,4226,4256,-4.12920052822081e-05,0.0142076054638445,0.0301136681721989,0.0143051313809261,0.0301549601774811,2.11517988934291,0.850498338870432,0.855563502195724,0.0425249169435216,0.584460276549145,0,0,6,8482,0.8452,0.8512,0.8482,0.8482,0.1518,0.0515854235683862,0.68562030075188,0.0436,0.5836,0.05,0.683129043080008,0.0453144919189197,0.0586708378157141,0.671510054872093,0.699395767627088,0.038281587437894,0.0496191708975542,0.569876970709933,0.597194669524854,0.834909321263216,0.854960657313917,0.841065865037206,0.860794901116585,1,V2,moderate,0.05,0,A5,1.5,30,0,10,1,1,R1,1,1.5,1,0.2,rational,Gaussian,matched,42,420025,30,0,10,1,1.5,1.47,30,1.13777777777778,1.18469156370031,1,0.850498338870432,0.855563502195724,1,42,0.5836,0,S3,E6_ablation,A4,-0.1038,-0.1488
0.1,0.0181238760487365,431,3421,5000,4226,4256,-4.12920052822081e-05,0.0142076054638445,0.0301136681721989,0.0143051313809261,0.0301549601774811,2.11517988934291,0.850498338870432,0.855563502195724,0.0850498338870432,0.684006746154378,0,0,6,8482,0.8452,0.8512,0.8482,0.8482,0.1518,0.101987695220066,0.803806390977444,0.0862,0.6842,0.1,0.799480978792268,0.0932218707482877,0.111476453586094,0.79160397057573,0.815460875615967,0.0787348438402954,0.0943005062894339,0.671178463812162,0.696938714791279,0.834909321263216,0.854960657313917,0.841065865037206,0.860794901116585,1,V2,moderate,0.1,0,A5,1.5,30,0,10,1,1,R1,1,1.5,1,0.2,rational,Gaussian,matched,42,420025,30,0,10,1,1.5,1.47,30,1.13777777777778,1.18469156370031,1,0.850498338870432,0.855563502195724,1,42,0.6842,0,S3,E6_ablation,A4,-0.1186,-0.1488
0.01,0,0,5000,5000,5000,5000,0,0,0.030462798356573,6.31502498663252e-16,0.030462798356573,68219686659823,1,1,0,1,0,0,1,10000,1,1,1,1,0,0,1,0,1,0,1,0,0.000767701945057125,0.999232298054943,1,0,0.000767701945057125,0.999232298054943,1,0.999232298054943,1,0.999232298054943,1,1,V0,all,0.01,0,A0,1.5,30,10,0,0,0,R0,0,0.5,1,0.2,rational,Gaussian,matched,42,420026,30,10,0,1,1.52313991782862,1.49267711947205,30.4627983565724,1.08670539742466,1.11405928748149,0.984574607094838,1,1,1,42,1,0,S2,E6_ablation,,NaN,NaN
0.05,0,0,5000,5000,5000,5000,0,0,0.030462798356573,6.31502498663252e-16,0.030462798356573,68219686659823,1,1,0,1,0,0,1,10000,1,1,1,1,0,0,1,0,1,0,1,0,0.000767701945057125,0.999232298054943,1,0,0.000767701945057125,0.999232298054943,1,0.999232298054943,1,0.999232298054943,1,1,V0,all,0.05,0,A0,1.5,30,10,0,0,0,R0,0,0.5,1,0.2,rational,Gaussian,matched,42,420026,30,10,0,1,1.52313991782862,1.49267711947205,30.4627983565724,1.08670539742466,1.11405928748149,0.984574607094838,1,1,1,42,1,0,S2,E6_ablation,,NaN,NaN
0.1,0,0,5000,5000,5000,5000,0,0,0.030462798356573,6.31502498663252e-16,0.030462798356573,68219686659823,1,1,0,1,0,0,1,10000,1,1,1,1,0,0,1,0,1,0,1,0,0.000767701945057125,0.999232298054943,1,0,0.000767701945057125,0.999232298054943,1,0.999232298054943,1,0.999232298054943,1,1,V0,all,0.1,0,A0,1.5,30,10,0,0,0,R0,0,0.5,1,0.2,rational,Gaussian,matched,42,420026,30,10,0,1,1.52313991782862,1.49267711947205,30.4627983565724,1.08670539742466,1.11405928748149,0.984574607094838,1,1,1,42,1,0,S2,E6_ablation,,NaN,NaN
0.01,0.0232634787404084,44,3773,5000,5000,5000,-4.74083044819707e-05,0.00987722224503229,0.0304099744192776,0.0101500340778395,0.0304573827237596,3.04131098096341,1,1,0.01,0.764216556005564,0,0,1,10000,1,1,1,1,0,0.0088,0.7546,0.0088,0.7546,0.01,0.764216556005564,0.00656203743997331,0.0117921529508508,0.742479763881083,0.766329322288494,0.00656203743997331,0.0117921529508508,0.742479763881083,0.766329322288494,0.999232298054943,1,0.999232298054943,1,1,V0,all,0.01,0,A1,1.5,30,10,10,0,0,R0,0,0.5,1,0.2,rational,Gaussian,matched,42,420026,30,10,10,1,1.52313991782862,1.49267711947205,30.4627983565724,1.08670539742466,1.11405928748149,0.984574607094838,1,1,1,42,0.7546,0,S2,E6_ablation,A0,-0.2454,0
0.05,0.0164485362695147,241,4575,5000,5000,5000,-4.74083044819707e-05,0.00987722224503229,0.0304099744192776,0.0101500340778395,0.0304573827237596,3.04131098096341,1,1,0.05,0.919456670261311,0,0,1,10000,1,1,1,1,0,0.0482,0.915,0.0482,0.915,0.05,0.919456670261311,0.0426021037376601,0.0544915917398936,0.906947742051394,0.922415065334209,0.0426021037376601,0.0544915917398936,0.906947742051394,0.922415065334209,0.999232298054943,1,0.999232298054943,1,1,V0,all,0.05,0,A1,1.5,30,10,10,0,0,R0,0,0.5,1,0.2,rational,Gaussian,matched,42,420026,30,10,10,1,1.52313991782862,1.49267711947205,30.4627983565724,1.08670539742466,1.11405928748149,0.984574607094838,1,1,1,42,0.915,0,S2,E6_ablation,A0,-0.085,0
0.1,0.012815515655446,498,4792,5000,5000,5000,-4.74083044819707e-05,0.00987722224503229,0.0304099744192776,0.0101500340778395,0.0304573827237596,3.04131098096341,1,1,0.1,0.961195277511333,0,0,1,10000,1,1,1,1,0,0.0996,0.9584,0.0996,0.9584,0.1,0.961195277511333,0.0916042634531238,0.108210512264478,0.952504468332838,0.963591702523934,0.0916042634531238,0.108210512264478,0.952504468332838,0.963591702523934,0.999232298054943,1,0.999232298054943,1,1,V0,all,0.1,0,A1,1.5,30,10,10,0,0,R0,0,0.5,1,0.2,rational,Gaussian,matched,42,420026,30,10,10,1,1.52313991782862,1.49267711947205,30.4627983565724,1.08670539742466,1.11405928748149,0.984574607094838,1,1,1,42,0.9584,0,S2,E6_ablation,A0,-0.0416,0
0.01,0.023622355398049,44,3709,5000,5000,5000,-4.81396539953742e-05,0.0100295943191157,0.0304091595248987,0.0103066147141854,0.0304572991788941,2.99509841777041,1,1,0.01,0.749733747466798,0,0,1,10000,1,1,1,1,0,0.0088,0.7418,0.0088,0.7418,0.01,0.749733747466798,0.00656203743997331,0.0117921529508508,0.729486940798993,0.753741798540377,0.00656203743997331,0.0117921529508508,0.729486940798993,0.753741798540377,0.999232298054943,1,0.999232298054943,1,1,V0,all,0.01,0,A2,1.5,30,10,10,1,1,R0,0,0.5,1,0.2,rational,Gaussian,matched,42,420026,30,10,10.1542661188575,1.01542661188575,1.52313991782862,1.49267711947205,30.4627983565724,1.08670539742466,1.11405928748149,0.984574607094838,1,1,1,42,0.7418,0,S2,E6_ablation,A1,-0.0128,0
0.05,0.0167022814546331,241,4551,5000,5000,5000,-4.81396539953742e-05,0.0100295943191157,0.0304091595248987,0.0103066147141854,0.0304572991788941,2.99509841777041,1,1,0.05,0.912314536750297,0,0,1,10000,1,1,1,1,0,0.0482,0.9102,0.0482,0.9102,0.05,0.912314536750297,0.0426021037376601,0.0544915917398936,0.901957414058332,0.917812763265943,0.0426021037376601,0.0544915917398936,0.901957414058332,0.917812763265943,0.999232298054943,1,0.999232298054943,1,1,V0,all,0.05,0,A2,1.5,30,10,10,1,1,R0,0,0.5,1,0.2,rational,Gaussian,matched,42,420026,30,10,10.1542661188575,1.01542661188575,1.52313991782862,1.49267711947205,30.4627983565724,1.08670539742466,1.11405928748149,0.984574607094838,1,1,1,42,0.9102,0,S2,E6_ablation,A1,-0.00480000000000003,0
0.1,0.0130132156415783,498,4773,5000,5000,5000,-4.81396539953742e-05,0.0100295943191157,0.0304091595248987,0.0103066147141854,0.0304572991788941,2.99509841777041,1,1,0.1,0.957142573827111,0,0,1,10000,1,1,1,1,0,0.0996,0.9546,0.0996,0.9546,0.1,0.957142573827111,0.0916042634531238,0.108210512264478,0.948472325435117,0.960029679956438,0.0916042634531238,0.108210512264478,0.948472325435117,0.960029679956438,0.999232298054943,1,0.999232298054943,1,1,V0,all,0.1,0,A2,1.5,30,10,10,1,1,R0,0,0.5,1,0.2,rational,Gaussian,matched,42,420026,30,10,10.1542661188575,1.01542661188575,1.52313991782862,1.49267711947205,30.4627983565724,1.08670539742466,1.11405928748149,0.984574607094838,1,1,1,42,0.9546,0,S2,E6_ablation,A1,-0.00380000000000003,0
0.01,0.0334070553791182,42,2109,5000,5000,5000,-1.17913431656467e-06,0.0142383062718755,0.0306101638177172,0.0143120743009251,0.0306113429520337,2.14436656595272,1,1,0.01,0.418775307844015,0,0,1,10000,1,1,1,1,0,0.0084,0.4218,0.0084,0.4218,0.01,0.418775307844015,0.00622065438730661,0.0113341501650736,0.408176671812873,0.435543396771334,0.00622065438730661,0.0113341501650736,0.408176671812873,0.435543396771334,0.999232298054943,1,0.999232298054943,1,1,V0,all,0.01,0,A3,1.5,30,10,10,1,1,R1,0,0.5,1,0.2,rational,Gaussian,matched,42,420026,30,10,10.1542661188575,1.01542661188575,1.52313991782862,1.49267711947205,30.4627983565724,1.08670539742466,1.11405928748149,0.984574607094838,1,1,1,42,0.4218,0,S2,E6_ablation,A2,-0.32,0
0.05,0.0236205929557148,251,3438,5000,5000,5000,-1.17913431656467e-06,0.0142383062718755,0.0306101638177172,0.0143120743009251,0.0306113429520337,2.14436656595272,1,1,0.05,0.683129043080008,0,0,1,10000,1,1,1,1,0,0.0502,0.6876,0.0502,0.6876,0.05,0.683129043080008,0.0444853421500697,0.0566052825197037,0.6746135529318,0.700298405298414,0.0444853421500697,0.0566052825197037,0.6746135529318,0.700298405298414,0.999232298054943,1,0.999232298054943,1,1,V0,all,0.05,0,A3,1.5,30,10,10,1,1,R1,0,0.5,1,0.2,rational,Gaussian,matched,42,420026,30,10,10.1542661188575,1.01542661188575,1.52313991782862,1.49267711947205,30.4627983565724,1.08670539742466,1.11405928748149,0.984574607094838,1,1,1,42,0.6876,0,S2,E6_ablation,A2,-0.2226,0
0.1,0.0184034660504057,466,4013,5000,5000,5000,-1.17913431656467e-06,0.0142383062718755,0.0306101638177172,0.0143120743009251,0.0306113429520337,2.14436656595272,1,1,0.1,0.799480978792268,0,0,1,10000,1,1,1,1,0,0.0932,0.8026,0.0932,0.8026,0.1,0.799480978792268,0.0854513514587401,0.101573250843758,0.791336670190014,0.813398716592838,0.0854513514587401,0.101573250843758,0.791336670190014,0.813398716592838,0.999232298054943,1,0.999232298054943,1,1,V0,all,0.1,0,A3,1.5,30,10,10,1,1,R1,0,0.5,1,0.2,rational,Gaussian,matched,42,420026,30,10,10.1542661188575,1.01542661188575,1.52313991782862,1.49267711947205,30.4627983565724,1.08670539742466,1.11405928748149,0.984574607094838,1,1,1,42,0.8026,0,S2,E6_ablation,A2,-0.152,0
0.01,0.0334070553791182,42,2085,5000,4950,4944,-1.80741125107996e-05,0.0142652863236425,0.0305935369868685,0.0143017302826054,0.0306116110993793,2.14314197461539,0.989847803378734,0.989847803378734,0.00989847803378734,0.414523818578652,0,0,6,9894,0.99,0.9888,0.9894,0.9894,0.0106000000000001,0.00848484848484849,0.421723300970874,0.0084,0.417,0.01,0.418775307844015,0.00628354855757976,0.0114484397490476,0.408023831886512,0.435544316680544,0.00622065438730661,0.0113341501650736,0.403402063149933,0.430725375372946,0.986841424907791,0.992406227186053,0.985484887454235,0.991364607124278,1,V2,moderate,0.01,0,A4,1.5,30,10,10,1,1,R1,0,0.5,1,0.2,rational,Gaussian,matched,42,420026,30,10,10.1542661188575,1.01542661188575,1.52313991782862,1.49267711947205,30.4627983565724,1.08670539742466,1.11405928748149,0.984574607094838,1,1,0.989847803378734,42,0.417,0,S2,E6_ablation,A3,-0.00480000000000003,-0.0112
0.05,0.0236205929557148,250,3398,5000,4950,4944,-1.80741125107996e-05,0.0142652863236425,0.0305935369868685,0.0143017302826054,0.0306116110993793,2.14314197461539,0.989847803378734,0.989847803378734,0.0494923901689367,0.676193782716963,0,0,6,9894,0.99,0.9888,0.9894,0.9894,0.0106000000000001,0.0505050505050505,0.687297734627832,0.05,0.6796,0.05,0.683129043080008,0.0447456108396595,0.0569616123343009,0.67423400873885,0.700070628023182,0.0442968967005706,0.0563940350499809,0.666532256841782,0.692391984619554,0.986841424907791,0.992406227186053,0.985484887454235,0.991364607124278,1,V2,moderate,0.05,0,A4,1.5,30,10,10,1,1,R1,0,0.5,1,0.2,rational,Gaussian,matched,42,420026,30,10,10.1542661188575,1.01542661188575,1.52313991782862,1.49267711947205,30.4627983565724,1.08670539742466,1.11405928748149,0.984574607094838,1,1,0.989847803378734,42,0.6796,0,S2,E6_ablation,A3,-0.00800000000000001,-0.0112
0.1,0.0184034660504057,463,3965,5000,4950,4944,-1.80741125107996e-05,0.0142652863236425,0.0305935369868685,0.0143017302826054,0.0306116110993793,2.14314197461539,0.989847803378734,0.989847803378734,0.0989847803378733,0.791364490700606,0,0,6,9894,0.99,0.9888,0.9894,0.9894,0.0106000000000001,0.0935353535353535,0.801982200647249,0.0926,0.793,0.1,0.799480978792268,0.0857359257784146,0.101965167716421,0.79064139141858,0.812854097442881,0.0848750904611361,0.100950433083696,0.781546989653437,0.80400313700676,0.986841424907791,0.992406227186053,0.985484887454235,0.991364607124278,1,V2,moderate,0.1,0,A4,1.5,30,10,10,1,1,R1,0,0.5,1,0.2,rational,Gaussian,matched,42,420026,30,10,10.1542661188575,1.01542661188575,1.52313991782862,1.49267711947205,30.4627983565724,1.08670539742466,1.11405928748149,0.984574607094838,1,1,0.989847803378734,42,0.793,0,S2,E6_ablation,A3,-0.00959999999999994,-0.0112
0.01,0.0334070553791182,35,1787,5000,4200,4228,1.24404671509257e-05,0.0141334557237481,0.0307096705502547,0.0142188383239494,0.0306972300831038,2.1654043820846,0.83599008188943,0.841167683590152,0.0083599008188943,0.352260255643903,0,0,6,8428,0.84,0.8456,0.8428,0.8428,0.1572,0.00833333333333333,0.422658467360454,0.007,0.3574,0.01,0.418775307844015,0.00599812873077749,0.0115671052448656,0.407845368056909,0.437611980389634,0.00503763509410314,0.00971931902372318,0.344230677812676,0.370788270782054,0.829577914851484,0.849900047825877,0.835319591054595,0.855349773360981,1,V2,moderate,0.01,0,A5,1.5,30,10,10,1,1,R1,1,0,1,0.2,rational,Gaussian,matched,42,420026,30,10,10.1542661188575,1.01542661188575,1.52313991782862,1.49267711947205,30.4627983565724,1.08670539742466,1.13151332509856,1,0.844564264360513,0.849794969205287,0.989847803378734,42,0.3574,0,S0,E6_ablation,A4,-0.0596,-0.1432
0.05,0.0236205929557148,207,2924,5000,4200,4228,1.24404671509257e-05,0.0141334557237481,0.0307096705502547,0.0142188383239494,0.0306972300831038,2.1654043820846,0.83599008188943,0.841167683590152,0.0417995040944715,0.574626074760768,0,0,6,8428,0.84,0.8456,0.8428,0.8428,0.1572,0.0492857142857143,0.691579943235572,0.0414,0.5848,0.05,0.683129043080008,0.0431411214985649,0.0562540300345548,0.677490183932663,0.705321888722689,0.036221154800885,0.0472829814231214,0.571081725286997,0.598388072463122,0.829577914851484,0.849900047825877,0.835319591054595,0.855349773360981,1,V2,moderate,0.05,0,A5,1.5,30,10,10,1,1,R1,1,0,1,0.2,rational,Gaussian,matched,42,420026,30,10,10.1542661188575,1.01542661188575,1.52313991782862,1.49267711947205,30.4627983565724,1.08670539742466,1.13151332509856,1,0.844564264360513,0.849794969205287,0.989847803378734,42,0.5848,0,S0,E6_ablation,A4,-0.0948,-0.1432
0.1,0.0184034660504057,383,3404,5000,4200,4228,1.24404671509257e-05,0.0141334557237481,0.0307096705502547,0.0142188383239494,0.0306972300831038,2.1654043820846,0.83599008188943,0.841167683590152,0.083599008188943,0.67249756300508,0,0,6,8428,0.84,0.8456,0.8428,0.8428,0.1572,0.0911904761904762,0.805108798486282,0.0766,0.6808,0.1,0.799480978792268,0.0828536896071955,0.100274400821947,0.79289405171669,0.816769619549242,0.0695489290865412,0.0843011609205331,0.667744171217983,0.693578227758685,0.829577914851484,0.849900047825877,0.835319591054595,0.855349773360981,1,V2,moderate,0.1,0,A5,1.5,30,10,10,1,1,R1,1,0,1,0.2,rational,Gaussian,matched,42,420026,30,10,10.1542661188575,1.01542661188575,1.52313991782862,1.49267711947205,30.4627983565724,1.08670539742466,1.13151332509856,1,0.844564264360513,0.849794969205287,0.989847803378734,42,0.6808,0,S0,E6_ablation,A4,-0.1122,-0.1432
0.01,0.0334070553791182,35,1787,5000,4200,4228,1.24404671509257e-05,0.0141334557237481,0.0307096705502547,0.0142188383239494,0.0306972300831038,2.1654043820846,0.83599008188943,0.840774426260457,0.0083599008188943,0.352095569184598,0,0,6,8428,0.84,0.8456,0.8428,0.8428,0.1572,0.00833333333333333,0.422658467360454,0.007,0.3574,0.01,0.418775307844015,0.00599812873077749,0.0115671052448656,0.407845368056909,0.437611980389634,0.00503763509410314,0.00971931902372318,0.344230677812676,0.370788270782054,0.829577914851484,0.849900047825877,0.835319591054595,0.855349773360981,1,V2,moderate,0.01,0,A5,1.5,30,10,10,1,1,R1,1,0.1,1,0.2,rational,Gaussian,matched,42,420026,30,10,10.1542661188575,1.01542661188575,1.52313991782862,1.49267711947205,30.4627983565724,1.08670539742466,1.12800077721909,0.996895707897065,0.844564264360513,0.849397678502259,0.989847803378734,42,0.3574,0,S1,E6_ablation,A4,-0.0596,-0.1432
0.05,0.0236205929557148,207,2924,5000,4200,4228,1.24404671509257e-05,0.0141334557237481,0.0307096705502547,0.0142188383239494,0.0306972300831038,2.1654043820846,0.83599008188943,0.840774426260457,0.0417995040944715,0.574357429257449,0,0,6,8428,0.84,0.8456,0.8428,0.8428,0.1572,0.0492857142857143,0.691579943235572,0.0414,0.5848,0.05,0.683129043080008,0.0431411214985649,0.0562540300345548,0.677490183932663,0.705321888722689,0.036221154800885,0.0472829814231214,0.571081725286997,0.598388072463122,0.829577914851484,0.849900047825877,0.835319591054595,0.855349773360981,1,V2,moderate,0.05,0,A5,1.5,30,10,10,1,1,R1,1,0.1,1,0.2,rational,Gaussian,matched,42,420026,30,10,10.1542661188575,1.01542661188575,1.52313991782862,1.49267711947205,30.4627983565724,1.08670539742466,1.12800077721909,0.996895707897065,0.844564264360513,0.849397678502259,0.989847803378734,42,0.5848,0,S1,E6_ablation,A4,-0.0948,-0.1432
0.1,0.0184034660504057,383,3404,5000,4200,4228,1.24404671509257e-05,0.0141334557237481,0.0307096705502547,0.0142188383239494,0.0306972300831038,2.1654043820846,0.83599008188943,0.840774426260457,0.083599008188943,0.672183161250217,0,0,6,8428,0.84,0.8456,0.8428,0.8428,0.1572,0.0911904761904762,0.805108798486282,0.0766,0.6808,0.1,0.799480978792268,0.0828536896071955,0.100274400821947,0.79289405171669,0.816769619549242,0.0695489290865412,0.0843011609205331,0.667744171217983,0.693578227758685,0.829577914851484,0.849900047825877,0.835319591054595,0.855349773360981,1,V2,moderate,0.1,0,A5,1.5,30,10,10,1,1,R1,1,0.1,1,0.2,rational,Gaussian,matched,42,420026,30,10,10.1542661188575,1.01542661188575,1.52313991782862,1.49267711947205,30.4627983565724,1.08670539742466,1.12800077721909,0.996895707897065,0.844564264360513,0.849397678502259,0.989847803378734,42,0.6808,0,S1,E6_ablation,A4,-0.1122,-0.1432
0.01,0.0334070553791182,35,1785,5000,4200,4223,1.24404671509257e-05,0.0141334557237481,0.030713085141901,0.0142162510262857,0.0307006446747501,2.16584347898319,0.83599008188943,0.839192834792672,0.0083599008188943,0.351433237730793,0,0,6,8423,0.84,0.8446,0.8423,0.8423,0.1577,0.00833333333333333,0.422685294814113,0.007,0.357,0.01,0.418775307844015,0.00599812873077749,0.0115671052448656,0.407863327243829,0.437647793444811,0.00503763509410314,0.00971931902372318,0.34383428511093,0.370385277645357,0.829577914851484,0.849900047825877,0.834293960383341,0.854376939436125,1,V2,moderate,0.01,0,A5,1.5,30,10,10,1,1,R1,1,0.5,1,0.2,rational,Gaussian,matched,42,420026,30,10,10.1542661188575,1.01542661188575,1.52313991782862,1.49267711947205,30.4627983565724,1.08670539742466,1.11405928748149,0.984574607094838,0.844564264360513,0.847799865724995,0.989847803378734,42,0.357,0,S2,E6_ablation,A4,-0.06,-0.1442
0.05,0.0236205929557148,207,2920,5000,4200,4223,1.24404671509257e-05,0.0141334557237481,0.030713085141901,0.0142162510262857,0.0307006446747501,2.16584347898319,0.83599008188943,0.839192834792672,0.0417995040944715,0.573276998191517,0,0,6,8423,0.84,0.8446,0.8423,0.8423,0.1577,0.0492857142857143,0.691451574709922,0.0414,0.584,0.05,0.683129043080008,0.0431411214985649,0.0562540300345548,0.677351893769641,0.705203263728778,0.036221154800885,0.0472829814231214,0.570278546319646,0.597592479753584,0.829577914851484,0.849900047825877,0.834293960383341,0.854376939436125,1,V2,moderate,0.05,0,A5,1.5,30,10,10,1,1,R1,1,0.5,1,0.2,rational,Gaussian,matched,42,420026,30,10,10.1542661188575,1.01542661188575,1.52313991782862,1.49267711947205,30.4627983565724,1.08670539742466,1.11405928748149,0.984574607094838,0.844564264360513,0.847799865724995,0.989847803378734,42,0.584,0,S2,E6_ablation,A4,-0.0956,-0.1442
0.1,0.0184034660504057,383,3400,5000,4200,4223,1.24404671509257e-05,0.0141334557237481,0.030713085141901,0.0142162510262857,0.0307006446747501,2.16584347898319,0.83599008188943,0.839192834792672,0.083599008188943,0.670918708955503,0,0,6,8423,0.84,0.8446,0.8423,0.8423,0.1577,0.0911904761904762,0.805114847264978,0.0766,0.68,0.1,0.799480978792268,0.0828536896071955,0.100274400821947,0.792892845250561,0.816782257330408,0.0695489290865412,0.0843011609205331,0.666936217388526,0.692787409911254,0.829577914851484,0.849900047825877,0.834293960383341,0.854376939436125,1,V2,moderate,0.1,0,A5,1.5,30,10,10,1,1,R1,1,0.5,1,0.2,rational,Gaussian,matched,42,420026,30,10,10.1542661188575,1.01542661188575,1.52313991782862,1.49267711947205,30.4627983565724,1.08670539742466,1.11405928748149,0.984574607094838,0.844564264360513,0.847799865724995,0.989847803378734,42,0.68,0,S2,E6_ablation,A4,-0.113,-0.1442
0.01,0.0334070553791182,35,1774,5000,4200,4202,1.24404671509257e-05,0.0141334557237481,0.030697220842621,0.0142146710410735,0.0306847803754701,2.16484529672267,0.83599008188943,0.835178618158233,0.0083599008188943,0.349752182923953,0,0,6,8402,0.84,0.8404,0.8402,0.8402,0.1598,0.00833333333333333,0.422179914326511,0.007,0.3548,0.01,0.418775307844015,0.00599812873077749,0.0115671052448656,0.407324022062068,0.437177962522158,0.00503763509410314,0.00971931902372318,0.341654305426362,0.368168635218483,0.829577914851484,0.849900047825877,0.829987886367409,0.850289462148396,1,V2,moderate,0.01,0,A5,1.5,30,10,10,1,1,R1,1,1.5,1,0.2,rational,Gaussian,matched,42,420026,30,10,10.1542661188575,1.01542661188575,1.52313991782862,1.49267711947205,30.4627983565724,1.08670539742466,1.07995476534978,0.954433979162999,0.844564264360513,0.843744477996966,0.989847803378734,42,0.3548,0,S3,E6_ablation,A4,-0.0622,-0.1484
0.05,0.0236205929557148,207,2904,5000,4200,4202,1.24404671509257e-05,0.0141334557237481,0.030697220842621,0.0142146710410735,0.0306847803754701,2.16484529672267,0.83599008188943,0.835178618158233,0.0417995040944715,0.570534770223318,0,0,6,8402,0.84,0.8404,0.8402,0.8402,0.1598,0.0492857142857143,0.691099476439791,0.0414,0.5808,0.05,0.683129043080008,0.0431411214985649,0.0562540300345548,0.676960118786822,0.704889747815215,0.036221154800885,0.0472829814231214,0.567066200068121,0.594409739297558,0.829577914851484,0.849900047825877,0.829987886367409,0.850289462148396,1,V2,moderate,0.05,0,A5,1.5,30,10,10,1,1,R1,1,1.5,1,0.2,rational,Gaussian,matched,42,420026,30,10,10.1542661188575,1.01542661188575,1.52313991782862,1.49267711947205,30.4627983565724,1.08670539742466,1.07995476534978,0.954433979162999,0.844564264360513,0.843744477996966,0.989847803378734,42,0.5808,0,S3,E6_ablation,A4,-0.0988,-0.1484
0.1,0.0184034660504057,383,3383,5000,4200,4202,1.24404671509257e-05,0.0141334557237481,0.030697220842621,0.0142146710410735,0.0306847803754701,2.16484529672267,0.83599008188943,0.835178618158233,0.083599008188943,0.667709419111518,0,0,6,8402,0.84,0.8404,0.8402,0.8402,0.1598,0.0911904761904762,0.805092812946216,0.0766,0.6766,0.1,0.799480978792268,0.0828536896071955,0.100274400821947,0.792839134929339,0.816789170156354,0.0695489290865412,0.0843011609205331,0.66350289936263,0.689425948310376,0.829577914851484,0.849900047825877,0.829987886367409,0.850289462148396,1,V2,moderate,0.1,0,A5,1.5,30,10,10,1,1,R1,1,1.5,1,0.2,rational,Gaussian,matched,42,420026,30,10,10.1542661188575,1.01542661188575,1.52313991782862,1.49267711947205,30.4627983565724,1.08670539742466,1.07995476534978,0.954433979162999,0.844564264360513,0.843744477996966,0.989847803378734,42,0.6766,0,S3,E6_ablation,A4,-0.1164,-0.1484
0.01,0,0,5000,5000,5000,5000,0,0,0.0319253331742779,6.59260850252846e-16,0.0319253331742779,68484635696215.6,1,1,0,1,0,0,1,10000,1,1,1,1,0,0,1,0,1,0,1,0,0.000767701945057125,0.999232298054943,1,0,0.000767701945057125,0.999232298054943,1,0.999232298054943,1,0.999232298054943,1,1,V0,all,0.01,0,A0,1.5,30,20,0,0,0,R0,0,0.5,1,0.2,rational,Gaussian,matched,42,420027,30,20,0,1,1.59626665871387,1.56434132553959,31.9253331742773,0.944093258626198,0.92001796875034,0.935908872470481,1,1,1,42,1,0,S2,E6_ablation,,NaN,NaN
0.05,0,0,5000,5000,5000,5000,0,0,0.0319253331742779,6.59260850252846e-16,0.0319253331742779,68484635696215.6,1,1,0,1,0,0,1,10000,1,1,1,1,0,0,1,0,1,0,1,0,0.000767701945057125,0.999232298054943,1,0,0.000767701945057125,0.999232298054943,1,0.999232298054943,1,0.999232298054943,1,1,V0,all,0.05,0,A0,1.5,30,20,0,0,0,R0,0,0.5,1,0.2,rational,Gaussian,matched,42,420027,30,20,0,1,1.59626665871387,1.56434132553959,31.9253331742773,0.944093258626198,0.92001796875034,0.935908872470481,1,1,1,42,1,0,S2,E6_ablation,,NaN,NaN
0.1,0,0,5000,5000,5000,5000,0,0,0.0319253331742779,6.59260850252846e-16,0.0319253331742779,68484635696215.6,1,1,0,1,0,0,1,10000,1,1,1,1,0,0,1,0,1,0,1,0,0.000767701945057125,0.999232298054943,1,0,0.000767701945057125,0.999232298054943,1,0.999232298054943,1,0.999232298054943,1,1,V0,all,0.1,0,A0,1.5,30,20,0,0,0,R0,0,0.5,1,0.2,rational,Gaussian,matched,42,420027,30,20,0,1,1.59626665871387,1.56434132553959,31.9253331742773,0.944093258626198,0.92001796875034,0.935908872470481,1,1,1,42,1,0,S2,E6_ablation,,NaN,NaN
0.01,0.0232634787404084,51,4030,5000,5000,5000,2.35237722298745e-05,0.0100813537633437,0.032019858269586,0.0101099689792169,0.0319963344973561,3.16931216182124,1,1,0.01,0.806805762632309,0,0,1,10000,1,1,1,1,0,0.0102,0.806,0.0102,0.806,0.01,0.806805762632309,0.00776673589879977,0.0133853049265782,0.794806245089502,0.816723921320123,0.00776673589879977,0.0133853049265782,0.794806245089502,0.816723921320123,0.999232298054943,1,0.999232298054943,1,1,V0,all,0.01,0,A1,1.5,30,20,10,0,0,R0,0,0.5,1,0.2,rational,Gaussian,matched,42,420027,30,20,10,1,1.59626665871387,1.56434132553959,31.9253331742773,0.944093258626198,0.92001796875034,0.935908872470481,1,1,1,42,0.806,0,S2,E6_ablation,A0,-0.194,0
0.05,0.0164485362695147,237,4708,5000,5000,5000,2.35237722298745e-05,0.0100813537633437,0.032019858269586,0.0101099689792169,0.0319963344973561,3.16931216182124,1,1,0.05,0.939150282886062,0,0,1,10000,1,1,1,1,0,0.0474,0.9416,0.0474,0.9416,0.05,0.939150282886062,0.0418495843205747,0.053645339480091,0.934754798632676,0.94776716700945,0.0418495843205747,0.053645339480091,0.934754798632676,0.94776716700945,0.999232298054943,1,0.999232298054943,1,1,V0,all,0.05,0,A1,1.5,30,20,10,0,0,R0,0,0.5,1,0.2,rational,Gaussian,matched,42,420027,30,20,10,1,1.59626665871387,1.56434132553959,31.9253331742773,0.944093258626198,0.92001796875034,0.935908872470481,1,1,1,42,0.9416,0,S2,E6_ablation,A0,-0.0584,0
0.1,0.012815515655446,505,4868,5000,5000,5000,2.35237722298745e-05,0.0100813537633437,0.032019858269586,0.0101099689792169,0.0319963344973561,3.16931216182124,1,1,0.1,0.971996537002968,0,0,1,10000,1,1,1,1,0,0.101,0.9736,0.101,0.9736,0.1,0.971996537002968,0.0929516499105266,0.109660976241629,0.968779459227996,0.977693373489646,0.0929516499105266,0.109660976241629,0.968779459227996,0.977693373489646,0.999232298054943,1,0.999232298054943,1,1,V0,all,0.1,0,A1,1.5,30,20,10,0,0,R0,0,0.5,1,0.2,rational,Gaussian,matched,42,420027,30,20,10,1,1.59626665871387,1.56434132553959,31.9253331742773,0.944093258626198,0.92001796875034,0.935908872470481,1,1,1,42,0.9736,0,S2,E6_ablation,A0,-0.0264,0
0.01,0.0247564769860086,51,3748,5000,5000,5000,2.50334755318195e-05,0.0107283525914167,0.032025924679646,0.0107588042681036,0.0320008912041142,2.97860338406111,1,1,0.01,0.749733747466794,0,0,1,10000,1,1,1,1,0,0.0102,0.7496,0.0102,0.7496,0.01,0.749733747466794,0.00776673589879977,0.0133853049265782,0.737402789153146,0.761413974035882,0.00776673589879977,0.0133853049265782,0.737402789153146,0.761413974035882,0.999232298054943,1,0.999232298054943,1,1,V0,all,0.01,0,A2,1.5,30,20,10,1,1,R0,0,0.5,1,0.2,rational,Gaussian,matched,42,420027,30,20,10.6417777247591,1.06417777247591,1.59626665871387,1.56434132553959,31.9253331742773,0.944093258626198,0.92001796875034,0.935908872470481,1,1,1,42,0.7496,0,S2,E6_ablation,A1,-0.0564,0
0.05,0.0175041666877814,237,4578,5000,5000,5000,2.50334755318195e-05,0.0107283525914167,0.032025924679646,0.0107588042681036,0.0320008912041142,2.97860338406111,1,1,0.05,0.912314536750295,0,0,1,10000,1,1,1,1,0,0.0474,0.9156,0.0474,0.9156,0.05,0.912314536750295,0.0418495843205747,0.053645339480091,0.907572037561835,0.922989848581434,0.0418495843205747,0.053645339480091,0.907572037561835,0.922989848581434,0.999232298054943,1,0.999232298054943,1,1,V0,all,0.05,0,A2,1.5,30,20,10,1,1,R0,0,0.5,1,0.2,rational,Gaussian,matched,42,420027,30,20,10.6417777247591,1.06417777247591,1.59626665871387,1.56434132553959,31.9253331742773,0.944093258626198,0.92001796875034,0.935908872470481,1,1,1,42,0.9156,0,S2,E6_ablation,A1,-0.026,0
0.1,0.0136379869033427,505,4795,5000,5000,5000,2.50334755318195e-05,0.0107283525914167,0.032025924679646,0.0107588042681036,0.0320008912041142,2.97860338406111,1,1,0.1,0.95714257382711,0,0,1,10000,1,1,1,1,0,0.101,0.959,0.101,0.959,0.1,0.95714257382711,0.0929516499105266,0.109660976241629,0.95314222372699,0.964153025887448,0.0929516499105266,0.109660976241629,0.95314222372699,0.964153025887448,0.999232298054943,1,0.999232298054943,1,1,V0,all,0.1,0,A2,1.5,30,20,10,1,1,R0,0,0.5,1,0.2,rational,Gaussian,matched,42,420027,30,20,10.6417777247591,1.06417777247591,1.59626665871387,1.56434132553959,31.9253331742773,0.944093258626198,0.92001796875034,0.935908872470481,1,1,1,42,0.959,0,S2,E6_ablation,A1,-0.0146000000000001,0
0.01,0.0350109455101907,57,2098,5000,5000,5000,-6.17614976968691e-05,0.0151458185732496,0.0318684768065624,0.0150105673072049,0.0319302383042592,2.11762227040788,1,1,0.01,0.418775307844012,0,0,1,10000,1,1,1,1,0,0.0114,0.4196,0.0114,0.4196,0.01,0.418775307844012,0.0088098452155523,0.0147403531251575,0.405988144779482,0.433335301693284,0.0088098452155523,0.0147403531251575,0.405988144779482,0.433335301693284,0.999232298054943,1,0.999232298054943,1,1,V0,all,0.01,0,A3,1.5,30,20,10,1,1,R1,0,0.5,1,0.2,rational,Gaussian,matched,42,420027,30,20,10.6417777247591,1.06417777247591,1.59626665871387,1.56434132553959,31.9253331742773,0.944093258626198,0.92001796875034,0.935908872470481,1,1,1,42,0.4196,0,S2,E6_ablation,A2,-0.33,0
0.05,0.0247546299278998,247,3436,5000,5000,5000,-6.17614976968691e-05,0.0151458185732496,0.0318684768065624,0.0150105673072049,0.0319302383042592,2.11762227040788,1,1,0.05,0.683129043080005,0,0,1,10000,1,1,1,1,0,0.0494,0.6872,0.0494,0.6872,0.05,0.683129043080005,0.043731720637967,0.0557601323549184,0.67420938323091,0.699903189160861,0.043731720637967,0.0557601323549184,0.67420938323091,0.699903189160861,0.999232298054943,1,0.999232298054943,1,1,V0,all,0.05,0,A3,1.5,30,20,10,1,1,R1,0,0.5,1,0.2,rational,Gaussian,matched,42,420027,30,20,10.6417777247591,1.06417777247591,1.59626665871387,1.56434132553959,31.9253331742773,0.944093258626198,0.92001796875034,0.935908872470481,1,1,1,42,0.6872,0,S2,E6_ablation,A2,-0.2284,0
0.1,0.0192870260421739,515,3992,5000,5000,5000,-6.17614976968691e-05,0.0151458185732496,0.0318684768065624,0.0150105673072049,0.0319302383042592,2.11762227040788,1,1,0.1,0.799480978792265,0,0,1,10000,1,1,1,1,0,0.103,0.7984,0.103,0.7984,0.1,0.799480978792265,0.0948773439088623,0.111732211435513,0.787052472774518,0.809289362704672,0.0948773439088623,0.111732211435513,0.787052472774518,0.809289362704672,0.999232298054943,1,0.999232298054943,1,1,V0,all,0.1,0,A3,1.5,30,20,10,1,1,R1,0,0.5,1,0.2,rational,Gaussian,matched,42,420027,30,20,10.6417777247591,1.06417777247591,1.59626665871387,1.56434132553959,31.9253331742773,0.944093258626198,0.92001796875034,0.935908872470481,1,1,1,42,0.7984,0,S2,E6_ablation,A2,-0.1606,0
0.01,0.0350109455101907,51,2021,5000,4800,4812,-0.000119026414486236,0.0151395926083891,0.031886377928818,0.0150348331206293,0.0320054043433042,2.12134684821406,0.960005441285478,0.960005441285478,0.00960005441285478,0.402026574206252,0,0,6,9612,0.96,0.9624,0.9612,0.9612,0.0387999999999999,0.010625,0.419991687448047,0.0102,0.4042,0.01,0.418775307844012,0.00809070768316975,0.0139419634047469,0.406115789135296,0.433995226440255,0.00776673589879977,0.0133853049265782,0.39067629600761,0.417870795685063,0.954205858612875,0.965087855597673,0.956762376884409,0.967327652356802,1,V2,moderate,0.01,0,A4,1.5,30,20,10,1,1,R1,0,0.5,1,0.2,rational,Gaussian,matched,42,420027,30,20,10.6417777247591,1.06417777247591,1.59626665871387,1.56434132553959,31.9253331742773,0.944093258626198,0.92001796875034,0.935908872470481,1,1,0.960005441285478,42,0.4042,0,S2,E6_ablation,A3,-0.0154,-0.0376
0.05,0.0247546299278998,233,3314,5000,4800,4812,-0.000119026414486236,0.0151395926083891,0.031886377928818,0.0150348331206293,0.0320054043433042,2.12134684821406,0.960005441285478,0.960005441285478,0.0480002720642739,0.655807598456946,0,0,6,9612,0.96,0.9624,0.9612,0.9612,0.0387999999999999,0.0485416666666667,0.688694929343308,0.0466,0.6628,0.05,0.683129043080005,0.0428147337167718,0.0549906295218469,0.675466232965522,0.701622592638115,0.0410975242290518,0.052798627894726,0.649575626640749,0.67577440960594,0.954205858612875,0.965087855597673,0.956762376884409,0.967327652356802,1,V2,moderate,0.05,0,A4,1.5,30,20,10,1,1,R1,0,0.5,1,0.2,rational,Gaussian,matched,42,420027,30,20,10.6417777247591,1.06417777247591,1.59626665871387,1.56434132553959,31.9253331742773,0.944093258626198,0.92001796875034,0.935908872470481,1,1,0.960005441285478,42,0.6628,0,S2,E6_ablation,A3,-0.0244000000000001,-0.0376
0.1,0.0192870260421739,489,3839,5000,4800,4812,-0.000119026414486236,0.0151395926083891,0.031886377928818,0.0150348331206293,0.0320054043433042,2.12134684821406,0.960005441285478,0.960005441285478,0.0960005441285478,0.767506089844814,0,0,6,9612,0.96,0.9624,0.9612,0.9612,0.0387999999999999,0.101875,0.797797173732336,0.0978,0.7678,0.1,0.799480978792265,0.0936337051842607,0.110753027233368,0.786213517628525,0.808905741281179,0.0898726515410325,0.106344887903571,0.755893529273164,0.779295289565063,0.954205858612875,0.965087855597673,0.956762376884409,0.967327652356802,1,V2,moderate,0.1,0,A4,1.5,30,20,10,1,1,R1,0,0.5,1,0.2,rational,Gaussian,matched,42,420027,30,20,10.6417777247591,1.06417777247591,1.59626665871387,1.56434132553959,31.9253331742773,0.944093258626198,0.92001796875034,0.935908872470481,1,1,0.960005441285478,42,0.7678,0,S2,E6_ablation,A3,-0.0306,-0.0376
0.01,0.0350109455101907,46,1689,5000,3967,3996,-0.000214387964166699,0.0152490123103621,0.0318882032350175,0.0150386540457101,0.0321025911991842,2.11979467619161,0.79218600278302,0.797708147486221,0.0079218600278302,0.334060475033219,0,0,6,7963,0.7934,0.7992,0.7963,0.7963,0.2037,0.0115956642298966,0.422672672672673,0.0092,0.3378,0.01,0.418775307844012,0.00870497034871839,0.0154313392507986,0.407438003902519,0.438055872201707,0.00690473854824771,0.0122488376810204,0.324819421325799,0.351029621185178,0.781954698113907,0.804394814384734,0.787868363330506,0.810072243825572,0,V2,moderate,0.01,0,A5,1.5,30,20,10,1,1,R1,1,0,1,0.2,rational,Gaussian,matched,42,420027,30,20,10.6417777247591,1.06417777247591,1.59626665871387,1.56434132553959,31.9253331742773,0.944093258626198,0.983020885699914,1,0.825189075722589,0.830941277184913,0.960005441285478,42,0.3378,0,S0,E6_ablation,A4,-0.0664,-0.1632
0.05,0.0247546299278998,203,2749,5000,3967,3996,-0.000214387964166699,0.0152490123103621,0.0318882032350175,0.0150386540457101,0.0321025911991842,2.11979467619161,0.79218600278302,0.797708147486221,0.039609300139151,0.544937603449386,0,0,6,7963,0.7934,0.7992,0.7963,0.7963,0.2037,0.0511721704058482,0.687937937937938,0.0406,0.5498,0.05,0.683129043080005,0.0447390541297368,0.0584736938661032,0.673397385983031,0.702117497660094,0.0354729345989626,0.0464324299481559,0.535976884824316,0.563546652061956,0.781954698113907,0.804394814384734,0.787868363330506,0.810072243825572,1,V2,moderate,0.05,0,A5,1.5,30,20,10,1,1,R1,1,0,1,0.2,rational,Gaussian,matched,42,420027,30,20,10.6417777247591,1.06417777247591,1.59626665871387,1.56434132553959,31.9253331742773,0.944093258626198,0.983020885699914,1,0.825189075722589,0.830941277184913,0.960005441285478,42,0.5498,0,S0,E6_ablation,A4,-0.113,-0.1632
0.1,0.0192870260421739,409,3193,5000,3967,3996,-0.000214387964166699,0.0152490123103621,0.0318882032350175,0.0150386540457101,0.0321025911991842,2.11979467619161,0.79218600278302,0.797708147486221,0.079218600278302,0.637752490542849,0,0,6,7963,0.7934,0.7992,0.7963,0.7963,0.2037,0.103100579783211,0.799049049049049,0.0818,0.6386,0.1,0.799480978792265,0.0940185400519661,0.112950553865164,0.786340326284479,0.811183356742864,0.074520775580739,0.0897213303261067,0.625182349975608,0.651804843045222,0.781954698113907,0.804394814384734,0.787868363330506,0.810072243825572,1,V2,moderate,0.1,0,A5,1.5,30,20,10,1,1,R1,1,0,1,0.2,rational,Gaussian,matched,42,420027,30,20,10.6417777247591,1.06417777247591,1.59626665871387,1.56434132553959,31.9253331742773,0.944093258626198,0.983020885699914,1,0.825189075722589,0.830941277184913,0.960005441285478,42,0.6386,0,S0,E6_ablation,A4,-0.1292,-0.1632
0.01,0.0350109455101907,46,1688,5000,3967,3992,-0.000214387964166699,0.0152490123103621,0.0318866946206881,0.0150457820538459,0.0321010825848548,2.11919974778912,0.79218600278302,0.795913764450452,0.0079218600278302,0.333309031725024,0,0,6,7959,0.7934,0.7984,0.7959,0.7959,0.2041,0.0115956642298966,0.422845691382766,0.0092,0.3376,0.01,0.418775307844012,0.00870497034871839,0.0154313392507986,0.407602431939693,0.438237297602079,0.00690473854824771,0.0122488376810204,0.324621475063807,0.350827874527948,0.781954698113907,0.804394814384734,0.787052472774518,0.809289362704672,0,V2,moderate,0.01,0,A5,1.5,30,20,10,1,1,R1,1,0.1,1,0.2,rational,Gaussian,matched,42,420027,30,20,10.6417777247591,1.06417777247591,1.59626665871387,1.56434132553959,31.9253331742773,0.944093258626198,0.970084259972121,0.98683992790389,0.825189075722589,0.829072138783608,0.960005441285478,42,0.3376,0,S1,E6_ablation,A4,-0.0666,-0.164
0.05,0.0247546299278998,203,2745,5000,3967,3992,-0.000214387964166699,0.0152490123103621,0.0318866946206881,0.0150457820538459,0.0321010825848548,2.11919974778912,0.79218600278302,0.795913764450452,0.039609300139151,0.543711808283242,0,0,6,7959,0.7934,0.7984,0.7959,0.7959,0.2041,0.0511721704058482,0.687625250501002,0.0406,0.549,0.05,0.683129043080005,0.0447390541297368,0.0584736938661032,0.673073706980087,0.701816041634241,0.0354729345989626,0.0464324299481559,0.535175299919707,0.562749465289678,0.781954698113907,0.804394814384734,0.787052472774518,0.809289362704672,1,V2,moderate,0.05,0,A5,1.5,30,20,10,1,1,R1,1,0.1,1,0.2,rational,Gaussian,matched,42,420027,30,20,10.6417777247591,1.06417777247591,1.59626665871387,1.56434132553959,31.9253331742773,0.944093258626198,0.970084259972121,0.98683992790389,0.825189075722589,0.829072138783608,0.960005441285478,42,0.549,0,S1,E6_ablation,A4,-0.1138,-0.164
0.1,0.0192870260421739,409,3189,5000,3967,3992,-0.000214387964166699,0.0152490123103621,0.0318866946206881,0.0150457820538459,0.0321010825848548,2.11919974778912,0.79218600278302,0.795913764450452,0.079218600278302,0.636317915437084,0,0,6,7959,0.7934,0.7984,0.7959,0.7959,0.2041,0.103100579783211,0.798847695390782,0.0818,0.6378,0.1,0.799480978792265,0.0940185400519661,0.112950553865164,0.786128008634046,0.810992779212273,0.074520775580739,0.0897213303261067,0.624376594209412,0.65101182713453,0.781954698113907,0.804394814384734,0.787052472774518,0.809289362704672,1,V2,moderate,0.1,0,A5,1.5,30,20,10,1,1,R1,1,0.1,1,0.2,rational,Gaussian,matched,42,420027,30,20,10.6417777247591,1.06417777247591,1.59626665871387,1.56434132553959,31.9253331742773,0.944093258626198,0.970084259972121,0.98683992790389,0.825189075722589,0.829072138783608,0.960005441285478,42,0.6378,0,S1,E6_ablation,A4,-0.13,-0.164
0.01,0.0350109455101907,46,1673,5000,3967,3940,-0.000214387964166699,0.0152490123103621,0.0319384725950114,0.0150643441028967,0.0321528605591781,2.12132655364358,0.79218600278302,0.788578648489179,0.0079218600278302,0.330237266280271,0,0,6,7907,0.7934,0.788,0.7907,0.7907,0.2093,0.0115956642298966,0.424619289340102,0.0092,0.3346,0.01,0.418775307844012,0.00870497034871839,0.0154313392507986,0.409266092693881,0.440119333621501,0.00690473854824771,0.0122488376810204,0.321652595900694,0.347801359902731,0.781954698113907,0.804394814384734,0.776452026695729,0.799105776983918,0,V2,moderate,0.01,0,A5,1.5,30,20,10,1,1,R1,1,0.5,1,0.2,rational,Gaussian,matched,42,420027,30,20,10.6417777247591,1.06417777247591,1.59626665871387,1.56434132553959,31.9253331742773,0.944093258626198,0.92001796875034,0.935908872470481,0.825189075722589,0.821431436298161,0.960005441285478,42,0.3346,0,S2,E6_ablation,A4,-0.0696,-0.1744
0.05,0.0247546299278998,203,2714,5000,3967,3940,-0.000214387964166699,0.0152490123103621,0.0319384725950114,0.0150643441028967,0.0321528605591781,2.12132655364358,0.79218600278302,0.788578648489179,0.039609300139151,0.538700977535737,0,0,6,7907,0.7934,0.788,0.7907,0.7907,0.2093,0.0511721704058482,0.688832487309645,0.0406,0.5428,0.05,0.683129043080005,0.0447390541297368,0.0584736938661032,0.674198236239545,0.703098877637074,0.0354729345989626,0.0464324299481559,0.528964234737052,0.556570049976451,0.781954698113907,0.804394814384734,0.776452026695729,0.799105776983918,1,V2,moderate,0.05,0,A5,1.5,30,20,10,1,1,R1,1,0.5,1,0.2,rational,Gaussian,matched,42,420027,30,20,10.6417777247591,1.06417777247591,1.59626665871387,1.56434132553959,31.9253331742773,0.944093258626198,0.92001796875034,0.935908872470481,0.825189075722589,0.821431436298161,0.960005441285478,42,0.5428,0,S2,E6_ablation,A4,-0.12,-0.1744
0.1,0.0192870260421739,409,3150,5000,3967,3940,-0.000214387964166699,0.0152490123103621,0.0319384725950114,0.0150643441028967,0.0321528605591781,2.12132655364358,0.79218600278302,0.788578648489179,0.079218600278302,0.630453629748811,0,0,6,7907,0.7934,0.788,0.7907,0.7907,0.2093,0.103100579783211,0.799492385786802,0.0818,0.63,0.1,0.799480978792265,0.0940185400519661,0.112950553865164,0.786701552726726,0.811699783798018,0.074520775580739,0.0897213303261067,0.616522557561833,0.643277839932452,0.781954698113907,0.804394814384734,0.776452026695729,0.799105776983918,1,V2,moderate,0.1,0,A5,1.5,30,20,10,1,1,R1,1,0.5,1,0.2,rational,Gaussian,matched,42,420027,30,20,10.6417777247591,1.06417777247591,1.59626665871387,1.56434132553959,31.9253331742773,0.944093258626198,0.92001796875034,0.935908872470481,0.825189075722589,0.821431436298161,0.960005441285478,42,0.63,0,S2,E6_ablation,A4,-0.1378,-0.1744
0.01,0.0350109455101907,46,1630,5000,3967,3842,-0.000214387964166699,0.0152490123103621,0.0319317351898354,0.0150443300089642,0.0321461231540021,2.1222741988701,0.79218600278302,0.769124276386854,0.0079218600278302,0.322090255614207,0,0,6,7809,0.7934,0.7684,0.7809,0.7809,0.2191,0.0115956642298966,0.424258198854763,0.0092,0.326,0.01,0.418775307844012,0.00870497034871839,0.0154313392507986,0.408713657600414,0.439954051083951,0.00690473854824771,0.0122488376810204,0.313145108872386,0.339122051404494,0.781954698113907,0.804394814384734,0.756503619430002,0.779884278165892,0,V2,moderate,0.01,0,A5,1.5,30,20,10,1,1,R1,1,1.5,1,0.2,rational,Gaussian,matched,42,420027,30,20,10.6417777247591,1.06417777247591,1.59626665871387,1.56434132553959,31.9253331742773,0.944093258626198,0.805867123448594,0.819786369925207,0.825189075722589,0.801166580219558,0.960005441285478,42,0.326,0,S3,E6_ablation,A4,-0.0782,-0.194
0.05,0.0247546299278998,203,2648,5000,3967,3842,-0.000214387964166699,0.0152490123103621,0.0319317351898354,0.0150443300089642,0.0321461231540021,2.1222741988701,0.79218600278302,0.769124276386854,0.039609300139151,0.525411130937753,0,0,6,7809,0.7934,0.7684,0.7809,0.7809,0.2191,0.0511721704058482,0.689224362311296,0.0406,0.5296,0.05,0.683129043080005,0.0447390541297368,0.0584736938661032,0.674407100990262,0.703663606179727,0.0354729345989626,0.0464324299481559,0.515747837389305,0.543406714655547,0.781954698113907,0.804394814384734,0.756503619430002,0.779884278165892,1,V2,moderate,0.05,0,A5,1.5,30,20,10,1,1,R1,1,1.5,1,0.2,rational,Gaussian,matched,42,420027,30,20,10.6417777247591,1.06417777247591,1.59626665871387,1.56434132553959,31.9253331742773,0.944093258626198,0.805867123448594,0.819786369925207,0.825189075722589,0.801166580219558,0.960005441285478,42,0.5296,0,S3,E6_ablation,A4,-0.1332,-0.194
0.1,0.0192870260421739,409,3071,5000,3967,3842,-0.000214387964166699,0.0152490123103621,0.0319317351898354,0.0150443300089642,0.0321461231540021,2.1222741988701,0.79218600278302,0.769124276386854,0.079218600278302,0.614900229298655,0,0,6,7809,0.7934,0.7684,0.7809,0.7809,0.2191,0.103100579783211,0.799323269130661,0.0818,0.6142,0.1,0.799480978792265,0.0940185400519661,0.112950553865164,0.786362842490725,0.811685731437042,0.074520775580739,0.0897213303261067,0.600624516155212,0.627600140720537,0.781954698113907,0.804394814384734,0.756503619430002,0.779884278165892,1,V2,moderate,0.1,0,A5,1.5,30,20,10,1,1,R1,1,1.5,1,0.2,rational,Gaussian,matched,42,420027,30,20,10.6417777247591,1.06417777247591,1.59626665871387,1.56434132553959,31.9253331742773,0.944093258626198,0.805867123448594,0.819786369925207,0.825189075722589,0.801166580219558,0.960005441285478,42,0.6142,0,S3,E6_ablation,A4,-0.1536,-0.194
0.01,0,0,5000,5000,5000,5000,0,0,0.0346410161513766,9.09086014559188e-16,0.0346410161513766,53889064479137.5,1,1,0,1,0,0,1,10000,1,1,1,1,0,0,1,0,1,0,1,0,0.000767701945057125,0.999232298054943,1,0,0.000767701945057125,0.999232298054943,1,0.999232298054943,1,0.999232298054943,1,1,V0,all,0.01,0,A0,1.5,30,30,0,0,0,R0,0,0.5,1,0.2,rational,Gaussian,matched,42,420028,30,30,0,1,1.73205080756888,1.6974097914175,34.6410161513775,0.739008344562721,0.651350539581434,0.846481724890614,1,1,1,42,1,0,S2,E6_ablation,,NaN,NaN
0.05,0,0,5000,5000,5000,5000,0,0,0.0346410161513766,9.09086014559188e-16,0.0346410161513766,53889064479137.5,1,1,0,1,0,0,1,10000,1,1,1,1,0,0,1,0,1,0,1,0,0.000767701945057125,0.999232298054943,1,0,0.000767701945057125,0.999232298054943,1,0.999232298054943,1,0.999232298054943,1,1,V0,all,0.05,0,A0,1.5,30,30,0,0,0,R0,0,0.5,1,0.2,rational,Gaussian,matched,42,420028,30,30,0,1,1.73205080756888,1.6974097914175,34.6410161513775,0.739008344562721,0.651350539581434,0.846481724890614,1,1,1,42,1,0,S2,E6_ablation,,NaN,NaN
0.1,0,0,5000,5000,5000,5000,0,0,0.0346410161513766,9.09086014559188e-16,0.0346410161513766,53889064479137.5,1,1,0,1,0,0,1,10000,1,1,1,1,0,0,1,0,1,0,1,0,0.000767701945057125,0.999232298054943,1,0,0.000767701945057125,0.999232298054943,1,0.999232298054943,1,0.999232298054943,1,1,V0,all,0.1,0,A0,1.5,30,30,0,0,0,R0,0,0.5,1,0.2,rational,Gaussian,matched,42,420028,30,30,0,1,1.73205080756888,1.6974097914175,34.6410161513775,0.739008344562721,0.651350539581434,0.846481724890614,1,1,1,42,1,0,S2,E6_ablation,,NaN,NaN
0.01,0.0232634787404084,56,4354,5000,5000,5000,0.000112444356115475,0.0099937673110761,0.0344932882930014,0.00995135902901971,0.0343808439368859,3.44753556675551,1,1,0.01,0.872388336990839,0,0,1,10000,1,1,1,1,0,0.0112,0.8708,0.0112,0.8708,0.01,0.872388336990839,0.00863539287572245,0.0145151125457654,0.861217317371184,0.879813354866362,0.00863539287572245,0.0145151125457654,0.861217317371184,0.879813354866362,0.999232298054943,1,0.999232298054943,1,1,V0,all,0.01,0,A1,1.5,30,30,10,0,0,R0,0,0.5,1,0.2,rational,Gaussian,matched,42,420028,30,30,10,1,1.73205080756888,1.6974097914175,34.6410161513775,0.739008344562721,0.651350539581434,0.846481724890614,1,1,1,42,0.8708,0,S2,E6_ablation,A0,-0.1292,0
0.05,0.0164485362695147,241,4826,5000,5000,5000,0.000112444356115475,0.0099937673110761,0.0344932882930014,0.00995135902901971,0.0343808439368859,3.44753556675551,1,1,0.05,0.965563197715056,0,0,1,10000,1,1,1,1,0,0.0482,0.9652,0.0482,0.9652,0.05,0.965563197715056,0.0426021037376601,0.0544915917398936,0.959752299733579,0.969933430376739,0.0426021037376601,0.0544915917398936,0.959752299733579,0.969933430376739,0.999232298054943,1,0.999232298054943,1,1,V0,all,0.05,0,A1,1.5,30,30,10,0,0,R0,0,0.5,1,0.2,rational,Gaussian,matched,42,420028,30,30,10,1,1.73205080756888,1.6974097914175,34.6410161513775,0.739008344562721,0.651350539581434,0.846481724890614,1,1,1,42,0.9652,0,S2,E6_ablation,A0,-0.0348000000000001,0
0.1,0.012815515655446,525,4924,5000,5000,5000,0.000112444356115475,0.0099937673110761,0.0344932882930014,0.00995135902901971,0.0343808439368859,3.44753556675551,1,1,0.1,0.98546551916539,0,0,1,10000,1,1,1,1,0,0.105,0.9848,0.105,0.9848,0.1,0.98546551916539,0.0968040219417014,0.113802462594894,0.98101750739618,0.987838128797893,0.0968040219417014,0.113802462594894,0.98101750739618,0.987838128797893,0.999232298054943,1,0.999232298054943,1,1,V0,all,0.1,0,A1,1.5,30,30,10,0,0,R0,0,0.5,1,0.2,rational,Gaussian,matched,42,420028,30,30,10,1,1.73205080756888,1.6974097914175,34.6410161513775,0.739008344562721,0.651350539581434,0.846481724890614,1,1,1,42,0.9848,0,S2,E6_ablation,A0,-0.0152,0
0.01,0.0290793484255105,56,3308,5000,5000,5000,0.000140555445144344,0.0124922091388451,0.0344563563284073,0.0124391987862746,0.034315800883263,2.75281070502924,1,1,0.01,0.671816064229424,0,0,1,10000,1,1,1,1,0,0.0112,0.6616,0.0112,0.6616,0.01,0.671816064229424,0.00863539287572245,0.0145151125457654,0.648365154537952,0.674586724193406,0.00863539287572245,0.0145151125457654,0.648365154537952,0.674586724193406,0.999232298054943,1,0.999232298054943,1,1,V0,all,0.01,0,A2,1.5,30,30,10,1,1,R0,0,0.5,1,0.2,rational,Gaussian,matched,42,420028,30,30,12.5,1.25,1.73205080756888,1.6974097914175,34.6410161513775,0.739008344562721,0.651350539581434,0.846481724890614,1,1,1,42,0.6616,0,S2,E6_ablation,A1,-0.2092,0
0.05,0.0205606703368934,241,4345,5000,5000,5000,0.000140555445144344,0.0124922091388451,0.0344563563284073,0.0124391987862746,0.034315800883263,2.75281070502924,1,1,0.05,0.870007728878439,0,0,1,10000,1,1,1,1,0,0.0482,0.869,0.0482,0.869,0.05,0.870007728878439,0.0426021037376601,0.0544915917398936,0.859363928536075,0.878069507428473,0.0426021037376601,0.0544915917398936,0.859363928536075,0.878069507428473,0.999232298054943,1,0.999232298054943,1,1,V0,all,0.05,0,A2,1.5,30,30,10,1,1,R0,0,0.5,1,0.2,rational,Gaussian,matched,42,420028,30,30,12.5,1.25,1.73205080756888,1.6974097914175,34.6410161513775,0.739008344562721,0.651350539581434,0.846481724890614,1,1,1,42,0.869,0,S2,E6_ablation,A1,-0.0962,0
0.1,0.0160193945693075,525,4676,5000,5000,5000,0.000140555445144344,0.0124922091388451,0.0344563563284073,0.0124391987862746,0.034315800883263,2.75281070502924,1,1,0.1,0.931852342454104,0,0,1,10000,1,1,1,1,0,0.105,0.9352,0.105,0.9352,0.1,0.931852342454104,0.0968040219417014,0.113802462594894,0.928036906417275,0.941694885809747,0.0968040219417014,0.113802462594894,0.928036906417275,0.941694885809747,0.999232298054943,1,0.999232298054943,1,1,V0,all,0.1,0,A2,1.5,30,30,10,1,1,R0,0,0.5,1,0.2,rational,Gaussian,matched,42,420028,30,30,12.5,1.25,1.73205080756888,1.6974097914175,34.6410161513775,0.739008344562721,0.651350539581434,0.846481724890614,1,1,1,42,0.9352,0,S2,E6_ablation,A1,-0.0496,0
0.01,0.0411244089283297,53,1758,5000,5000,5000,2.77510526907405e-06,0.0177033481139423,0.0344434603969146,0.0176625208578967,0.0344406852916456,1.94767799256272,1,1,0.01,0.356900485643095,0,0,1,10000,1,1,1,1,0,0.0106,0.3516,0.0106,0.3516,0.01,0.356900485643095,0.00811345161522002,0.0138379750486019,0.338483972189006,0.364943881748287,0.00811345161522002,0.0138379750486019,0.338483972189006,0.364943881748287,0.999232298054943,1,0.999232298054943,1,1,V0,all,0.01,0,A3,1.5,30,30,10,1,1,R1,0,0.5,1,0.2,rational,Gaussian,matched,42,420028,30,30,12.5,1.25,1.73205080756888,1.6974097914175,34.6410161513775,0.739008344562721,0.651350539581434,0.846481724890614,1,1,1,42,0.3516,0,S2,E6_ablation,A2,-0.31,0
0.05,0.0290771788419169,235,3057,5000,5000,5000,2.77510526907405e-06,0.0177033481139423,0.0344434603969146,0.0176625208578967,0.0344406852916456,1.94767799256272,1,1,0.05,0.623519768701105,0,0,1,10000,1,1,1,1,0,0.047,0.6114,0.047,0.6114,0.05,0.623519768701105,0.0414734961677938,0.053222041794428,0.597808714424533,0.624820241582109,0.0414734961677938,0.053222041794428,0.597808714424533,0.624820241582109,0.999232298054943,1,0.999232298054943,1,1,V0,all,0.05,0,A3,1.5,30,30,10,1,1,R1,0,0.5,1,0.2,rational,Gaussian,matched,42,420028,30,30,12.5,1.25,1.73205080756888,1.6974097914175,34.6410161513775,0.739008344562721,0.651350539581434,0.846481724890614,1,1,1,42,0.6114,0,S2,E6_ablation,A2,-0.2576,0
0.1,0.0226548450609206,464,3763,5000,5000,5000,2.77510526907405e-06,0.0177033481139423,0.0344434603969146,0.0176625208578967,0.0344406852916456,1.94767799256272,1,1,0.1,0.751126906640806,0,0,1,10000,1,1,1,1,0,0.0928,0.7526,0.0928,0.7526,0.1,0.751126906640806,0.0850671661627863,0.101158050301268,0.740448715984471,0.764363440992887,0.0850671661627863,0.101158050301268,0.740448715984471,0.764363440992887,0.999232298054943,1,0.999232298054943,1,1,V0,all,0.1,0,A3,1.5,30,30,10,1,1,R1,0,0.5,1,0.2,rational,Gaussian,matched,42,420028,30,30,12.5,1.25,1.73205080756888,1.6974097914175,34.6410161513775,0.739008344562721,0.651350539581434,0.846481724890614,1,1,1,42,0.7526,0,S2,E6_ablation,A2,-0.1826,0
0.01,0.0411244089283297,52,1614,5000,4565,4545,-2.63447107394293e-06,0.0177974506638569,0.0345864018725175,0.0175003265022507,0.0345890363435914,1.95977275354224,0.909152456484256,0.909152456484256,0.00909152456484256,0.324476953242844,0,0,6,9110,0.913,0.909,0.911,0.911,0.089,0.0113910186199343,0.355115511551155,0.0104,0.3228,0.01,0.356900485643095,0.00869745678424936,0.0149062203826379,0.341330646544738,0.369145084051193,0.00793996463634238,0.0136117691082576,0.309980795604795,0.335891277964533,0.904867578528283,0.9204982996651,0.900710915737424,0.916661104071519,1,V2,moderate,0.01,0,A4,1.5,30,30,10,1,1,R1,0,0.5,1,0.2,rational,Gaussian,matched,42,420028,30,30,12.5,1.25,1.73205080756888,1.6974097914175,34.6410161513775,0.739008344562721,0.651350539581434,0.846481724890614,1,1,0.909152456484256,42,0.3228,0,S2,E6_ablation,A3,-0.0288,-0.091
0.05,0.0290771788419169,217,2796,5000,4565,4545,-2.63447107394293e-06,0.0177974506638569,0.0345864018725175,0.0175003265022507,0.0345890363435914,1.95977275354224,0.909152456484256,0.909152456484256,0.0454576228242128,0.566874529381105,0,0,6,9110,0.913,0.909,0.911,0.911,0.089,0.0475355969331873,0.615181518151815,0.0434,0.5592,0.05,0.623519768701105,0.0417343984031355,0.0540976550325093,0.600944633853608,0.629223862779695,0.0380941093753608,0.0494069560408654,0.545398206860314,0.572910897229391,0.904867578528283,0.9204982996651,0.900710915737424,0.916661104071519,1,V2,moderate,0.05,0,A4,1.5,30,30,10,1,1,R1,0,0.5,1,0.2,rational,Gaussian,matched,42,420028,30,30,12.5,1.25,1.73205080756888,1.6974097914175,34.6410161513775,0.739008344562721,0.651350539581434,0.846481724890614,1,1,0.909152456484256,42,0.5592,0,S2,E6_ablation,A3,-0.0522,-0.091
0.1,0.0226548450609206,426,3442,5000,4565,4545,-2.63447107394293e-06,0.0177974506638569,0.0345864018725175,0.0175003265022507,0.0345890363435914,1.95977275354224,0.909152456484256,0.909152456484256,0.0909152456484256,0.682888872303909,0,0,6,9110,0.913,0.909,0.911,0.911,0.089,0.0933187294633078,0.757315731573157,0.0852,0.6884,0.1,0.751126906640806,0.0852192865826545,0.102102043460083,0.744638287013365,0.769558574137825,0.0777765546000023,0.0932603309336171,0.675421925710309,0.701088804196794,0.904867578528283,0.9204982996651,0.900710915737424,0.916661104071519,1,V2,moderate,0.1,0,A4,1.5,30,30,10,1,1,R1,0,0.5,1,0.2,rational,Gaussian,matched,42,420028,30,30,12.5,1.25,1.73205080756888,1.6974097914175,34.6410161513775,0.739008344562721,0.651350539581434,0.846481724890614,1,1,0.909152456484256,42,0.6884,0,S2,E6_ablation,A3,-0.0642,-0.091
0.01,0.0411244089283297,46,1287,5000,3626,3633,-2.38641656527294e-05,0.0177974753264019,0.0345169563406358,0.0175509824182905,0.0345408205062885,1.95425673146079,0.715511481566694,0.721597747136552,0.00715511481566694,0.257538586391999,0,0,6,7259,0.7252,0.7266,0.7259,0.7259,0.2741,0.0126861555432984,0.354252683732453,0.0092,0.2574,0.01,0.356900485643095,0.00952473382454668,0.0168790251021124,0.338861475182951,0.369951787096731,0.00690473854824771,0.0122488376810204,0.245471077982608,0.269701411001134,0.712656934010466,0.73739729303348,0.714075487047176,0.738776590431324,0,V2,moderate,0.01,0,A5,1.5,30,30,10,1,1,R1,1,0,1,0.2,rational,Gaussian,matched,42,420028,30,30,12.5,1.25,1.73205080756888,1.6974097914175,34.6410161513775,0.739008344562721,0.769479742360184,1,0.787009347512097,0.79370378641115,0.909152456484256,42,0.2574,0,S0,E6_ablation,A4,-0.0654,-0.1824
0.05,0.0290771788419169,176,2226,5000,3626,3633,-2.38641656527294e-05,0.0177974753264019,0.0345169563406358,0.0175509824182905,0.0345408205062885,1.95425673146079,0.715511481566694,0.721597747136552,0.0357755740783347,0.449930460389822,0,0,6,7259,0.7252,0.7266,0.7259,0.7259,0.2741,0.04853833425262,0.61271676300578,0.0352,0.4452,0.05,0.623519768701105,0.0420087596315552,0.0560234720396055,0.596765462608709,0.628429946449781,0.0304383103860638,0.0406753453420613,0.431471746304756,0.459012393828422,0.712656934010466,0.73739729303348,0.714075487047176,0.738776590431324,0,V2,moderate,0.05,0,A5,1.5,30,30,10,1,1,R1,1,0,1,0.2,rational,Gaussian,matched,42,420028,30,30,12.5,1.25,1.73205080756888,1.6974097914175,34.6410161513775,0.739008344562721,0.769479742360184,1,0.787009347512097,0.79370378641115,0.909152456484256,42,0.4452,0,S0,E6_ablation,A4,-0.114,-0.1824
0.1,0.0226548450609206,330,2743,5000,3626,3633,-2.38641656527294e-05,0.0177974753264019,0.0345169563406358,0.0175509824182905,0.0345408205062885,1.95425673146079,0.715511481566694,0.721597747136552,0.0715511481566694,0.542011483645653,0,0,6,7259,0.7252,0.7266,0.7259,0.7259,0.2741,0.0910093767236624,0.755023396641894,0.066,0.5486,0.1,0.751126906640806,0.0820754120941057,0.100809010366695,0.740773964546171,0.768734085497029,0.0594458588260475,0.073220506462262,0.534774520951454,0.562350858419487,0.712656934010466,0.73739729303348,0.714075487047176,0.738776590431324,1,V2,moderate,0.1,0,A5,1.5,30,30,10,1,1,R1,1,0,1,0.2,rational,Gaussian,matched,42,420028,30,30,12.5,1.25,1.73205080756888,1.6974097914175,34.6410161513775,0.739008344562721,0.769479742360184,1,0.787009347512097,0.79370378641115,0.909152456484256,42,0.5486,0,S0,E6_ablation,A4,-0.1398,-0.1824
0.01,0.0411244089283297,46,1277,5000,3626,3603,-2.38641656527294e-05,0.0177974753264019,0.0345008806413502,0.0175769200644047,0.034524744807003,1.95192445787139,0.715511481566694,0.716587059719317,0.00715511481566694,0.255750269619382,0,0,6,7229,0.7252,0.7206,0.7229,0.7229,0.2771,0.0126861555432984,0.354426866500139,0.0092,0.2554,0.01,0.356900485643095,0.00952473382454668,0.0168790251021124,0.338970502623665,0.370193315088748,0.00690473854824771,0.0122488376810204,0.243503501470865,0.267672058320657,0.712656934010466,0.73739729303348,0.707997043559129,0.732864246342712,0,V2,moderate,0.01,0,A5,1.5,30,30,10,1,1,R1,1,0.1,1,0.2,rational,Gaussian,matched,42,420028,30,30,12.5,1.25,1.73205080756888,1.6974097914175,34.6410161513775,0.739008344562721,0.744253195805516,0.967216100482006,0.787009347512097,0.788192403384576,0.909152456484256,42,0.2554,0,S1,E6_ablation,A4,-0.0674,-0.1884
0.05,0.0290771788419169,176,2208,5000,3626,3603,-2.38641656527294e-05,0.0177974753264019,0.0345008806413502,0.0175769200644047,0.034524744807003,1.95192445787139,0.715511481566694,0.716587059719317,0.0357755740783347,0.446806197730393,0,0,6,7229,0.7252,0.7206,0.7229,0.7229,0.2771,0.04853833425262,0.612822647793505,0.0352,0.4416,0.05,0.623519768701105,0.0420087596315552,0.0560234720396055,0.596805333513102,0.628599639031996,0.0304383103860638,0.0406753453420613,0.427885865707736,0.455403801879447,0.712656934010466,0.73739729303348,0.707997043559129,0.732864246342712,0,V2,moderate,0.05,0,A5,1.5,30,30,10,1,1,R1,1,0.1,1,0.2,rational,Gaussian,matched,42,420028,30,30,12.5,1.25,1.73205080756888,1.6974097914175,34.6410161513775,0.739008344562721,0.744253195805516,0.967216100482006,0.787009347512097,0.788192403384576,0.909152456484256,42,0.4416,0,S1,E6_ablation,A4,-0.1176,-0.1884
0.1,0.0226548450609206,330,2719,5000,3626,3603,-2.38641656527294e-05,0.0177974753264019,0.0345008806413502,0.0175769200644047,0.034524744807003,1.95192445787139,0.715511481566694,0.716587059719317,0.0715511481566694,0.538247821505801,0,0,6,7229,0.7252,0.7206,0.7229,0.7229,0.2771,0.0910093767236624,0.754648903691368,0.066,0.5438,0.1,0.751126906640806,0.0820754120941057,0.100809010366695,0.740332358025539,0.768423022811183,0.0594458588260475,0.073220506462262,0.529965873692572,0.557566875617041,0.712656934010466,0.73739729303348,0.707997043559129,0.732864246342712,1,V2,moderate,0.1,0,A5,1.5,30,30,10,1,1,R1,1,0.1,1,0.2,rational,Gaussian,matched,42,420028,30,30,12.5,1.25,1.73205080756888,1.6974097914175,34.6410161513775,0.739008344562721,0.744253195805516,0.967216100482006,0.787009347512097,0.788192403384576,0.909152456484256,42,0.5438,0,S1,E6_ablation,A4,-0.1446,-0.1884
0.01,0.0411244089283297,46,1245,5000,3626,3498,-2.38641656527294e-05,0.0177974753264019,0.034529824115661,0.0176212771608668,0.0345536882813137,1.95112804936506,0.715511481566694,0.695573580518255,0.00715511481566694,0.248250548687472,0,0,6,7124,0.7252,0.6996,0.7124,0.7124,0.2876,0.0126861555432984,0.355917667238422,0.0092,0.249,0.01,0.356900485643095,0.00952473382454668,0.0168790251021124,0.340217048436279,0.371934397637621,0.00690473854824771,0.0122488376810204,0.237209512196147,0.261175874180271,0.712656934010466,0.73739729303348,0.686743869447923,0.71214966393561,0,V2,moderate,0.01,0,A5,1.5,30,30,10,1,1,R1,1,0.5,1,0.2,rational,Gaussian,matched,42,420028,30,30,12.5,1.25,1.73205080756888,1.6974097914175,34.6410161513775,0.739008344562721,0.651350539581434,0.846481724890614,0.787009347512097,0.765079141080559,0.909152456484256,42,0.249,0,S2,E6_ablation,A4,-0.0738,-0.2094
0.05,0.0290771788419169,176,2147,5000,3626,3498,-2.38641656527294e-05,0.0177974753264019,0.034529824115661,0.0176212771608668,0.0345536882813137,1.95112804936506,0.715511481566694,0.695573580518255,0.0357755740783347,0.433703878039342,0,0,6,7124,0.7252,0.6996,0.7124,0.7124,0.2876,0.04853833425262,0.613779302458548,0.0352,0.4294,0.05,0.623519768701105,0.0420087596315552,0.0560234720396055,0.597528113693551,0.629780863414757,0.0304383103860638,0.0406753453420613,0.415739174383261,0.443169225131381,0.712656934010466,0.73739729303348,0.686743869447923,0.71214966393561,0,V2,moderate,0.05,0,A5,1.5,30,30,10,1,1,R1,1,0.5,1,0.2,rational,Gaussian,matched,42,420028,30,30,12.5,1.25,1.73205080756888,1.6974097914175,34.6410161513775,0.739008344562721,0.651350539581434,0.846481724890614,0.787009347512097,0.765079141080559,0.909152456484256,42,0.4294,0,S2,E6_ablation,A4,-0.1298,-0.2094
0.1,0.0226548450609206,330,2638,5000,3626,3498,-2.38641656527294e-05,0.0177974753264019,0.034529824115661,0.0176212771608668,0.0345536882813137,1.95112804936506,0.715511481566694,0.695573580518255,0.0715511481566694,0.522464031875746,0,0,6,7124,0.7252,0.6996,0.7124,0.7124,0.2876,0.0910093767236624,0.754145225843339,0.066,0.5276,0.1,0.751126906640806,0.0820754120941057,0.100809010366695,0.739602160265733,0.768130705687249,0.0594458588260475,0.073220506462262,0.51374620029948,0.541411422553152,0.712656934010466,0.73739729303348,0.686743869447923,0.71214966393561,1,V2,moderate,0.1,0,A5,1.5,30,30,10,1,1,R1,1,0.5,1,0.2,rational,Gaussian,matched,42,420028,30,30,12.5,1.25,1.73205080756888,1.6974097914175,34.6410161513775,0.739008344562721,0.651350539581434,0.846481724890614,0.787009347512097,0.765079141080559,0.909152456484256,42,0.5276,0,S2,E6_ablation,A4,-0.1608,-0.2094
0.01,0.0411244089283297,46,1152,5000,3626,3198,-2.38641656527294e-05,0.0177974753264019,0.034683582133362,0.0176725960726411,0.0347074462990148,1.95698682453922,0.715511481566694,0.636425696863415,0.00715511481566694,0.227140640286298,0,0,6,6824,0.7252,0.6396,0.6824,0.6824,0.3176,0.0126861555432984,0.360225140712946,0.0092,0.2304,0.01,0.356900485643095,0.00952473382454668,0.0168790251021124,0.343763656840973,0.377022018684236,0.00690473854824771,0.0122488376810204,0.218937844248581,0.242276100640194,0.712656934010466,0.73739729303348,0.626189600869696,0.652796056747245,0,V2,moderate,0.01,0,A5,1.5,30,30,10,1,1,R1,1,1.5,1,0.2,rational,Gaussian,matched,42,420028,30,30,12.5,1.25,1.73205080756888,1.6974097914175,34.6410161513775,0.739008344562721,0.46671305576923,0.606530659712633,0.787009347512097,0.700020873643689,0.909152456484256,42,0.2304,0,S3,E6_ablation,A4,-0.0924,-0.2694
0.05,0.0290771788419169,176,1965,5000,3626,3198,-2.38641656527294e-05,0.0177974753264019,0.034683582133362,0.0176725960726411,0.0347074462990148,1.95698682453922,0.715511481566694,0.636425696863415,0.0357755740783347,0.396824003303716,0,0,6,6824,0.7252,0.6396,0.6824,0.6824,0.3176,0.04853833425262,0.614446529080675,0.0352,0.393,0.05,0.623519768701105,0.0420087596315552,0.0560234720396055,0.597449632803664,0.631168807370326,0.0304383103860638,0.0406753453420613,0.379549117308849,0.406615170907393,0.712656934010466,0.73739729303348,0.626189600869696,0.652796056747245,0,V2,moderate,0.05,0,A5,1.5,30,30,10,1,1,R1,1,1.5,1,0.2,rational,Gaussian,matched,42,420028,30,30,12.5,1.25,1.73205080756888,1.6974097914175,34.6410161513775,0.739008344562721,0.46671305576923,0.606530659712633,0.787009347512097,0.700020873643689,0.909152456484256,42,0.393,0,S3,E6_ablation,A4,-0.1662,-0.2694
0.1,0.0226548450609206,330,2423,5000,3626,3198,-2.38641656527294e-05,0.0177974753264019,0.034683582133362,0.0176725960726411,0.0347074462990148,1.95698682453922,0.715511481566694,0.636425696863415,0.0715511481566694,0.478036464991736,0,0,6,6824,0.7252,0.6396,0.6824,0.6824,0.3176,0.0910093767236624,0.757661038148843,0.066,0.4846,0.1,0.751126906640806,0.0820754120941057,0.100809010366695,0.74250652059349,0.772197290071449,0.0594458588260475,0.073220506462262,0.470764672800513,0.498458972419395,0.712656934010466,0.73739729303348,0.626189600869696,0.652796056747245,1,V2,moderate,0.1,0,A5,1.5,30,30,10,1,1,R1,1,1.5,1,0.2,rational,Gaussian,matched,42,420028,30,30,12.5,1.25,1.73205080756888,1.6974097914175,34.6410161513775,0.739008344562721,0.46671305576923,0.606530659712633,0.787009347512097,0.700020873643689,0.909152456484256,42,0.4846,0,S3,E6_ablation,A4,-0.2038,-0.2694
0.01,0,0,5000,5000,5000,5000,0,0,0.0391622186799692,7.42535905021627e-16,0.0391622186799692,74587289874178.4,1,1,0,1,0,0,1,10000,1,1,1,1,0,0,1,0,1,0,1,0,0.000767701945057125,0.999232298054943,1,0,0.000767701945057125,0.999232298054943,1,0.999232298054943,1,0.999232298054943,1,1,V0,all,0.01,0,A0,1.5,30,40,0,0,0,R0,0,0.5,1,0.2,rational,Gaussian,matched,42,420029,30,40,0,1,1.95811093399842,1.91894871531845,39.1622186799685,0.511469035905972,0.374521183762042,0.703249111156731,1,1,1,42,1,0,S2,E6_ablation,,NaN,NaN
0.05,0,0,5000,5000,5000,5000,0,0,0.0391622186799692,7.42535905021627e-16,0.0391622186799692,74587289874178.4,1,1,0,1,0,0,1,10000,1,1,1,1,0,0,1,0,1,0,1,0,0.000767701945057125,0.999232298054943,1,0,0.000767701945057125,0.999232298054943,1,0.999232298054943,1,0.999232298054943,1,1,V0,all,0.05,0,A0,1.5,30,40,0,0,0,R0,0,0.5,1,0.2,rational,Gaussian,matched,42,420029,30,40,0,1,1.95811093399842,1.91894871531845,39.1622186799685,0.511469035905972,0.374521183762042,0.703249111156731,1,1,1,42,1,0,S2,E6_ablation,,NaN,NaN
0.1,0,0,5000,5000,5000,5000,0,0,0.0391622186799692,7.42535905021627e-16,0.0391622186799692,74587289874178.4,1,1,0,1,0,0,1,10000,1,1,1,1,0,0,1,0,1,0,1,0,0.000767701945057125,0.999232298054943,1,0,0.000767701945057125,0.999232298054943,1,0.999232298054943,1,0.999232298054943,1,1,V0,all,0.1,0,A0,1.5,30,40,0,0,0,R0,0,0.5,1,0.2,rational,Gaussian,matched,42,420029,30,40,0,1,1.95811093399842,1.91894871531845,39.1622186799685,0.511469035905972,0.374521183762042,0.703249111156731,1,1,1,42,1,0,S2,E6_ablation,,NaN,NaN
0.01,0.0232634787404084,51,4723,5000,5000,5000,0.000123078754077094,0.00987470728369677,0.0392817456221597,0.010077685724389,0.0391586668680826,3.92500695939754,1,1,0.01,0.944068394646638,0,0,1,10000,1,1,1,1,0,0.0102,0.9446,0.0102,0.9446,0.01,0.944068394646638,0.00776673589879977,0.0133853049265782,0.93791116152374,0.950606197906716,0.00776673589879977,0.0133853049265782,0.93791116152374,0.950606197906716,0.999232298054943,1,0.999232298054943,1,1,V0,all,0.01,0,A1,1.5,30,40,10,0,0,R0,0,0.5,1,0.2,rational,Gaussian,matched,42,420029,30,40,10,1,1.95811093399842,1.91894871531845,39.1622186799685,0.511469035905972,0.374521183762042,0.703249111156731,1,1,1,42,0.9446,0,S2,E6_ablation,A0,-0.0554,0
0.05,0.0164485362695147,241,4932,5000,5000,5000,0.000123078754077094,0.00987470728369677,0.0392817456221597,0.010077685724389,0.0391586668680826,3.92500695939754,1,1,0.05,0.98843765234425,0,0,1,10000,1,1,1,1,0,0.0482,0.9864,0.0482,0.9864,0.05,0.98843765234425,0.0426021037376601,0.0544915917398936,0.982795771379468,0.989257408168381,0.0426021037376601,0.0544915917398936,0.982795771379468,0.989257408168381,0.999232298054943,1,0.999232298054943,1,1,V0,all,0.05,0,A1,1.5,30,40,10,0,0,R0,0,0.5,1,0.2,rational,Gaussian,matched,42,420029,30,40,10,1,1.95811093399842,1.91894871531845,39.1622186799685,0.511469035905972,0.374521183762042,0.703249111156731,1,1,1,42,0.9864,0,S2,E6_ablation,A0,-0.0135999999999999,0
0.1,0.012815515655446,487,4973,5000,5000,5000,0.000123078754077094,0.00987470728369677,0.0392817456221597,0.010077685724389,0.0391586668680826,3.92500695939754,1,1,0.1,0.995789047829156,0,0,1,10000,1,1,1,1,0,0.0974,0.9946,0.0974,0.9946,0.1,0.995789047829156,0.0894879641159508,0.105930189490209,0.992154530717688,0.996286058518262,0.0894879641159508,0.105930189490209,0.992154530717688,0.996286058518262,0.999232298054943,1,0.999232298054943,1,1,V0,all,0.1,0,A1,1.5,30,40,10,0,0,R0,0,0.5,1,0.2,rational,Gaussian,matched,42,420029,30,40,10,1,1.95811093399842,1.91894871531845,39.1622186799685,0.511469035905972,0.374521183762042,0.703249111156731,1,1,1,42,0.9946,0,S2,E6_ablation,A0,-0.00539999999999996,0
0.01,0.0371653306913278,51,2782,5000,5000,5000,0.000196628485678986,0.0157756613176337,0.0393531728524992,0.0160999361587147,0.0391565443668202,2.45670804095824,1,1,0.01,0.549735985947573,0,0,1,10000,1,1,1,1,0,0.0102,0.5564,0.0102,0.5564,0.01,0.549735985947573,0.00776673589879977,0.0133853049265782,0.542591334494392,0.570122068726205,0.00776673589879977,0.0133853049265782,0.542591334494392,0.570122068726205,0.999232298054943,1,0.999232298054943,1,1,V0,all,0.01,0,A2,1.5,30,40,10,1,1,R0,0,0.5,1,0.2,rational,Gaussian,matched,42,420029,30,40,15.9758267910173,1.59758267910173,1.95811093399842,1.91894871531845,39.1622186799685,0.511469035905972,0.374521183762042,0.703249111156731,1,1,1,42,0.5564,0,S2,E6_ablation,A1,-0.3882,0
0.05,0.0262778966407533,241,3962,5000,5000,5000,0.000196628485678986,0.0157756613176337,0.0393531728524992,0.0160999361587147,0.0391565443668202,2.45670804095824,1,1,0.05,0.790019408103291,0,0,1,10000,1,1,1,1,0,0.0482,0.7924,0.0482,0.7924,0.05,0.790019408103291,0.0426021037376601,0.0544915917398936,0.780935458154718,0.803415589747812,0.0426021037376601,0.0544915917398936,0.780935458154718,0.803415589747812,0.999232298054943,1,0.999232298054943,1,1,V0,all,0.05,0,A2,1.5,30,40,10,1,1,R0,0,0.5,1,0.2,rational,Gaussian,matched,42,420029,30,40,15.9758267910173,1.59758267910173,1.95811093399842,1.91894871531845,39.1622186799685,0.511469035905972,0.374521183762042,0.703249111156731,1,1,1,42,0.7924,0,S2,E6_ablation,A1,-0.194,0
0.1,0.0204738458348976,487,4406,5000,5000,5000,0.000196628485678986,0.0157756613176337,0.0393531728524992,0.0160999361587147,0.0391565443668202,2.45670804095824,1,1,0.1,0.878957386855078,0,0,1,10000,1,1,1,1,0,0.0974,0.8812,0.0974,0.8812,0.1,0.878957386855078,0.0894879641159508,0.105930189490209,0.871937752329908,0.889876951707181,0.0894879641159508,0.105930189490209,0.871937752329908,0.889876951707181,0.999232298054943,1,0.999232298054943,1,1,V0,all,0.1,0,A2,1.5,30,40,10,1,1,R0,0,0.5,1,0.2,rational,Gaussian,matched,42,420029,30,40,15.9758267910173,1.59758267910173,1.95811093399842,1.91894871531845,39.1622186799685,0.511469035905972,0.374521183762042,0.703249111156731,1,1,1,42,0.8812,0,S2,E6_ablation,A1,-0.1134,0
0.01,0.0525597147137569,52,1415,5000,5000,5000,-7.55337765921103e-05,0.0225897833013941,0.0393530325461221,0.0228559711940816,0.0394285663227142,1.73516274198459,1,1,0.01,0.276594869740094,0,0,1,10000,1,1,1,1,0,0.0104,0.283,0.0104,0.283,0.01,0.276594869740094,0.00793996463634238,0.0136117691082576,0.270684487250965,0.29564869539319,0.00793996463634238,0.0136117691082576,0.270684487250965,0.29564869539319,0.999232298054943,1,0.999232298054943,1,1,V0,all,0.01,0,A3,1.5,30,40,10,1,1,R1,0,0.5,1,0.2,rational,Gaussian,matched,42,420029,30,40,15.9758267910173,1.59758267910173,1.95811093399842,1.91894871531845,39.1622186799685,0.511469035905972,0.374521183762042,0.703249111156731,1,1,1,42,0.283,0,S2,E6_ablation,A2,-0.2734,0
0.05,0.0371625578199918,241,2709,5000,5000,5000,-7.55337765921103e-05,0.0225897833013941,0.0393530325461221,0.0228559711940816,0.0394285663227142,1.73516274198459,1,1,0.05,0.535263170661665,0,0,1,10000,1,1,1,1,0,0.0482,0.5418,0.0482,0.5418,0.05,0.535263170661665,0.0426021037376601,0.0544915917398936,0.527962651767664,0.555573168349729,0.0426021037376601,0.0544915917398936,0.527962651767664,0.555573168349729,0.999232298054943,1,0.999232298054943,1,1,V0,all,0.05,0,A3,1.5,30,40,10,1,1,R1,0,0.5,1,0.2,rational,Gaussian,matched,42,420029,30,40,15.9758267910173,1.59758267910173,1.95811093399842,1.91894871531845,39.1622186799685,0.511469035905972,0.374521183762042,0.703249111156731,1,1,1,42,0.5418,0,S2,E6_ablation,A2,-0.2506,0
0.1,0.0289543904536481,502,3369,5000,5000,5000,-7.55337765921103e-05,0.0225897833013941,0.0393530325461221,0.0228559711940816,0.0394285663227142,1.73516274198459,1,1,0.1,0.67429675760474,0,0,1,10000,1,1,1,1,0,0.1004,0.6738,0.1004,0.6738,0.1,0.67429675760474,0.0923741374429391,0.109039409951551,0.660676048155443,0.686657098648455,0.0923741374429391,0.109039409951551,0.660676048155443,0.686657098648455,0.999232298054943,1,0.999232298054943,1,1,V0,all,0.1,0,A3,1.5,30,40,10,1,1,R1,0,0.5,1,0.2,rational,Gaussian,matched,42,420029,30,40,15.9758267910173,1.59758267910173,1.95811093399842,1.91894871531845,39.1622186799685,0.511469035905972,0.374521183762042,0.703249111156731,1,1,1,42,0.6738,0,S2,E6_ablation,A2,-0.2074,0
0.01,0.0525597147137569,38,1148,5000,4161,4109,-0.000135242350299944,0.0225594945238141,0.0392469944008287,0.0228316530082104,0.0393822367511287,1.73520745835256,0.828355513014973,0.828355513014973,0.00828355513014973,0.229118885220865,0,0,6,8270,0.8322,0.8218,0.827,0.827,0.173,0.0091324200913242,0.2793867120954,0.0076,0.2296,0.01,0.276594869740094,0.00666089851037739,0.0125094491751506,0.265878263366756,0.293307273408139,0.00554222319009683,0.0104138096853954,0.218152666605526,0.241462506606361,0.821587876861123,0.842302061966581,0.810946966569829,0.832158940458332,1,V2,moderate,0.01,0,A4,1.5,30,40,10,1,1,R1,0,0.5,1,0.2,rational,Gaussian,matched,42,420029,30,40,15.9758267910173,1.59758267910173,1.95811093399842,1.91894871531845,39.1622186799685,0.511469035905972,0.374521183762042,0.703249111156731,1,1,0.828355513014973,42,0.2296,0,S2,E6_ablation,A3,-0.0534,-0.1782
0.05,0.0371625578199918,189,2222,5000,4161,4109,-0.000135242350299944,0.0225594945238141,0.0392469944008287,0.0228316530082104,0.0393822367511287,1.73520745835256,0.828355513014973,0.828355513014973,0.0414177756507486,0.443388198331464,0,0,6,8270,0.8322,0.8218,0.827,0.827,0.173,0.0454217736121125,0.540764176198589,0.0378,0.4444,0.05,0.535263170661665,0.0395032473043481,0.0521788641508177,0.525496087907445,0.555956115722125,0.0328587846422788,0.043450879035732,0.430674820736567,0.458210547719724,0.821587876861123,0.842302061966581,0.810946966569829,0.832158940458332,0,V2,moderate,0.05,0,A4,1.5,30,40,10,1,1,R1,0,0.5,1,0.2,rational,Gaussian,matched,42,420029,30,40,15.9758267910173,1.59758267910173,1.95811093399842,1.91894871531845,39.1622186799685,0.511469035905972,0.374521183762042,0.703249111156731,1,1,0.828355513014973,42,0.4444,0,S2,E6_ablation,A3,-0.0973999999999999,-0.1782
0.1,0.0289543904536481,412,2757,5000,4161,4109,-0.000135242350299944,0.0225594945238141,0.0392469944008287,0.0228316530082104,0.0393822367511287,1.73520745835256,0.828355513014973,0.828355513014973,0.0828355513014973,0.558557436570007,0,0,6,8270,0.8322,0.8218,0.827,0.827,0.173,0.099014659937515,0.670966171817961,0.0824,0.5514,0.1,0.67429675760474,0.0903059256439394,0.108463095219367,0.656445821913653,0.685167151517826,0.0750950492199433,0.0903461354445684,0.537580162566573,0.565140917673475,0.821587876861123,0.842302061966581,0.810946966569829,0.832158940458332,1,V2,moderate,0.1,0,A4,1.5,30,40,10,1,1,R1,0,0.5,1,0.2,rational,Gaussian,matched,42,420029,30,40,15.9758267910173,1.59758267910173,1.95811093399842,1.91894871531845,39.1622186799685,0.511469035905972,0.374521183762042,0.703249111156731,1,1,0.828355513014973,42,0.5514,0,S2,E6_ablation,A3,-0.1224,-0.1782
0.01,0.0525597147137569,29,817,5000,2980,2941,-1.43923948006257e-05,0.0225428449913202,0.0389873723020533,0.0230362603043855,0.039001764696854,1.71128763146877,0.595497729693409,0.602201373332262,0.00595497729693409,0.166565810414143,0,0,6,5921,0.596,0.5882,0.5921,0.5921,0.4079,0.00973154362416107,0.277796667800068,0.0058,0.1634,0.01,0.276594869740094,0.00678430986838216,0.013941140754298,0.261906466833921,0.294266584151511,0.00404145797025366,0.0083173386322408,0.153410873716631,0.173905943232782,0.582330132890779,0.60952246833577,0.574495649314798,0.601768928062094,0,V2,moderate,0.01,0,A5,1.5,30,40,10,1,1,R1,1,0,1,0.2,rational,Gaussian,matched,42,420029,30,40,15.9758267910173,1.59758267910173,1.95811093399842,1.91894871531845,39.1622186799685,0.511469035905972,0.532558346424378,1,0.718891490835826,0.726984204089406,0.828355513014973,42,0.1634,0,S0,E6_ablation,A4,-0.0662,-0.2336
0.05,0.0371625578199918,136,1573,5000,2980,2941,-1.43923948006257e-05,0.0225428449913202,0.0389873723020533,0.0230362603043855,0.039001764696854,1.71128763146877,0.595497729693409,0.602201373332262,0.0297748864846705,0.322336216466635,0,0,6,5921,0.596,0.5882,0.5921,0.5921,0.4079,0.0456375838926174,0.534852091125467,0.0272,0.3146,0.05,0.535263170661665,0.0387115134441952,0.0537335653669676,0.516791767237259,0.552821487963955,0.0230413256257065,0.0320846133335395,0.301875420778418,0.327609243102809,0.582330132890779,0.60952246833577,0.574495649314798,0.601768928062094,0,V2,moderate,0.05,0,A5,1.5,30,40,10,1,1,R1,1,0,1,0.2,rational,Gaussian,matched,42,420029,30,40,15.9758267910173,1.59758267910173,1.95811093399842,1.91894871531845,39.1622186799685,0.511469035905972,0.532558346424378,1,0.718891490835826,0.726984204089406,0.828355513014973,42,0.3146,0,S0,E6_ablation,A4,-0.1298,-0.2336
0.1,0.0289543904536481,297,1963,5000,2980,2941,-1.43923948006257e-05,0.0225428449913202,0.0389873723020533,0.0230362603043855,0.039001764696854,1.71128763146877,0.595497729693409,0.602201373332262,0.0595497729693409,0.406062433463066,0,0,6,5921,0.596,0.5882,0.5921,0.5921,0.4079,0.0996644295302013,0.667460047602856,0.0594,0.3926,0.1,0.67429675760474,0.0894193592456676,0.110940300297698,0.650224425724487,0.68425877609598,0.0531802635506412,0.0662962354033431,0.379151855238422,0.406213047139376,0.582330132890779,0.60952246833577,0.574495649314798,0.601768928062094,0,V2,moderate,0.1,0,A5,1.5,30,40,10,1,1,R1,1,0,1,0.2,rational,Gaussian,matched,42,420029,30,40,15.9758267910173,1.59758267910173,1.95811093399842,1.91894871531845,39.1622186799685,0.511469035905972,0.532558346424378,1,0.718891490835826,0.726984204089406,0.828355513014973,42,0.3926,0,S0,E6_ablation,A4,-0.1588,-0.2336
0.01,0.0525597147137569,29,792,5000,2980,2877,-1.43923948006257e-05,0.0225428449913202,0.0388692256568345,0.0230777646134243,0.0388836180516352,1.70453423176966,0.595497729693409,0.590442353518344,0.00595497729693409,0.163313325860441,0,0,6,5857,0.596,0.5754,0.5857,0.5857,0.4143,0.00973154362416107,0.275286757038582,0.0058,0.1584,0.01,0.276594869740094,0.00678430986838216,0.013941140754298,0.259273265354634,0.291899536591467,0.00404145797025366,0.0083173386322408,0.14854243029324,0.168782063675623,0.582330132890779,0.60952246833577,0.561646702591868,0.589037527954817,0,V2,moderate,0.01,0,A5,1.5,30,40,10,1,1,R1,1,0.1,1,0.2,rational,Gaussian,matched,42,420029,30,40,15.9758267910173,1.59758267910173,1.95811093399842,1.91894871531845,39.1622186799685,0.511469035905972,0.496351151628255,0.932012717406046,0.718891490835826,0.712788584419877,0.828355513014973,42,0.1584,0,S1,E6_ablation,A4,-0.0712,-0.2464
0.05,0.0371625578199918,136,1538,5000,2980,2877,-1.43923948006257e-05,0.0225428449913202,0.0388692256568345,0.0230777646134243,0.0388836180516352,1.70453423176966,0.595497729693409,0.590442353518344,0.0297748864846705,0.316042046237164,0,0,6,5857,0.596,0.5754,0.5857,0.5857,0.4143,0.0456375838926174,0.534584636774418,0.0272,0.3076,0.05,0.535263170661665,0.0387115134441952,0.0537335653669676,0.516323971898,0.552753067864355,0.0230413256257065,0.0320846133335395,0.294959871912157,0.320535539796301,0.582330132890779,0.60952246833577,0.561646702591868,0.589037527954817,0,V2,moderate,0.05,0,A5,1.5,30,40,10,1,1,R1,1,0.1,1,0.2,rational,Gaussian,matched,42,420029,30,40,15.9758267910173,1.59758267910173,1.95811093399842,1.91894871531845,39.1622186799685,0.511469035905972,0.496351151628255,0.932012717406046,0.718891490835826,0.712788584419877,0.828355513014973,42,0.3076,0,S1,E6_ablation,A4,-0.1368,-0.2464
0.1,0.0289543904536481,297,1914,5000,2980,2877,-1.43923948006257e-05,0.0225428449913202,0.0388692256568345,0.0230777646134243,0.0388836180516352,1.70453423176966,0.595497729693409,0.590442353518344,0.0595497729693409,0.398133364529931,0,0,6,5857,0.596,0.5754,0.5857,0.5857,0.4143,0.0996644295302013,0.665276329509906,0.0594,0.3828,0.1,0.67429675760474,0.0894193592456676,0.110940300297698,0.647822652528693,0.682289230958746,0.0531802635506412,0.0662962354033431,0.36942191799225,0.396358031343672,0.582330132890779,0.60952246833577,0.561646702591868,0.589037527954817,0,V2,moderate,0.1,0,A5,1.5,30,40,10,1,1,R1,1,0.1,1,0.2,rational,Gaussian,matched,42,420029,30,40,15.9758267910173,1.59758267910173,1.95811093399842,1.91894871531845,39.1622186799685,0.511469035905972,0.496351151628255,0.932012717406046,0.718891490835826,0.712788584419877,0.828355513014973,42,0.3828,0,S1,E6_ablation,A4,-0.1686,-0.2464
0.01,0.0525597147137569,29,736,5000,2980,2613,-1.43923948006257e-05,0.0225428449913202,0.0390476685231509,0.0231912362064093,0.0390620609179516,1.70805380868174,0.595497729693409,0.539991728901465,0.00595497729693409,0.149358941916229,0,0,6,5593,0.596,0.5226,0.5593,0.5593,0.4407,0.00973154362416107,0.281668580176043,0.0058,0.1472,0.01,0.276594869740094,0.00678430986838216,0.013941140754298,0.264751909707969,0.299226260939708,0.00404145797025366,0.0083173386322408,0.137650222020238,0.157291468472194,0.582330132890779,0.60952246833577,0.508743080728745,0.536422219143338,0,V2,moderate,0.01,0,A5,1.5,30,40,10,1,1,R1,1,0.5,1,0.2,rational,Gaussian,matched,42,420029,30,40,15.9758267910173,1.59758267910173,1.95811093399842,1.91894871531845,39.1622186799685,0.511469035905972,0.374521183762042,0.703249111156731,0.718891490835826,0.651884028556836,0.828355513014973,42,0.1472,0,S2,E6_ablation,A4,-0.0824,-0.2992
0.05,0.0371625578199918,136,1408,5000,2980,2613,-1.43923948006257e-05,0.0225428449913202,0.0390476685231509,0.0231912362064093,0.0390620609179516,1.70805380868174,0.595497729693409,0.539991728901465,0.0297748864846705,0.289037684942872,0,0,6,5593,0.596,0.5226,0.5593,0.5593,0.4407,0.0456375838926174,0.538844240336778,0.0272,0.2816,0.05,0.535263170661665,0.0387115134441952,0.0537335653669676,0.519687948228439,0.5578864876686,0.0230413256257065,0.0320846133335395,0.269304306970981,0.29423102523862,0.582330132890779,0.60952246833577,0.508743080728745,0.536422219143338,0,V2,moderate,0.05,0,A5,1.5,30,40,10,1,1,R1,1,0.5,1,0.2,rational,Gaussian,matched,42,420029,30,40,15.9758267910173,1.59758267910173,1.95811093399842,1.91894871531845,39.1622186799685,0.511469035905972,0.374521183762042,0.703249111156731,0.718891490835826,0.651884028556836,0.828355513014973,42,0.2816,0,S2,E6_ablation,A4,-0.1628,-0.2992
0.1,0.0289543904536481,297,1748,5000,2980,2613,-1.43923948006257e-05,0.0225428449913202,0.0390476685231509,0.0231912362064093,0.0390620609179516,1.70805380868174,0.595497729693409,0.539991728901465,0.0595497729693409,0.364114671931635,0,0,6,5593,0.596,0.5226,0.5593,0.5593,0.4407,0.0996644295302013,0.668962877918102,0.0594,0.3496,0.1,0.67429675760474,0.0894193592456676,0.110940300297698,0.650683013370378,0.686746675777826,0.0531802635506412,0.0662962354033431,0.33650284427489,0.362928080470183,0.582330132890779,0.60952246833577,0.508743080728745,0.536422219143338,0,V2,moderate,0.1,0,A5,1.5,30,40,10,1,1,R1,1,0.5,1,0.2,rational,Gaussian,matched,42,420029,30,40,15.9758267910173,1.59758267910173,1.95811093399842,1.91894871531845,39.1622186799685,0.511469035905972,0.374521183762042,0.703249111156731,0.718891490835826,0.651884028556836,0.828355513014973,42,0.3496,0,S2,E6_ablation,A4,-0.2018,-0.2992
0.01,0.0525597147137569,29,554,5000,2980,1962,-1.43923948006257e-05,0.0225428449913202,0.0391320505761382,0.023075534121285,0.0391464429709388,1.71614051694585,0.595497729693409,0.39828999565398,0.00595497729693409,0.110164969466695,0,0,6,4942,0.596,0.3924,0.4942,0.4942,0.5058,0.00973154362416107,0.282364933741081,0.0058,0.1108,0.01,0.276594869740094,0.00678430986838216,0.013941140754298,0.262886680397869,0.302693750227338,0.00404145797025366,0.0083173386322408,0.102396729477203,0.11980084971683,0.582330132890779,0.60952246833577,0.378953227768978,0.406011981689599,0,V2,moderate,0.01,0,A5,1.5,30,40,10,1,1,R1,1,1.5,1,0.2,rational,Gaussian,matched,42,420029,30,40,15.9758267910173,1.59758267910173,1.95811093399842,1.91894871531845,39.1622186799685,0.511469035905972,0.185222939099142,0.347798396819311,0.718891490835826,0.480820118169215,0.828355513014973,42,0.1108,0,S3,E6_ablation,A4,-0.1188,-0.4294
0.05,0.0371625578199918,136,1065,5000,2980,1962,-1.43923948006257e-05,0.0225428449913202,0.0391320505761382,0.023075534121285,0.0391464429709388,1.71614051694585,0.595497729693409,0.39828999565398,0.0297748864846705,0.21318996591657,0,0,6,4942,0.596,0.3924,0.4942,0.4942,0.5058,0.0456375838926174,0.542813455657492,0.0272,0.213,0.05,0.535263170661665,0.0387115134441952,0.0537335653669676,0.520708186980976,0.564751400437016,0.0230413256257065,0.0320846133335395,0.201874001084258,0.224566659832205,0.582330132890779,0.60952246833577,0.378953227768978,0.406011981689599,0,V2,moderate,0.05,0,A5,1.5,30,40,10,1,1,R1,1,1.5,1,0.2,rational,Gaussian,matched,42,420029,30,40,15.9758267910173,1.59758267910173,1.95811093399842,1.91894871531845,39.1622186799685,0.511469035905972,0.185222939099142,0.347798396819311,0.718891490835826,0.480820118169215,0.828355513014973,42,0.213,0,S3,E6_ablation,A4,-0.2314,-0.4294
0.1,0.0289543904536481,297,1317,5000,2980,1962,-1.43923948006257e-05,0.0225428449913202,0.0391320505761382,0.023075534121285,0.0391464429709388,1.71614051694585,0.595497729693409,0.39828999565398,0.0595497729693409,0.268565652655885,0,0,6,4942,0.596,0.3924,0.4942,0.4942,0.5058,0.0996644295302013,0.671253822629969,0.0594,0.2634,0.1,0.67429675760474,0.0894193592456676,0.110940300297698,0.650150730121094,0.691687619550874,0.0531802635506412,0.0662962354033431,0.251375784699493,0.275787491860908,0.582330132890779,0.60952246833577,0.378953227768978,0.406011981689599,0,V2,moderate,0.1,0,A5,1.5,30,40,10,1,1,R1,1,1.5,1,0.2,rational,Gaussian,matched,42,420029,30,40,15.9758267910173,1.59758267910173,1.95811093399842,1.91894871531845,39.1622186799685,0.511469035905972,0.185222939099142,0.347798396819311,0.718891490835826,0.480820118169215,0.828355513014973,42,0.2634,0,S3,E6_ablation,A4,-0.288,-0.4294
0.01,0,0,5000,5000,5000,5000,0,0,0.0466717148058114,1.2907633489161e-15,0.0466717148058114,51135455707673.6,1,1,0,1,0,0,1,10000,1,1,1,1,0,0,1,0,1,0,1,0,0.000767701945057125,0.999232298054943,1,0,0.000767701945057125,0.999232298054943,1,0.999232298054943,1,0.999232298054943,1,1,V0,all,0.01,0,A0,1.5,30,50,0,0,0,R0,0,0.5,1,0.2,rational,Gaussian,matched,42,420030,30,50,0,1,2.33358574029062,2.28691402548481,46.6717148058127,0.30217597874494,0.154667346750943,0.49157620151199,1,1,1,42,1,0,S2,E6_ablation,,NaN,NaN
0.05,0,0,5000,5000,5000,5000,0,0,0.0466717148058114,1.2907633489161e-15,0.0466717148058114,51135455707673.6,1,1,0,1,0,0,1,10000,1,1,1,1,0,0,1,0,1,0,1,0,0.000767701945057125,0.999232298054943,1,0,0.000767701945057125,0.999232298054943,1,0.999232298054943,1,0.999232298054943,1,1,V0,all,0.05,0,A0,1.5,30,50,0,0,0,R0,0,0.5,1,0.2,rational,Gaussian,matched,42,420030,30,50,0,1,2.33358574029062,2.28691402548481,46.6717148058127,0.30217597874494,0.154667346750943,0.49157620151199,1,1,1,42,1,0,S2,E6_ablation,,NaN,NaN
0.1,0,0,5000,5000,5000,5000,0,0,0.0466717148058114,1.2907633489161e-15,0.0466717148058114,51135455707673.6,1,1,0,1,0,0,1,10000,1,1,1,1,0,0,1,0,1,0,1,0,0.000767701945057125,0.999232298054943,1,0,0.000767701945057125,0.999232298054943,1,0.999232298054943,1,0.999232298054943,1,1,V0,all,0.1,0,A0,1.5,30,50,0,0,0,R0,0,0.5,1,0.2,rational,Gaussian,matched,42,420030,30,50,0,1,2.33358574029062,2.28691402548481,46.6717148058127,0.30217597874494,0.154667346750943,0.49157620151199,1,1,1,42,1,0,S2,E6_ablation,,NaN,NaN
0.01,0.0232634787404084,50,4963,5000,5000,5000,-6.42287323088977e-05,0.0101136422288397,0.0469096985015146,0.00994225523472608,0.0469739272338235,4.68412967085982,1,1,0.01,0.990379372276651,0,0,1,10000,1,1,1,1,0,0.01,0.9926,0.01,0.9926,0.01,0.990379372276651,0.00759377281394657,0.0131585750922094,0.989817257800601,0.994626402243129,0.00759377281394657,0.0131585750922094,0.989817257800601,0.994626402243129,0.999232298054943,1,0.999232298054943,1,1,V0,all,0.01,0,A1,1.5,30,50,10,0,0,R0,0,0.5,1,0.2,rational,Gaussian,matched,42,420030,30,50,10,1,2.33358574029062,2.28691402548481,46.6717148058127,0.30217597874494,0.154667346750943,0.49157620151199,1,1,1,42,0.9926,0,S2,E6_ablation,A0,-0.00739999999999996,0
0.05,0.0164485362695147,246,4997,5000,5000,5000,-6.42287323088977e-05,0.0101136422288397,0.0469096985015146,0.00994225523472608,0.0469739272338235,4.68412967085982,1,1,0.05,0.998745765014859,0,0,1,10000,1,1,1,1,0,0.0492,0.9994,0.0492,0.9994,0.05,0.998745765014859,0.0435433825554971,0.0555487775181664,0.998237293951471,0.999795925345806,0.0435433825554971,0.0555487775181664,0.998237293951471,0.999795925345806,0.999232298054943,1,0.999232298054943,1,1,V0,all,0.05,0,A1,1.5,30,50,10,0,0,R0,0,0.5,1,0.2,rational,Gaussian,matched,42,420030,30,50,10,1,2.33358574029062,2.28691402548481,46.6717148058127,0.30217597874494,0.154667346750943,0.49157620151199,1,1,1,42,0.9994,0,S2,E6_ablation,A0,-0.000600000000000045,0
0.1,0.012815515655446,504,4999,5000,5000,5000,-6.42287323088977e-05,0.0101136422288397,0.0469096985015146,0.00994225523472608,0.0469739272338235,4.68412967085982,1,1,0.1,0.999644911633363,0,0,1,10000,1,1,1,1,0,0.1008,0.9998,0.1008,0.9998,0.1,0.999644911633363,0.0927591356204094,0.109453797612524,0.99886791091916,0.999964694216561,0.0927591356204094,0.109453797612524,0.99886791091916,0.999964694216561,0.999232298054943,1,0.999232298054943,1,1,V0,all,0.1,0,A1,1.5,30,50,10,0,0,R0,0,0.5,1,0.2,rational,Gaussian,matched,42,420030,30,50,10,1,2.33358574029062,2.28691402548481,46.6717148058127,0.30217597874494,0.154667346750943,0.49157620151199,1,1,1,42,0.9998,0,S2,E6_ablation,A0,-0.000199999999999978,0
0.01,0.0527850504584289,50,2031,5000,5000,5000,-0.000145735593272085,0.022947948641942,0.0472117020332642,0.0225590699521658,0.0473574376265363,2.08124856542875,1,1,0.01,0.393800354319107,0,0,1,10000,1,1,1,1,0,0.01,0.4062,0.01,0.4062,0.01,0.393800354319107,0.00759377281394657,0.0131585750922094,0.392664068192913,0.41987995269198,0.00759377281394657,0.0131585750922094,0.392664068192913,0.41987995269198,0.999232298054943,1,0.999232298054943,1,1,V0,all,0.01,0,A2,1.5,30,50,10,1,1,R0,0,0.5,1,0.2,rational,Gaussian,matched,42,420030,30,50,22.6900933636988,2.26900933636988,2.33358574029062,2.28691402548481,46.6717148058127,0.30217597874494,0.154667346750943,0.49157620151199,1,1,1,42,0.4062,0,S2,E6_ablation,A1,-0.5864,0
0.05,0.0373218823651475,246,3353,5000,5000,5000,-0.000145735593272085,0.022947948641942,0.0472117020332642,0.0225590699521658,0.0473574376265363,2.08124856542875,1,1,0.05,0.659854741096565,0,0,1,10000,1,1,1,1,0,0.0492,0.6706,0.0492,0.6706,0.05,0.659854741096565,0.0435433825554971,0.0555487775181664,0.657446005606404,0.683492054489943,0.0435433825554971,0.0555487775181664,0.657446005606404,0.683492054489943,0.999232298054943,1,0.999232298054943,1,1,V0,all,0.05,0,A2,1.5,30,50,10,1,1,R0,0,0.5,1,0.2,rational,Gaussian,matched,42,420030,30,50,22.6900933636988,2.26900933636988,2.33358574029062,2.28691402548481,46.6717148058127,0.30217597874494,0.154667346750943,0.49157620151199,1,1,1,42,0.6706,0,S2,E6_ablation,A1,-0.3288,0
0.1,0.0290785246726014,504,3943,5000,5000,5000,-0.000145735593272085,0.022947948641942,0.0472117020332642,0.0225590699521658,0.0473574376265363,2.08124856542875,1,1,0.1,0.780939112801188,0,0,1,10000,1,1,1,1,0,0.1008,0.7886,0.1008,0.7886,0.1,0.780939112801188,0.0927591356204094,0.109453797612524,0.777063287209005,0.799693595228308,0.0927591356204094,0.109453797612524,0.777063287209005,0.799693595228308,0.999232298054943,1,0.999232298054943,1,1,V0,all,0.1,0,A2,1.5,30,50,10,1,1,R0,0,0.5,1,0.2,rational,Gaussian,matched,42,420030,30,50,22.6900933636988,2.26900933636988,2.33358574029062,2.28691402548481,46.6717148058127,0.30217597874494,0.154667346750943,0.49157620151199,1,1,1,42,0.7886,0,S2,E6_ablation,A1,-0.2112,0
0.01,0.0746493342488584,44,982,5000,5000,5000,-0.000415071109289204,0.0320510649627161,0.0471377206273906,0.0321592268137962,0.0475527917366798,1.48115583826761,1,1,0.01,0.191635409958766,0,0,1,10000,1,1,1,1,0,0.0088,0.1964,0.0088,0.1964,0.01,0.191635409958766,0.00656203743997331,0.0117921529508508,0.185623149277858,0.207642999343181,0.00656203743997331,0.0117921529508508,0.185623149277858,0.207642999343181,0.999232298054943,1,0.999232298054943,1,1,V0,all,0.01,0,A3,1.5,30,50,10,1,1,R1,0,0.5,1,0.2,rational,Gaussian,matched,42,420030,30,50,22.6900933636988,2.26900933636988,2.33358574029062,2.28691402548481,46.6717148058127,0.30217597874494,0.154667346750943,0.49157620151199,1,1,1,42,0.1964,0,S2,E6_ablation,A2,-0.2098,0
0.05,0.0527811122140849,246,2151,5000,5000,5000,-0.000415071109289204,0.0320510649627161,0.0471377206273906,0.0321592268137962,0.0475527917366798,1.48115583826761,1,1,0.05,0.424501257918139,0,0,1,10000,1,1,1,1,0,0.0492,0.4302,0.0492,0.4302,0.05,0.424501257918139,0.0435433825554971,0.0555487775181664,0.416535419424736,0.443971751766794,0.0435433825554971,0.0555487775181664,0.416535419424736,0.443971751766794,0.999232298054943,1,0.999232298054943,1,1,V0,all,0.05,0,A3,1.5,30,50,10,1,1,R1,0,0.5,1,0.2,rational,Gaussian,matched,42,420030,30,50,22.6900933636988,2.26900933636988,2.33358574029062,2.28691402548481,46.6717148058127,0.30217597874494,0.154667346750943,0.49157620151199,1,1,1,42,0.4302,0,S2,E6_ablation,A2,-0.2404,0
0.1,0.0411232439657935,489,2864,5000,5000,5000,-0.000415071109289204,0.0320510649627161,0.0471377206273906,0.0321592268137962,0.0475527917366798,1.48115583826761,1,1,0.1,0.568639214284165,0,0,1,10000,1,1,1,1,0,0.0978,0.5728,0.0978,0.5728,0.1,0.568639214284165,0.0898726515410325,0.106344887903571,0.559037911521118,0.586450311075682,0.0898726515410325,0.106344887903571,0.559037911521118,0.586450311075682,0.999232298054943,1,0.999232298054943,1,1,V0,all,0.1,0,A3,1.5,30,50,10,1,1,R1,0,0.5,1,0.2,rational,Gaussian,matched,42,420030,30,50,22.6900933636988,2.26900933636988,2.33358574029062,2.28691402548481,46.6717148058127,0.30217597874494,0.154667346750943,0.49157620151199,1,1,1,42,0.5728,0,S2,E6_ablation,A2,-0.2158,0
0.01,0.0746493342488584,29,708,5000,3419,3512,-0.000390720068798866,0.0319040397903084,0.0476600654661901,0.0320240657036479,0.048050785534989,1.50327310571819,0.697530471461239,0.697530471461239,0.00697530471461239,0.133671537857206,0,0,6,6931,0.6838,0.7024,0.6931,0.6931,0.3069,0.00848201228429365,0.201594533029613,0.0058,0.1416,0.01,0.191635409958766,0.00591227751249998,0.0121550094374486,0.188655314221999,0.215185836026268,0.00404145797025366,0.0083173386322408,0.13221132287954,0.151538965874677,0.670774388180849,0.696543404584148,0.689575752281001,0.71491348197164,1,V2,moderate,0.01,0,A4,1.5,30,50,10,1,1,R1,0,0.5,1,0.2,rational,Gaussian,matched,42,420030,30,50,22.6900933636988,2.26900933636988,2.33358574029062,2.28691402548481,46.6717148058127,0.30217597874494,0.154667346750943,0.49157620151199,1,1,0.697530471461239,42,0.1416,0,S2,E6_ablation,A3,-0.0548,-0.2976
0.05,0.0527811122140849,172,1544,5000,3419,3512,-0.000390720068798866,0.0319040397903084,0.0476600654661901,0.0320240657036479,0.048050785534989,1.50327310571819,0.697530471461239,0.697530471461239,0.034876523573062,0.296102562571528,0,0,6,6931,0.6838,0.7024,0.6931,0.6931,0.3069,0.0503071073413279,0.439635535307517,0.0344,0.3088,0.05,0.424501257918139,0.043471899634801,0.0581516967267259,0.423294888247562,0.456108092527851,0.0296950074395779,0.0398198766116593,0.296145151349211,0.321748417874579,0.670774388180849,0.696543404584148,0.689575752281001,0.71491348197164,0,V2,moderate,0.05,0,A4,1.5,30,50,10,1,1,R1,0,0.5,1,0.2,rational,Gaussian,matched,42,420030,30,50,22.6900933636988,2.26900933636988,2.33358574029062,2.28691402548481,46.6717148058127,0.30217597874494,0.154667346750943,0.49157620151199,1,1,0.697530471461239,42,0.3088,0,S2,E6_ablation,A3,-0.1214,-0.2976
0.1,0.0411232439657935,335,2033,5000,3419,3512,-0.000390720068798866,0.0319040397903084,0.0476600654661901,0.0320240657036479,0.048050785534989,1.50327310571819,0.697530471461239,0.697530471461239,0.0697530471461239,0.396643179230982,0,0,6,6931,0.6838,0.7024,0.6931,0.6931,0.3069,0.0979818660427026,0.578872437357631,0.067,0.4066,0.1,0.568639214284165,0.088463390702854,0.108402712190752,0.562465598114718,0.595106922287219,0.0603969758082204,0.074267854076199,0.393061650692537,0.4202817560308,0.670774388180849,0.696543404584148,0.689575752281001,0.71491348197164,0,V2,moderate,0.1,0,A4,1.5,30,50,10,1,1,R1,0,0.5,1,0.2,rational,Gaussian,matched,42,420030,30,50,22.6900933636988,2.26900933636988,2.33358574029062,2.28691402548481,46.6717148058127,0.30217597874494,0.154667346750943,0.49157620151199,1,1,0.697530471461239,42,0.4066,0,S2,E6_ablation,A3,-0.1662,-0.2976
0.01,0.0746493342488584,15,423,5000,2062,2156,-0.000569600086950366,0.032167421389968,0.0464468166797466,0.0324345052969635,0.047016416766697,1.45556076637306,0.419727270597455,0.426453016215289,0.00419727270597455,0.0817234985905692,0,0,6,4218,0.4124,0.4312,0.4218,0.4218,0.5782,0.007274490785645,0.196196660482375,0.003,0.0846,0.01,0.191635409958766,0.00441340852427156,0.0119680319179262,0.179980482106191,0.213493518195998,0.00181892977763767,0.00494416595574911,0.0772017330341741,0.0926360737417794,0.398827644814786,0.426106856565988,0.417530777050732,0.444974858736908,0,V2,moderate,0.01,0,A5,1.5,30,50,10,1,1,R1,1,0,1,0.2,rational,Gaussian,matched,42,420030,30,50,22.6900933636988,2.26900933636988,2.33358574029062,2.28691402548481,46.6717148058127,0.30217597874494,0.314635546381653,1,0.601733240009112,0.611375464819369,0.697530471461239,42,0.0846,0,S0,E6_ablation,A4,-0.057,-0.2712
0.05,0.0527811122140849,97,936,5000,2062,2156,-0.000569600086950366,0.032167421389968,0.0464468166797466,0.0324345052969635,0.047016416766697,1.45556076637306,0.419727270597455,0.426453016215289,0.0209863635298728,0.181029841826375,0,0,6,4218,0.4124,0.4312,0.4218,0.4218,0.5782,0.0470417070805044,0.434137291280148,0.0194,0.1872,0.05,0.424501257918139,0.0387150662503103,0.0570529114790329,0.413351220079408,0.455157647161677,0.0159296066842297,0.0236083084253592,0.176629575395588,0.198250698941239,0.398827644814786,0.426106856565988,0.417530777050732,0.444974858736908,0,V2,moderate,0.05,0,A5,1.5,30,50,10,1,1,R1,1,0,1,0.2,rational,Gaussian,matched,42,420030,30,50,22.6900933636988,2.26900933636988,2.33358574029062,2.28691402548481,46.6717148058127,0.30217597874494,0.314635546381653,1,0.601733240009112,0.611375464819369,0.697530471461239,42,0.1872,0,S0,E6_ablation,A4,-0.1216,-0.2712
0.1,0.0411232439657935,207,1229,5000,2062,2156,-0.000569600086950366,0.032167421389968,0.0464468166797466,0.0324345052969635,0.047016416766697,1.45556076637306,0.419727270597455,0.426453016215289,0.0419727270597455,0.242497908069774,0,0,6,4218,0.4124,0.4312,0.4218,0.4218,0.5782,0.100387972841901,0.570037105751391,0.0414,0.2458,0.1,0.568639214284165,0.0881508714284117,0.114111241686127,0.549033431138415,0.590791646654515,0.036221154800885,0.0472829814231214,0.234063826277964,0.257926473390903,0.398827644814786,0.426106856565988,0.417530777050732,0.444974858736908,0,V2,moderate,0.1,0,A5,1.5,30,50,10,1,1,R1,1,0,1,0.2,rational,Gaussian,matched,42,420030,30,50,22.6900933636988,2.26900933636988,2.33358574029062,2.28691402548481,46.6717148058127,0.30217597874494,0.314635546381653,1,0.601733240009112,0.611375464819369,0.697530471461239,42,0.2458,0,S0,E6_ablation,A4,-0.1608,-0.2712
0.01,0.0746493342488584,15,400,5000,2062,2030,-0.000569600086950366,0.032167421389968,0.0466246183701461,0.0323362283521081,0.0471942184570964,1.46329880667622,0.419727270597455,0.402577201113109,0.00419727270597455,0.0771480469753633,0,0,6,4092,0.4124,0.406,0.4092,0.4092,0.5908,0.007274490785645,0.197044334975369,0.003,0.08,0.01,0.191635409958766,0.00441340852427156,0.0119680319179262,0.180320173442516,0.214912923677451,0.00181892977763767,0.00494416595574911,0.0727986839327327,0.0878461857011153,0.398827644814786,0.426106856565988,0.392465280448456,0.419679047517215,0,V2,moderate,0.01,0,A5,1.5,30,50,10,1,1,R1,1,0.1,1,0.2,rational,Gaussian,matched,42,420030,30,50,22.6900933636988,2.26900933636988,2.33358574029062,2.28691402548481,46.6717148058127,0.30217597874494,0.272976936745235,0.867597256204847,0.601733240009112,0.577146400887348,0.697530471461239,42,0.08,0,S1,E6_ablation,A4,-0.0616,-0.2964
0.05,0.0527811122140849,97,886,5000,2062,2030,-0.000569600086950366,0.032167421389968,0.0466246183701461,0.0323362283521081,0.0471942184570964,1.46329880667622,0.419727270597455,0.402577201113109,0.0209863635298728,0.170894528281678,0,0,6,4092,0.4124,0.406,0.4092,0.4092,0.5908,0.0470417070805044,0.436453201970443,0.0194,0.1772,0.05,0.424501257918139,0.0387150662503103,0.0570529114790329,0.415019116417022,0.458127338100824,0.0159296066842297,0.0236083084253592,0.166865164316809,0.18803046405892,0.398827644814786,0.426106856565988,0.392465280448456,0.419679047517215,0,V2,moderate,0.05,0,A5,1.5,30,50,10,1,1,R1,1,0.1,1,0.2,rational,Gaussian,matched,42,420030,30,50,22.6900933636988,2.26900933636988,2.33358574029062,2.28691402548481,46.6717148058127,0.30217597874494,0.272976936745235,0.867597256204847,0.601733240009112,0.577146400887348,0.697530471461239,42,0.1772,0,S1,E6_ablation,A4,-0.1316,-0.2964
0.1,0.0411232439657935,207,1164,5000,2062,2030,-0.000569600086950366,0.032167421389968,0.0466246183701461,0.0323362283521081,0.0471942184570964,1.46329880667622,0.419727270597455,0.402577201113109,0.0419727270597455,0.228921183329677,0,0,6,4092,0.4124,0.406,0.4092,0.4092,0.5908,0.100387972841901,0.573399014778325,0.0414,0.2328,0.1,0.568639214284165,0.0881508714284117,0.114111241686127,0.551765354947682,0.594755406888294,0.036221154800885,0.0472829814231214,0.221293732121388,0.244716527798051,0.398827644814786,0.426106856565988,0.392465280448456,0.419679047517215,0,V2,moderate,0.1,0,A5,1.5,30,50,10,1,1,R1,1,0.1,1,0.2,rational,Gaussian,matched,42,420030,30,50,22.6900933636988,2.26900933636988,2.33358574029062,2.28691402548481,46.6717148058127,0.30217597874494,0.272976936745235,0.867597256204847,0.601733240009112,0.577146400887348,0.697530471461239,42,0.2328,0,S1,E6_ablation,A4,-0.1738,-0.2964
0.01,0.0746493342488584,15,301,5000,2062,1519,-0.000569600086950366,0.032167421389968,0.0466615761326288,0.0325395714945093,0.0472311762195792,1.45982352097693,0.419727270597455,0.304186974885523,0.00419727270597455,0.0582929956363041,0,0,6,3581,0.4124,0.3038,0.3581,0.3581,0.6419,0.007274490785645,0.19815668202765,0.003,0.0602,0.01,0.191635409958766,0.00441340852427156,0.0119680319179262,0.17888335894791,0.218952840816355,0.00181892977763767,0.00494416595574911,0.0539385844638588,0.0671366861670135,0.398827644814786,0.426106856565988,0.291207157457714,0.316694088785527,0,V2,moderate,0.01,0,A5,1.5,30,50,10,1,1,R1,1,0.5,1,0.2,rational,Gaussian,matched,42,420030,30,50,22.6900933636988,2.26900933636988,2.33358574029062,2.28691402548481,46.6717148058127,0.30217597874494,0.154667346750943,0.49157620151199,0.601733240009112,0.436091306876227,0.697530471461239,42,0.0602,0,S2,E6_ablation,A4,-0.0814,-0.3986
0.05,0.0527811122140849,97,666,5000,2062,1519,-0.000569600086950366,0.032167421389968,0.0466615761326288,0.0325395714945093,0.0472311762195792,1.45982352097693,0.419727270597455,0.304186974885523,0.0209863635298728,0.129127753481218,0,0,6,3581,0.4124,0.3038,0.3581,0.3581,0.6419,0.0470417070805044,0.438446346280448,0.0194,0.1332,0.05,0.424501257918139,0.0387150662503103,0.0570529114790329,0.413679611086091,0.463523627033775,0.0159296066842297,0.0236083084253592,0.124062652496983,0.142900533649911,0.398827644814786,0.426106856565988,0.291207157457714,0.316694088785527,0,V2,moderate,0.05,0,A5,1.5,30,50,10,1,1,R1,1,0.5,1,0.2,rational,Gaussian,matched,42,420030,30,50,22.6900933636988,2.26900933636988,2.33358574029062,2.28691402548481,46.6717148058127,0.30217597874494,0.154667346750943,0.49157620151199,0.601733240009112,0.436091306876227,0.697530471461239,42,0.1332,0,S2,E6_ablation,A4,-0.1756,-0.3986
0.1,0.0411232439657935,207,871,5000,2062,1519,-0.000569600086950366,0.032167421389968,0.0466615761326288,0.0325395714945093,0.0472311762195792,1.45982352097693,0.419727270597455,0.304186974885523,0.0419727270597455,0.172972642394381,0,0,6,3581,0.4124,0.3038,0.3581,0.3581,0.6419,0.100387972841901,0.573403554970375,0.0414,0.1742,0.1,0.568639214284165,0.0881508714284117,0.114111241686127,0.548377244693286,0.598059535516713,0.036221154800885,0.0472829814231214,0.163938227328638,0.184962007258761,0.398827644814786,0.426106856565988,0.291207157457714,0.316694088785527,0,V2,moderate,0.1,0,A5,1.5,30,50,10,1,1,R1,1,0.5,1,0.2,rational,Gaussian,matched,42,420030,30,50,22.6900933636988,2.26900933636988,2.33358574029062,2.28691402548481,46.6717148058127,0.30217597874494,0.154667346750943,0.49157620151199,0.601733240009112,0.436091306876227,0.697530471461239,42,0.1742,0,S2,E6_ablation,A4,-0.2324,-0.3986
0.01,0.0746493342488584,15,110,5000,2062,548,-0.000569600086950366,0.032167421389968,0.0465069829465284,0.0316370575351922,0.0470765830334788,1.4756003821895,0.419727270597455,0.109826887904587,0.00419727270597455,0.021046720688091,0,0,6,2610,0.4124,0.1096,0.261,0.261,0.739,0.007274490785645,0.200729927007299,0.003,0.022,0.01,0.191635409958766,0.00441340852427156,0.0119680319179262,0.16932930039442,0.236297089654367,0.00181892977763767,0.00494416595574911,0.0182862096610057,0.0264477133984689,0.398827644814786,0.426106856565988,0.101238983319728,0.118560438358973,0,V2,moderate,0.01,0,A5,1.5,30,50,10,1,1,R1,1,1.5,1,0.2,rational,Gaussian,matched,42,420030,30,50,22.6900933636988,2.26900933636988,2.33358574029062,2.28691402548481,46.6717148058127,0.30217597874494,0.0373749253798791,0.118787993949493,0.601733240009112,0.157451025292864,0.697530471461239,42,0.022,0,S3,E6_ablation,A4,-0.1196,-0.5928
0.05,0.0527811122140849,97,231,5000,2062,548,-0.000569600086950366,0.032167421389968,0.0465069829465284,0.0316370575351922,0.0470765830334788,1.4756003821895,0.419727270597455,0.109826887904587,0.0209863635298728,0.0466216520687317,0,0,6,2610,0.4124,0.1096,0.261,0.261,0.739,0.0470417070805044,0.421532846715328,0.0194,0.0462,0.05,0.424501257918139,0.0387150662503103,0.0570529114790329,0.380875564922101,0.463282573932154,0.0159296066842297,0.0236083084253592,0.0407216699236964,0.0523750963616375,0.398827644814786,0.426106856565988,0.101238983319728,0.118560438358973,0,V2,moderate,0.05,0,A5,1.5,30,50,10,1,1,R1,1,1.5,1,0.2,rational,Gaussian,matched,42,420030,30,50,22.6900933636988,2.26900933636988,2.33358574029062,2.28691402548481,46.6717148058127,0.30217597874494,0.0373749253798791,0.118787993949493,0.601733240009112,0.157451025292864,0.697530471461239,42,0.0462,0,S3,E6_ablation,A4,-0.2626,-0.5928
0.1,0.0411232439657935,207,306,5000,2062,548,-0.000569600086950366,0.032167421389968,0.0465069829465284,0.0316370575351922,0.0470765830334788,1.4756003821895,0.419727270597455,0.109826887904587,0.0419727270597455,0.0624518752453395,0,0,6,2610,0.4124,0.1096,0.261,0.261,0.739,0.100387972841901,0.558394160583942,0.0414,0.0612,0.1,0.568639214284165,0.0881508714284117,0.114111241686127,0.516554355598647,0.599420982928419,0.036221154800885,0.0472829814231214,0.0548869460159517,0.0681867892110304,0.398827644814786,0.426106856565988,0.101238983319728,0.118560438358973,0,V2,moderate,0.1,0,A5,1.5,30,50,10,1,1,R1,1,1.5,1,0.2,rational,Gaussian,matched,42,420030,30,50,22.6900933636988,2.26900933636988,2.33358574029062,2.28691402548481,46.6717148058127,0.30217597874494,0.0373749253798791,0.118787993949493,0.601733240009112,0.157451025292864,0.697530471461239,42,0.0612,0,S3,E6_ablation,A4,-0.3454,-0.5928
0.01,0,0,5000,5000,5000,5000,0,0,0.0600000000000011,1.06175694830195e-15,0.0600000000000011,79917361386794.6,1,1,0,1,0,0,1,10000,1,1,1,1,0,0,1,0,1,0,1,0,0.000767701945057125,0.999232298054943,1,0,0.000767701945057125,0.999232298054943,1,0.999232298054943,1,0.999232298054943,1,1,V0,all,0.01,0,A0,1.5,30,60,0,0,0,R0,0,0.5,1,0.2,rational,Gaussian,matched,42,420031,30,60,0,1,3,2.94,60.0000000000001,0.142222222222222,0.033042552291868,0.22313016014843,1,1,1,42,1,0,S2,E6_ablation,,NaN,NaN
0.05,0,0,5000,5000,5000,5000,0,0,0.0600000000000011,1.06175694830195e-15,0.0600000000000011,79917361386794.6,1,1,0,1,0,0,1,10000,1,1,1,1,0,0,1,0,1,0,1,0,0.000767701945057125,0.999232298054943,1,0,0.000767701945057125,0.999232298054943,1,0.999232298054943,1,0.999232298054943,1,1,V0,all,0.05,0,A0,1.5,30,60,0,0,0,R0,0,0.5,1,0.2,rational,Gaussian,matched,42,420031,30,60,0,1,3,2.94,60.0000000000001,0.142222222222222,0.033042552291868,0.22313016014843,1,1,1,42,1,0,S2,E6_ablation,,NaN,NaN
0.1,0,0,5000,5000,5000,5000,0,0,0.0600000000000011,1.06175694830195e-15,0.0600000000000011,79917361386794.6,1,1,0,1,0,0,1,10000,1,1,1,1,0,0,1,0,1,0,1,0,0.000767701945057125,0.999232298054943,1,0,0.000767701945057125,0.999232298054943,1,0.999232298054943,1,0.999232298054943,1,1,V0,all,0.1,0,A0,1.5,30,60,0,0,0,R0,0,0.5,1,0.2,rational,Gaussian,matched,42,420031,30,60,0,1,3,2.94,60.0000000000001,0.142222222222222,0.033042552291868,0.22313016014843,1,1,1,42,1,0,S2,E6_ablation,,NaN,NaN
0.01,0.0232634787404084,51,5000,5000,5000,5000,2.72912949389781e-06,0.00998760822736297,0.0602294064677069,0.00972985553015837,0.0602266773382131,6.10844607761949,1,1,0.01,0.999880445893589,0,0,1,10000,1,1,1,1,0,0.0102,1,0.0102,1,0.01,0.999880445893589,0.00776673589879977,0.0133853049265782,0.999232298054943,1,0.00776673589879977,0.0133853049265782,0.999232298054943,1,0.999232298054943,1,0.999232298054943,1,1,V0,all,0.01,0,A1,1.5,30,60,10,0,0,R0,0,0.5,1,0.2,rational,Gaussian,matched,42,420031,30,60,10,1,3,2.94,60.0000000000001,0.142222222222222,0.033042552291868,0.22313016014843,1,1,1,42,1,0,S2,E6_ablation,A0,0,0
0.05,0.0164485362695147,259,5000,5000,5000,5000,2.72912949389781e-06,0.00998760822736297,0.0602294064677069,0.00972985553015837,0.0602266773382131,6.10844607761949,1,1,0.05,0.99999335109849,0,0,1,10000,1,1,1,1,0,0.0518,1,0.0518,1,0.05,0.99999335109849,0.045993846130679,0.0582943218928702,0.999232298054943,1,0.045993846130679,0.0582943218928702,0.999232298054943,1,0.999232298054943,1,0.999232298054943,1,1,V0,all,0.05,0,A1,1.5,30,60,10,0,0,R0,0,0.5,1,0.2,rational,Gaussian,matched,42,420031,30,60,10,1,3,2.94,60.0000000000001,0.142222222222222,0.033042552291868,0.22313016014843,1,1,1,42,1,0,S2,E6_ablation,A0,0,0
0.1,0.012815515655446,501,5000,5000,5000,5000,2.72912949389781e-06,0.00998760822736297,0.0602294064677069,0.00972985553015837,0.0602266773382131,6.10844607761949,1,1,0.1,0.999998811749062,0,0,1,10000,1,1,1,1,0,0.1002,1,0.1002,1,0.1,0.999998811749062,0.0921816536092494,0.108832200866018,0.999232298054943,1,0.0921816536092494,0.108832200866018,0.999232298054943,1,0.999232298054943,1,0.999232298054943,1,1,V0,all,0.1,0,A1,1.5,30,60,10,0,0,R0,0,0.5,1,0.2,rational,Gaussian,matched,42,420031,30,60,10,1,3,2.94,60.0000000000001,0.142222222222222,0.033042552291868,0.22313016014843,1,1,1,42,1,0,S2,E6_ablation,A0,0,0
0.01,0.0872380452765315,51,1205,5000,5000,5000,1.02342356021142e-05,0.0374535308526111,0.060860274253901,0.0364869582380939,0.0608500400182988,1.64577871335622,1,1,0.01,0.233812768845801,0,0,1,10000,1,1,1,1,0,0.0102,0.241,0.0102,0.241,0.01,0.233812768845801,0.00776673589879977,0.0133853049265782,0.229346965442058,0.253050704165482,0.00776673589879977,0.0133853049265782,0.229346965442058,0.253050704165482,0.999232298054943,1,0.999232298054943,1,1,V0,all,0.01,0,A2,1.5,30,60,10,1,1,R0,0,0.5,1,0.2,rational,Gaussian,matched,42,420031,30,60,37.5,3.75,3,2.94,60.0000000000001,0.142222222222222,0.033042552291868,0.22313016014843,1,1,1,42,0.241,0,S2,E6_ablation,A1,-0.759,0
0.05,0.0616820110106802,259,2453,5000,5000,5000,1.02342356021142e-05,0.0374535308526111,0.060860274253901,0.0364869582380939,0.0608500400182988,1.64577871335622,1,1,0.05,0.482111989973137,0,0,1,10000,1,1,1,1,0,0.0518,0.4906,0.0518,0.4906,0.05,0.482111989973137,0.045993846130679,0.0582943218928702,0.476755945546957,0.504458487249611,0.045993846130679,0.0582943218928702,0.476755945546957,0.504458487249611,0.999232298054943,1,0.999232298054943,1,1,V0,all,0.05,0,A2,1.5,30,60,10,1,1,R0,0,0.5,1,0.2,rational,Gaussian,matched,42,420031,30,60,37.5,3.75,3,2.94,60.0000000000001,0.142222222222222,0.033042552291868,0.22313016014843,1,1,1,42,0.4906,0,S2,E6_ablation,A1,-0.5094,0
0.1,0.0480581837079225,501,3139,5000,5000,5000,1.02342356021142e-05,0.0374535308526111,0.060860274253901,0.0364869582380939,0.0608500400182988,1.64577871335622,1,1,0.1,0.624927598236666,0,0,1,10000,1,1,1,1,0,0.1002,0.6278,0.1002,0.6278,0.1,0.624927598236666,0.0921816536092494,0.108832200866018,0.61430799508124,0.641095780301603,0.0921816536092494,0.108832200866018,0.61430799508124,0.641095780301603,0.999232298054943,1,0.999232298054943,1,1,V0,all,0.1,0,A2,1.5,30,60,10,1,1,R0,0,0.5,1,0.2,rational,Gaussian,matched,42,420031,30,60,37.5,3.75,3,2.94,60.0000000000001,0.142222222222222,0.033042552291868,0.22313016014843,1,1,1,42,0.6278,0,S2,E6_ablation,A1,-0.3722,0
0.01,0.123373226784989,47,605,5000,5000,5000,-0.000465391628244824,0.0532097810600396,0.0607906889861877,0.053148777061529,0.0612560806144325,1.15187854405387,1,1,0.01,0.116048003504686,0,0,1,10000,1,1,1,1,0,0.0094,0.121,0.0094,0.121,0.01,0.116048003504686,0.00707655721568871,0.0124767119328013,0.112250125649947,0.130331792424406,0.00707655721568871,0.0124767119328013,0.112250125649947,0.130331792424406,0.999232298054943,1,0.999232298054943,1,1,V0,all,0.01,0,A3,1.5,30,60,10,1,1,R1,0,0.5,1,0.2,rational,Gaussian,matched,42,420031,30,60,37.5,3.75,3,2.94,60.0000000000001,0.142222222222222,0.033042552291868,0.22313016014843,1,1,1,42,0.121,0,S2,E6_ablation,A2,-0.12,0
0.05,0.0872315365257506,247,1536,5000,5000,5000,-0.000465391628244824,0.0532097810600396,0.0607906889861877,0.053148777061529,0.0612560806144325,1.15187854405387,1,1,0.05,0.303806827684513,0,0,1,10000,1,1,1,1,0,0.0494,0.3072,0.0494,0.3072,0.05,0.303806827684513,0.043731720637967,0.0557601323549184,0.29456480127972,0.320131224590294,0.043731720637967,0.0557601323549184,0.29456480127972,0.320131224590294,0.999232298054943,1,0.999232298054943,1,1,V0,all,0.05,0,A3,1.5,30,60,10,1,1,R1,0,0.5,1,0.2,rational,Gaussian,matched,42,420031,30,60,37.5,3.75,3,2.94,60.0000000000001,0.142222222222222,0.033042552291868,0.22313016014843,1,1,1,42,0.3072,0,S2,E6_ablation,A2,-0.1834,0
0.1,0.0679645351827618,472,2221,5000,5000,5000,-0.000465391628244824,0.0532097810600396,0.0607906889861877,0.053148777061529,0.0612560806144325,1.15187854405387,1,1,0.1,0.440311020009192,0,0,1,10000,1,1,1,1,0,0.0944,0.4442,0.0944,0.4442,0.1,0.440311020009192,0.0866041761581781,0.102818583659652,0.430475594985228,0.45801008055184,0.0866041761581781,0.102818583659652,0.430475594985228,0.45801008055184,0.999232298054943,1,0.999232298054943,1,1,V0,all,0.1,0,A3,1.5,30,60,10,1,1,R1,0,0.5,1,0.2,rational,Gaussian,matched,42,420031,30,60,37.5,3.75,3,2.94,60.0000000000001,0.142222222222222,0.033042552291868,0.22313016014843,1,1,1,42,0.4442,0,S2,E6_ablation,A2,-0.1836,0
0.01,0.123373226784989,21,297,5000,2419,2297,-0.000628691587351725,0.0525084513300227,0.0620742927735857,0.0533915964105951,0.0627029843609375,1.18415062964207,0.472291245199884,0.472291245199884,0.00472291245199884,0.0548084560781886,0,0,6,4716,0.4838,0.4594,0.4716,0.4716,0.5284,0.0086812732534105,0.12929908576404,0.0042,0.0594,0.01,0.116048003504686,0.00568513136806574,0.0132354045398047,0.116194056092752,0.143641951524704,0.00274877441031467,0.00641247883840397,0.0531802635506412,0.0662962354033431,0.469965987217956,0.497658886325064,0.44562316346382,0.473239173934119,1,V2,moderate,0.01,0,A4,1.5,30,60,10,1,1,R1,0,0.5,1,0.2,rational,Gaussian,matched,42,420031,30,60,37.5,3.75,3,2.94,60.0000000000001,0.142222222222222,0.033042552291868,0.22313016014843,1,1,0.472291245199884,42,0.0594,0,S2,E6_ablation,A3,-0.0616,-0.5406
0.05,0.0872315365257506,122,726,5000,2419,2297,-0.000628691587351725,0.0525084513300227,0.0620742927735857,0.0533915964105951,0.0627029843609375,1.18415062964207,0.472291245199884,0.472291245199884,0.0236145622599942,0.143485304947345,0,0,6,4716,0.4838,0.4594,0.4716,0.4716,0.5284,0.0504340636626705,0.316064431867653,0.0244,0.1452,0.05,0.303806827684513,0.0424039026235235,0.0598898144987391,0.297371384884732,0.335371672330037,0.0204746435065703,0.029055594583568,0.13570718619095,0.155237575109262,0.469965987217956,0.497658886325064,0.44562316346382,0.473239173934119,0,V2,moderate,0.05,0,A4,1.5,30,60,10,1,1,R1,0,0.5,1,0.2,rational,Gaussian,matched,42,420031,30,60,37.5,3.75,3,2.94,60.0000000000001,0.142222222222222,0.033042552291868,0.22313016014843,1,1,0.472291245199884,42,0.1452,0,S2,E6_ablation,A3,-0.162,-0.5406
0.1,0.0679645351827618,218,1042,5000,2419,2297,-0.000628691587351725,0.0525084513300227,0.0620742927735857,0.0533915964105951,0.0627029843609375,1.18415062964207,0.472291245199884,0.472291245199884,0.0472291245199884,0.207955039915372,0,0,6,4716,0.4838,0.4594,0.4716,0.4716,0.5284,0.09011988424969,0.453635176316935,0.0436,0.2084,0.1,0.440311020009192,0.0793490690842281,0.102190444043793,0.433370166557292,0.474055006444774,0.038281587437894,0.0496191708975542,0.19736786463649,0.219879859137868,0.469965987217956,0.497658886325064,0.44562316346382,0.473239173934119,0,V2,moderate,0.1,0,A4,1.5,30,60,10,1,1,R1,0,0.5,1,0.2,rational,Gaussian,matched,42,420031,30,60,37.5,3.75,3,2.94,60.0000000000001,0.142222222222222,0.033042552291868,0.22313016014843,1,1,0.472291245199884,42,0.2084,0,S2,E6_ablation,A3,-0.2358,-0.5406
0.01,0.123373226784989,9,115,5000,1015,952,-0.00179472280351064,0.0504980704085485,0.0610948130600288,0.0522503414171283,0.0628895358635394,1.22396816423078,0.19627688112203,0.200926903751712,0.0019627688112203,0.0233171660307644,0,0,6,1967,0.203,0.1904,0.1967,0.1967,0.8033,0.00886699507389163,0.120798319327731,0.0018,0.023,0.01,0.116048003504686,0.00467187887701823,0.0167656653371479,0.10160619350225,0.143038414306669,0.000947293507681198,0.00341764471037372,0.0191966460912995,0.027535741564285,0.192080844035684,0.21437517091968,0.179756683847942,0.201518677196437,0,V2,moderate,0.01,0,A5,1.5,30,60,10,1,1,R1,1,0,1,0.2,rational,Gaussian,matched,42,420031,30,60,37.5,3.75,3,2.94,60.0000000000001,0.142222222222222,0.148086445462539,1,0.415584415584416,0.42543008322476,0.472291245199884,42,0.023,0,S0,E6_ablation,A4,-0.0364,-0.269
0.05,0.0872315365257506,38,296,5000,1015,952,-0.00179472280351064,0.0504980704085485,0.0610948130600288,0.0522503414171283,0.0628895358635394,1.22396816423078,0.19627688112203,0.200926903751712,0.00981384405610149,0.0610429652252792,0,0,6,1967,0.203,0.1904,0.1967,0.1967,0.8033,0.0374384236453202,0.310924369747899,0.0076,0.0592,0.05,0.303806827684513,0.0273962328592606,0.0509687160044325,0.282330638884025,0.341037863624577,0.00554222319009683,0.0104138096853954,0.0529907352795657,0.0660860707551967,0.192080844035684,0.21437517091968,0.179756683847942,0.201518677196437,0,V2,moderate,0.05,0,A5,1.5,30,60,10,1,1,R1,1,0,1,0.2,rational,Gaussian,matched,42,420031,30,60,37.5,3.75,3,2.94,60.0000000000001,0.142222222222222,0.148086445462539,1,0.415584415584416,0.42543008322476,0.472291245199884,42,0.0592,0,S0,E6_ablation,A4,-0.086,-0.269
0.1,0.0679645351827618,79,423,5000,1015,952,-0.00179472280351064,0.0504980704085485,0.0610948130600288,0.0522503414171283,0.0628895358635394,1.22396816423078,0.19627688112203,0.200926903751712,0.019627688112203,0.0884703299382051,0,0,6,1967,0.203,0.1904,0.1967,0.1967,0.8033,0.0778325123152709,0.444327731092437,0.0158,0.0846,0.1,0.440311020009191,0.0628968893014374,0.0959516316529662,0.413050267643631,0.476052680317235,0.0126966359116685,0.0196468066519249,0.0772017330341741,0.0926360737417794,0.192080844035684,0.21437517091968,0.179756683847942,0.201518677196437,0,V2,moderate,0.1,0,A5,1.5,30,60,10,1,1,R1,1,0,1,0.2,rational,Gaussian,matched,42,420031,30,60,37.5,3.75,3,2.94,60.0000000000001,0.142222222222222,0.148086445462539,1,0.415584415584416,0.42543008322476,0.472291245199884,42,0.0846,0,S0,E6_ablation,A4,-0.1238,-0.269
0.01,0.123373226784989,9,107,5000,1015,793,-0.00179472280351064,0.0504980704085485,0.0623968212026798,0.0523756581662887,0.0641915440061905,1.24775987121509,0.19627688112203,0.167297114510304,0.0019627688112203,0.0194144961310156,0,0,6,1808,0.203,0.1586,0.1808,0.1808,0.8192,0.00886699507389163,0.134930643127364,0.0018,0.0214,0.01,0.116048003504686,0.00467187887701823,0.0167656653371479,0.112903852460619,0.160477328211248,0.000947293507681198,0.00341764471037372,0.017740979070661,0.0257938652311477,0.192080844035684,0.21437517091968,0.148737100730881,0.168987086157204,0,V2,moderate,0.01,0,A5,1.5,30,60,10,1,1,R1,1,0.1,1,0.2,rational,Gaussian,matched,42,420031,30,60,37.5,3.75,3,2.94,60.0000000000001,0.142222222222222,0.109705137034638,0.740818220681718,0.415584415584416,0.354224466810728,0.472291245199884,42,0.0214,0,S1,E6_ablation,A4,-0.038,-0.3008
0.05,0.0872315365257506,38,246,5000,1015,793,-0.00179472280351064,0.0504980704085485,0.0623968212026798,0.0523756581662887,0.0641915440061905,1.24775987121509,0.19627688112203,0.167297114510304,0.00981384405610149,0.0508260056401482,0,0,6,1808,0.203,0.1586,0.1808,0.1808,0.8192,0.0374384236453202,0.310214375788146,0.0076,0.0492,0.05,0.303806827684513,0.0273962328592606,0.0509687160044325,0.278998153104272,0.343260457227735,0.00554222319009683,0.0104138096853954,0.0435433825554971,0.0555487775181664,0.192080844035684,0.21437517091968,0.148737100730881,0.168987086157204,0,V2,moderate,0.05,0,A5,1.5,30,60,10,1,1,R1,1,0.1,1,0.2,rational,Gaussian,matched,42,420031,30,60,37.5,3.75,3,2.94,60.0000000000001,0.142222222222222,0.109705137034638,0.740818220681718,0.415584415584416,0.354224466810728,0.472291245199884,42,0.0492,0,S1,E6_ablation,A4,-0.096,-0.3008
0.1,0.0679645351827618,79,361,5000,1015,793,-0.00179472280351064,0.0504980704085485,0.0623968212026798,0.0523756581662887,0.0641915440061905,1.24775987121509,0.19627688112203,0.167297114510304,0.019627688112203,0.0736627631346264,0,0,6,1808,0.203,0.1586,0.1808,0.1808,0.8192,0.0778325123152709,0.455233291298865,0.0158,0.0722,0.1,0.440311020009192,0.0628968893014374,0.0959516316529662,0.420871662016183,0.490026548394357,0.0126966359116685,0.0196468066519249,0.0653497019320702,0.0797071438521206,0.192080844035684,0.21437517091968,0.148737100730881,0.168987086157204,0,V2,moderate,0.1,0,A5,1.5,30,60,10,1,1,R1,1,0.1,1,0.2,rational,Gaussian,matched,42,420031,30,60,37.5,3.75,3,2.94,60.0000000000001,0.142222222222222,0.109705137034638,0.740818220681718,0.415584415584416,0.354224466810728,0.472291245199884,42,0.0722,0,S1,E6_ablation,A4,-0.1362,-0.3008
0.01,0.123373226784989,9,40,5000,1015,324,-0.00179472280351064,0.0504980704085485,0.0627421052788489,0.0496079433133573,0.0645368280823595,1.28931868397238,0.19627688112203,0.0669650585827934,0.0019627688112203,0.00777116135310749,0,0,6,1339,0.203,0.0648,0.1339,0.1339,0.8661,0.00886699507389163,0.123456790123457,0.0018,0.008,0.01,0.116048003504686,0.00467187887701823,0.0167656653371479,0.0919875652446417,0.163750251205685,0.000947293507681198,0.00341764471037372,0.00588068172509965,0.0108747369888366,0.192080844035684,0.21437517091968,0.058305114190253,0.0719630935827247,0,V2,moderate,0.01,0,A5,1.5,30,60,10,1,1,R1,1,0.5,1,0.2,rational,Gaussian,matched,42,420031,30,60,37.5,3.75,3,2.94,60.0000000000001,0.142222222222222,0.033042552291868,0.22313016014843,0.415584415584416,0.141787634777037,0.472291245199884,42,0.008,0,S2,E6_ablation,A4,-0.0514,-0.3946
0.05,0.0872315365257506,38,94,5000,1015,324,-0.00179472280351064,0.0504980704085485,0.0627421052788489,0.0496079433133573,0.0645368280823595,1.28931868397238,0.19627688112203,0.0669650585827934,0.00981384405610149,0.020344442013746,0,0,6,1339,0.203,0.0648,0.1339,0.1339,0.8661,0.0374384236453202,0.290123456790123,0.0076,0.0188,0.05,0.303806827684513,0.0273962328592606,0.0509687160044325,0.243396557992578,0.341768782323998,0.00554222319009683,0.0104138096853954,0.0153881578331203,0.0229506785188027,0.192080844035684,0.21437517091968,0.058305114190253,0.0719630935827247,0,V2,moderate,0.05,0,A5,1.5,30,60,10,1,1,R1,1,0.5,1,0.2,rational,Gaussian,matched,42,420031,30,60,37.5,3.75,3,2.94,60.0000000000001,0.142222222222222,0.033042552291868,0.22313016014843,0.415584415584416,0.141787634777037,0.472291245199884,42,0.0188,0,S2,E6_ablation,A4,-0.1264,-0.3946
0.1,0.0679645351827618,79,145,5000,1015,324,-0.00179472280351064,0.0504980704085485,0.0627421052788489,0.0496079433133573,0.0645368280823595,1.28931868397238,0.19627688112203,0.0669650585827934,0.019627688112203,0.029485453249565,0,0,6,1339,0.203,0.0648,0.1339,0.1339,0.8661,0.0778325123152709,0.447530864197531,0.0158,0.029,0.1,0.440311020009192,0.0628968893014374,0.0959516316529662,0.394317451115307,0.501973883963837,0.0126966359116685,0.0196468066519249,0.0246980626966006,0.0340251125356432,0.192080844035684,0.21437517091968,0.058305114190253,0.0719630935827247,0,V2,moderate,0.1,0,A5,1.5,30,60,10,1,1,R1,1,0.5,1,0.2,rational,Gaussian,matched,42,420031,30,60,37.5,3.75,3,2.94,60.0000000000001,0.142222222222222,0.033042552291868,0.22313016014843,0.415584415584416,0.141787634777037,0.472291245199884,42,0.029,0,S2,E6_ablation,A4,-0.1794,-0.3946
0.01,0.123373226784989,9,3,5000,1015,18,-0.00179472280351064,0.0504980704085485,0.0593888635377549,0.0551118985426151,0.0611835863412655,1.15756652815639,0.19627688112203,0.00385311862758839,0.0019627688112203,0.000447146723998348,0,0,6,1033,0.203,0.0036,0.1033,0.1033,0.8967,0.00886699507389163,0.166666666666667,0.0018,0.0006,0.01,0.116048003504686,0.00467187887701823,0.0167656653371479,0.0583657680586145,0.392220381039157,0.000947293507681198,0.00341764471037372,0.000204074654194346,0.00176270604852871,0.192080844035684,0.21437517091968,0.00227844075441302,0.0056837337366397,0,V2,moderate,0.01,0,A5,1.5,30,60,10,1,1,R1,1,1.5,1,0.2,rational,Gaussian,matched,42,420031,30,60,37.5,3.75,3,2.94,60.0000000000001,0.142222222222222,0.00164509181000395,0.0111089965382423,0.415584415584416,0.00815835285271415,0.472291245199884,42,0.0006,0,S3,E6_ablation,A4,-0.0588,-0.4558
0.05,0.0872315365257506,38,5,5000,1015,18,-0.00179472280351064,0.0504980704085485,0.0593888635377549,0.0551118985426151,0.0611835863412655,1.15756652815639,0.19627688112203,0.00385311862758839,0.00981384405610149,0.00117060374693974,0,0,6,1033,0.203,0.0036,0.1033,0.1033,0.8967,0.0374384236453202,0.277777777777778,0.0076,0.001,0.05,0.303806827684513,0.0273962328592606,0.0509687160044325,0.12499753379554,0.508726565602975,0.00554222319009683,0.0104138096853954,0.0004272134911088,0.00233895305005821,0.192080844035684,0.21437517091968,0.00227844075441302,0.0056837337366397,0,V2,moderate,0.05,0,A5,1.5,30,60,10,1,1,R1,1,1.5,1,0.2,rational,Gaussian,matched,42,420031,30,60,37.5,3.75,3,2.94,60.0000000000001,0.142222222222222,0.00164509181000395,0.0111089965382423,0.415584415584416,0.00815835285271415,0.472291245199884,42,0.001,0,S3,E6_ablation,A4,-0.1442,-0.4558
0.1,0.0679645351827618,79,9,5000,1015,18,-0.00179472280351064,0.0504980704085485,0.0593888635377549,0.0551118985426151,0.0611835863412655,1.15756652815639,0.19627688112203,0.00385311862758839,0.019627688112203,0.00169657059312986,0,0,6,1033,0.203,0.0036,0.1033,0.1033,0.8967,0.0778325123152709,0.5,0.0158,0.0018,0.1,0.440311020009192,0.0628968893014374,0.0959516316529662,0.2903102150517,0.7096897849483,0.0126966359116685,0.0196468066519249,0.000947293507681198,0.00341764471037372,0.192080844035684,0.21437517091968,0.00227844075441302,0.0056837337366397,0,V2,moderate,0.1,0,A5,1.5,30,60,10,1,1,R1,1,1.5,1,0.2,rational,Gaussian,matched,42,420031,30,60,37.5,3.75,3,2.94,60.0000000000001,0.142222222222222,0.00164509181000395,0.0111089965382423,0.415584415584416,0.00815835285271415,0.472291245199884,42,0.0018,0,S3,E6_ablation,A4,-0.2066,-0.4558
0.01,0,0,5000,5000,5000,5000,0,0,0.0877141320048909,1.51283016163285e-15,0.0877141320048909,81996325984942.9,1,1,0,1,0,0,1,10000,1,1,1,1,0,0,1,0,1,0,1,0,0.000767701945057125,0.999232298054943,1,0,0.000767701945057125,0.999232298054943,1,0.999232298054943,1,0.999232298054943,1,1,V0,all,0.01,0,A0,1.5,30,70,0,0,0,R0,0,0.5,1,0.2,rational,Gaussian,matched,42,420032,30,70,0,1,4.38570660024463,4.29799246823974,87.7141320048924,0.045521074116997,0.00108791684421463,0.0229527830230526,1,1,1,42,1,0,S2,E6_ablation,,NaN,NaN
0.05,0,0,5000,5000,5000,5000,0,0,0.0877141320048909,1.51283016163285e-15,0.0877141320048909,81996325984942.9,1,1,0,1,0,0,1,10000,1,1,1,1,0,0,1,0,1,0,1,0,0.000767701945057125,0.999232298054943,1,0,0.000767701945057125,0.999232298054943,1,0.999232298054943,1,0.999232298054943,1,1,V0,all,0.05,0,A0,1.5,30,70,0,0,0,R0,0,0.5,1,0.2,rational,Gaussian,matched,42,420032,30,70,0,1,4.38570660024463,4.29799246823974,87.7141320048924,0.045521074116997,0.00108791684421463,0.0229527830230526,1,1,1,42,1,0,S2,E6_ablation,,NaN,NaN
0.1,0,0,5000,5000,5000,5000,0,0,0.0877141320048909,1.51283016163285e-15,0.0877141320048909,81996325984942.9,1,1,0,1,0,0,1,10000,1,1,1,1,0,0,1,0,1,0,1,0,0.000767701945057125,0.999232298054943,1,0,0.000767701945057125,0.999232298054943,1,0.999232298054943,1,0.999232298054943,1,1,V0,all,0.1,0,A0,1.5,30,70,0,0,0,R0,0,0.5,1,0.2,rational,Gaussian,matched,42,420032,30,70,0,1,4.38570660024463,4.29799246823974,87.7141320048924,0.045521074116997,0.00108791684421463,0.0229527830230526,1,1,1,42,1,0,S2,E6_ablation,,NaN,NaN
0.01,0.0232634787404084,59,5000,5000,5000,5000,8.29143965874252e-05,0.0100552029038953,0.0878312682738503,0.00995174585191729,0.0877483538772629,8.77167046151466,1,1,0.01,0.999999999942225,0,0,1,10000,1,1,1,1,0,0.0118,1,0.0118,1,0.01,0.999999999942225,0.00915942192270621,0.0151901622564476,0.999232298054943,1,0.00915942192270621,0.0151901622564476,0.999232298054943,1,0.999232298054943,1,0.999232298054943,1,1,V0,all,0.01,0,A1,1.5,30,70,10,0,0,R0,0,0.5,1,0.2,rational,Gaussian,matched,42,420032,30,70,10,1,4.38570660024463,4.29799246823974,87.7141320048924,0.045521074116997,0.00108791684421463,0.0229527830230526,1,1,1,42,1,0,S2,E6_ablation,A0,0,0
0.05,0.0164485362695147,264,5000,5000,5000,5000,8.29143965874252e-05,0.0100552029038953,0.0878312682738503,0.00995174585191729,0.0877483538772629,8.77167046151466,1,1,0.05,0.999999999999485,0,0,1,10000,1,1,1,1,0,0.0528,1,0.0528,1,0.05,0.999999999999485,0.0469374885167706,0.0593491441028885,0.999232298054943,1,0.0469374885167706,0.0593491441028885,0.999232298054943,1,0.999232298054943,1,0.999232298054943,1,1,V0,all,0.05,0,A1,1.5,30,70,10,0,0,R0,0,0.5,1,0.2,rational,Gaussian,matched,42,420032,30,70,10,1,4.38570660024463,4.29799246823974,87.7141320048924,0.045521074116997,0.00108791684421463,0.0229527830230526,1,1,1,42,1,0,S2,E6_ablation,A0,0,0
0.1,0.012815515655446,524,5000,5000,5000,5000,8.29143965874252e-05,0.0100552029038953,0.0878312682738503,0.00995174585191729,0.0877483538772629,8.77167046151466,1,1,0.1,0.999999999999965,0,0,1,10000,1,1,1,1,0,0.1048,1,0.1048,1,0.1,0.999999999999965,0.096611310570768,0.113595481046605,0.999232298054943,1,0.096611310570768,0.113595481046605,0.999232298054943,1,0.999232298054943,1,0.999232298054943,1,1,V0,all,0.1,0,A1,1.5,30,70,10,0,0,R0,0,0.5,1,0.2,rational,Gaussian,matched,42,420032,30,70,10,1,4.38570660024463,4.29799246823974,87.7141320048924,0.045521074116997,0.00108791684421463,0.0229527830230526,1,1,1,42,1,0,S2,E6_ablation,A0,0,0
0.01,0.186441490083727,59,570,5000,5000,5000,0.000664504385679026,0.0805858415852531,0.0886529022022075,0.0797567013201324,0.0879883978165285,1.09749065779857,1,1,0.01,0.10899631871429,0,0,1,10000,1,1,1,1,0,0.0118,0.114,0.0118,0.114,0.01,0.10899631871429,0.00915942192270621,0.0151901622564476,0.105485613316377,0.123107052585208,0.00915942192270621,0.0151901622564476,0.105485613316377,0.123107052585208,0.999232298054943,1,0.999232298054943,1,1,V0,all,0.01,0,A2,1.5,30,70,10,1,1,R0,0,0.5,1,0.2,rational,Gaussian,matched,42,420032,30,70,80.1434265976222,8.01434265976222,4.38570660024463,4.29799246823974,87.7141320048924,0.045521074116997,0.00108791684421463,0.0229527830230526,1,1,1,42,0.114,0,S2,E6_ablation,A1,-0.886,0
0.05,0.131824205915418,264,1446,5000,5000,5000,0.000664504385679026,0.0805858415852531,0.0886529022022075,0.0797567013201324,0.0879883978165285,1.09749065779857,1,1,0.05,0.29102623819381,0,0,1,10000,1,1,1,1,0,0.0528,0.2892,0.0528,0.2892,0.05,0.29102623819381,0.0469374885167706,0.0593491441028885,0.276798488831657,0.301925174308379,0.0469374885167706,0.0593491441028885,0.276798488831657,0.301925174308379,0.999232298054943,1,0.999232298054943,1,1,V0,all,0.05,0,A2,1.5,30,70,10,1,1,R0,0,0.5,1,0.2,rational,Gaussian,matched,42,420032,30,70,80.1434265976222,8.01434265976222,4.38570660024463,4.29799246823974,87.7141320048924,0.045521074116997,0.00108791684421463,0.0229527830230526,1,1,1,42,0.2892,0,S2,E6_ablation,A1,-0.7108,0
0.1,0.102707933824291,524,2132,5000,5000,5000,0.000664504385679026,0.0805858415852531,0.0886529022022075,0.0797567013201324,0.0879883978165285,1.09749065779857,1,1,0.1,0.425796168440872,0,0,1,10000,1,1,1,1,0,0.1048,0.4264,0.1048,0.4264,0.1,0.425796168440872,0.096611310570768,0.113595481046605,0.412753580980962,0.440159424745351,0.096611310570768,0.113595481046605,0.412753580980962,0.440159424745351,0.999232298054943,1,0.999232298054943,1,1,V0,all,0.1,0,A2,1.5,30,70,10,1,1,R0,0,0.5,1,0.2,rational,Gaussian,matched,42,420032,30,70,80.1434265976222,8.01434265976222,4.38570660024463,4.29799246823974,87.7141320048924,0.045521074116997,0.00108791684421463,0.0229527830230526,1,1,1,42,0.4264,0,S2,E6_ablation,A1,-0.5736,0
0.01,0.263668083865455,39,271,5000,5000,5000,0.000665061802026569,0.113428950435058,0.0886826626050777,0.112382990314723,0.0880176008030512,0.779557150963312,1,1,0.01,0.060277935391959,0,0,1,10000,1,1,1,1,0,0.0078,0.0542,0.0078,0.0542,0.01,0.060277935391959,0.00571125620915014,0.0106444695855641,0.0482596192447235,0.0608248638094894,0.00571125620915014,0.0106444695855641,0.0482596192447235,0.0608248638094894,0.999232298054943,1,0.999232298054943,1,1,V0,all,0.01,0,A3,1.5,30,70,10,1,1,R1,0,0.5,1,0.2,rational,Gaussian,matched,42,420032,30,70,80.1434265976222,8.01434265976222,4.38570660024463,4.29799246823974,87.7141320048924,0.045521074116997,0.00108791684421463,0.0229527830230526,1,1,1,42,0.0542,0,S2,E6_ablation,A2,-0.0598,0
0.05,0.186427579854648,252,947,5000,5000,5000,0.000665061802026569,0.113428950435058,0.0886826626050777,0.112382990314723,0.0880176008030512,0.779557150963312,1,1,0.05,0.191890621660551,0,0,1,10000,1,1,1,1,0,0.0504,0.1894,0.0504,0.1894,0.05,0.191890621660551,0.0446738140627647,0.0568165035262307,0.178779335672751,0.200497560775519,0.0446738140627647,0.0568165035262307,0.178779335672751,0.200497560775519,0.999232298054943,1,0.999232298054943,1,1,V0,all,0.05,0,A3,1.5,30,70,10,1,1,R1,0,0.5,1,0.2,rational,Gaussian,matched,42,420032,30,70,80.1434265976222,8.01434265976222,4.38570660024463,4.29799246823974,87.7141320048924,0.045521074116997,0.00108791684421463,0.0229527830230526,1,1,1,42,0.1894,0,S2,E6_ablation,A2,-0.0998,0
0.1,0.145250952977631,509,1554,5000,5000,5000,0.000665061802026569,0.113428950435058,0.0886826626050777,0.112382990314723,0.0880176008030512,0.779557150963312,1,1,0.1,0.305849996961363,0,0,1,10000,1,1,1,1,0,0.1018,0.3108,0.1018,0.3108,0.1,0.305849996961363,0.0937218077935648,0.110489590035479,0.298120841485143,0.323769656930867,0.0937218077935648,0.110489590035479,0.298120841485143,0.323769656930867,0.999232298054943,1,0.999232298054943,1,1,V0,all,0.1,0,A3,1.5,30,70,10,1,1,R1,0,0.5,1,0.2,rational,Gaussian,matched,42,420032,30,70,80.1434265976222,8.01434265976222,4.38570660024463,4.29799246823974,87.7141320048924,0.045521074116997,0.00108791684421463,0.0229527830230526,1,1,1,42,0.3108,0,S2,E6_ablation,A2,-0.1156,0
0.01,0.263668083865455,5,37,5000,717,654,0.00421452875718893,0.116624318124209,0.0909662370788027,0.111718077499808,0.0867517083216137,0.759663487028126,0.133232907696458,0.133232907696458,0.00133232907696458,0.00803100460220992,0,0,6,1371,0.1434,0.1308,0.1371,0.1371,0.8629,0.00697350069735007,0.0565749235474006,0.001,0.0074,0.01,0.060277935391959,0.00298223360333914,0.0162195737446163,0.0413210098449982,0.0770075901192542,0.0004272134911088,0.00233895305005821,0.00537359775687122,0.0101827421993991,0.133958994383294,0.153388530643921,0.121736702764042,0.140430168352188,0,V2,moderate,0.01,0,A4,1.5,30,70,10,1,1,R1,0,0.5,1,0.2,rational,Gaussian,matched,42,420032,30,70,80.1434265976222,8.01434265976222,4.38570660024463,4.29799246823974,87.7141320048924,0.045521074116997,0.00108791684421463,0.0229527830230526,1,1,0.133232907696458,42,0.0074,0,S2,E6_ablation,A3,-0.0468,-0.8692
0.05,0.186427579854648,41,133,5000,717,654,0.00421452875718893,0.116624318124209,0.0909662370788027,0.111718077499808,0.0867517083216137,0.759663487028126,0.133232907696458,0.133232907696458,0.00666164538482288,0.0255661454835161,0,0,6,1371,0.1434,0.1308,0.1371,0.1371,0.8629,0.0571827057182706,0.203363914373089,0.0082,0.0266,0.05,0.191890621660551,0.0424288751113226,0.0766561993808298,0.174289640907525,0.23590259493063,0.00605048556323917,0.011104626069919,0.0224902033025565,0.0314366568990236,0.133958994383294,0.153388530643921,0.121736702764042,0.140430168352188,0,V2,moderate,0.05,0,A4,1.5,30,70,10,1,1,R1,0,0.5,1,0.2,rational,Gaussian,matched,42,420032,30,70,80.1434265976222,8.01434265976222,4.38570660024463,4.29799246823974,87.7141320048924,0.045521074116997,0.00108791684421463,0.0229527830230526,1,1,0.133232907696458,42,0.0266,0,S2,E6_ablation,A3,-0.1628,-0.8692
0.1,0.145250952977631,82,201,5000,717,654,0.00421452875718893,0.116624318124209,0.0909662370788027,0.111718077499808,0.0867517083216137,0.759663487028126,0.133232907696458,0.133232907696458,0.0133232907696458,0.0407492844141152,0,0,6,1371,0.1434,0.1308,0.1371,0.1371,0.8629,0.114365411436541,0.307339449541284,0.0164,0.0402,0.1,0.305849996961363,0.0930969234889493,0.139744094139649,0.273188610846015,0.343740367069488,0.0132326641504401,0.0203098571708191,0.0350990382522204,0.0460069404564541,0.133958994383294,0.153388530643921,0.121736702764042,0.140430168352188,0,V2,moderate,0.1,0,A4,1.5,30,70,10,1,1,R1,0,0.5,1,0.2,rational,Gaussian,matched,42,420032,30,70,80.1434265976222,8.01434265976222,4.38570660024463,4.29799246823974,87.7141320048924,0.045521074116997,0.00108791684421463,0.0229527830230526,1,1,0.133232907696458,42,0.0402,0,S2,E6_ablation,A3,-0.2706,-0.8692
0.01,0.263668083865455,1,12,5000,133,125,0.0203353538564694,0.115596948531274,0.102726725648799,0.122159863477041,0.0823913717923292,0.692808756036888,0.0247021771466485,0.0255255793291871,0.000247021771466485,0.00153862922164706,0,0,6,258,0.0266,0.025,0.0258,0.0258,0.9742,0.0075187969924812,0.096,0.0002,0.0024,0.01,0.060277935391959,0.0013284876076292,0.0413592977392685,0.0557712261148942,0.160319612001434,3.53057834393653e-05,0.00113208908083974,0.00137346555641283,0.00419055141930802,0.0224902033025565,0.0314366568990236,0.0210234937556489,0.0297058230921554,0,V2,moderate,0.01,0,A5,1.5,30,70,10,1,1,R1,1,0,1,0.2,rational,Gaussian,matched,42,420032,30,70,80.1434265976222,8.01434265976222,4.38570660024463,4.29799246823974,87.7141320048924,0.045521074116997,0.0473980363567232,1,0.185405974948224,0.191586146174499,0.133232907696458,42,0.0024,0,S0,E6_ablation,A4,-0.005,-0.1058
0.05,0.186427579854648,12,28,5000,133,125,0.0203353538564694,0.115596948531274,0.102726725648799,0.122159863477041,0.0823913717923292,0.692808756036888,0.0247021771466485,0.0255255793291871,0.00123510885733242,0.00489811928572342,0,0,6,258,0.0266,0.025,0.0258,0.0258,0.9742,0.0902255639097744,0.224,0.0024,0.0056,0.05,0.191890621660551,0.0523665405733798,0.151091235020604,0.159769761902846,0.30468833542415,0.00137346555641283,0.00419055141930802,0.00387738263821508,0.00808172104505741,0.0224902033025565,0.0314366568990236,0.0210234937556489,0.0297058230921554,0,V2,moderate,0.05,0,A5,1.5,30,70,10,1,1,R1,1,0,1,0.2,rational,Gaussian,matched,42,420032,30,70,80.1434265976222,8.01434265976222,4.38570660024463,4.29799246823974,87.7141320048924,0.045521074116997,0.0473980363567232,1,0.185405974948224,0.191586146174499,0.133232907696458,42,0.0056,0,S0,E6_ablation,A4,-0.021,-0.1058
0.1,0.145250952977631,19,44,5000,133,125,0.0203353538564694,0.115596948531274,0.102726725648799,0.122159863477041,0.0823913717923292,0.692808756036888,0.0247021771466485,0.0255255793291871,0.00247021771466485,0.00780699836026891,0,0,6,258,0.0266,0.025,0.0258,0.0258,0.9742,0.142857142857143,0.352,0.0038,0.0088,0.1,0.305849996961363,0.0934023426858272,0.212363608519938,0.273827911072947,0.438997445464718,0.00243413885088568,0.00592772855938902,0.00656203743997331,0.0117921529508508,0.0224902033025565,0.0314366568990236,0.0210234937556489,0.0297058230921554,0,V2,moderate,0.1,0,A5,1.5,30,70,10,1,1,R1,1,0,1,0.2,rational,Gaussian,matched,42,420032,30,70,80.1434265976222,8.01434265976222,4.38570660024463,4.29799246823974,87.7141320048924,0.045521074116997,0.0473980363567232,1,0.185405974948224,0.191586146174499,0.133232907696458,42,0.0088,0,S0,E6_ablation,A4,-0.0314,-0.1058
0.01,0.263668083865455,1,8,5000,133,71,0.0203353538564694,0.115596948531274,0.0870906717775538,0.126787839493691,0.0667553179210844,0.550234873094986,0.0247021771466485,0.0133547976416805,0.000247021771466485,0.000804999629417903,0,0,6,204,0.0266,0.0142,0.0204,0.0204,0.9796,0.0075187969924812,0.112676056338028,0.0002,0.0016,0.01,0.060277935391959,0.0013284876076292,0.0413592977392685,0.0582127172979287,0.206900485108113,3.53057834393653e-05,0.00113208908083974,0.000810975139728283,0.00315427015910466,0.0224902033025565,0.0314366568990236,0.0112736073056904,0.0178722919041271,0,V2,moderate,0.01,0,A5,1.5,30,70,10,1,1,R1,1,0.1,1,0.2,rational,Gaussian,matched,42,420032,30,70,80.1434265976222,8.01434265976222,4.38570660024463,4.29799246823974,87.7141320048924,0.045521074116997,0.0222806276067885,0.47007490857009,0.185405974948224,0.10023647965491,0.133232907696458,42,0.0016,0,S1,E6_ablation,A4,-0.0058,-0.1166
0.05,0.186427579854648,12,16,5000,133,71,0.0203353538564694,0.115596948531274,0.0870906717775538,0.126787839493691,0.0667553179210844,0.550234873094986,0.0247021771466485,0.0133547976416805,0.00123510885733242,0.00256266042161293,0,0,6,204,0.0266,0.0142,0.0204,0.0204,0.9796,0.0902255639097744,0.225352112676056,0.0024,0.0032,0.05,0.191890621660551,0.0523665405733798,0.151091235020604,0.143746696635205,0.335151755979988,0.00137346555641283,0.00419055141930802,0.00197072782190237,0.00519206083070639,0.0224902033025565,0.0314366568990236,0.0112736073056904,0.0178722919041271,0,V2,moderate,0.05,0,A5,1.5,30,70,10,1,1,R1,1,0.1,1,0.2,rational,Gaussian,matched,42,420032,30,70,80.1434265976222,8.01434265976222,4.38570660024463,4.29799246823974,87.7141320048924,0.045521074116997,0.0222806276067885,0.47007490857009,0.185405974948224,0.10023647965491,0.133232907696458,42,0.0032,0,S1,E6_ablation,A4,-0.0234,-0.1166
0.1,0.145250952977631,19,23,5000,133,71,0.0203353538564694,0.115596948531274,0.0870906717775538,0.126787839493691,0.0667553179210844,0.550234873094986,0.0247021771466485,0.0133547976416805,0.00247021771466485,0.0040845648181276,0,0,6,204,0.0266,0.0142,0.0204,0.0204,0.9796,0.142857142857143,0.323943661971831,0.0038,0.0046,0.1,0.305849996961363,0.0934023426858272,0.212363608519938,0.226572117106496,0.439388429441705,0.00243413885088568,0.00592772855938902,0.00306725202534384,0.00689338706181876,0.0224902033025565,0.0314366568990236,0.0112736073056904,0.0178722919041271,0,V2,moderate,0.1,0,A5,1.5,30,70,10,1,1,R1,1,0.1,1,0.2,rational,Gaussian,matched,42,420032,30,70,80.1434265976222,8.01434265976222,4.38570660024463,4.29799246823974,87.7141320048924,0.045521074116997,0.0222806276067885,0.47007490857009,0.185405974948224,0.10023647965491,0.133232907696458,42,0.0046,0,S1,E6_ablation,A4,-0.0356,-0.1166
0.01,0.263668083865455,1,1,5000,133,2,0.0203353538564694,0.115596948531274,0.266499703388575,0.00505812327449815,0.246164349532106,3.00869680292318,0.0247021771466485,0.000720810711858736,0.000247021771466485,4.34489815192529e-05,0,0,6,135,0.0266,0.0004,0.0135,0.0135,0.9865,0.0075187969924812,0.5,0.0002,0.0002,0.01,0.060277935391959,0.0013284876076292,0.0413592977392685,0.0945312057342306,0.905468794265769,3.53057834393653e-05,0.00113208908083974,3.53057834393653e-05,0.00113208908083974,0.0224902033025565,0.0314366568990236,0.000109701282077635,0.00145738650142344,0,V2,moderate,0.01,0,A5,1.5,30,70,10,1,1,R1,1,0.5,1,0.2,rational,Gaussian,matched,42,420032,30,70,80.1434265976222,8.01434265976222,4.38570660024463,4.29799246823974,87.7141320048924,0.045521074116997,0.00108791684421463,0.0229527830230526,0.185405974948224,0.00541015522607183,0.133232907696458,42,0.0002,0,S2,E6_ablation,A4,-0.0072,-0.1304
0.05,0.186427579854648,12,2,5000,133,2,0.0203353538564694,0.115596948531274,0.266499703388575,0.00505812327449815,0.246164349532106,3.00869680292318,0.0247021771466485,0.000720810711858736,0.00123510885733242,0.000138316815598157,0,0,6,135,0.0266,0.0004,0.0135,0.0135,0.9865,0.0902255639097744,1,0.0024,0.0004,0.05,0.191890621660551,0.0523665405733798,0.151091235020604,0.342380227506653,1,0.00137346555641283,0.00419055141930802,0.000109701282077635,0.00145738650142344,0.0224902033025565,0.0314366568990236,0.000109701282077635,0.00145738650142344,0,V2,moderate,0.05,0,A5,1.5,30,70,10,1,1,R1,1,0.5,1,0.2,rational,Gaussian,matched,42,420032,30,70,80.1434265976222,8.01434265976222,4.38570660024463,4.29799246823974,87.7141320048924,0.045521074116997,0.00108791684421463,0.0229527830230526,0.185405974948224,0.00541015522607183,0.133232907696458,42,0.0004,0,S2,E6_ablation,A4,-0.0262,-0.1304
0.1,0.145250952977631,19,2,5000,133,2,0.0203353538564694,0.115596948531274,0.266499703388575,0.00505812327449815,0.246164349532106,3.00869680292318,0.0247021771466485,0.000720810711858736,0.00247021771466485,0.000220459954031712,0,0,6,135,0.0266,0.0004,0.0135,0.0135,0.9865,0.142857142857143,1,0.0038,0.0004,0.1,0.305849996961363,0.0934023426858272,0.212363608519938,0.342380227506653,1,0.00243413885088568,0.00592772855938902,0.000109701282077635,0.00145738650142344,0.0224902033025565,0.0314366568990236,0.000109701282077635,0.00145738650142344,0,V2,moderate,0.1,0,A5,1.5,30,70,10,1,1,R1,1,0.5,1,0.2,rational,Gaussian,matched,42,420032,30,70,80.1434265976222,8.01434265976222,4.38570660024463,4.29799246823974,87.7141320048924,0.045521074116997,0.00108791684421463,0.0229527830230526,0.185405974948224,0.00541015522607183,0.133232907696458,42,0.0004,0,S2,E6_ablation,A4,-0.0398,-0.1304
0.01,0.263668083865455,1,0,5000,133,0,0.0203353538564694,0.115596948531274,NaN,NaN,NaN,NaN,0.0247021771466485,3.81809446579128e-07,0.000247021771466485,2.30146851529363e-08,0,0,6,133,0.0266,0,0.0133,0.0133,0.9867,0.0075187969924812,NaN,0.0002,0,0.01,0.0602779353919591,0.0013284876076292,0.0413592977392685,NaN,NaN,3.53057834393653e-05,0.00113208908083974,0,0.000767701945057125,0.0224902033025565,0.0314366568990236,0,0.000767701945057125,0,V2,moderate,0.01,0,A5,1.5,30,70,10,1,1,R1,1,1.5,1,0.2,rational,Gaussian,matched,42,420032,30,70,80.1434265976222,8.01434265976222,4.38570660024463,4.29799246823974,87.7141320048924,0.045521074116997,5.7314750138855e-07,1.20922203838778e-05,0.185405974948224,2.86572929451483e-06,0.133232907696458,42,0,0,S3,E6_ablation,A4,-0.0074,-0.1308
0.05,0.186427579854648,12,0,5000,133,0,0.0203353538564694,0.115596948531274,NaN,NaN,NaN,NaN,0.0247021771466485,3.81809446579128e-07,0.00123510885733242,7.32656520599399e-08,0,0,6,133,0.0266,0,0.0133,0.0133,0.9867,0.0902255639097744,NaN,0.0024,0,0.05,0.191890621660551,0.0523665405733798,0.151091235020604,NaN,NaN,0.00137346555641283,0.00419055141930802,0,0.000767701945057125,0.0224902033025565,0.0314366568990236,0,0.000767701945057125,0,V2,moderate,0.05,0,A5,1.5,30,70,10,1,1,R1,1,1.5,1,0.2,rational,Gaussian,matched,42,420032,30,70,80.1434265976222,8.01434265976222,4.38570660024463,4.29799246823974,87.7141320048924,0.045521074116997,5.7314750138855e-07,1.20922203838778e-05,0.185405974948224,2.86572929451483e-06,0.133232907696458,42,0,0,S3,E6_ablation,A4,-0.0266,-0.1308
0.1,0.145250952977631,19,0,5000,133,0,0.0203353538564694,0.115596948531274,NaN,NaN,NaN,NaN,0.0247021771466485,3.81809446579128e-07,0.00247021771466485,1.16776418076046e-07,0,0,6,133,0.0266,0,0.0133,0.0133,0.9867,0.142857142857143,NaN,0.0038,0,0.1,0.305849996961363,0.0934023426858272,0.212363608519938,NaN,NaN,0.00243413885088568,0.00592772855938902,0,0.000767701945057125,0.0224902033025565,0.0314366568990236,0,0.000767701945057125,0,V2,moderate,0.1,0,A5,1.5,30,70,10,1,1,R1,1,1.5,1,0.2,rational,Gaussian,matched,42,420032,30,70,80.1434265976222,8.01434265976222,4.38570660024463,4.29799246823974,87.7141320048924,0.045521074116997,5.7314750138855e-07,1.20922203838778e-05,0.185405974948224,2.86572929451483e-06,0.133232907696458,42,0,0,S3,E6_ablation,A4,-0.0402,-0.1308
