validity_index,pfa_target,threshold,N_total,N_valid_dry,N_valid_ice,false_alarm_count,detection_count,mean_dry,std_dry,mean_ice,std_ice,separation,d_prime,coverage_dry_theory,coverage_ice_theory,P_FA_all_theory,P_D_all_theory,physical_invalid_dry,physical_invalid_ice,stress_invalid_dry,stress_invalid_ice,p_valid_stress,H_m,thickness_mm,angle_deg,slant_range_m,sigma0_mm,sigma_eff_mm,sigma_amplification,p,q,stream_id,master_seed,sigma_score_m,theory_method,N_valid,coverage_dry,coverage_ice,coverage,valid_rate,unknown_rate,P_FA,P_D,P_FA_all,P_D_all,P_FA_theory,P_D_theory,P_FA_CI_low,P_FA_CI_high,P_D_CI_low,P_D_CI_high,P_FA_all_CI_low,P_FA_all_CI_high,P_D_all_CI_low,P_D_all_CI_high,coverage_dry_CI_low,coverage_dry_CI_high,coverage_ice_CI_low,coverage_ice_CI_high,conditional_precision_met,gaussian_range_warning,validity_mode,validity_severity,pilot_or_final_pfa_target,boundary_id,reference_mode,stress_family
1,0.05,0.0164485362695147,1000,1000,1000,47,337,9.21297315447211e-05,0.00979637518877418,0.0119072786543253,0.00999896036943437,0.0118151489227805,1.19366809519329,1,1,0.05,0.312012786818453,0,0,0,0,1,1.5,10,30,1.73205080756888,10,10,1,0,0,150003,42,0.01,Gaussian (discarded tail <= 1e-12) / Gaussian (discarded tail <= 1e-12),2000,1,1,1,1,0,0.047,0.337,0.047,0.337,0.05,0.312012786818453,0.0355271051063845,0.0619399380815285,0.308376444597885,0.366871078668406,0.0355271051063845,0.0619399380815285,0.308376444597885,0.366871078668406,0.996173241514445,1,0.996173241514445,1,0,0,V0,all,0.05,1,R0,L1
2,0.05,0.0164485362695147,1000,1000,1000,47,337,9.21297315447211e-05,0.00979637518877418,0.0119072786543253,0.00999896036943437,0.0118151489227805,1.19366809519329,1,1,0.05,0.312012786818453,0,0,0,0,1,1.5,10,30,1.73205080756888,10,10,1,0,0,150003,42,0.01,Gaussian (discarded tail <= 1e-12) / Gaussian (discarded tail <= 1e-12),2000,1,1,1,1,0,0.047,0.337,0.047,0.337,0.05,0.312012786818453,0.0355271051063845,0.0619399380815285,0.308376444597885,0.366871078668406,0.0355271051063845,0.0619399380815285,0.308376444597885,0.366871078668406,0.996173241514445,1,0.996173241514445,1,0,0,V1,mild,0.05,1,R0,L1
3,0.05,0.0164485362695147,1000,1000,1000,47,337,9.21297315447211e-05,0.00979637518877418,0.0119072786543253,0.00999896036943437,0.0118151489227805,1.19366809519329,1,1,0.05,0.312012786818453,0,0,0,0,1,1.5,10,30,1.73205080756888,10,10,1,0,0,150003,42,0.01,Gaussian (discarded tail <= 1e-12) / Gaussian (discarded tail <= 1e-12),2000,1,1,1,1,0,0.047,0.337,0.047,0.337,0.05,0.312012786818453,0.0355271051063845,0.0619399380815285,0.308376444597885,0.366871078668406,0.0355271051063845,0.0619399380815285,0.308376444597885,0.366871078668406,0.996173241514445,1,0.996173241514445,1,0,0,V1,moderate,0.05,1,R0,L1
4,0.05,0.0164485362695147,1000,1000,1000,47,337,9.21297315447211e-05,0.00979637518877418,0.0119072786543253,0.00999896036943437,0.0118151489227805,1.19366809519329,1,1,0.05,0.312012786818453,0,0,0,0,1,1.5,10,30,1.73205080756888,10,10,1,0,0,150003,42,0.01,Gaussian (discarded tail <= 1e-12) / Gaussian (discarded tail <= 1e-12),2000,1,1,1,1,0,0.047,0.337,0.047,0.337,0.05,0.312012786818453,0.0355271051063845,0.0619399380815285,0.308376444597885,0.366871078668406,0.0355271051063845,0.0619399380815285,0.308376444597885,0.366871078668406,0.996173241514445,1,0.996173241514445,1,0,0,V1,severe,0.05,1,R0,L1
5,0.05,0.0164485362695147,1000,971,972,46,325,9.39397724651348e-05,0.00983505882940545,0.0119068167548275,0.0099607890942923,0.0118128769823624,1.19344609756702,0.971831596667783,0.971831596667783,0.0485915798333891,0.303223884794542,0,0,29,28,0.971831596667783,1.5,10,30,1.73205080756888,10,10,1,0,0,150003,42,0.01,Gaussian (discarded tail <= 1e-12) / Gaussian (discarded tail <= 1e-12),1943,0.971,0.972,0.9715,0.9715,0.0285,0.0473738414006179,0.334362139917695,0.046,0.325,0.05,0.312012786818453,0.0357031376504948,0.0626117811021785,0.305407390633244,0.364620976075896,0.034662492763265,0.0608122039416191,0.296687901945411,0.354651463524533,0.958661641663306,0.979733551843301,0.959829816802407,0.980557723187229,0,0,V2,mild,0.05,1,R0,L1
6,0.05,0.0164485362695147,1000,915,913,42,307,4.00022742796459e-05,0.00984500098543178,0.0119866949135254,0.00990805018266542,0.0119466926392458,1.2095986266972,0.909152456484256,0.909152456484256,0.0454576228242128,0.283667191590495,0,0,85,87,0.909152456484256,1.5,10,30,1.73205080756888,10,10,1,0,0,150003,42,0.01,Gaussian (discarded tail <= 1e-12) / Gaussian (discarded tail <= 1e-12),1828,0.915,0.913,0.914,0.914,0.086,0.0459016393442623,0.336254107338445,0.042,0.307,0.05,0.312012786818453,0.0341363178513783,0.0614639165279411,0.306352614264412,0.367527752811708,0.0312208855461654,0.0562844252266031,0.27919575142341,0.336281377352014,0.896087108996644,0.930736681460345,0.893913518943307,0.928925578547625,0,0,V2,moderate,0.05,1,R0,L1
7,0.05,0.0164485362695147,1000,743,740,38,252,0.000115573896419956,0.00999743050215581,0.0120791178714726,0.00993876123584042,0.0119635439750527,1.20017828160973,0.751467408075951,0.751467408075951,0.0375733704037976,0.234467440197018,0,0,257,260,0.751467408075951,1.5,10,30,1.73205080756888,10,10,1,0,0,150003,42,0.01,Gaussian (discarded tail <= 1e-12) / Gaussian (discarded tail <= 1e-12),1483,0.743,0.74,0.7415,0.7415,0.2585,0.0511440107671602,0.340540540540541,0.038,0.252,0.05,0.312012786818453,0.0374858846138357,0.06941961437489,0.307298660459719,0.375429430047416,0.0278090045093026,0.0517269203313503,0.226074711238094,0.279823360970741,0.715022212782068,0.769117982593952,0.711931774434564,0.766231381492369,0,0,V2,severe,0.05,1,R0,L1
1,0.05,0.0164485362695147,5000,5000,5000,241,1600,-9.39013447983355e-05,0.00997202676343474,0.011672321314415,0.0101145685710342,0.0117662226592134,1.17152023132355,1,1,0.05,0.312012786818453,0,0,0,0,1,1.5,10,30,1.73205080756888,10,10,1,0,0,150003,42,0.01,Gaussian (discarded tail <= 1e-12) / Gaussian (discarded tail <= 1e-12),10000,1,1,1,1,0,0.0482,0.32,0.0482,0.32,0.05,0.312012786818453,0.0426021037376601,0.0544915917398936,0.307212590088746,0.333063782611474,0.0426021037376601,0.0544915917398936,0.307212590088746,0.333063782611474,0.999232298054943,1,0.999232298054943,1,1,0,V0,all,0.05,1,R0,L1
2,0.05,0.0164485362695147,5000,5000,5000,241,1600,-9.39013447983355e-05,0.00997202676343474,0.011672321314415,0.0101145685710342,0.0117662226592134,1.17152023132355,1,1,0.05,0.312012786818453,0,0,0,0,1,1.5,10,30,1.73205080756888,10,10,1,0,0,150003,42,0.01,Gaussian (discarded tail <= 1e-12) / Gaussian (discarded tail <= 1e-12),10000,1,1,1,1,0,0.0482,0.32,0.0482,0.32,0.05,0.312012786818453,0.0426021037376601,0.0544915917398936,0.307212590088746,0.333063782611474,0.0426021037376601,0.0544915917398936,0.307212590088746,0.333063782611474,0.999232298054943,1,0.999232298054943,1,1,0,V1,mild,0.05,1,R0,L1
3,0.05,0.0164485362695147,5000,5000,5000,241,1600,-9.39013447983355e-05,0.00997202676343474,0.011672321314415,0.0101145685710342,0.0117662226592134,1.17152023132355,1,1,0.05,0.312012786818453,0,0,0,0,1,1.5,10,30,1.73205080756888,10,10,1,0,0,150003,42,0.01,Gaussian (discarded tail <= 1e-12) / Gaussian (discarded tail <= 1e-12),10000,1,1,1,1,0,0.0482,0.32,0.0482,0.32,0.05,0.312012786818453,0.0426021037376601,0.0544915917398936,0.307212590088746,0.333063782611474,0.0426021037376601,0.0544915917398936,0.307212590088746,0.333063782611474,0.999232298054943,1,0.999232298054943,1,1,0,V1,moderate,0.05,1,R0,L1
4,0.05,0.0164485362695147,5000,5000,5000,241,1600,-9.39013447983355e-05,0.00997202676343474,0.011672321314415,0.0101145685710342,0.0117662226592134,1.17152023132355,1,1,0.05,0.312012786818453,0,0,0,0,1,1.5,10,30,1.73205080756888,10,10,1,0,0,150003,42,0.01,Gaussian (discarded tail <= 1e-12) / Gaussian (discarded tail <= 1e-12),10000,1,1,1,1,0,0.0482,0.32,0.0482,0.32,0.05,0.312012786818453,0.0426021037376601,0.0544915917398936,0.307212590088746,0.333063782611474,0.0426021037376601,0.0544915917398936,0.307212590088746,0.333063782611474,0.999232298054943,1,0.999232298054943,1,1,0,V1,severe,0.05,1,R0,L1
5,0.05,0.0164485362695147,5000,4852,4861,233,1552,-0.000125486379603606,0.00996220780534999,0.0116616221326424,0.0101110054881137,0.011787108512246,1.17437945876392,0.971831596667783,0.971831596667783,0.0485915798333891,0.303223884794542,0,0,148,139,0.971831596667783,1.5,10,30,1.73205080756888,10,10,1,0,0,150003,42,0.01,Gaussian (discarded tail <= 1e-12) / Gaussian (discarded tail <= 1e-12),9713,0.9704,0.9722,0.9713,0.9713,0.0286999999999999,0.0480214344600165,0.319275869162724,0.0466,0.3104,0.05,0.312012786818453,0.0423546021526209,0.0544033877457563,0.306317464435892,0.332519686810981,0.0410975242290518,0.052798627894726,0.297725681073155,0.32336543150441,0.965329121361488,0.974748624648603,0.967268003645793,0.976406978637296,1,0,V2,mild,0.05,1,R0,L1
6,0.05,0.0164485362695147,5000,4559,4515,219,1443,-0.000149667671081949,0.01000491845891,0.0116730819556499,0.0100659757694489,0.0118227496267318,1.17809349072072,0.909152456484256,0.909152456484256,0.0454576228242128,0.283667191590495,0,0,441,485,0.909152456484256,1.5,10,30,1.73205080756888,10,10,1,0,0,150003,42,0.01,Gaussian (discarded tail <= 1e-12) / Gaussian (discarded tail <= 1e-12),9074,0.9118,0.903,0.9074,0.9074,0.0926,0.0480368501864444,0.319601328903655,0.0438,0.2886,0.05,0.312012786818453,0.0422009026784068,0.0546338137605229,0.306157526373333,0.333351844591603,0.0384690978287313,0.0498313534259389,0.276206685642592,0.301317898739778,0.903620075107967,0.919347645570084,0.894484551318866,0.910896680913418,1,0,V2,moderate,0.05,1,R0,L1
7,0.05,0.0164485362695147,5000,3727,3714,187,1186,-0.000124673575569771,0.0100217593496752,0.0116865005208963,0.0100516081805989,0.011811174096466,1.17679916144181,0.751467408075951,0.751467408075951,0.0375733704037976,0.234467440197018,0,0,1273,1286,0.751467408075951,1.5,10,30,1.73205080756888,10,10,1,0,0,150003,42,0.01,Gaussian (discarded tail <= 1e-12) / Gaussian (discarded tail <= 1e-12),7441,0.7454,0.7428,0.7441,0.7441,0.2559,0.0501744030050979,0.31933225632741,0.0374,0.2372,0.05,0.312012786818453,0.0436172769866138,0.0576578543721249,0.304531564700527,0.334506297762364,0.0324859505928384,0.0430243272467284,0.225614227061161,0.249189277081161,0.733139776051589,0.757283435833777,0.73050150932204,0.75472569461344,1,0,V2,severe,0.05,1,R0,L1
1,0.05,0.0164485362695147,10000,10000,10000,498,3174,-7.45266833285178e-05,0.0100273384738462,0.0116091431898928,0.0100690062626625,0.0116836698732213,1.16276317036577,1,1,0.05,0.312012786818453,0,0,0,0,1,1.5,10,30,1.73205080756888,10,10,1,0,0,150003,42,0.01,Gaussian (discarded tail <= 1e-12) / Gaussian (discarded tail <= 1e-12),20000,1,1,1,1,0,0.0498,0.3174,0.0498,0.3174,0.05,0.312012786818453,0.0457066513097595,0.0542391008231977,0.308348662971664,0.326591573233307,0.0457066513097595,0.0542391008231977,0.308348662971664,0.326591573233307,0.999616001629323,1,0.999616001629323,1,1,0,V0,all,0.05,1,R0,L1
2,0.05,0.0164485362695147,10000,10000,10000,498,3174,-7.45266833285178e-05,0.0100273384738462,0.0116091431898928,0.0100690062626625,0.0116836698732213,1.16276317036577,1,1,0.05,0.312012786818453,0,0,0,0,1,1.5,10,30,1.73205080756888,10,10,1,0,0,150003,42,0.01,Gaussian (discarded tail <= 1e-12) / Gaussian (discarded tail <= 1e-12),20000,1,1,1,1,0,0.0498,0.3174,0.0498,0.3174,0.05,0.312012786818453,0.0457066513097595,0.0542391008231977,0.308348662971664,0.326591573233307,0.0457066513097595,0.0542391008231977,0.308348662971664,0.326591573233307,0.999616001629323,1,0.999616001629323,1,1,0,V1,mild,0.05,1,R0,L1
3,0.05,0.0164485362695147,10000,10000,10000,498,3174,-7.45266833285178e-05,0.0100273384738462,0.0116091431898928,0.0100690062626625,0.0116836698732213,1.16276317036577,1,1,0.05,0.312012786818453,0,0,0,0,1,1.5,10,30,1.73205080756888,10,10,1,0,0,150003,42,0.01,Gaussian (discarded tail <= 1e-12) / Gaussian (discarded tail <= 1e-12),20000,1,1,1,1,0,0.0498,0.3174,0.0498,0.3174,0.05,0.312012786818453,0.0457066513097595,0.0542391008231977,0.308348662971664,0.326591573233307,0.0457066513097595,0.0542391008231977,0.308348662971664,0.326591573233307,0.999616001629323,1,0.999616001629323,1,1,0,V1,moderate,0.05,1,R0,L1
4,0.05,0.0164485362695147,10000,10000,10000,498,3174,-7.45266833285178e-05,0.0100273384738462,0.0116091431898928,0.0100690062626625,0.0116836698732213,1.16276317036577,1,1,0.05,0.312012786818453,0,0,0,0,1,1.5,10,30,1.73205080756888,10,10,1,0,0,150003,42,0.01,Gaussian (discarded tail <= 1e-12) / Gaussian (discarded tail <= 1e-12),20000,1,1,1,1,0,0.0498,0.3174,0.0498,0.3174,0.05,0.312012786818453,0.0457066513097595,0.0542391008231977,0.308348662971664,0.326591573233307,0.0457066513097595,0.0542391008231977,0.308348662971664,0.326591573233307,0.999616001629323,1,0.999616001629323,1,1,0,V1,severe,0.05,1,R0,L1
5,0.05,0.0164485362695147,10000,9719,9735,484,3083,-8.31844835704368e-05,0.0100216855114854,0.0116097161677526,0.0100710816594782,0.0116929006513231,1.16388800183608,0.971831596667783,0.971831596667783,0.0485915798333891,0.303223884794542,0,0,281,265,0.971831596667783,1.5,10,30,1.73205080756888,10,10,1,0,0,150003,42,0.01,Gaussian (discarded tail <= 1e-12) / Gaussian (discarded tail <= 1e-12),19454,0.9719,0.9735,0.9727,0.9727,0.0273,0.0497993620742875,0.316692347200822,0.0484,0.3083,0.05,0.312012786818453,0.0456497234510567,0.0543047459226084,0.307525445987584,0.326003858797692,0.0443643693289041,0.0527824579994909,0.299324109872414,0.317423115102903,0.968475339010603,0.974962243327153,0.970165502723387,0.976470850819583,1,0,V2,mild,0.05,1,R0,L1
6,0.05,0.0164485362695147,10000,9092,9070,452,2870,-0.000114360532978709,0.0100501200068362,0.0115967520414874,0.0100448802793578,0.0117111125744661,1.1655747210311,0.909152456484256,0.909152456484256,0.0454576228242128,0.283667191590495,0,0,908,930,0.909152456484256,1.5,10,30,1.73205080756888,10,10,1,0,0,150003,42,0.01,Gaussian (discarded tail <= 1e-12) / Gaussian (discarded tail <= 1e-12),18162,0.9092,0.907,0.9081,0.9081,0.0919,0.0497140343158821,0.316427783902977,0.0452,0.287,0.05,0.312012786818453,0.0454333907062292,0.0543750176670626,0.306935844193934,0.32607515615114,0.0413000010868094,0.0494492838311581,0.27821699270067,0.295946590605238,0.903410300580132,0.914675435153306,0.90115028906247,0.912537136263799,1,0,V2,moderate,0.05,1,R0,L1
7,0.05,0.0164485362695147,10000,7460,7500,384,2370,-0.000153156627839223,0.0100775323880282,0.0116101588470623,0.00995651050894851,0.0117633154749015,1.17431123725866,0.751467408075951,0.751467408075951,0.0375733704037976,0.234467440197018,0,0,2540,2500,0.751467408075951,1.5,10,30,1.73205080756888,10,10,1,0,0,150003,42,0.01,Gaussian (discarded tail <= 1e-12) / Gaussian (discarded tail <= 1e-12),14960,0.746,0.75,0.748,0.748,0.252,0.0514745308310992,0.316,0.0384,0.237,0.05,0.312012786818453,0.0466871804184858,0.0567235716827047,0.30557469137426,0.326613699712328,0.0348075417687003,0.0423469655271083,0.228767384389401,0.245434598753575,0.737374975420382,0.754436097381245,0.741418193997587,0.758389806817075,1,0,V2,severe,0.05,1,R0,L1
1,0.05,0.0232617430735335,1000,1000,1000,53,220,-0.00079536118226383,0.0142935081706966,0.0117537504893942,0.0144865285621228,0.012549111671658,0.872050968203843,1,1,0.05,0.203734162463038,0,0,0,0,1,1.5,10,30,1.73205080756888,10,10,1,0,0,150004,42,0.014142135623731,Gaussian (discarded tail <= 1e-12) / Gaussian (discarded tail <= 1e-12),2000,1,1,1,1,0,0.053,0.22,0.053,0.22,0.05,0.203734162463038,0.0407465052485945,0.0686746168374918,0.195423493389037,0.246719491362874,0.0407465052485945,0.0686746168374918,0.195423493389037,0.246719491362874,0.996173241514445,1,0.996173241514445,1,0,0,V0,all,0.05,1,R1,L1
2,0.05,0.0232617430735335,1000,1000,1000,53,220,-0.00079536118226383,0.0142935081706966,0.0117537504893942,0.0144865285621228,0.012549111671658,0.872050968203843,1,1,0.05,0.203734162463038,0,0,0,0,1,1.5,10,30,1.73205080756888,10,10,1,0,0,150004,42,0.014142135623731,Gaussian (discarded tail <= 1e-12) / Gaussian (discarded tail <= 1e-12),2000,1,1,1,1,0,0.053,0.22,0.053,0.22,0.05,0.203734162463038,0.0407465052485945,0.0686746168374918,0.195423493389037,0.246719491362874,0.0407465052485945,0.0686746168374918,0.195423493389037,0.246719491362874,0.996173241514445,1,0.996173241514445,1,0,0,V1,mild,0.05,1,R1,L1
3,0.05,0.0232617430735335,1000,1000,1000,53,220,-0.00079536118226383,0.0142935081706966,0.0117537504893942,0.0144865285621228,0.012549111671658,0.872050968203843,1,1,0.05,0.203734162463038,0,0,0,0,1,1.5,10,30,1.73205080756888,10,10,1,0,0,150004,42,0.014142135623731,Gaussian (discarded tail <= 1e-12) / Gaussian (discarded tail <= 1e-12),2000,1,1,1,1,0,0.053,0.22,0.053,0.22,0.05,0.203734162463038,0.0407465052485945,0.0686746168374918,0.195423493389037,0.246719491362874,0.0407465052485945,0.0686746168374918,0.195423493389037,0.246719491362874,0.996173241514445,1,0.996173241514445,1,0,0,V1,moderate,0.05,1,R1,L1
4,0.05,0.0232617430735335,1000,1000,1000,53,220,-0.00079536118226383,0.0142935081706966,0.0117537504893942,0.0144865285621228,0.012549111671658,0.872050968203843,1,1,0.05,0.203734162463038,0,0,0,0,1,1.5,10,30,1.73205080756888,10,10,1,0,0,150004,42,0.014142135623731,Gaussian (discarded tail <= 1e-12) / Gaussian (discarded tail <= 1e-12),2000,1,1,1,1,0,0.053,0.22,0.053,0.22,0.05,0.203734162463038,0.0407465052485945,0.0686746168374918,0.195423493389037,0.246719491362874,0.0407465052485945,0.0686746168374918,0.195423493389037,0.246719491362874,0.996173241514445,1,0.996173241514445,1,0,0,V1,severe,0.05,1,R1,L1
5,0.05,0.0232617430735335,1000,977,975,50,213,-0.000838259734422116,0.0142505462083484,0.011693398389682,0.0145212555561932,0.0125316581241041,0.871068386521153,0.971831596667783,0.971831596667783,0.0485915798333892,0.197995296402228,0,0,23,25,0.971831596667783,1.5,10,30,1.73205080756888,10,10,1,0,0,150004,42,0.014142135623731,Gaussian (discarded tail <= 1e-12) / Gaussian (discarded tail <= 1e-12),1952,0.977,0.975,0.976,0.976,0.024,0.0511770726714432,0.218461538461538,0.05,0.213,0.05,0.203734162463038,0.0390328380837461,0.0668369310689026,0.19365748240732,0.245475387320701,0.0381302623927488,0.0653138202442508,0.188746956840987,0.239449602529722,0.965723549337773,0.984625723067007,0.963354710732157,0.983009868706566,0,0,V2,mild,0.05,1,R1,L1
6,0.05,0.0232617430735335,1000,894,906,43,194,-0.00100962497858841,0.0141998653679232,0.0116982684413859,0.0144424493952566,0.0127078934199743,0.887319183051571,0.909152456484256,0.909152456484256,0.0454576228242128,0.185225414273034,0,0,106,94,0.909152456484256,1.5,10,30,1.73205080756888,10,10,1,0,0,150004,42,0.014142135623731,Gaussian (discarded tail <= 1e-12) / Gaussian (discarded tail <= 1e-12),1800,0.894,0.906,0.9,0.9,0.1,0.0480984340044743,0.214128035320088,0.043,0.194,0.05,0.203734162463038,0.0359028115907435,0.0641610225506426,0.18865275614386,0.242017285347309,0.0320786534117134,0.057419003844084,0.170681429567328,0.219660546625832,0.873389581176434,0.911594933136949,0.886326845683493,0.922565826426236,0,0,V2,moderate,0.05,1,R1,L1
7,0.05,0.0232617430735335,1000,758,754,39,157,-0.00097383477714466,0.014271260004484,0.0115563047364763,0.0144184312497564,0.012530139513621,0.873482711543802,0.751467408075951,0.751467408075951,0.0375733704037976,0.153099583002624,0,0,242,246,0.751467408075951,1.5,10,30,1.73205080756888,10,10,1,0,0,150004,42,0.014142135623731,Gaussian (discarded tail <= 1e-12) / Gaussian (discarded tail <= 1e-12),1512,0.758,0.754,0.756,0.756,0.244,0.0514511873350923,0.208222811671088,0.039,0.157,0.05,0.203734162463038,0.0378635889493325,0.069562251260758,0.180755572235023,0.23864805780034,0.0286589609041805,0.0528693104195014,0.135769326980885,0.180855829340206,0.730499679920072,0.783525712701382,0.726368159976174,0.779687846713164,0,0,V2,severe,0.05,1,R1,L1
1,0.05,0.0232617430735335,5000,5000,5000,240,1016,-5.28028361387523e-05,0.0141144616809984,0.0115080378611513,0.0141070180919843,0.01156084069729,0.819293700270763,1,1,0.05,0.203734162463038,0,0,0,0,1,1.5,10,30,1.73205080756888,10,10,1,0,0,150004,42,0.014142135623731,Gaussian (discarded tail <= 1e-12) / Gaussian (discarded tail <= 1e-12),10000,1,1,1,1,0,0.048,0.2032,0.048,0.2032,0.05,0.203734162463038,0.042413931418708,0.0542800711396237,0.192276604899967,0.214579102974619,0.042413931418708,0.0542800711396237,0.192276604899967,0.214579102974619,0.999232298054943,1,0.999232298054943,1,1,0,V0,all,0.05,1,R1,L1
2,0.05,0.0232617430735335,5000,5000,5000,240,1016,-5.28028361387523e-05,0.0141144616809984,0.0115080378611513,0.0141070180919843,0.01156084069729,0.819293700270763,1,1,0.05,0.203734162463038,0,0,0,0,1,1.5,10,30,1.73205080756888,10,10,1,0,0,150004,42,0.014142135623731,Gaussian (discarded tail <= 1e-12) / Gaussian (discarded tail <= 1e-12),10000,1,1,1,1,0,0.048,0.2032,0.048,0.2032,0.05,0.203734162463038,0.042413931418708,0.0542800711396237,0.192276604899967,0.214579102974619,0.042413931418708,0.0542800711396237,0.192276604899967,0.214579102974619,0.999232298054943,1,0.999232298054943,1,1,0,V1,mild,0.05,1,R1,L1
3,0.05,0.0232617430735335,5000,5000,5000,240,1016,-5.28028361387523e-05,0.0141144616809984,0.0115080378611513,0.0141070180919843,0.01156084069729,0.819293700270763,1,1,0.05,0.203734162463038,0,0,0,0,1,1.5,10,30,1.73205080756888,10,10,1,0,0,150004,42,0.014142135623731,Gaussian (discarded tail <= 1e-12) / Gaussian (discarded tail <= 1e-12),10000,1,1,1,1,0,0.048,0.2032,0.048,0.2032,0.05,0.203734162463038,0.042413931418708,0.0542800711396237,0.192276604899967,0.214579102974619,0.042413931418708,0.0542800711396237,0.192276604899967,0.214579102974619,0.999232298054943,1,0.999232298054943,1,1,0,V1,moderate,0.05,1,R1,L1
4,0.05,0.0232617430735335,5000,5000,5000,240,1016,-5.28028361387523e-05,0.0141144616809984,0.0115080378611513,0.0141070180919843,0.01156084069729,0.819293700270763,1,1,0.05,0.203734162463038,0,0,0,0,1,1.5,10,30,1.73205080756888,10,10,1,0,0,150004,42,0.014142135623731,Gaussian (discarded tail <= 1e-12) / Gaussian (discarded tail <= 1e-12),10000,1,1,1,1,0,0.048,0.2032,0.048,0.2032,0.05,0.203734162463038,0.042413931418708,0.0542800711396237,0.192276604899967,0.214579102974619,0.042413931418708,0.0542800711396237,0.192276604899967,0.214579102974619,0.999232298054943,1,0.999232298054943,1,1,0,V1,severe,0.05,1,R1,L1
5,0.05,0.0232617430735335,5000,4859,4850,232,978,-5.98658862814627e-05,0.0141149520349889,0.0114942249170969,0.0140657886087575,0.0115540908033783,0.81999783943187,0.971831596667783,0.971831596667783,0.0485915798333892,0.197995296402228,0,0,141,150,0.971831596667783,1.5,10,30,1.73205080756888,10,10,1,0,0,150004,42,0.014142135623731,Gaussian (discarded tail <= 1e-12) / Gaussian (discarded tail <= 1e-12),9709,0.9718,0.97,0.9709,0.9709,0.0291,0.047746449886808,0.201649484536082,0.0464,0.1956,0.05,0.203734162463038,0.0420999963592642,0.0541074294395098,0.190595562310351,0.213175651778059,0.0409095822823139,0.0525868769222419,0.184840721371856,0.206826655572295,0.966836724686333,0.976038871758311,0.964898893426598,0.974379466745048,1,0,V2,mild,0.05,1,R1,L1
6,0.05,0.0232617430735335,5000,4527,4525,217,913,-0.000111001883247796,0.0141445228812872,0.0114845579806488,0.0140740781597154,0.0115955598638966,0.821835477639457,0.909152456484256,0.909152456484256,0.0454576228242128,0.185225414273034,0,0,473,475,0.909152456484256,1.5,10,30,1.73205080756888,10,10,1,0,0,150004,42,0.014142135623731,Gaussian (discarded tail <= 1e-12) / Gaussian (discarded tail <= 1e-12),9052,0.9054,0.905,0.9052,0.9052,0.0948,0.0479346145350121,0.201767955801105,0.0434,0.1826,0.05,0.203734162463038,0.0420857230580236,0.0545500702708953,0.190330050638782,0.213711794380271,0.0380941093753608,0.0494069560408654,0.17213645384061,0.193550883354113,0.89697389973743,0.913203647525518,0.896558899562377,0.912819261862127,1,0,V2,moderate,0.05,1,R1,L1
7,0.05,0.0232617430735335,5000,3710,3754,177,753,-0.000172477461797549,0.0140935048869031,0.0114710589111556,0.0140705792876438,0.0116435363729531,0.826835514572547,0.751467408075951,0.751467408075951,0.0375733704037976,0.153099583002624,0,0,1290,1246,0.751467408075951,1.5,10,30,1.73205080756888,10,10,1,0,0,150004,42,0.014142135623731,Gaussian (discarded tail <= 1e-12) / Gaussian (discarded tail <= 1e-12),7464,0.742,0.7508,0.7464,0.7464,0.2536,0.0477088948787062,0.200586041555674,0.0354,0.1506,0.05,0.203734162463038,0.0413055698439201,0.0550478859480038,0.188085361476142,0.213698874332072,0.0306242468221181,0.040889101825229,0.140954804448245,0.160781665670961,0.729689847890061,0.753938584368531,0.738621067479137,0.762593853225222,1,0,V2,severe,0.05,1,R1,L1
1,0.05,0.0232617430735335,10000,10000,10000,487,2063,5.85245912045617e-05,0.0141555780115491,0.0115971370298911,0.0140588457642005,0.0115386124386866,0.817918148270855,1,1,0.05,0.203734162463038,0,0,0,0,1,1.5,10,30,1.73205080756888,10,10,1,0,0,150004,42,0.014142135623731,Gaussian (discarded tail <= 1e-12) / Gaussian (discarded tail <= 1e-12),20000,1,1,1,1,0,0.0487,0.2063,0.0487,0.2063,0.05,0.203734162463038,0.0446519209745698,0.0530946759548029,0.198482538732778,0.214343021910158,0.0446519209745698,0.0530946759548029,0.198482538732778,0.214343021910158,0.999616001629323,1,0.999616001629323,1,1,0,V0,all,0.05,1,R1,L1
2,0.05,0.0232617430735335,10000,10000,10000,487,2063,5.85245912045617e-05,0.0141555780115491,0.0115971370298911,0.0140588457642005,0.0115386124386866,0.817918148270855,1,1,0.05,0.203734162463038,0,0,0,0,1,1.5,10,30,1.73205080756888,10,10,1,0,0,150004,42,0.014142135623731,Gaussian (discarded tail <= 1e-12) / Gaussian (discarded tail <= 1e-12),20000,1,1,1,1,0,0.0487,0.2063,0.0487,0.2063,0.05,0.203734162463038,0.0446519209745698,0.0530946759548029,0.198482538732778,0.214343021910158,0.0446519209745698,0.0530946759548029,0.198482538732778,0.214343021910158,0.999616001629323,1,0.999616001629323,1,1,0,V1,mild,0.05,1,R1,L1
3,0.05,0.0232617430735335,10000,10000,10000,487,2063,5.85245912045617e-05,0.0141555780115491,0.0115971370298911,0.0140588457642005,0.0115386124386866,0.817918148270855,1,1,0.05,0.203734162463038,0,0,0,0,1,1.5,10,30,1.73205080756888,10,10,1,0,0,150004,42,0.014142135623731,Gaussian (discarded tail <= 1e-12) / Gaussian (discarded tail <= 1e-12),20000,1,1,1,1,0,0.0487,0.2063,0.0487,0.2063,0.05,0.203734162463038,0.0446519209745698,0.0530946759548029,0.198482538732778,0.214343021910158,0.0446519209745698,0.0530946759548029,0.198482538732778,0.214343021910158,0.999616001629323,1,0.999616001629323,1,1,0,V1,moderate,0.05,1,R1,L1
4,0.05,0.0232617430735335,10000,10000,10000,487,2063,5.85245912045617e-05,0.0141555780115491,0.0115971370298911,0.0140588457642005,0.0115386124386866,0.817918148270855,1,1,0.05,0.203734162463038,0,0,0,0,1,1.5,10,30,1.73205080756888,10,10,1,0,0,150004,42,0.014142135623731,Gaussian (discarded tail <= 1e-12) / Gaussian (discarded tail <= 1e-12),20000,1,1,1,1,0,0.0487,0.2063,0.0487,0.2063,0.05,0.203734162463038,0.0446519209745698,0.0530946759548029,0.198482538732778,0.214343021910158,0.0446519209745698,0.0530946759548029,0.198482538732778,0.214343021910158,0.999616001629323,1,0.999616001629323,1,1,0,V1,severe,0.05,1,R1,L1
5,0.05,0.0232617430735335,10000,9706,9691,469,1982,3.50470580478883e-05,0.0141496556808033,0.0115708258625998,0.0140328299261653,0.011535778804552,0.818641751659941,0.971831596667783,0.971831596667783,0.0485915798333892,0.197995296402228,0,0,294,309,0.971831596667783,1.5,10,30,1.73205080756888,10,10,1,0,0,150004,42,0.014142135623731,Gaussian (discarded tail <= 1e-12) / Gaussian (discarded tail <= 1e-12),19397,0.9706,0.9691,0.96985,0.96985,0.03015,0.0483206264166495,0.204519657414096,0.0469,0.1982,0.05,0.203734162463038,0.0442302408951675,0.0527684035023782,0.19660691132114,0.212666564235349,0.0429272862324009,0.0512206930911063,0.190503259424927,0.206128521991613,0.967104128947196,0.973734451786323,0.965524081875231,0.9723156508534,1,0,V2,mild,0.05,1,R1,L1
6,0.05,0.0232617430735335,10000,9046,9067,437,1876,2.63402289865845e-05,0.0141682861601536,0.0116302123558237,0.0140430476903983,0.0116038721268372,0.822630921969423,0.909152456484256,0.909152456484256,0.0454576228242128,0.185225414273034,0,0,954,933,0.909152456484256,1.5,10,30,1.73205080756888,10,10,1,0,0,150004,42,0.014142135623731,Gaussian (discarded tail <= 1e-12) / Gaussian (discarded tail <= 1e-12),18113,0.9046,0.9067,0.90565,0.90565,0.09435,0.0483086447048419,0.20690415793537,0.0437,0.1876,0.05,0.203734162463038,0.0440786015803509,0.052922153937314,0.198691089068154,0.215365476231907,0.0398654662874422,0.0478849706256372,0.18006893903481,0.195370983147189,0.898685923252003,0.910203345266445,0.900842181245773,0.912245474479518,1,0,V2,moderate,0.05,1,R1,L1
7,0.05,0.0232617430735335,10000,7443,7526,357,1559,-2.35860034015993e-05,0.0141480888703463,0.0116195280256202,0.0140928748728527,0.0116431140290218,0.824553431141654,0.751467408075951,0.751467408075951,0.0375733704037976,0.153099583002624,0,0,2557,2474,0.751467408075951,1.5,10,30,1.73205080756888,10,10,1,0,0,150004,42,0.014142135623731,Gaussian (discarded tail <= 1e-12) / Gaussian (discarded tail <= 1e-12),14969,0.7443,0.7526,0.74845,0.74845,0.25155,0.0479645304312777,0.207148551687483,0.0357,0.1559,0.05,0.203734162463038,0.0433386856535229,0.0530567408894203,0.19814313271329,0.216452775566249,0.0322380806649407,0.0395185002220696,0.148922295732868,0.163141971945831,0.735656895998147,0.75275548239794,0.744046802546041,0.760959201477093,1,0,V2,severe,0.05,1,R1,L1
1,0.05,0.0822426813475736,1000,1000,1000,45,99,-0.00177431854219675,0.0486319296084499,0.0226483353438613,0.0492687387168968,0.0244226538860581,0.498916660202135,1,1,0.05,0.10659277975248,0,0,0,0,1,2,10,60,4,10,50,5,1,1,150005,42,0.05,Gaussian (discarded tail <= 1e-12) / Gaussian (discarded tail <= 1e-12),2000,1,1,1,1,0,0.045,0.099,0.045,0.099,0.05,0.10659277975248,0.0337995122856317,0.0596828379362235,0.0819954413686654,0.11907361893675,0.0337995122856317,0.0596828379362235,0.0819954413686654,0.11907361893675,0.996173241514445,1,0.996173241514445,1,0,0,V0,all,0.05,2,R0,L2-C
2,0.05,0.0822426813475736,1000,1000,1000,45,99,-0.00177431854219675,0.0486319296084499,0.0226483353438613,0.0492687387168968,0.0244226538860581,0.498916660202135,1,1,0.05,0.10659277975248,0,0,0,0,1,2,10,60,4,10,50,5,1,1,150005,42,0.05,Gaussian (discarded tail <= 1e-12) / Gaussian (discarded tail <= 1e-12),2000,1,1,1,1,0,0.045,0.099,0.045,0.099,0.05,0.10659277975248,0.0337995122856317,0.0596828379362235,0.0819954413686654,0.11907361893675,0.0337995122856317,0.0596828379362235,0.0819954413686654,0.11907361893675,0.996173241514445,1,0.996173241514445,1,0,0,V1,mild,0.05,2,R0,L2-C
3,0.05,0.0822426813475736,1000,1000,1000,45,99,-0.00177431854219675,0.0486319296084499,0.0226483353438613,0.0492687387168968,0.0244226538860581,0.498916660202135,1,1,0.05,0.10659277975248,0,0,0,0,1,2,10,60,4,10,50,5,1,1,150005,42,0.05,Gaussian (discarded tail <= 1e-12) / Gaussian (discarded tail <= 1e-12),2000,1,1,1,1,0,0.045,0.099,0.045,0.099,0.05,0.10659277975248,0.0337995122856317,0.0596828379362235,0.0819954413686654,0.11907361893675,0.0337995122856317,0.0596828379362235,0.0819954413686654,0.11907361893675,0.996173241514445,1,0.996173241514445,1,0,0,V1,moderate,0.05,2,R0,L2-C
4,0.05,0.0822426813475736,1000,0,0,0,0,NaN,NaN,NaN,NaN,NaN,NaN,0,0,0,0,0,0,1000,1000,0,2,10,60,4,10,50,5,1,1,150005,42,0.05,Gaussian (discarded tail <= 1e-12) / Gaussian (discarded tail <= 1e-12),0,0,0,0,0,1,NaN,NaN,0,0,NaN,NaN,NaN,NaN,NaN,NaN,2.16840434497101e-19,0.00382675848555513,2.16840434497101e-19,0.00382675848555513,2.16840434497101e-19,0.00382675848555513,2.16840434497101e-19,0.00382675848555513,0,0,V1,severe,0.05,2,R0,L2-C
5,0.05,0.0822426813475736,1000,620,627,29,65,-0.00175158307705469,0.0495638314750895,0.0231220855237655,0.0496276967915312,0.0248736686008202,0.501527980861936,0.639093775639365,0.639093775639365,0.0319546887819683,0.0681227820679077,0,0,380,373,0.639093775639365,2,10,60,4,10,50,5,1,1,150005,42,0.05,Gaussian (discarded tail <= 1e-12) / Gaussian (discarded tail <= 1e-12),1247,0.62,0.627,0.6235,0.6235,0.3765,0.0467741935483871,0.103668261562998,0.029,0.065,0.05,0.10659277975248,0.0327620535618657,0.066368034614061,0.0821722670257935,0.129991117211666,0.0202664481566988,0.0413383583366942,0.051323770569062,0.0820055093133709,0.589510884320611,0.649570693642855,0.596594041308896,0.656433962035773,0,0,V2,mild,0.05,2,R0,L2-C
6,0.05,0.0822426813475736,1000,197,228,13,24,0.0024668704633028,0.0482753336201129,0.0216436000094701,0.0526781280087259,0.0191767295461673,0.379551487970919,0.224844339919922,0.224844339919922,0.0112422169959961,0.023966783203676,0,0,803,772,0.224844339919922,2,10,60,4,10,50,5,1,1,150005,42,0.05,Gaussian (discarded tail <= 1e-12) / Gaussian (discarded tail <= 1e-12),425,0.197,0.228,0.2125,0.2125,0.7875,0.065989847715736,0.105263157894737,0.013,0.024,0.05,0.10659277975248,0.0389669299536845,0.109615235282109,0.0717621403627273,0.151845229451091,0.00761282038935102,0.0221144423755797,0.016180168466637,0.0354629056116115,0.173528161735785,0.222790853906461,0.2030667729482,0.255014983667942,0,0,V2,moderate,0.05,2,R0,L2-C
7,0.05,0.0822426813475736,1000,11,13,1,4,0.00135212399805203,0.040550827656253,0.0303540982579421,0.0665734530591258,0.0290019742598901,0.526162130802967,0.0113670004768574,0.0113670004768574,0.00056835002384287,0.001211640178276,0,0,989,987,0.0113670004768574,2,10,60,4,10,50,5,1,1,150005,42,0.05,Gaussian (discarded tail <= 1e-12) / Gaussian (discarded tail <= 1e-12),24,0.011,0.013,0.012,0.012,0.988,0.0909090909090909,0.307692307692308,0.001,0.004,0.05,0.10659277975248,0.0162321728858848,0.377358436451596,0.126807036557105,0.57630656819451,0.000176546370626078,0.00564255859795794,0.00155658814040843,0.0102395562772623,0.00615317409808664,0.0195893957007863,0.00761282038935102,0.0221144423755797,0,0,V2,severe,0.05,2,R0,L2-C
1,0.05,0.0822426813475736,5000,5000,5000,263,539,-0.000525122590372803,0.0500523160544015,0.0212871183549705,0.0493724126158764,0.0218122409453433,0.438758671975841,1,1,0.05,0.10659277975248,0,0,0,0,1,2,10,60,4,10,50,5,1,1,150005,42,0.05,Gaussian (discarded tail <= 1e-12) / Gaussian (discarded tail <= 1e-12),10000,1,1,1,1,0,0.0526,0.1078,0.0526,0.1078,0.05,0.10659277975248,0.0467487102249782,0.0591382294754589,0.0995029775011534,0.116699207904549,0.0467487102249782,0.0591382294754589,0.0995029775011534,0.116699207904549,0.999232298054943,1,0.999232298054943,1,1,0,V0,all,0.05,2,R0,L2-C
2,0.05,0.0822426813475736,5000,5000,5000,263,539,-0.000525122590372803,0.0500523160544015,0.0212871183549705,0.0493724126158764,0.0218122409453433,0.438758671975841,1,1,0.05,0.10659277975248,0,0,0,0,1,2,10,60,4,10,50,5,1,1,150005,42,0.05,Gaussian (discarded tail <= 1e-12) / Gaussian (discarded tail <= 1e-12),10000,1,1,1,1,0,0.0526,0.1078,0.0526,0.1078,0.05,0.10659277975248,0.0467487102249782,0.0591382294754589,0.0995029775011534,0.116699207904549,0.0467487102249782,0.0591382294754589,0.0995029775011534,0.116699207904549,0.999232298054943,1,0.999232298054943,1,1,0,V1,mild,0.05,2,R0,L2-C
3,0.05,0.0822426813475736,5000,5000,5000,263,539,-0.000525122590372803,0.0500523160544015,0.0212871183549705,0.0493724126158764,0.0218122409453433,0.438758671975841,1,1,0.05,0.10659277975248,0,0,0,0,1,2,10,60,4,10,50,5,1,1,150005,42,0.05,Gaussian (discarded tail <= 1e-12) / Gaussian (discarded tail <= 1e-12),10000,1,1,1,1,0,0.0526,0.1078,0.0526,0.1078,0.05,0.10659277975248,0.0467487102249782,0.0591382294754589,0.0995029775011534,0.116699207904549,0.0467487102249782,0.0591382294754589,0.0995029775011534,0.116699207904549,0.999232298054943,1,0.999232298054943,1,1,0,V1,moderate,0.05,2,R0,L2-C
4,0.05,0.0822426813475736,5000,0,0,0,0,NaN,NaN,NaN,NaN,NaN,NaN,0,0,0,0,0,0,5000,5000,0,2,10,60,4,10,50,5,1,1,150005,42,0.05,Gaussian (discarded tail <= 1e-12) / Gaussian (discarded tail <= 1e-12),0,0,0,0,0,1,NaN,NaN,0,0,NaN,NaN,NaN,NaN,NaN,NaN,0,0.000767701945057125,0,0.000767701945057125,0,0.000767701945057125,0,0.000767701945057125,0,0,V1,severe,0.05,2,R0,L2-C
5,0.05,0.0822426813475736,5000,3181,3142,165,341,-0.00100487544140938,0.0502371336070879,0.021256017173715,0.0489143928468116,0.0222608926151244,0.44898778208305,0.639093775639365,0.639093775639365,0.0319546887819683,0.0681227820679077,0,0,1819,1858,0.639093775639365,2,10,60,4,10,50,5,1,1,150005,42,0.05,Gaussian (discarded tail <= 1e-12) / Gaussian (discarded tail <= 1e-12),6323,0.6362,0.6284,0.6323,0.6323,0.3677,0.0518704809808236,0.10852959898154,0.033,0.0682,0.05,0.10659277975248,0.0446901526603913,0.060131849670711,0.0981276839260815,0.119887580923852,0.028395990126239,0.0383210434904444,0.0615388979921985,0.0755240894075529,0.622765202298071,0.649425675692095,0.614911937210388,0.641690916930121,1,0,V2,mild,0.05,2,R0,L2-C
6,0.05,0.0822426813475736,5000,1123,1088,69,133,-0.000189716539340946,0.0514533825270904,0.0243654322862415,0.0487295787039405,0.0245551488255824,0.490025008811646,0.224844339919922,0.224844339919922,0.0112422169959961,0.023966783203676,0,0,3877,3912,0.224844339919922,2,10,60,4,10,50,5,1,1,150005,42,0.05,Gaussian (discarded tail <= 1e-12) / Gaussian (discarded tail <= 1e-12),2211,0.2246,0.2176,0.2211,0.2211,0.7789,0.0614425645592164,0.122242647058824,0.0138,0.0266,0.05,0.10659277975248,0.0488370549550027,0.0770382025715881,0.104096581560214,0.143046862793101,0.0109194272130835,0.01742708615829,0.0224902033025565,0.0314366568990236,0.213246663553551,0.236376186677787,0.206382270520704,0.229251327537865,0,0,V2,moderate,0.05,2,R0,L2-C
7,0.05,0.0822426813475736,5000,65,50,4,7,-0.000614523426805828,0.0533490898250214,0.0176963820074932,0.055285010607908,0.018310905434299,0.337058042255902,0.0113670004768574,0.0113670004768574,0.00056835002384287,0.001211640178276,0,0,4935,4950,0.0113670004768574,2,10,60,4,10,50,5,1,1,150005,42,0.05,Gaussian (discarded tail <= 1e-12) / Gaussian (discarded tail <= 1e-12),115,0.013,0.01,0.0115,0.0115,0.9885,0.0615384615384615,0.14,0.0008,0.0014,0.05,0.10659277975248,0.0241890549663503,0.147821518655232,0.0695083342701629,0.261861937105855,0.000311146976101563,0.00205532664584347,0.000678332601952456,0.00288721977765851,0.0102131489253639,0.0165345927691217,0.00759377281394657,0.0131585750922094,0,0,V2,severe,0.05,2,R0,L2-C
1,0.05,0.0822426813475736,10000,10000,10000,540,1034,-0.000452856180502243,0.0505161335808206,0.0198043230668555,0.0493738631659143,0.0202571792473578,0.405563230849552,1,1,0.05,0.10659277975248,0,0,0,0,1,2,10,60,4,10,50,5,1,1,150005,42,0.05,Gaussian (discarded tail <= 1e-12) / Gaussian (discarded tail <= 1e-12),20000,1,1,1,1,0,0.054,0.1034,0.054,0.1034,0.05,0.10659277975248,0.0497389383894225,0.058603588157221,0.0975837861266544,0.109520801380966,0.0497389383894225,0.058603588157221,0.0975837861266544,0.109520801380966,0.999616001629323,1,0.999616001629323,1,1,0,V0,all,0.05,2,R0,L2-C
2,0.05,0.0822426813475736,10000,10000,10000,540,1034,-0.000452856180502243,0.0505161335808206,0.0198043230668555,0.0493738631659143,0.0202571792473578,0.405563230849552,1,1,0.05,0.10659277975248,0,0,0,0,1,2,10,60,4,10,50,5,1,1,150005,42,0.05,Gaussian (discarded tail <= 1e-12) / Gaussian (discarded tail <= 1e-12),20000,1,1,1,1,0,0.054,0.1034,0.054,0.1034,0.05,0.10659277975248,0.0497389383894225,0.058603588157221,0.0975837861266544,0.109520801380966,0.0497389383894225,0.058603588157221,0.0975837861266544,0.109520801380966,0.999616001629323,1,0.999616001629323,1,1,0,V1,mild,0.05,2,R0,L2-C
3,0.05,0.0822426813475736,10000,10000,10000,540,1034,-0.000452856180502243,0.0505161335808206,0.0198043230668555,0.0493738631659143,0.0202571792473578,0.405563230849552,1,1,0.05,0.10659277975248,0,0,0,0,1,2,10,60,4,10,50,5,1,1,150005,42,0.05,Gaussian (discarded tail <= 1e-12) / Gaussian (discarded tail <= 1e-12),20000,1,1,1,1,0,0.054,0.1034,0.054,0.1034,0.05,0.10659277975248,0.0497389383894225,0.058603588157221,0.0975837861266544,0.109520801380966,0.0497389383894225,0.058603588157221,0.0975837861266544,0.109520801380966,0.999616001629323,1,0.999616001629323,1,1,0,V1,moderate,0.05,2,R0,L2-C
4,0.05,0.0822426813475736,10000,0,0,0,0,NaN,NaN,NaN,NaN,NaN,NaN,0,0,0,0,0,0,10000,10000,0,2,10,60,4,10,50,5,1,1,150005,42,0.05,Gaussian (discarded tail <= 1e-12) / Gaussian (discarded tail <= 1e-12),0,0,0,0,0,1,NaN,NaN,0,0,NaN,NaN,NaN,NaN,NaN,NaN,0,0.000383998370676596,0,0.000383998370676596,0,0.000383998370676596,0,0.000383998370676596,0,0,V1,severe,0.05,2,R0,L2-C
5,0.05,0.0822426813475736,10000,6449,6378,342,643,-0.000756928172624108,0.0506281708441587,0.0196688782707092,0.0489102299216207,0.0204258064433334,0.410349468940593,0.639093775639365,0.639093775639365,0.0319546887819683,0.0681227820679077,0,0,3551,3622,0.639093775639365,2,10,60,4,10,50,5,1,1,150005,42,0.05,Gaussian (discarded tail <= 1e-12) / Gaussian (discarded tail <= 1e-12),12827,0.6449,0.6378,0.64135,0.64135,0.35865,0.0530314777484881,0.100815302602697,0.0342,0.0643,0.05,0.10659277975248,0.0478233610005525,0.058771766620389,0.0936647698601222,0.108446402462708,0.0308129727765502,0.0379447601055721,0.0596577915023436,0.069276824677864,0.635466712076327,0.654222005195851,0.628328448762156,0.647165721286886,1,0,V2,mild,0.05,2,R0,L2-C
6,0.05,0.0822426813475736,10000,2243,2248,120,239,-0.000374717315237536,0.0511992530216097,0.0202920618287592,0.0491231053008228,0.0206667791439967,0.41191924502722,0.224844339919922,0.224844339919922,0.0112422169959961,0.023966783203676,0,0,7757,7752,0.224844339919922,2,10,60,4,10,50,5,1,1,150005,42,0.05,Gaussian (discarded tail <= 1e-12) / Gaussian (discarded tail <= 1e-12),4491,0.2243,0.2248,0.22455,0.22455,0.77545,0.0534997770842622,0.106316725978648,0.012,0.0239,0.05,0.10659277975248,0.0449272910110594,0.0635990395243758,0.0942393443007283,0.119737291102831,0.0100454761397179,0.0143293062700624,0.0210842150985475,0.0270814281500108,0.216231341057886,0.232580395643705,0.216724684468146,0.233086668235075,1,0,V2,moderate,0.05,2,R0,L2-C
7,0.05,0.0822426813475736,10000,119,111,6,10,0.000601086694216302,0.0515441238460553,0.0129944646397662,0.049054675446631,0.0123933779455499,0.246316756246953,0.0113670004768574,0.0113670004768574,0.00056835002384287,0.001211640178276,0,0,9881,9889,0.0113670004768574,2,10,60,4,10,50,5,1,1,150005,42,0.05,Gaussian (discarded tail <= 1e-12) / Gaussian (discarded tail <= 1e-12),230,0.0119,0.0111,0.0115,0.0115,0.9885,0.0504201680672269,0.0900900900900901,0.0006,0.001,0.05,0.10659277975248,0.023310322236379,0.105648247392928,0.0496717716231898,0.157931467359681,0.000275013476330998,0.00130852409630079,0.000543285986497246,0.001839944387438,0.00995427877590426,0.0142205804335502,0.00922610769453467,0.0133493659123129,0,0,V2,severe,0.05,2,R0,L2-C
1,0.05,0.116308715367667,1000,1000,1000,43,88,-0.00096207565128386,0.0686051178432976,0.0241396524659768,0.0705664493687798,0.0251017281172606,0.36069487848609,1,1,0.05,0.086597220324702,0,0,0,0,1,2,10,60,4,10,50,5,1,1,150006,42,0.0707106781186548,Gaussian (discarded tail <= 1e-12) / Gaussian (discarded tail <= 1e-12),2000,1,1,1,1,0,0.043,0.088,0.043,0.088,0.05,0.086597220324702,0.0320786534117134,0.057419003844084,0.0719809979423209,0.107172251049777,0.0320786534117134,0.057419003844084,0.0719809979423209,0.107172251049777,0.996173241514445,1,0.996173241514445,1,0,0,V0,all,0.05,2,R1,L2-C
2,0.05,0.116308715367667,1000,1000,1000,43,88,-0.00096207565128386,0.0686051178432976,0.0241396524659768,0.0705664493687798,0.0251017281172606,0.36069487848609,1,1,0.05,0.086597220324702,0,0,0,0,1,2,10,60,4,10,50,5,1,1,150006,42,0.0707106781186548,Gaussian (discarded tail <= 1e-12) / Gaussian (discarded tail <= 1e-12),2000,1,1,1,1,0,0.043,0.088,0.043,0.088,0.05,0.086597220324702,0.0320786534117134,0.057419003844084,0.0719809979423209,0.107172251049777,0.0320786534117134,0.057419003844084,0.0719809979423209,0.107172251049777,0.996173241514445,1,0.996173241514445,1,0,0,V1,mild,0.05,2,R1,L2-C
3,0.05,0.116308715367667,1000,1000,1000,43,88,-0.00096207565128386,0.0686051178432976,0.0241396524659768,0.0705664493687798,0.0251017281172606,0.36069487848609,1,1,0.05,0.086597220324702,0,0,0,0,1,2,10,60,4,10,50,5,1,1,150006,42,0.0707106781186548,Gaussian (discarded tail <= 1e-12) / Gaussian (discarded tail <= 1e-12),2000,1,1,1,1,0,0.043,0.088,0.043,0.088,0.05,0.086597220324702,0.0320786534117134,0.057419003844084,0.0719809979423209,0.107172251049777,0.0320786534117134,0.057419003844084,0.0719809979423209,0.107172251049777,0.996173241514445,1,0.996173241514445,1,0,0,V1,moderate,0.05,2,R1,L2-C
4,0.05,0.116308715367667,1000,0,0,0,0,NaN,NaN,NaN,NaN,NaN,NaN,0,0,0,0,0,0,1000,1000,0,2,10,60,4,10,50,5,1,1,150006,42,0.0707106781186548,Gaussian (discarded tail <= 1e-12) / Gaussian (discarded tail <= 1e-12),0,0,0,0,0,1,NaN,NaN,0,0,NaN,NaN,NaN,NaN,NaN,NaN,2.16840434497101e-19,0.00382675848555513,2.16840434497101e-19,0.00382675848555513,2.16840434497101e-19,0.00382675848555513,2.16840434497101e-19,0.00382675848555513,0,0,V1,severe,0.05,2,R1,L2-C
5,0.05,0.116308715367667,1000,648,643,27,63,-0.00114736687691891,0.0693698716353007,0.0284704113387257,0.0696803028549602,0.0296177782156447,0.426000247973049,0.639093775639365,0.639093775639365,0.0319546887819683,0.0553437444971878,0,0,352,357,0.639093775639365,2,10,60,4,10,50,5,1,1,150006,42,0.0707106781186548,Gaussian (discarded tail <= 1e-12) / Gaussian (discarded tail <= 1e-12),1291,0.648,0.643,0.6455,0.6455,0.3545,0.0416666666666667,0.0979782270606532,0.027,0.063,0.05,0.086597220324702,0.02879159472307,0.059943876207761,0.0773318197293325,0.123399684181097,0.018621382774295,0.0389987307530402,0.0495496632117291,0.0797949237046461,0.617883867029942,0.676983412458333,0.612809297122354,0.672096249950778,0,0,V2,mild,0.05,2,R1,L2-C
6,0.05,0.116308715367667,1000,211,221,7,20,-0.00330943168855688,0.0687919197466258,0.0305431163491888,0.0684631860907613,0.0338525480377457,0.493277838191376,0.224844339919922,0.224844339919922,0.0112422169959961,0.0194708948428077,0,0,789,779,0.224844339919922,2,10,60,4,10,50,5,1,1,150006,42,0.0707106781186548,Gaussian (discarded tail <= 1e-12) / Gaussian (discarded tail <= 1e-12),432,0.211,0.221,0.216,0.216,0.784,0.033175355450237,0.0904977375565611,0.007,0.02,0.05,0.086597220324702,0.0161613228061111,0.0668834438726729,0.059347130812037,0.13564119140685,0.00339486840099076,0.0143783154657666,0.0129836829164151,0.0306900052297178,0.186841372763546,0.237370493641105,0.196378157564854,0.247757173670086,0,0,V2,moderate,0.05,2,R1,L2-C
7,0.05,0.116308715367667,1000,13,11,0,1,0.00838966566871758,0.0649503010265544,0.0487606344148828,0.0603785160779688,0.0403709687461652,0.643812592783821,0.0113670004768574,0.0113670004768574,0.00056835002384287,0.000984350644725414,0,0,987,989,0.0113670004768574,2,10,60,4,10,50,5,1,1,150006,42,0.0707106781186548,Gaussian (discarded tail <= 1e-12) / Gaussian (discarded tail <= 1e-12),24,0.013,0.011,0.012,0.012,0.988,0,0.0909090909090909,0,0.001,0.05,0.0865972203247021,0,0.228095372354198,0.0162321728858848,0.377358436451596,2.16840434497101e-19,0.00382675848555513,0.000176546370626078,0.00564255859795794,0.00761282038935102,0.0221144423755797,0.00615317409808664,0.0195893957007863,0,0,V2,severe,0.05,2,R1,L2-C
1,0.05,0.116308715367667,5000,5000,5000,254,481,0.00107116689535571,0.0700866786416025,0.0221288624615789,0.0716345789997537,0.0210576955662231,0.297152876119842,1,1,0.05,0.086597220324702,0,0,0,0,1,2,10,60,4,10,50,5,1,1,150006,42,0.0707106781186548,Gaussian (discarded tail <= 1e-12) / Gaussian (discarded tail <= 1e-12),10000,1,1,1,1,0,0.0508,0.0962,0.0508,0.0962,0.05,0.086597220324702,0.0450508366853607,0.0572388667420786,0.088334157152011,0.104685838938817,0.0450508366853607,0.0572388667420786,0.088334157152011,0.104685838938817,0.999232298054943,1,0.999232298054943,1,1,0,V0,all,0.05,2,R1,L2-C
2,0.05,0.116308715367667,5000,5000,5000,254,481,0.00107116689535571,0.0700866786416025,0.0221288624615789,0.0716345789997537,0.0210576955662231,0.297152876119842,1,1,0.05,0.086597220324702,0,0,0,0,1,2,10,60,4,10,50,5,1,1,150006,42,0.0707106781186548,Gaussian (discarded tail <= 1e-12) / Gaussian (discarded tail <= 1e-12),10000,1,1,1,1,0,0.0508,0.0962,0.0508,0.0962,0.05,0.086597220324702,0.0450508366853607,0.0572388667420786,0.088334157152011,0.104685838938817,0.0450508366853607,0.0572388667420786,0.088334157152011,0.104685838938817,0.999232298054943,1,0.999232298054943,1,1,0,V1,mild,0.05,2,R1,L2-C
3,0.05,0.116308715367667,5000,5000,5000,254,481,0.00107116689535571,0.0700866786416025,0.0221288624615789,0.0716345789997537,0.0210576955662231,0.297152876119842,1,1,0.05,0.086597220324702,0,0,0,0,1,2,10,60,4,10,50,5,1,1,150006,42,0.0707106781186548,Gaussian (discarded tail <= 1e-12) / Gaussian (discarded tail <= 1e-12),10000,1,1,1,1,0,0.0508,0.0962,0.0508,0.0962,0.05,0.086597220324702,0.0450508366853607,0.0572388667420786,0.088334157152011,0.104685838938817,0.0450508366853607,0.0572388667420786,0.088334157152011,0.104685838938817,0.999232298054943,1,0.999232298054943,1,1,0,V1,moderate,0.05,2,R1,L2-C
4,0.05,0.116308715367667,5000,0,0,0,0,NaN,NaN,NaN,NaN,NaN,NaN,0,0,0,0,0,0,5000,5000,0,2,10,60,4,10,50,5,1,1,150006,42,0.0707106781186548,Gaussian (discarded tail <= 1e-12) / Gaussian (discarded tail <= 1e-12),0,0,0,0,0,1,NaN,NaN,0,0,NaN,NaN,NaN,NaN,NaN,NaN,0,0.000767701945057125,0,0.000767701945057125,0,0.000767701945057125,0,0.000767701945057125,0,0,V1,severe,0.05,2,R1,L2-C
5,0.05,0.116308715367667,5000,3214,3238,153,323,0.000786430934494266,0.0698105521468893,0.0232208988479643,0.0718950114709348,0.02243446791347,0.31660071167638,0.639093775639365,0.639093775639365,0.0319546887819683,0.0553437444971878,0,0,1786,1762,0.639093775639365,2,10,60,4,10,50,5,1,1,150006,42,0.0707106781186548,Gaussian (discarded tail <= 1e-12) / Gaussian (discarded tail <= 1e-12),6452,0.6428,0.6476,0.6452,0.6452,0.3548,0.0476042314872433,0.0997529339098209,0.0306,0.0646,0.05,0.086597220324702,0.0407675639159954,0.0555210391074263,0.0899006809455204,0.110553741972833,0.0261746834843562,0.0357460351016635,0.0581150543481392,0.0717534605056165,0.629413224528217,0.655967519796275,0.63424986900537,0.660723505380449,1,0,V2,mild,0.05,2,R1,L2-C
6,0.05,0.116308715367667,5000,1140,1122,48,111,0.000778273621897191,0.0692825136608869,0.0244495225562516,0.0720798455278434,0.0236712489343544,0.334836173333894,0.224844339919922,0.224844339919922,0.0112422169959961,0.0194708948428077,0,0,3860,3878,0.224844339919922,2,10,60,4,10,50,5,1,1,150006,42,0.0707106781186548,Gaussian (discarded tail <= 1e-12) / Gaussian (discarded tail <= 1e-12),2262,0.228,0.2244,0.2262,0.2262,0.7738,0.0421052631578947,0.0989304812834225,0.0096,0.0222,0.05,0.086597220324702,0.0319035219990227,0.0553825770060187,0.0828050649067475,0.117792858585305,0.00724867509681701,0.012704286970895,0.0184681280732392,0.0266654879054574,0.216582490091181,0.23983513976693,0.213050472559215,0.236172684752901,0,0,V2,moderate,0.05,2,R1,L2-C
7,0.05,0.116308715367667,5000,59,59,3,5,0.000976619130739254,0.0656114682197712,0.0348760526245431,0.0708462138988585,0.0338994334938038,0.496483846867174,0.0113670004768574,0.0113670004768574,0.00056835002384287,0.000984350644725414,0,0,4941,4941,0.0113670004768574,2,10,60,4,10,50,5,1,1,150006,42,0.0707106781186548,Gaussian (discarded tail <= 1e-12) / Gaussian (discarded tail <= 1e-12),118,0.0118,0.0118,0.0118,0.0118,0.9882,0.0508474576271186,0.0847457627118644,0.0006,0.001,0.05,0.0865972203247021,0.0174427174729901,0.139165022152769,0.0367420330176367,0.183517952674103,0.000204074654194346,0.00176270604852871,0.0004272134911088,0.00233895305005821,0.00915942192270621,0.0151901622564476,0.00915942192270621,0.0151901622564476,0,0,V2,severe,0.05,2,R1,L2-C
1,0.05,0.116308715367667,10000,10000,10000,495,909,0.000641415664872671,0.0699008924821564,0.0214122334452428,0.0712426238602207,0.0207708177803701,0.294308656680954,1,1,0.05,0.086597220324702,0,0,0,0,1,2,10,60,4,10,50,5,1,1,150006,42,0.0707106781186548,Gaussian (discarded tail <= 1e-12) / Gaussian (discarded tail <= 1e-12),20000,1,1,1,1,0,0.0495,0.0909,0.0495,0.0909,0.05,0.086597220324702,0.0454189398654012,0.0539270426665784,0.08542173884148,0.0966924486254075,0.0454189398654012,0.0539270426665784,0.08542173884148,0.0966924486254075,0.999616001629323,1,0.999616001629323,1,1,0,V0,all,0.05,2,R1,L2-C
2,0.05,0.116308715367667,10000,10000,10000,495,909,0.000641415664872671,0.0699008924821564,0.0214122334452428,0.0712426238602207,0.0207708177803701,0.294308656680954,1,1,0.05,0.086597220324702,0,0,0,0,1,2,10,60,4,10,50,5,1,1,150006,42,0.0707106781186548,Gaussian (discarded tail <= 1e-12) / Gaussian (discarded tail <= 1e-12),20000,1,1,1,1,0,0.0495,0.0909,0.0495,0.0909,0.05,0.086597220324702,0.0454189398654012,0.0539270426665784,0.08542173884148,0.0966924486254075,0.0454189398654012,0.0539270426665784,0.08542173884148,0.0966924486254075,0.999616001629323,1,0.999616001629323,1,1,0,V1,mild,0.05,2,R1,L2-C
3,0.05,0.116308715367667,10000,10000,10000,495,909,0.000641415664872671,0.0699008924821564,0.0214122334452428,0.0712426238602207,0.0207708177803701,0.294308656680954,1,1,0.05,0.086597220324702,0,0,0,0,1,2,10,60,4,10,50,5,1,1,150006,42,0.0707106781186548,Gaussian (discarded tail <= 1e-12) / Gaussian (discarded tail <= 1e-12),20000,1,1,1,1,0,0.0495,0.0909,0.0495,0.0909,0.05,0.086597220324702,0.0454189398654012,0.0539270426665784,0.08542173884148,0.0966924486254075,0.0454189398654012,0.0539270426665784,0.08542173884148,0.0966924486254075,0.999616001629323,1,0.999616001629323,1,1,0,V1,moderate,0.05,2,R1,L2-C
4,0.05,0.116308715367667,10000,0,0,0,0,NaN,NaN,NaN,NaN,NaN,NaN,0,0,0,0,0,0,10000,10000,0,2,10,60,4,10,50,5,1,1,150006,42,0.0707106781186548,Gaussian (discarded tail <= 1e-12) / Gaussian (discarded tail <= 1e-12),0,0,0,0,0,1,NaN,NaN,0,0,NaN,NaN,NaN,NaN,NaN,NaN,0,0.000383998370676596,0,0.000383998370676596,0,0.000383998370676596,0,0.000383998370676596,0,0,V1,severe,0.05,2,R1,L2-C
5,0.05,0.116308715367667,10000,6406,6398,314,592,0.000553788726883632,0.0698879092375282,0.0220377885741097,0.0711837499471702,0.0214839998472261,0.304569941997193,0.639093775639365,0.639093775639365,0.0319546887819683,0.0553437444971878,0,0,3594,3602,0.639093775639365,2,10,60,4,10,50,5,1,1,150006,42,0.0707106781186548,Gaussian (discarded tail <= 1e-12) / Gaussian (discarded tail <= 1e-12),12804,0.6406,0.6398,0.6402,0.6402,0.3598,0.0490165469871995,0.0925289152860269,0.0314,0.0592,0.05,0.086597220324702,0.0439944644607983,0.0545791840264363,0.0856709691808402,0.0998758717494428,0.0281577609284945,0.0350021223445036,0.0547415695777063,0.0639969633858822,0.631143271420685,0.649948748237481,0.630339000991087,0.649153633064472,1,0,V2,mild,0.05,2,R1,L2-C
6,0.05,0.116308715367667,10000,2270,2231,102,198,-0.00047280685320019,0.0704884581698033,0.0213502323995367,0.0713811789799035,0.0218230392527369,0.307643096160565,0.224844339919922,0.224844339919922,0.0112422169959961,0.0194708948428077,0,0,7730,7769,0.224844339919922,2,10,60,4,10,50,5,1,1,150006,42,0.0707106781186548,Gaussian (discarded tail <= 1e-12) / Gaussian (discarded tail <= 1e-12),4501,0.227,0.2231,0.22505,0.22505,0.77495,0.0449339207048458,0.0887494397131331,0.0102,0.0198,0.05,0.086597220324702,0.0371533294905639,0.0542521016200506,0.0776448210841741,0.101267851777948,0.00841015237783062,0.0123660124260842,0.0172482259005442,0.0227205661346536,0.218895594821128,0.235314068289262,0.215047385758722,0.231365272538958,1,0,V2,moderate,0.05,2,R1,L2-C
7,0.05,0.116308715367667,10000,109,111,5,10,-0.00700770727635601,0.0739299223968396,0.022044665499801,0.0720032263448792,0.029052372776157,0.398125324097711,0.0113670004768574,0.0113670004768574,0.00056835002384287,0.000984350644725414,0,0,9891,9889,0.0113670004768574,2,10,60,4,10,50,5,1,1,150006,42,0.0707106781186548,Gaussian (discarded tail <= 1e-12) / Gaussian (discarded tail <= 1e-12),220,0.0109,0.0111,0.011,0.011,0.989,0.0458715596330275,0.0900900900900901,0.0005,0.001,0.05,0.0865972203247021,0.0197504484133821,0.102912436002959,0.0496717716231898,0.157931467359681,0.000213588426163826,0.00117002594614209,0.000543285986497246,0.001839944387438,0.00904447482955511,0.0131311523766407,0.00922610769453467,0.0133493659123129,0,0,V2,severe,0.05,2,R1,L2-C
1,0.05,0.0525557932815067,1000,1000,1000,54,193,0.000279919405060702,0.0324503790304771,0.0244282623378286,0.0335702617033199,0.0241483429327679,0.731433966986542,1,1,0.05,0.203909006637899,0,0,0,0,1,3,20,40,3.91622186799684,10,31.9516535820346,3.19516535820346,1,1,150007,42,0.0319516535820346,Gaussian (discarded tail <= 1e-12) / Gaussian (discarded tail <= 1e-12),2000,1,1,1,1,0,0.054,0.193,0.054,0.193,0.05,0.203909006637899,0.0416213137230627,0.0697921548460524,0.169733013554274,0.218616616155857,0.0416213137230627,0.0697921548460524,0.169733013554274,0.218616616155857,0.996173241514445,1,0.996173241514445,1,0,0,V0,all,0.05,3,R0,L2-C
2,0.05,0.0525557932815067,1000,1000,1000,54,193,0.000279919405060702,0.0324503790304771,0.0244282623378286,0.0335702617033199,0.0241483429327679,0.731433966986542,1,1,0.05,0.203909006637899,0,0,0,0,1,3,20,40,3.91622186799684,10,31.9516535820346,3.19516535820346,1,1,150007,42,0.0319516535820346,Gaussian (discarded tail <= 1e-12) / Gaussian (discarded tail <= 1e-12),2000,1,1,1,1,0,0.054,0.193,0.054,0.193,0.05,0.203909006637899,0.0416213137230627,0.0697921548460524,0.169733013554274,0.218616616155857,0.0416213137230627,0.0697921548460524,0.169733013554274,0.218616616155857,0.996173241514445,1,0.996173241514445,1,0,0,V1,mild,0.05,3,R0,L2-C
3,0.05,0.0525557932815067,1000,1000,1000,54,193,0.000279919405060702,0.0324503790304771,0.0244282623378286,0.0335702617033199,0.0241483429327679,0.731433966986542,1,1,0.05,0.203909006637899,0,0,0,0,1,3,20,40,3.91622186799684,10,31.9516535820346,3.19516535820346,1,1,150007,42,0.0319516535820346,Gaussian (discarded tail <= 1e-12) / Gaussian (discarded tail <= 1e-12),2000,1,1,1,1,0,0.054,0.193,0.054,0.193,0.05,0.203909006637899,0.0416213137230627,0.0697921548460524,0.169733013554274,0.218616616155857,0.0416213137230627,0.0697921548460524,0.169733013554274,0.218616616155857,0.996173241514445,1,0.996173241514445,1,0,0,V1,moderate,0.05,3,R0,L2-C
4,0.05,0.0525557932815067,1000,0,0,0,0,NaN,NaN,NaN,NaN,NaN,NaN,0,0,0,0,0,0,1000,1000,0,3,20,40,3.91622186799684,10,31.9516535820346,3.19516535820346,1,1,150007,42,0.0319516535820346,Gaussian (discarded tail <= 1e-12) / Gaussian (discarded tail <= 1e-12),0,0,0,0,0,1,NaN,NaN,0,0,NaN,NaN,NaN,NaN,NaN,NaN,2.16840434497101e-19,0.00382675848555513,2.16840434497101e-19,0.00382675848555513,2.16840434497101e-19,0.00382675848555513,2.16840434497101e-19,0.00382675848555513,0,0,V1,severe,0.05,3,R0,L2-C
5,0.05,0.0525557932815067,1000,713,706,40,141,0.000837243705922023,0.032791235939701,0.0249323899576151,0.0335821714135859,0.0240951462516931,0.7259966488817,0.695358145708226,0.695358145708226,0.0347679072854113,0.141789788748936,0,0,287,294,0.695358145708226,3,20,40,3.91622186799684,10,31.9516535820346,3.19516535820346,1,1,150007,42,0.0319516535820346,Gaussian (discarded tail <= 1e-12) / Gaussian (discarded tail <= 1e-12),1419,0.713,0.706,0.7095,0.7095,0.2905,0.0561009817671809,0.19971671388102,0.04,0.141,0.05,0.203909006637899,0.0414671251333757,0.0754924309707386,0.171886800304986,0.230796721865699,0.0295109736854528,0.054009644121258,0.120801126704948,0.16394648588768,0.684189582924353,0.7401802179608,0.677017384524264,0.733405990979687,0,0,V2,mild,0.05,3,R0,L2-C
6,0.05,0.0525557932815067,1000,305,307,12,58,0.00160429189007233,0.0304386624687804,0.0245506898220205,0.0334899120035975,0.0229463979319482,0.717059813746736,0.29787118175044,0.29787118175044,0.014893559087522,0.0607386167767892,0,0,695,693,0.29787118175044,3,20,40,3.91622186799684,10,31.9516535820346,3.19516535820346,1,1,150007,42,0.0319516535820346,Gaussian (discarded tail <= 1e-12) / Gaussian (discarded tail <= 1e-12),612,0.305,0.307,0.306,0.306,0.694,0.039344262295082,0.188925081433225,0.012,0.058,0.05,0.203909006637899,0.0226474532100467,0.067500608280811,0.149083450645645,0.236455400173555,0.00687764780640352,0.0208572684754983,0.0451332782349982,0.0742495762662325,0.277255272480973,0.334237163328393,0.27919575142341,0.336281377352014,0,0,V2,moderate,0.05,3,R0,L2-C
7,0.05,0.0525557932815067,1000,24,30,1,8,-0.00353587847870079,0.0301228611677724,0.0247740612489566,0.0322063722923765,0.0283099397276574,0.907892963157776,0.026429288105523,0.026429288105523,0.00132146440527615,0.00538916988374404,0,0,976,970,0.026429288105523,3,20,40,3.91622186799684,10,31.9516535820346,3.19516535820346,1,1,150007,42,0.0319516535820346,Gaussian (discarded tail <= 1e-12) / Gaussian (discarded tail <= 1e-12),54,0.024,0.03,0.027,0.027,0.973,0.0416666666666667,0.266666666666667,0.001,0.008,0.05,0.203909006637899,0.0073934561655058,0.202418064786559,0.141826633195963,0.444479616951889,0.000176546370626078,0.00564255859795794,0.0040591958188061,0.0157063345309801,0.016180168466637,0.0354629056116115,0.0210937388288347,0.0425034141475871,0,0,V2,severe,0.05,3,R0,L2-C
1,0.05,0.0525557932815067,5000,5000,5000,275,1033,0.00012566606188225,0.0322951352981907,0.0259089806319715,0.0323786070059512,0.0257833145700893,0.797334193959399,1,1,0.05,0.203909006637899,0,0,0,0,1,3,20,40,3.91622186799684,10,31.9516535820346,3.19516535820346,1,1,150007,42,0.0319516535820346,Gaussian (discarded tail <= 1e-12) / Gaussian (discarded tail <= 1e-12),10000,1,1,1,1,0,0.055,0.2066,0.055,0.2066,0.05,0.203909006637899,0.0490156477693743,0.0616676069617266,0.195605185615266,0.218045301886093,0.0490156477693743,0.0616676069617266,0.195605185615266,0.218045301886093,0.999232298054943,1,0.999232298054943,1,1,0,V0,all,0.05,3,R0,L2-C
2,0.05,0.0525557932815067,5000,5000,5000,275,1033,0.00012566606188225,0.0322951352981907,0.0259089806319715,0.0323786070059512,0.0257833145700893,0.797334193959399,1,1,0.05,0.203909006637899,0,0,0,0,1,3,20,40,3.91622186799684,10,31.9516535820346,3.19516535820346,1,1,150007,42,0.0319516535820346,Gaussian (discarded tail <= 1e-12) / Gaussian (discarded tail <= 1e-12),10000,1,1,1,1,0,0.055,0.2066,0.055,0.2066,0.05,0.203909006637899,0.0490156477693743,0.0616676069617266,0.195605185615266,0.218045301886093,0.0490156477693743,0.0616676069617266,0.195605185615266,0.218045301886093,0.999232298054943,1,0.999232298054943,1,1,0,V1,mild,0.05,3,R0,L2-C
3,0.05,0.0525557932815067,5000,5000,5000,275,1033,0.00012566606188225,0.0322951352981907,0.0259089806319715,0.0323786070059512,0.0257833145700893,0.797334193959399,1,1,0.05,0.203909006637899,0,0,0,0,1,3,20,40,3.91622186799684,10,31.9516535820346,3.19516535820346,1,1,150007,42,0.0319516535820346,Gaussian (discarded tail <= 1e-12) / Gaussian (discarded tail <= 1e-12),10000,1,1,1,1,0,0.055,0.2066,0.055,0.2066,0.05,0.203909006637899,0.0490156477693743,0.0616676069617266,0.195605185615266,0.218045301886093,0.0490156477693743,0.0616676069617266,0.195605185615266,0.218045301886093,0.999232298054943,1,0.999232298054943,1,1,0,V1,moderate,0.05,3,R0,L2-C
4,0.05,0.0525557932815067,5000,0,0,0,0,NaN,NaN,NaN,NaN,NaN,NaN,0,0,0,0,0,0,5000,5000,0,3,20,40,3.91622186799684,10,31.9516535820346,3.19516535820346,1,1,150007,42,0.0319516535820346,Gaussian (discarded tail <= 1e-12) / Gaussian (discarded tail <= 1e-12),0,0,0,0,0,1,NaN,NaN,0,0,NaN,NaN,NaN,NaN,NaN,NaN,0,0.000767701945057125,0,0.000767701945057125,0,0.000767701945057125,0,0.000767701945057125,0,0,V1,severe,0.05,3,R0,L2-C
5,0.05,0.0525557932815067,5000,3476,3481,200,741,0.00018354974971424,0.032458061205204,0.0261749270940351,0.0324806380264724,0.0259913773443208,0.800489571890105,0.695358145708226,0.695358145708226,0.0347679072854113,0.141789788748936,0,0,1524,1519,0.695358145708226,3,20,40,3.91622186799684,10,31.9516535820346,3.19516535820346,1,1,150007,42,0.0319516535820346,Gaussian (discarded tail <= 1e-12) / Gaussian (discarded tail <= 1e-12),6957,0.6952,0.6962,0.6957,0.6957,0.3043,0.0575373993095512,0.212869864981327,0.04,0.1482,0.05,0.203909006637899,0.050273386807943,0.0657782964654538,0.199592145962139,0.226780610554457,0.0349121444023272,0.0457941413871254,0.138621973763866,0.158318181324676,0.682294903893043,0.707805385267607,0.683305911214473,0.708792842542286,1,0,V2,mild,0.05,3,R0,L2-C
6,0.05,0.0525557932815067,5000,1478,1502,80,305,0.000248371737851167,0.0319358661178695,0.0258379627449604,0.0323748469366247,0.0255895910071093,0.795792603113704,0.29787118175044,0.29787118175044,0.014893559087522,0.0607386167767892,0,0,3522,3498,0.29787118175044,3,20,40,3.91622186799684,10,31.9516535820346,3.19516535820346,1,1,150007,42,0.0319516535820346,Gaussian (discarded tail <= 1e-12) / Gaussian (discarded tail <= 1e-12),2980,0.2956,0.3004,0.298,0.298,0.702,0.054127198917456,0.20306258322237,0.016,0.061,0.05,0.203909006637899,0.0437047194418745,0.0668613993864416,0.18348775241862,0.224152411308461,0.0128751750275618,0.0198679604552535,0.0546972332830901,0.0679768090246701,0.283112709576553,0.308401126978587,0.28785033606439,0.313256130552077,0,0,V2,moderate,0.05,3,R0,L2-C
7,0.05,0.0525557932815067,5000,131,147,7,32,-3.91024252289635e-05,0.0308229837494418,0.0249007020553943,0.0321037135322841,0.0249398044806232,0.792497992477796,0.026429288105523,0.026429288105523,0.00132146440527615,0.00538916988374404,0,0,4869,4853,0.026429288105523,3,20,40,3.91622186799684,10,31.9516535820346,3.19516535820346,1,1,150007,42,0.0319516535820346,Gaussian (discarded tail <= 1e-12) / Gaussian (discarded tail <= 1e-12),278,0.0262,0.0294,0.0278,0.0278,0.9722,0.0534351145038168,0.217687074829932,0.0014,0.0064,0.05,0.203909006637899,0.0261221372233143,0.10619220420204,0.158629567008841,0.291123832030726,0.000678332601952456,0.00288721977765851,0.00453718810841065,0.00902068725174975,0.0221231162368592,0.0310043581262769,0.0250668806848126,0.0344556803858752,0,0,V2,severe,0.05,3,R0,L2-C
1,0.05,0.0525557932815067,10000,10000,10000,522,2005,0.000211748385810386,0.0318902830703375,0.0256748517534902,0.0321677467458627,0.0254631033676799,0.79499368252308,1,1,0.05,0.203909006637899,0,0,0,0,1,3,20,40,3.91622186799684,10,31.9516535820346,3.19516535820346,1,1,150007,42,0.0319516535820346,Gaussian (discarded tail <= 1e-12) / Gaussian (discarded tail <= 1e-12),20000,1,1,1,1,0,0.0522,0.2005,0.0522,0.2005,0.05,0.203909006637899,0.0480098507154502,0.0567340582253277,0.192768475185717,0.208461539838319,0.0480098507154502,0.0567340582253277,0.192768475185717,0.208461539838319,0.999616001629323,1,0.999616001629323,1,1,0,V0,all,0.05,3,R0,L2-C
2,0.05,0.0525557932815067,10000,10000,10000,522,2005,0.000211748385810386,0.0318902830703375,0.0256748517534902,0.0321677467458627,0.0254631033676799,0.79499368252308,1,1,0.05,0.203909006637899,0,0,0,0,1,3,20,40,3.91622186799684,10,31.9516535820346,3.19516535820346,1,1,150007,42,0.0319516535820346,Gaussian (discarded tail <= 1e-12) / Gaussian (discarded tail <= 1e-12),20000,1,1,1,1,0,0.0522,0.2005,0.0522,0.2005,0.05,0.203909006637899,0.0480098507154502,0.0567340582253277,0.192768475185717,0.208461539838319,0.0480098507154502,0.0567340582253277,0.192768475185717,0.208461539838319,0.999616001629323,1,0.999616001629323,1,1,0,V1,mild,0.05,3,R0,L2-C
3,0.05,0.0525557932815067,10000,10000,10000,522,2005,0.000211748385810386,0.0318902830703375,0.0256748517534902,0.0321677467458627,0.0254631033676799,0.79499368252308,1,1,0.05,0.203909006637899,0,0,0,0,1,3,20,40,3.91622186799684,10,31.9516535820346,3.19516535820346,1,1,150007,42,0.0319516535820346,Gaussian (discarded tail <= 1e-12) / Gaussian (discarded tail <= 1e-12),20000,1,1,1,1,0,0.0522,0.2005,0.0522,0.2005,0.05,0.203909006637899,0.0480098507154502,0.0567340582253277,0.192768475185717,0.208461539838319,0.0480098507154502,0.0567340582253277,0.192768475185717,0.208461539838319,0.999616001629323,1,0.999616001629323,1,1,0,V1,moderate,0.05,3,R0,L2-C
4,0.05,0.0525557932815067,10000,0,0,0,0,NaN,NaN,NaN,NaN,NaN,NaN,0,0,0,0,0,0,10000,10000,0,3,20,40,3.91622186799684,10,31.9516535820346,3.19516535820346,1,1,150007,42,0.0319516535820346,Gaussian (discarded tail <= 1e-12) / Gaussian (discarded tail <= 1e-12),0,0,0,0,0,1,NaN,NaN,0,0,NaN,NaN,NaN,NaN,NaN,NaN,0,0.000383998370676596,0,0.000383998370676596,0,0.000383998370676596,0,0.000383998370676596,0,0,V1,severe,0.05,3,R0,L2-C
5,0.05,0.0525557932815067,10000,6923,6965,379,1449,0.000295890497892585,0.0320592405600799,0.0260622347486947,0.0323298435949703,0.0257663442508021,0.800325615711109,0.695358145708226,0.695358145708226,0.0347679072854113,0.141789788748936,0,0,3077,3035,0.695358145708226,3,20,40,3.91622186799684,10,31.9516535820346,3.19516535820346,1,1,150007,42,0.0319516535820346,Gaussian (discarded tail <= 1e-12) / Gaussian (discarded tail <= 1e-12),13888,0.6923,0.6965,0.6944,0.6944,0.3056,0.054745052722808,0.208040201005025,0.0379,0.1449,0.05,0.203909006637899,0.0496292216614477,0.0603547390441289,0.19866977803035,0.217732500019431,0.0343313215024983,0.041823569791681,0.13813726195778,0.151935453685074,0.683181542233055,0.701270771993582,0.687414647254123,0.705434441386201,1,0,V2,mild,0.05,3,R0,L2-C
6,0.05,0.0525557932815067,10000,2896,3038,158,602,0.000158732682131639,0.0317470951454235,0.0256743235012538,0.0321868824499016,0.0255155908191221,0.798166738033071,0.29787118175044,0.29787118175044,0.014893559087522,0.0607386167767892,0,0,7104,6962,0.29787118175044,3,20,40,3.91622186799684,10,31.9516535820346,3.19516535820346,1,1,150007,42,0.0319516535820346,Gaussian (discarded tail <= 1e-12) / Gaussian (discarded tail <= 1e-12),5934,0.2896,0.3038,0.2967,0.2967,0.7033,0.0545580110497238,0.19815668202765,0.0158,0.0602,0.05,0.203909006637899,0.0468608257689819,0.0634353622684038,0.184367341198382,0.212708402285293,0.0135352415744537,0.0184366224477095,0.055704807253255,0.0650329577135921,0.280792192753922,0.298569393760459,0.294862934219121,0.312887746741532,1,0,V2,moderate,0.05,3,R0,L2-C
7,0.05,0.0525557932815067,10000,249,289,14,67,-0.000803213754063054,0.0312776382044385,0.0262352801736926,0.0339305458499762,0.0270384939277557,0.828612099492384,0.026429288105523,0.026429288105523,0.00132146440527615,0.00538916988374404,0,0,9751,9711,0.026429288105523,3,20,40,3.91622186799684,10,31.9516535820346,3.19516535820346,1,1,150007,42,0.0319516535820346,Gaussian (discarded tail <= 1e-12) / Gaussian (discarded tail <= 1e-12),538,0.0249,0.0289,0.0269,0.0269,0.9731,0.0562248995983936,0.231833910034602,0.0014,0.0067,0.05,0.203909006637899,0.0337839686396113,0.0921505160339442,0.186890378838033,0.283812981867098,0.000834162028874972,0.00234876114636373,0.00527963331754198,0.00849921947496755,0.0220235554628641,0.0281413197889528,0.025793112248357,0.0323686910164945,0,0,V2,severe,0.05,3,R0,L2-C
1,0.05,0.0743251156399835,1000,1000,1000,55,137,0.000701768523331758,0.0461707785796266,0.0253348633245558,0.0442441505657509,0.0246330948012241,0.544766322506535,1,1,0.05,0.142970853129625,0,0,0,0,1,3,20,40,3.91622186799684,10,31.9516535820346,3.19516535820346,1,1,150008,42,0.0451864618359603,Gaussian (discarded tail <= 1e-12) / Gaussian (discarded tail <= 1e-12),2000,1,1,1,1,0,0.055,0.137,0.055,0.137,0.05,0.142970853129625,0.0424974273747684,0.0709083876773756,0.117073130632995,0.159705096027518,0.0424974273747684,0.0709083876773756,0.117073130632995,0.159705096027518,0.996173241514445,1,0.996173241514445,1,0,0,V0,all,0.05,3,R1,L2-C
2,0.05,0.0743251156399835,1000,1000,1000,55,137,0.000701768523331758,0.0461707785796266,0.0253348633245558,0.0442441505657509,0.0246330948012241,0.544766322506535,1,1,0.05,0.142970853129625,0,0,0,0,1,3,20,40,3.91622186799684,10,31.9516535820346,3.19516535820346,1,1,150008,42,0.0451864618359603,Gaussian (discarded tail <= 1e-12) / Gaussian (discarded tail <= 1e-12),2000,1,1,1,1,0,0.055,0.137,0.055,0.137,0.05,0.142970853129625,0.0424974273747684,0.0709083876773756,0.117073130632995,0.159705096027518,0.0424974273747684,0.0709083876773756,0.117073130632995,0.159705096027518,0.996173241514445,1,0.996173241514445,1,0,0,V1,mild,0.05,3,R1,L2-C
3,0.05,0.0743251156399835,1000,1000,1000,55,137,0.000701768523331758,0.0461707785796266,0.0253348633245558,0.0442441505657509,0.0246330948012241,0.544766322506535,1,1,0.05,0.142970853129625,0,0,0,0,1,3,20,40,3.91622186799684,10,31.9516535820346,3.19516535820346,1,1,150008,42,0.0451864618359603,Gaussian (discarded tail <= 1e-12) / Gaussian (discarded tail <= 1e-12),2000,1,1,1,1,0,0.055,0.137,0.055,0.137,0.05,0.142970853129625,0.0424974273747684,0.0709083876773756,0.117073130632995,0.159705096027518,0.0424974273747684,0.0709083876773756,0.117073130632995,0.159705096027518,0.996173241514445,1,0.996173241514445,1,0,0,V1,moderate,0.05,3,R1,L2-C
4,0.05,0.0743251156399835,1000,0,0,0,0,NaN,NaN,NaN,NaN,NaN,NaN,0,0,0,0,0,0,1000,1000,0,3,20,40,3.91622186799684,10,31.9516535820346,3.19516535820346,1,1,150008,42,0.0451864618359603,Gaussian (discarded tail <= 1e-12) / Gaussian (discarded tail <= 1e-12),0,0,0,0,0,1,NaN,NaN,0,0,NaN,NaN,NaN,NaN,NaN,NaN,2.16840434497101e-19,0.00382675848555513,2.16840434497101e-19,0.00382675848555513,2.16840434497101e-19,0.00382675848555513,2.16840434497101e-19,0.00382675848555513,0,0,V1,severe,0.05,3,R1,L2-C
5,0.05,0.0743251156399835,1000,692,693,36,94,-1.91497855743813e-05,0.0461680694949597,0.0242657434847602,0.0444711895837964,0.0242848932703346,0.535764278949595,0.695358145708226,0.695358145708226,0.0347679072854113,0.0994159473225391,0,0,308,307,0.695358145708226,3,20,40,3.91622186799684,10,31.9516535820346,3.19516535820346,1,1,150008,42,0.0451864618359603,Gaussian (discarded tail <= 1e-12) / Gaussian (discarded tail <= 1e-12),1385,0.692,0.693,0.6925,0.6925,0.3075,0.0520231213872832,0.135642135642136,0.036,0.094,0.05,0.142970853129625,0.0378116815851067,0.0711807589475824,0.112148591904455,0.163152850614993,0.0261155714073873,0.0494356604672078,0.0774341735737637,0.113673154316507,0.662696751104677,0.71983377363687,0.663718622647986,0.72080424857659,0,0,V2,mild,0.05,3,R1,L2-C
6,0.05,0.0743251156399835,1000,309,312,15,44,-0.000504184435511916,0.04712447381466,0.0266983760033478,0.0433816403518689,0.0272025604388598,0.600607586911751,0.29787118175044,0.29787118175044,0.014893559087522,0.04258689697759,0,0,691,688,0.29787118175044,3,20,40,3.91622186799684,10,31.9516535820346,3.19516535820346,1,1,150008,42,0.0451864618359603,Gaussian (discarded tail <= 1e-12) / Gaussian (discarded tail <= 1e-12),621,0.309,0.312,0.3105,0.3105,0.6895,0.0485436893203883,0.141025641025641,0.015,0.044,0.05,0.142970853129625,0.0296357497787526,0.0785387196418444,0.106759979453836,0.184023438162131,0.00911097880408167,0.0246009769269068,0.0329382145884185,0.0585517891504078,0.281136857716663,0.338324964024819,0.284049686092468,0.3413891750981,0,0,V2,moderate,0.05,3,R1,L2-C
7,0.05,0.0743251156399835,1000,40,24,1,3,0.00751786746426166,0.0352677197949415,0.0250093906522334,0.0360040003299437,0.0174915231879717,0.490814305329523,0.026429288105523,0.026429288105523,0.00132146440527615,0.00377861786805528,0,0,960,976,0.026429288105523,3,20,40,3.91622186799684,10,31.9516535820346,3.19516535820346,1,1,150008,42,0.0451864618359603,Gaussian (discarded tail <= 1e-12) / Gaussian (discarded tail <= 1e-12),64,0.04,0.024,0.032,0.032,0.968,0.025,0.125,0.001,0.003,0.05,0.142970853129625,0.0044268315026814,0.128813689634741,0.0434433408012344,0.310038812705001,0.000176546370626078,0.00564255859795794,0.00102078388113862,0.00878301405350318,0.0295109736854528,0.054009644121258,0.016180168466637,0.0354629056116115,0,0,V2,severe,0.05,3,R1,L2-C
1,0.05,0.0743251156399835,5000,5000,5000,240,729,-0.000539897158624427,0.0451890724270773,0.0264612124313985,0.0454051600082282,0.0270011095900229,0.596087235486704,1,1,0.05,0.142970853129625,0,0,0,0,1,3,20,40,3.91622186799684,10,31.9516535820346,3.19516535820346,1,1,150008,42,0.0451864618359603,Gaussian (discarded tail <= 1e-12) / Gaussian (discarded tail <= 1e-12),10000,1,1,1,1,0,0.048,0.1458,0.048,0.1458,0.05,0.142970853129625,0.042413931418708,0.0542800711396237,0.136290031023428,0.155853809034451,0.042413931418708,0.0542800711396237,0.136290031023428,0.155853809034451,0.999232298054943,1,0.999232298054943,1,1,0,V0,all,0.05,3,R1,L2-C
2,0.05,0.0743251156399835,5000,5000,5000,240,729,-0.000539897158624427,0.0451890724270773,0.0264612124313985,0.0454051600082282,0.0270011095900229,0.596087235486704,1,1,0.05,0.142970853129625,0,0,0,0,1,3,20,40,3.91622186799684,10,31.9516535820346,3.19516535820346,1,1,150008,42,0.0451864618359603,Gaussian (discarded tail <= 1e-12) / Gaussian (discarded tail <= 1e-12),10000,1,1,1,1,0,0.048,0.1458,0.048,0.1458,0.05,0.142970853129625,0.042413931418708,0.0542800711396237,0.136290031023428,0.155853809034451,0.042413931418708,0.0542800711396237,0.136290031023428,0.155853809034451,0.999232298054943,1,0.999232298054943,1,1,0,V1,mild,0.05,3,R1,L2-C
3,0.05,0.0743251156399835,5000,5000,5000,240,729,-0.000539897158624427,0.0451890724270773,0.0264612124313985,0.0454051600082282,0.0270011095900229,0.596087235486704,1,1,0.05,0.142970853129625,0,0,0,0,1,3,20,40,3.91622186799684,10,31.9516535820346,3.19516535820346,1,1,150008,42,0.0451864618359603,Gaussian (discarded tail <= 1e-12) / Gaussian (discarded tail <= 1e-12),10000,1,1,1,1,0,0.048,0.1458,0.048,0.1458,0.05,0.142970853129625,0.042413931418708,0.0542800711396237,0.136290031023428,0.155853809034451,0.042413931418708,0.0542800711396237,0.136290031023428,0.155853809034451,0.999232298054943,1,0.999232298054943,1,1,0,V1,moderate,0.05,3,R1,L2-C
4,0.05,0.0743251156399835,5000,0,0,0,0,NaN,NaN,NaN,NaN,NaN,NaN,0,0,0,0,0,0,5000,5000,0,3,20,40,3.91622186799684,10,31.9516535820346,3.19516535820346,1,1,150008,42,0.0451864618359603,Gaussian (discarded tail <= 1e-12) / Gaussian (discarded tail <= 1e-12),0,0,0,0,0,1,NaN,NaN,0,0,NaN,NaN,NaN,NaN,NaN,NaN,0,0.000767701945057125,0,0.000767701945057125,0,0.000767701945057125,0,0.000767701945057125,0,0,V1,severe,0.05,3,R1,L2-C
5,0.05,0.0743251156399835,5000,3490,3440,166,509,-0.000215625718394741,0.0453097709192611,0.0267047251301081,0.0455415977896536,0.0269203508485029,0.592622072487866,0.695358145708226,0.695358145708226,0.0347679072854113,0.0994159473225391,0,0,1510,1560,0.695358145708226,3,20,40,3.91622186799684,10,31.9516535820346,3.19516535820346,1,1,150008,42,0.0451864618359603,Gaussian (discarded tail <= 1e-12) / Gaussian (discarded tail <= 1e-12),6930,0.698,0.688,0.693,0.693,0.307,0.0475644699140401,0.14796511627907,0.0332,0.1018,0.05,0.142970853129625,0.0409868337466847,0.0551370066676578,0.136492656837969,0.160222935630278,0.0285814227402997,0.0385353037956056,0.0937218077935648,0.110489590035479,0.68512590380605,0.710570086223708,0.675017733754377,0.700693610314281,1,0,V2,mild,0.05,3,R1,L2-C
6,0.05,0.0743251156399835,5000,1494,1461,73,208,8.83526669470431e-06,0.0454681931028307,0.0272088901572611,0.0450703023714729,0.0272000548905664,0.600844802814101,0.29787118175044,0.29787118175044,0.014893559087522,0.04258689697759,0,0,3506,3539,0.29787118175044,3,20,40,3.91622186799684,10,31.9516535820346,3.19516535820346,1,1,150008,42,0.0451864618359603,Gaussian (discarded tail <= 1e-12) / Gaussian (discarded tail <= 1e-12),2955,0.2988,0.2922,0.2955,0.2955,0.7045,0.0488621151271754,0.142368240930869,0.0146,0.0416,0.05,0.142970853129625,0.03904049781272,0.0609977658755276,0.125387451638862,0.161224765876266,0.0116284434418367,0.0183168416064248,0.0364082974760661,0.0474955316671622,0.286270942228864,0.311637981033827,0.279757904729998,0.304961152198368,0,0,V2,moderate,0.05,3,R1,L2-C
7,0.05,0.0743251156399835,5000,149,128,11,21,0.00742949047029688,0.0440523831618273,0.0320599666355815,0.0437489936310039,0.0246304761652846,0.561046535357581,0.026429288105523,0.026429288105523,0.00132146440527615,0.00377861786805528,0,0,4851,4872,0.026429288105523,3,20,40,3.91622186799684,10,31.9516535820346,3.19516535820346,1,1,150008,42,0.0451864618359603,Gaussian (discarded tail <= 1e-12) / Gaussian (discarded tail <= 1e-12),277,0.0298,0.0256,0.0277,0.0277,0.9723,0.0738255033557047,0.1640625,0.0022,0.0042,0.05,0.142970853129625,0.0417203331163315,0.127353287484281,0.109883316459193,0.23781807603707,0.00122891540713881,0.00393540864936006,0.00274877441031467,0.00641247883840397,0.025435926390005,0.0348860205191267,0.0215729919676294,0.0303554036378409,0,0,V2,severe,0.05,3,R1,L2-C
1,0.05,0.0743251156399835,10000,10000,10000,504,1452,0.000109992600992229,0.045318909968069,0.0268325944866679,0.0449715707070528,0.0267226018856757,0.591920741988753,1,1,0.05,0.142970853129625,0,0,0,0,1,3,20,40,3.91622186799684,10,31.9516535820346,3.19516535820346,1,1,150008,42,0.0451864618359603,Gaussian (discarded tail <= 1e-12) / Gaussian (discarded tail <= 1e-12),20000,1,1,1,1,0,0.0504,0.1452,0.0504,0.1452,0.05,0.142970853129625,0.0462822019715975,0.0548630893633149,0.138431224702652,0.15224126054118,0.0462822019715975,0.0548630893633149,0.138431224702652,0.15224126054118,0.999616001629323,1,0.999616001629323,1,1,0,V0,all,0.05,3,R1,L2-C
2,0.05,0.0743251156399835,10000,10000,10000,504,1452,0.000109992600992229,0.045318909968069,0.0268325944866679,0.0449715707070528,0.0267226018856757,0.591920741988753,1,1,0.05,0.142970853129625,0,0,0,0,1,3,20,40,3.91622186799684,10,31.9516535820346,3.19516535820346,1,1,150008,42,0.0451864618359603,Gaussian (discarded tail <= 1e-12) / Gaussian (discarded tail <= 1e-12),20000,1,1,1,1,0,0.0504,0.1452,0.0504,0.1452,0.05,0.142970853129625,0.0462822019715975,0.0548630893633149,0.138431224702652,0.15224126054118,0.0462822019715975,0.0548630893633149,0.138431224702652,0.15224126054118,0.999616001629323,1,0.999616001629323,1,1,0,V1,mild,0.05,3,R1,L2-C
3,0.05,0.0743251156399835,10000,10000,10000,504,1452,0.000109992600992229,0.045318909968069,0.0268325944866679,0.0449715707070528,0.0267226018856757,0.591920741988753,1,1,0.05,0.142970853129625,0,0,0,0,1,3,20,40,3.91622186799684,10,31.9516535820346,3.19516535820346,1,1,150008,42,0.0451864618359603,Gaussian (discarded tail <= 1e-12) / Gaussian (discarded tail <= 1e-12),20000,1,1,1,1,0,0.0504,0.1452,0.0504,0.1452,0.05,0.142970853129625,0.0462822019715975,0.0548630893633149,0.138431224702652,0.15224126054118,0.0462822019715975,0.0548630893633149,0.138431224702652,0.15224126054118,0.999616001629323,1,0.999616001629323,1,1,0,V1,moderate,0.05,3,R1,L2-C
4,0.05,0.0743251156399835,10000,0,0,0,0,NaN,NaN,NaN,NaN,NaN,NaN,0,0,0,0,0,0,10000,10000,0,3,20,40,3.91622186799684,10,31.9516535820346,3.19516535820346,1,1,150008,42,0.0451864618359603,Gaussian (discarded tail <= 1e-12) / Gaussian (discarded tail <= 1e-12),0,0,0,0,0,1,NaN,NaN,0,0,NaN,NaN,NaN,NaN,NaN,NaN,0,0.000383998370676596,0,0.000383998370676596,0,0.000383998370676596,0,0.000383998370676596,0,0,V1,severe,0.05,3,R1,L2-C
5,0.05,0.0743251156399835,10000,6975,6887,345,1015,0.000236207120234637,0.0455009236705786,0.0269385911975347,0.0450082993182689,0.0267023840773,0.590039063123894,0.695358145708226,0.695358145708226,0.0347679072854113,0.0994159473225391,0,0,3025,3113,0.695358145708226,3,20,40,3.91622186799684,10,31.9516535820346,3.19516535820346,1,1,150008,42,0.0451864618359603,Gaussian (discarded tail <= 1e-12) / Gaussian (discarded tail <= 1e-12),13862,0.6975,0.6887,0.6931,0.6931,0.3069,0.0494623655913978,0.147379120081313,0.0345,0.1015,0.05,0.142970853129625,0.0446171233513735,0.0548035989726355,0.139203726505828,0.155947666974174,0.0310978516710509,0.038259650812049,0.0957332933268676,0.107572753374562,0.68842266000908,0.706425660634502,0.6795538661472,0.697701212867707,1,0,V2,mild,0.05,3,R1,L2-C
6,0.05,0.0743251156399835,10000,3002,2956,152,414,0.000212332351430886,0.0455433106152158,0.0270242150257442,0.044434553929684,0.0268118826743133,0.595920950414464,0.29787118175044,0.29787118175044,0.014893559087522,0.04258689697759,0,0,6998,7044,0.29787118175044,3,20,40,3.91622186799684,10,31.9516535820346,3.19516535820346,1,1,150008,42,0.0451864618359603,Gaussian (discarded tail <= 1e-12) / Gaussian (discarded tail <= 1e-12),5958,0.3002,0.2956,0.2979,0.2979,0.7021,0.0506329113924051,0.140054127198917,0.0152,0.0414,0.05,0.142970853129625,0.0433483106002619,0.0590660925005164,0.128010046827233,0.153032526024669,0.0129814352543421,0.0177908895658659,0.0376683674639403,0.0454838358416442,0.291294727063325,0.309258718685597,0.286736311284715,0.304620667249218,1,0,V2,moderate,0.05,3,R1,L2-C
7,0.05,0.0743251156399835,10000,286,266,17,43,0.00185354603796747,0.0462822297054913,0.0290581114412693,0.042317084664972,0.0272045654033018,0.613489225195569,0.026429288105523,0.026429288105523,0.00132146440527615,0.00377861786805528,0,0,9714,9734,0.026429288105523,3,20,40,3.91622186799684,10,31.9516535820346,3.19516535820346,1,1,150008,42,0.0451864618359603,Gaussian (discarded tail <= 1e-12) / Gaussian (discarded tail <= 1e-12),552,0.0286,0.0266,0.0276,0.0276,0.9724,0.0594405594405594,0.161654135338346,0.0017,0.0043,0.05,0.142970853129625,0.037439479534035,0.0931196853786153,0.122283825565292,0.210657818069953,0.00106170736112051,0.00272098541509578,0.00319407440153684,0.00578662158315194,0.0255097746844467,0.0320522589794272,0.0236233515941807,0.0299402180631759,0,0,V2,severe,0.05,3,R1,L2-C
1,0.05,0.528242178528606,1000,1000,1000,49,58,-0.0149597223717956,0.318234364392364,0.0286129318162519,0.312075093114158,0.0435726541880475,0.138251373114236,1,1,0.05,0.0548733650357549,0,0,0,0,1,1.5,5,70,4.38570660024463,5,321.148441340422,64.2296882680845,2,2,150009,42,0.321148441340422,Gaussian (discarded tail <= 1e-12) / Gaussian (discarded tail <= 1e-12),2000,1,1,1,1,0,0.049,0.058,0.049,0.058,0.05,0.0548733650357549,0.0372610346473606,0.0641907015066101,0.0451332782349982,0.0742495762662325,0.0372610346473606,0.0641907015066101,0.0451332782349982,0.0742495762662325,0.996173241514445,1,0.996173241514445,1,1,0,V0,all,0.05,4,R0,L2-C
2,0.05,0.528242178528606,1000,1000,1000,49,58,-0.0149597223717956,0.318234364392364,0.0286129318162519,0.312075093114158,0.0435726541880475,0.138251373114236,1,1,0.05,0.0548733650357549,0,0,0,0,1,1.5,5,70,4.38570660024463,5,321.148441340422,64.2296882680845,2,2,150009,42,0.321148441340422,Gaussian (discarded tail <= 1e-12) / Gaussian (discarded tail <= 1e-12),2000,1,1,1,1,0,0.049,0.058,0.049,0.058,0.05,0.0548733650357549,0.0372610346473606,0.0641907015066101,0.0451332782349982,0.0742495762662325,0.0372610346473606,0.0641907015066101,0.0451332782349982,0.0742495762662325,0.996173241514445,1,0.996173241514445,1,1,0,V1,mild,0.05,4,R0,L2-C
3,0.05,0.528242178528606,1000,0,0,0,0,NaN,NaN,NaN,NaN,NaN,NaN,0,0,0,0,0,0,1000,1000,0,1.5,5,70,4.38570660024463,5,321.148441340422,64.2296882680845,2,2,150009,42,0.321148441340422,Gaussian (discarded tail <= 1e-12) / Gaussian (discarded tail <= 1e-12),0,0,0,0,0,1,NaN,NaN,0,0,NaN,NaN,NaN,NaN,NaN,NaN,2.16840434497101e-19,0.00382675848555513,2.16840434497101e-19,0.00382675848555513,2.16840434497101e-19,0.00382675848555513,2.16840434497101e-19,0.00382675848555513,0,0,V1,moderate,0.05,4,R0,L2-C
4,0.05,0.528242178528606,1000,0,0,0,0,NaN,NaN,NaN,NaN,NaN,NaN,0,0,0,0,0,0,1000,1000,0,1.5,5,70,4.38570660024463,5,321.148441340422,64.2296882680845,2,2,150009,42,0.321148441340422,Gaussian (discarded tail <= 1e-12) / Gaussian (discarded tail <= 1e-12),0,0,0,0,0,1,NaN,NaN,0,0,NaN,NaN,NaN,NaN,NaN,NaN,2.16840434497101e-19,0.00382675848555513,2.16840434497101e-19,0.00382675848555513,2.16840434497101e-19,0.00382675848555513,2.16840434497101e-19,0.00382675848555513,0,0,V1,severe,0.05,4,R0,L2-C
5,0.05,0.528242178528606,1000,548,571,27,34,-0.0143243915382737,0.316486329771704,0.0200914761974767,0.30978646480466,0.0344158677357505,0.109900665664254,0.546239940128204,0.546239940128204,0.0273119970064102,0.0299740236317638,0,0,452,429,0.546239940128204,1.5,5,70,4.38570660024463,5,321.148441340422,64.2296882680845,2,2,150009,42,0.321148441340422,Gaussian (discarded tail <= 1e-12) / Gaussian (discarded tail <= 1e-12),1119,0.548,0.571,0.5595,0.5595,0.4405,0.0492700729927007,0.0595446584938704,0.027,0.034,0.05,0.0548733650357549,0.0340794725151391,0.0707358832290696,0.0429206046799388,0.082055521725556,0.018621382774295,0.0389987307530402,0.0244313486632263,0.0471351902453111,0.517028225203721,0.578604405981666,0.540110123312957,0.601346476982094,0,0,V2,mild,0.05,4,R0,L2-C
6,0.05,0.528242178528606,1000,136,137,6,9,0.0277593957524111,0.301738387195515,0.0256559706647402,0.316954192467647,0.00210342508767089,0.00679752538831345,0.133232907696458,0.133232907696458,0.00666164538482288,0.00731093797880275,0,0,864,863,0.133232907696458,1.5,5,70,4.38570660024463,5,321.148441340422,64.2296882680845,2,2,150009,42,0.321148441340422,Gaussian (discarded tail <= 1e-12) / Gaussian (discarded tail <= 1e-12),273,0.136,0.137,0.1365,0.1365,0.8635,0.0441176470588235,0.0656934306569343,0.006,0.009,0.05,0.0548733650357549,0.0203740170120184,0.0929075445097774,0.0349433390046634,0.120134995198766,0.00275266914187637,0.0130281682418521,0.00474206066747706,0.0170158161653381,0.116142064549661,0.158643815627823,0.117073130632995,0.159705096027518,0,0,V2,moderate,0.05,4,R0,L2-C
7,0.05,0.528242178528606,1000,1,3,0,0,-0.320642667539005,NaN,-0.215935091308643,0.119708870810918,0.104707576230362,NaN,0.00236501836951426,0.00236501836951426,0.000118250918475713,0.000129776516306622,0,0,999,997,0.00236501836951426,1.5,5,70,4.38570660024463,5,321.148441340422,64.2296882680845,2,2,150009,42,0.321148441340422,Gaussian (discarded tail <= 1e-12) / Gaussian (discarded tail <= 1e-12),4,0.001,0.003,0.002,0.002,0.998,0,0,0,0,0.05,0.0548733650357549,5.55111512312578e-17,0.793450685622763,0,0.561497031755046,2.16840434497101e-19,0.00382675848555513,2.16840434497101e-19,0.00382675848555513,0.000176546370626078,0.00564255859795794,0.00102078388113862,0.00878301405350318,0,0,V2,severe,0.05,4,R0,L2-C
1,0.05,0.528242178528606,5000,5000,5000,242,280,-0.00991951884049495,0.323350375310767,0.0149856474671889,0.317597138622469,0.0249051663076839,0.0777104599300822,1,1,0.05,0.0548733650357549,0,0,0,0,1,1.5,5,70,4.38570660024463,5,321.148441340422,64.2296882680845,2,2,150009,42,0.321148441340422,Gaussian (discarded tail <= 1e-12) / Gaussian (discarded tail <= 1e-12),10000,1,1,1,1,0,0.0484,0.056,0.0484,0.056,0.05,0.0548733650357549,0.0427903040886361,0.0547030843081395,0.0499612059948101,0.0627205133324006,0.0427903040886361,0.0547030843081395,0.0499612059948101,0.0627205133324006,0.999232298054943,1,0.999232298054943,1,1,0,V0,all,0.05,4,R0,L2-C
2,0.05,0.528242178528606,5000,5000,5000,242,280,-0.00991951884049495,0.323350375310767,0.0149856474671889,0.317597138622469,0.0249051663076839,0.0777104599300822,1,1,0.05,0.0548733650357549,0,0,0,0,1,1.5,5,70,4.38570660024463,5,321.148441340422,64.2296882680845,2,2,150009,42,0.321148441340422,Gaussian (discarded tail <= 1e-12) / Gaussian (discarded tail <= 1e-12),10000,1,1,1,1,0,0.0484,0.056,0.0484,0.056,0.05,0.0548733650357549,0.0427903040886361,0.0547030843081395,0.0499612059948101,0.0627205133324006,0.0427903040886361,0.0547030843081395,0.0499612059948101,0.0627205133324006,0.999232298054943,1,0.999232298054943,1,1,0,V1,mild,0.05,4,R0,L2-C
3,0.05,0.528242178528606,5000,0,0,0,0,NaN,NaN,NaN,NaN,NaN,NaN,0,0,0,0,0,0,5000,5000,0,1.5,5,70,4.38570660024463,5,321.148441340422,64.2296882680845,2,2,150009,42,0.321148441340422,Gaussian (discarded tail <= 1e-12) / Gaussian (discarded tail <= 1e-12),0,0,0,0,0,1,NaN,NaN,0,0,NaN,NaN,NaN,NaN,NaN,NaN,0,0.000767701945057125,0,0.000767701945057125,0,0.000767701945057125,0,0.000767701945057125,0,0,V1,moderate,0.05,4,R0,L2-C
4,0.05,0.528242178528606,5000,0,0,0,0,NaN,NaN,NaN,NaN,NaN,NaN,0,0,0,0,0,0,5000,5000,0,1.5,5,70,4.38570660024463,5,321.148441340422,64.2296882680845,2,2,150009,42,0.321148441340422,Gaussian (discarded tail <= 1e-12) / Gaussian (discarded tail <= 1e-12),0,0,0,0,0,1,NaN,NaN,0,0,NaN,NaN,NaN,NaN,NaN,NaN,0,0.000767701945057125,0,0.000767701945057125,0,0.000767701945057125,0,0.000767701945057125,0,0,V1,severe,0.05,4,R0,L2-C
5,0.05,0.528242178528606,5000,2709,2756,138,163,-0.00667563085654241,0.326297972563617,0.0128039672992063,0.319512788696169,0.0194795981557487,0.0603226959938986,0.546239940128204,0.546239940128204,0.0273119970064102,0.0299740236317638,0,0,2291,2244,0.546239940128204,1.5,5,70,4.38570660024463,5,321.148441340422,64.2296882680845,2,2,150009,42,0.321148441340422,Gaussian (discarded tail <= 1e-12) / Gaussian (discarded tail <= 1e-12),5465,0.5418,0.5512,0.5465,0.5465,0.4535,0.0509413067552602,0.0591436865021771,0.0276,0.0326,0.05,0.0548733650357549,0.0432787508337872,0.0598756218299012,0.0509351589592219,0.0685794811903026,0.0234090601912026,0.0325162646064874,0.0280252698888947,0.0378923778893447,0.527962651767664,0.555573168349729,0.537379744975153,0.564941642345673,1,0,V2,mild,0.05,4,R0,L2-C
6,0.05,0.528242178528606,5000,646,681,42,39,0.00616559942787579,0.330792054607957,0.0135743488107108,0.323066559282132,0.00740874938283497,0.0226600434694134,0.133232907696458,0.133232907696458,0.00666164538482288,0.00731093797880275,0,0,4354,4319,0.133232907696458,1.5,5,70,4.38570660024463,5,321.148441340422,64.2296882680845,2,2,150009,42,0.321148441340422,Gaussian (discarded tail <= 1e-12) / Gaussian (discarded tail <= 1e-12),1327,0.1292,0.1362,0.1327,0.1327,0.8673,0.065015479876161,0.0572687224669604,0.0084,0.0078,0.05,0.0548733650357549,0.0484568740716321,0.0867168019509861,0.0421735515297199,0.077330689585627,0.00622065438730661,0.0113341501650736,0.00571125620915014,0.0106444695855641,0.120186645133638,0.138782682628816,0.126971514258587,0.145987065676637,0,0,V2,moderate,0.05,4,R0,L2-C
7,0.05,0.528242178528606,5000,8,12,1,0,0.0467894961962972,0.422078464787299,-0.0516916810681466,0.312722563296418,0.0984811772644437,0.265128532172784,0.00236501836951426,0.00236501836951426,0.000118250918475713,0.000129776516306622,0,0,4992,4988,0.00236501836951426,1.5,5,70,4.38570660024463,5,321.148441340422,64.2296882680845,2,2,150009,42,0.321148441340422,Gaussian (discarded tail <= 1e-12) / Gaussian (discarded tail <= 1e-12),20,0.0016,0.0024,0.002,0.002,0.998,0.125,0,0.0002,0,0.05,0.0548733650357549,0.0224174914500567,0.470888182212854,0,0.242494006655241,3.53057834393653e-05,0.00113208908083974,0,0.000767701945057125,0.000810975139728283,0.00315427015910466,0.00137346555641283,0.00419055141930802,0,0,V2,severe,0.05,4,R0,L2-C
1,0.05,0.528242178528606,10000,10000,10000,512,561,-0.0038912266579975,0.321755777400877,0.0173769155711211,0.3176887036555,0.0212681422291186,0.0665193388466066,1,1,0.05,0.0548733650357549,0,0,0,0,1,1.5,5,70,4.38570660024463,5,321.148441340422,64.2296882680845,2,2,150009,42,0.321148441340422,Gaussian (discarded tail <= 1e-12) / Gaussian (discarded tail <= 1e-12),20000,1,1,1,1,0,0.0512,0.0561,0.0512,0.0561,0.05,0.0548733650357549,0.0470498636640176,0.0556948132735017,0.051757936446916,0.0607829773065707,0.0470498636640176,0.0556948132735017,0.051757936446916,0.0607829773065707,0.999616001629323,1,0.999616001629323,1,1,0,V0,all,0.05,4,R0,L2-C
2,0.05,0.528242178528606,10000,10000,10000,512,561,-0.0038912266579975,0.321755777400877,0.0173769155711211,0.3176887036555,0.0212681422291186,0.0665193388466066,1,1,0.05,0.0548733650357549,0,0,0,0,1,1.5,5,70,4.38570660024463,5,321.148441340422,64.2296882680845,2,2,150009,42,0.321148441340422,Gaussian (discarded tail <= 1e-12) / Gaussian (discarded tail <= 1e-12),20000,1,1,1,1,0,0.0512,0.0561,0.0512,0.0561,0.05,0.0548733650357549,0.0470498636640176,0.0556948132735017,0.051757936446916,0.0607829773065707,0.0470498636640176,0.0556948132735017,0.051757936446916,0.0607829773065707,0.999616001629323,1,0.999616001629323,1,1,0,V1,mild,0.05,4,R0,L2-C
3,0.05,0.528242178528606,10000,0,0,0,0,NaN,NaN,NaN,NaN,NaN,NaN,0,0,0,0,0,0,10000,10000,0,1.5,5,70,4.38570660024463,5,321.148441340422,64.2296882680845,2,2,150009,42,0.321148441340422,Gaussian (discarded tail <= 1e-12) / Gaussian (discarded tail <= 1e-12),0,0,0,0,0,1,NaN,NaN,0,0,NaN,NaN,NaN,NaN,NaN,NaN,0,0.000383998370676596,0,0.000383998370676596,0,0.000383998370676596,0,0.000383998370676596,0,0,V1,moderate,0.05,4,R0,L2-C
4,0.05,0.528242178528606,10000,0,0,0,0,NaN,NaN,NaN,NaN,NaN,NaN,0,0,0,0,0,0,10000,10000,0,1.5,5,70,4.38570660024463,5,321.148441340422,64.2296882680845,2,2,150009,42,0.321148441340422,Gaussian (discarded tail <= 1e-12) / Gaussian (discarded tail <= 1e-12),0,0,0,0,0,1,NaN,NaN,0,0,NaN,NaN,NaN,NaN,NaN,NaN,0,0.000383998370676596,0,0.000383998370676596,0,0.000383998370676596,0,0.000383998370676596,0,0,V1,severe,0.05,4,R0,L2-C
5,0.05,0.528242178528606,10000,5446,5453,282,321,-0.00285654571416174,0.322324296726094,0.0153942250089123,0.317928006055915,0.0182507707230741,0.0570098394278641,0.546239940128204,0.546239940128204,0.0273119970064102,0.0299740236317638,0,0,4554,4547,0.546239940128204,1.5,5,70,4.38570660024463,5,321.148441340422,64.2296882680845,2,2,150009,42,0.321148441340422,Gaussian (discarded tail <= 1e-12) / Gaussian (discarded tail <= 1e-12),10899,0.5446,0.5453,0.54495,0.54495,0.45505,0.0517811237605582,0.0588666788923528,0.0282,0.0321,0.05,0.0548733650357549,0.0462056207277049,0.0579885036539558,0.0529244310979673,0.0654300169274056,0.0251321388965113,0.0316302019660591,0.0288209224467939,0.0357384232284853,0.534823977639754,0.554341769705582,0.535524946545957,0.555040263201659,1,0,V2,mild,0.05,4,R0,L2-C
6,0.05,0.528242178528606,10000,1280,1330,72,77,0.00519515022868971,0.326144590381183,0.014176201219455,0.318346236042143,0.00898105099076532,0.02786818131257,0.133232907696458,0.133232907696458,0.00666164538482288,0.00731093797880275,0,0,8720,8670,0.133232907696458,1.5,5,70,4.38570660024463,5,321.148441340422,64.2296882680845,2,2,150009,42,0.321148441340422,Gaussian (discarded tail <= 1e-12) / Gaussian (discarded tail <= 1e-12),2610,0.128,0.133,0.1305,0.1305,0.8695,0.05625,0.0578947368421053,0.0072,0.0077,0.05,0.0548733650357549,0.0449047845098548,0.0702507573251142,0.0465701945302302,0.0717658024331933,0.00572169385772118,0.00905677493641767,0.00616574404327159,0.00961234075249658,0.121594506572021,0.134691188215763,0.126485170746801,0.139796684057275,1,0,V2,moderate,0.05,4,R0,L2-C
7,0.05,0.528242178528606,10000,18,22,1,0,0.0533015691805231,0.357968474896421,-0.07727526150896,0.288120601584668,0.130576830689483,0.401865319620743,0.00236501836951426,0.00236501836951426,0.000118250918475713,0.000129776516306622,0,0,9982,9978,0.00236501836951426,1.5,5,70,4.38570660024463,5,321.148441340422,64.2296882680845,2,2,150009,42,0.321148441340422,Gaussian (discarded tail <= 1e-12) / Gaussian (discarded tail <= 1e-12),40,0.0018,0.0022,0.002,0.002,0.998,0.0555555555555556,0,0.0001,0,0.05,0.0548733650357549,0.00987519097830307,0.257573007818726,0,0.148654874608621,1.76526736011224e-05,0.000566268897401338,0,0.000383998370676596,0.00113892799151306,0.0028436879850291,0.00145334957779264,0.00332895920005298,0,0,V2,severe,0.05,4,R0,L2-C
1,0.05,0.747047253092665,1000,1000,1000,63,39,0.00677172227736315,0.464421789538311,-0.00621583636350798,0.443047212216947,0.0129875586408711,0.0286157596715126,1,1,0.05,0.0534086143565508,0,0,0,0,1,1.5,5,70,4.38570660024463,5,321.148441340422,64.2296882680845,2,2,150010,42,0.454172481278606,Gaussian (discarded tail <= 1e-12) / Gaussian (discarded tail <= 1e-12),2000,1,1,1,1,0,0.063,0.039,0.063,0.039,0.05,0.0534086143565508,0.0495496632117291,0.0797949237046461,0.0286589609041805,0.0528693104195014,0.0495496632117291,0.0797949237046461,0.0286589609041805,0.0528693104195014,0.996173241514445,1,0.996173241514445,1,0,0,V0,all,0.05,4,R1,L2-C
2,0.05,0.747047253092665,1000,1000,1000,63,39,0.00677172227736315,0.464421789538311,-0.00621583636350798,0.443047212216947,0.0129875586408711,0.0286157596715126,1,1,0.05,0.0534086143565508,0,0,0,0,1,1.5,5,70,4.38570660024463,5,321.148441340422,64.2296882680845,2,2,150010,42,0.454172481278606,Gaussian (discarded tail <= 1e-12) / Gaussian (discarded tail <= 1e-12),2000,1,1,1,1,0,0.063,0.039,0.063,0.039,0.05,0.0534086143565508,0.0495496632117291,0.0797949237046461,0.0286589609041805,0.0528693104195014,0.0495496632117291,0.0797949237046461,0.0286589609041805,0.0528693104195014,0.996173241514445,1,0.996173241514445,1,0,0,V1,mild,0.05,4,R1,L2-C
3,0.05,0.747047253092665,1000,0,0,0,0,NaN,NaN,NaN,NaN,NaN,NaN,0,0,0,0,0,0,1000,1000,0,1.5,5,70,4.38570660024463,5,321.148441340422,64.2296882680845,2,2,150010,42,0.454172481278606,Gaussian (discarded tail <= 1e-12) / Gaussian (discarded tail <= 1e-12),0,0,0,0,0,1,NaN,NaN,0,0,NaN,NaN,NaN,NaN,NaN,NaN,2.16840434497101e-19,0.00382675848555513,2.16840434497101e-19,0.00382675848555513,2.16840434497101e-19,0.00382675848555513,2.16840434497101e-19,0.00382675848555513,0,0,V1,moderate,0.05,4,R1,L2-C
4,0.05,0.747047253092665,1000,0,0,0,0,NaN,NaN,NaN,NaN,NaN,NaN,0,0,0,0,0,0,1000,1000,0,1.5,5,70,4.38570660024463,5,321.148441340422,64.2296882680845,2,2,150010,42,0.454172481278606,Gaussian (discarded tail <= 1e-12) / Gaussian (discarded tail <= 1e-12),0,0,0,0,0,1,NaN,NaN,0,0,NaN,NaN,NaN,NaN,NaN,NaN,2.16840434497101e-19,0.00382675848555513,2.16840434497101e-19,0.00382675848555513,2.16840434497101e-19,0.00382675848555513,2.16840434497101e-19,0.00382675848555513,0,0,V1,severe,0.05,4,R1,L2-C
5,0.05,0.747047253092665,1000,548,521,31,22,-0.011516324025121,0.456046746949203,0.000359791971435654,0.452231154447763,0.0118761159965566,0.0261506113646632,0.546239940128204,0.546239940128204,0.0273119970064102,0.0291739183084526,0,0,452,479,0.546239940128204,1.5,5,70,4.38570660024463,5,321.148441340422,64.2296882680845,2,2,150010,42,0.454172481278606,Gaussian (discarded tail <= 1e-12) / Gaussian (discarded tail <= 1e-12),1069,0.548,0.521,0.5345,0.5345,0.4655,0.0565693430656934,0.0422264875239923,0.031,0.022,0.05,0.0534086143565508,0.0401358802388912,0.0791763928212007,0.0280487160662877,0.0631053991748991,0.0219240034471586,0.0436654960122921,0.0145727077647911,0.0330856733473996,0.517028225203721,0.578604405981666,0.490016426605418,0.551822849538189,0,0,V2,mild,0.05,4,R1,L2-C
6,0.05,0.747047253092665,1000,143,129,12,5,-0.0246796825449214,0.463161840006797,-0.0363654063581749,0.454992223991265,0.0116857238132534,0.0254538137057017,0.133232907696458,0.133232907696458,0.00666164538482288,0.00711578498676204,0,0,857,871,0.133232907696458,1.5,5,70,4.38570660024463,5,321.148441340422,64.2296882680845,2,2,150010,42,0.454172481278606,Gaussian (discarded tail <= 1e-12) / Gaussian (discarded tail <= 1e-12),272,0.143,0.129,0.136,0.136,0.864,0.0839160839160839,0.0387596899224806,0.012,0.005,0.05,0.0534086143565508,0.0486539624608135,0.140948204694791,0.0166675031954346,0.0875278206407554,0.00687764780640352,0.0208572684754983,0.00213753552732446,0.0116509553733751,0.122667317497703,0.166064988060984,0.109635445294505,0.151204009501777,0,0,V2,moderate,0.05,4,R1,L2-C
7,0.05,0.747047253092665,1000,2,1,0,0,0.29102400455285,0.020800734807817,-0.454147911421161,NaN,0.745171915974011,NaN,0.00236501836951426,0.00236501836951426,0.000118250918475713,0.000126312354043546,0,0,998,999,0.00236501836951426,1.5,5,70,4.38570660024463,5,321.148441340422,64.2296882680845,2,2,150010,42,0.454172481278606,Gaussian (discarded tail <= 1e-12) / Gaussian (discarded tail <= 1e-12),3,0.002,0.001,0.0015,0.0015,0.9985,0,0,0,0,0.05,0.0534086143565508,0,0.657619772493347,5.55111512312578e-17,0.793450685622763,2.16840434497101e-19,0.00382675848555513,2.16840434497101e-19,0.00382675848555513,0.000548643588120727,0.00726280786349218,0.000176546370626078,0.00564255859795794,0,0,V2,severe,0.05,4,R1,L2-C
1,0.05,0.747047253092665,5000,5000,5000,265,263,0.00546531854971475,0.45998706177467,0.0170705167481269,0.454480350862511,0.0116051981984122,0.0253808667902007,1,1,0.05,0.0534086143565508,0,0,0,0,1,1.5,5,70,4.38570660024463,5,321.148441340422,64.2296882680845,2,2,150010,42,0.454172481278606,Gaussian (discarded tail <= 1e-12) / Gaussian (discarded tail <= 1e-12),10000,1,1,1,1,0,0.053,0.0526,0.053,0.0526,0.05,0.0534086143565508,0.0471262914493397,0.0595600340895414,0.0467487102249782,0.0591382294754589,0.0471262914493397,0.0595600340895414,0.0467487102249782,0.0591382294754589,0.999232298054943,1,0.999232298054943,1,1,0,V0,all,0.05,4,R1,L2-C
2,0.05,0.747047253092665,5000,5000,5000,265,263,0.00546531854971475,0.45998706177467,0.0170705167481269,0.454480350862511,0.0116051981984122,0.0253808667902007,1,1,0.05,0.0534086143565508,0,0,0,0,1,1.5,5,70,4.38570660024463,5,321.148441340422,64.2296882680845,2,2,150010,42,0.454172481278606,Gaussian (discarded tail <= 1e-12) / Gaussian (discarded tail <= 1e-12),10000,1,1,1,1,0,0.053,0.0526,0.053,0.0526,0.05,0.0534086143565508,0.0471262914493397,0.0595600340895414,0.0467487102249782,0.0591382294754589,0.0471262914493397,0.0595600340895414,0.0467487102249782,0.0591382294754589,0.999232298054943,1,0.999232298054943,1,1,0,V1,mild,0.05,4,R1,L2-C
3,0.05,0.747047253092665,5000,0,0,0,0,NaN,NaN,NaN,NaN,NaN,NaN,0,0,0,0,0,0,5000,5000,0,1.5,5,70,4.38570660024463,5,321.148441340422,64.2296882680845,2,2,150010,42,0.454172481278606,Gaussian (discarded tail <= 1e-12) / Gaussian (discarded tail <= 1e-12),0,0,0,0,0,1,NaN,NaN,0,0,NaN,NaN,NaN,NaN,NaN,NaN,0,0.000767701945057125,0,0.000767701945057125,0,0.000767701945057125,0,0.000767701945057125,0,0,V1,moderate,0.05,4,R1,L2-C
4,0.05,0.747047253092665,5000,0,0,0,0,NaN,NaN,NaN,NaN,NaN,NaN,0,0,0,0,0,0,5000,5000,0,1.5,5,70,4.38570660024463,5,321.148441340422,64.2296882680845,2,2,150010,42,0.454172481278606,Gaussian (discarded tail <= 1e-12) / Gaussian (discarded tail <= 1e-12),0,0,0,0,0,1,NaN,NaN,0,0,NaN,NaN,NaN,NaN,NaN,NaN,0,0.000767701945057125,0,0.000767701945057125,0,0.000767701945057125,0,0.000767701945057125,0,0,V1,severe,0.05,4,R1,L2-C
5,0.05,0.747047253092665,5000,2724,2695,146,141,0.00664010833618002,0.460415210288069,0.0259090354459371,0.452496707782432,0.0192689271097571,0.0422126207497265,0.546239940128204,0.546239940128204,0.0273119970064102,0.0291739183084526,0,0,2276,2305,0.546239940128204,1.5,5,70,4.38570660024463,5,321.148441340422,64.2296882680845,2,2,150010,42,0.454172481278606,Gaussian (discarded tail <= 1e-12) / Gaussian (discarded tail <= 1e-12),5419,0.5448,0.539,0.5419,0.5419,0.4581,0.0535976505139501,0.0523191094619666,0.0292,0.0282,0.05,0.0534086143565508,0.0457511439538585,0.0627014414645745,0.0445313942150681,0.0613812587443976,0.024882442945122,0.0342404252063438,0.0239611282416891,0.0331632753136668,0.530967568663519,0.558563645242204,0.525158517058884,0.552781602189402,1,0,V2,mild,0.05,4,R1,L2-C
6,0.05,0.747047253092665,5000,682,667,42,40,-0.00260311896232454,0.464408987167978,0.0318265753336251,0.464922252487515,0.0344296942959497,0.0740956239836868,0.133232907696458,0.133232907696458,0.00666164538482288,0.00711578498676204,0,0,4318,4333,0.133232907696458,1.5,5,70,4.38570660024463,5,321.148441340422,64.2296882680845,2,2,150010,42,0.454172481278606,Gaussian (discarded tail <= 1e-12) / Gaussian (discarded tail <= 1e-12),1349,0.1364,0.1334,0.1349,0.1349,0.8651,0.06158357771261,0.0599700149925037,0.0084,0.008,0.05,0.0534086143565508,0.04588091723528,0.0821974566964122,0.0443469211150899,0.0806326216938522,0.00622065438730661,0.0113341501650736,0.00588068172509965,0.0108747369888366,0.127165493672153,0.146192779182292,0.124256527774532,0.143106351291584,0,0,V2,moderate,0.05,4,R1,L2-C
7,0.05,0.747047253092665,5000,9,14,0,0,-0.0126032197802224,0.328435353733953,-0.042144881767106,0.391442240869008,0.0295416619868835,0.0817615545146752,0.00236501836951426,0.00236501836951426,0.000118250918475713,0.000126312354043546,0,0,4991,4986,0.00236501836951426,1.5,5,70,4.38570660024463,5,321.148441340422,64.2296882680845,2,2,150010,42,0.454172481278606,Gaussian (discarded tail <= 1e-12) / Gaussian (discarded tail <= 1e-12),23,0.0018,0.0028,0.0023,0.0023,0.9977,0,0,0,0,0.05,0.0534086143565508,2.77555756156289e-17,0.299145048419544,1.38777878078145e-17,0.215310802737636,0,0.000767701945057125,0,0.000767701945057125,0.000947293507681198,0.00341764471037372,0.00166867707579114,0.00469472573837367,0,0,V2,severe,0.05,4,R1,L2-C
1,0.05,0.747047253092665,10000,10000,10000,515,570,0.00688767316664007,0.45663712502534,0.0213850906572054,0.456063277935149,0.0144974174905653,0.0317681784254002,1,1,0.05,0.0534086143565508,0,0,0,0,1,1.5,5,70,4.38570660024463,5,321.148441340422,64.2296882680845,2,2,150010,42,0.454172481278606,Gaussian (discarded tail <= 1e-12) / Gaussian (discarded tail <= 1e-12),20000,1,1,1,1,0,0.0515,0.057,0.0515,0.057,0.05,0.0534086143565508,0.0473378124366567,0.0560066341018401,0.0526237683226891,0.0617164542337303,0.0473378124366567,0.0560066341018401,0.0526237683226891,0.0617164542337303,0.999616001629323,1,0.999616001629323,1,1,0,V0,all,0.05,4,R1,L2-C
2,0.05,0.747047253092665,10000,10000,10000,515,570,0.00688767316664007,0.45663712502534,0.0213850906572054,0.456063277935149,0.0144974174905653,0.0317681784254002,1,1,0.05,0.0534086143565508,0,0,0,0,1,1.5,5,70,4.38570660024463,5,321.148441340422,64.2296882680845,2,2,150010,42,0.454172481278606,Gaussian (discarded tail <= 1e-12) / Gaussian (discarded tail <= 1e-12),20000,1,1,1,1,0,0.0515,0.057,0.0515,0.057,0.05,0.0534086143565508,0.0473378124366567,0.0560066341018401,0.0526237683226891,0.0617164542337303,0.0473378124366567,0.0560066341018401,0.0526237683226891,0.0617164542337303,0.999616001629323,1,0.999616001629323,1,1,0,V1,mild,0.05,4,R1,L2-C
3,0.05,0.747047253092665,10000,0,0,0,0,NaN,NaN,NaN,NaN,NaN,NaN,0,0,0,0,0,0,10000,10000,0,1.5,5,70,4.38570660024463,5,321.148441340422,64.2296882680845,2,2,150010,42,0.454172481278606,Gaussian (discarded tail <= 1e-12) / Gaussian (discarded tail <= 1e-12),0,0,0,0,0,1,NaN,NaN,0,0,NaN,NaN,NaN,NaN,NaN,NaN,0,0.000383998370676596,0,0.000383998370676596,0,0.000383998370676596,0,0.000383998370676596,0,0,V1,moderate,0.05,4,R1,L2-C
4,0.05,0.747047253092665,10000,0,0,0,0,NaN,NaN,NaN,NaN,NaN,NaN,0,0,0,0,0,0,10000,10000,0,1.5,5,70,4.38570660024463,5,321.148441340422,64.2296882680845,2,2,150010,42,0.454172481278606,Gaussian (discarded tail <= 1e-12) / Gaussian (discarded tail <= 1e-12),0,0,0,0,0,1,NaN,NaN,0,0,NaN,NaN,NaN,NaN,NaN,NaN,0,0.000383998370676596,0,0.000383998370676596,0,0.000383998370676596,0,0.000383998370676596,0,0,V1,severe,0.05,4,R1,L2-C
5,0.05,0.747047253092665,10000,5405,5419,279,312,0.00702670897876347,0.456843995745432,0.0248856233890751,0.457059726125068,0.0178589144103117,0.0390827031018061,0.546239940128204,0.546239940128204,0.0273119970064102,0.0291739183084526,0,0,4595,4581,0.546239940128204,1.5,5,70,4.38570660024463,5,321.148441340422,64.2296882680845,2,2,150010,42,0.454172481278606,Gaussian (discarded tail <= 1e-12) / Gaussian (discarded tail <= 1e-12),10824,0.5405,0.5419,0.5412,0.5412,0.4588,0.0516188714153561,0.0575751983760842,0.0279,0.0312,0.05,0.0534086143565508,0.0460322627912178,0.0578423771105393,0.0516809169744691,0.0640962938454156,0.0248490246806113,0.0313135465809816,0.0279683683327012,0.0347916685396452,0.5307186925292,0.550250203602775,0.532120422353735,0.551647398582802,1,0,V2,mild,0.05,4,R1,L2-C
6,0.05,0.747047253092665,10000,1331,1338,72,79,0.0033077617862004,0.445877639431821,0.0230316785456106,0.464877263723904,0.0197239167594102,0.0433039145568187,0.133232907696458,0.133232907696458,0.00666164538482288,0.00711578498676204,0,0,8669,8662,0.133232907696458,1.5,5,70,4.38570660024463,5,321.148441340422,64.2296882680845,2,2,150010,42,0.454172481278606,Gaussian (discarded tail <= 1e-12) / Gaussian (discarded tail <= 1e-12),2669,0.1331,0.1338,0.13345,0.13345,0.86655,0.0540946656649136,0.0590433482810164,0.0072,0.0079,0.05,0.0534086143565508,0.0431754004045432,0.0675804184560046,0.0476311771254413,0.0729802839058283,0.00572169385772118,0.00905677493641767,0.0063438782687797,0.00983405292764021,0.126583016408613,0.13989876159579,0.127267970935848,0.140613269470835,1,0,V2,moderate,0.05,4,R1,L2-C
7,0.05,0.747047253092665,10000,19,29,0,1,0.0225751074965999,0.3567979595836,0.0215854468192043,0.37712912982519,0.000989660677395542,0.00269585679503558,0.00236501836951426,0.00236501836951426,0.000118250918475713,0.000126312354043546,0,0,9981,9971,0.00236501836951426,1.5,5,70,4.38570660024463,5,321.148441340422,64.2296882680845,2,2,150010,42,0.454172481278606,Gaussian (discarded tail <= 1e-12) / Gaussian (discarded tail <= 1e-12),48,0.0019,0.0029,0.0024,0.0024,0.9976,0,0.0344827586206897,0,0.0001,0.05,0.0534086143565508,0,0.168179224052616,0.00611321429276267,0.171755218793203,0,0.000383998370676596,1.76526736011224e-05,0.000566268897401338,0.00121674415962871,0.00296579501723932,0.00201999663356104,0.00416177454656563,0,0,V2,severe,0.05,4,R1,L2-C
