validity_index,pfa_target,threshold,N_total,N_valid_dry,N_valid_ice,false_alarm_count,detection_count,mean_dry,std_dry,mean_ice,std_ice,separation,d_prime,coverage_dry_theory,coverage_ice_theory,P_FA_all_theory,P_D_all_theory,physical_invalid_dry,physical_invalid_ice,stress_invalid_dry,stress_invalid_ice,p_valid_stress,H_m,thickness_mm,angle_deg,slant_range_m,sigma0_mm,sigma_eff_mm,sigma_amplification,p,q,stream_id,master_seed,sigma_score_m,theory_method,core_id,family_index,reference_index,N_valid,coverage_dry,coverage_ice,coverage,valid_rate,unknown_rate,P_FA,P_D,P_FA_all,P_D_all,P_FA_theory,P_D_theory,P_FA_CI_low,P_FA_CI_high,P_D_CI_low,P_D_CI_high,P_FA_all_CI_low,P_FA_all_CI_high,P_D_all_CI_low,P_D_all_CI_high,coverage_dry_CI_low,coverage_dry_CI_high,coverage_ice_CI_low,coverage_ice_CI_high,conditional_precision_met,gaussian_range_warning,validity_mode,validity_severity,pilot_or_final_pfa_target,stress_family,stress_severity,reference_mode,model_level,scenario_id
1,0.05,0.0164485362695147,5000,5000,5000,255,260,-8.43661986081843e-06,0.00998606049911599,3.47523780178665e-05,0.0100458436845245,4.31889978786849e-05,0.0043120020093676,1,1,0.05,0.05,0,0,0,0,1,1.5,0,0,1.5,10,10,1,0,0,100021,42,0.01,Gaussian (discarded tail <= 1e-12) / Gaussian (discarded tail <= 1e-12),21,1,1,10000,1,1,1,1,0,0.051,0.052,0.051,0.052,0.05,0.05,0.0452393871026712,0.0574500092439901,0.0461825245236588,0.0585053364191124,0.0452393871026712,0.0574500092439901,0.0461825245236588,0.0585053364191124,0.999232298054943,1,0.999232298054943,1,1,0,V0,all,0.05,L1,baseline,R0,1,E3_00021_V1
1,0.05,0.0232617430735335,5000,5000,5000,234,230,-0.000117248966822837,0.0142637253983324,2.14637201382948e-05,0.0139764008975321,0.000138712686961132,0.00982329232514755,1,1,0.05,0.05,0,0,0,0,1,1.5,0,0,1.5,10,10,1,0,0,100022,42,0.014142135623731,Gaussian (discarded tail <= 1e-12) / Gaussian (discarded tail <= 1e-12),22,1,2,10000,1,1,1,1,0,0.0468,0.046,0.0468,0.046,0.05,0.05,0.0412854955836611,0.0530103494593387,0.0405337873353779,0.052163286030734,0.0412854955836611,0.0530103494593387,0.0405337873353779,0.052163286030734,0.999232298054943,1,0.999232298054943,1,1,0,V0,all,0.05,L1,baseline,R1,1,E3_00022_V1
1,0.05,0.0164485362695147,5000,5000,5000,238,1342,-9.0064376111797e-05,0.0100559095275798,0.01022105739492,0.0100276283153053,0.0103111217710318,1.02682222907156,1,1,0.05,0.259511022841444,0,0,0,0,1,1.5,10,0,1.5,10,10,1,0,0,100141,42,0.01,Gaussian (discarded tail <= 1e-12) / Gaussian (discarded tail <= 1e-12),141,1,1,10000,1,1,1,1,0,0.0476,0.2684,0.0476,0.2684,0.05,0.259511022841444,0.0420376715417821,0.0538569451781056,0.256298603046723,0.280856996494227,0.0420376715417821,0.0538569451781056,0.256298603046723,0.280856996494227,0.999232298054943,1,0.999232298054943,1,1,0,V0,all,0.05,L1,baseline,R0,1,E3_00141_V1
1,0.05,0.0232617430735335,5000,5000,5000,229,882,-0.000132881953979503,0.0140985959298088,0.00997639347655998,0.0143872578269949,0.0101092754305395,0.709738700850157,1,1,0.05,0.174187261617932,0,0,0,0,1,1.5,10,0,1.5,10,10,1,0,0,100142,42,0.014142135623731,Gaussian (discarded tail <= 1e-12) / Gaussian (discarded tail <= 1e-12),142,1,2,10000,1,1,1,1,0,0.0458,0.1764,0.0458,0.1764,0.05,0.174187261617932,0.0403459347014957,0.0519514457453942,0.166084537539846,0.187212319158995,0.0403459347014957,0.0519514457453942,0.166084537539846,0.187212319158995,0.999232298054943,1,0.999232298054943,1,1,0,V0,all,0.05,L1,baseline,R1,1,E3_00142_V1
1,0.05,0.0164485362695147,5000,5000,5000,253,4573,0.000119122031314086,0.00988476207387771,0.0302327130671528,0.0100707936275901,0.0301135910358387,3.01793476045858,1,1,0.05,0.912314536750297,0,0,0,0,1,1.5,30,0,1.5,10,10,1,0,0,100221,42,0.01,Gaussian (discarded tail <= 1e-12) / Gaussian (discarded tail <= 1e-12),221,1,1,10000,1,1,1,1,0,0.0506,0.9146,0.0506,0.9146,0.05,0.912314536750297,0.0448623122901981,0.0570276982180192,0.906531608772836,0.922031812774322,0.0448623122901981,0.0570276982180192,0.906531608772836,0.922031812774322,0.999232298054943,1,0.999232298054943,1,1,0,V0,all,0.05,L1,baseline,R0,1,E3_00221_V1
1,0.05,0.0232617430735335,5000,5000,5000,248,3420,-5.9135241215536e-05,0.0140101870664783,0.0301629772413934,0.0142808975055024,0.030222112482609,2.13641360523979,1,1,0.05,0.683129043080008,0,0,0,0,1,1.5,30,0,1.5,10,10,1,0,0,100222,42,0.014142135623731,Gaussian (discarded tail <= 1e-12) / Gaussian (discarded tail <= 1e-12),222,1,2,10000,1,1,1,1,0,0.0496,0.684,0.0496,0.684,0.05,0.683129043080008,0.0439200857923503,0.0559714601197571,0.67097642461917,0.696741061065049,0.0439200857923503,0.0559714601197571,0.67097642461917,0.696741061065049,0.999232298054943,1,0.999232298054943,1,1,0,V0,all,0.05,L1,baseline,R1,1,E3_00222_V1
1,0.05,0.0164485362695147,5000,5000,5000,242,225,-0.000132662192086962,0.00992181525242734,-3.1251193987523e-05,0.00995631259088527,0.000101410998099439,0.0102032591988944,1,1,0.05,0.05,0,0,0,0,1,1.5,0,30,1.73205080756888,10,10,1,0,0,100741,42,0.01,Gaussian (discarded tail <= 1e-12) / Gaussian (discarded tail <= 1e-12),741,1,1,10000,1,1,1,1,0,0.0484,0.045,0.0484,0.045,0.05,0.05,0.0427903040886361,0.0547030843081395,0.0395948274633155,0.0511037813066865,0.0427903040886361,0.0547030843081395,0.0395948274633155,0.0511037813066865,0.999232298054943,1,0.999232298054943,1,1,0,V0,all,0.05,L1,baseline,R0,1,E3_00741_V1
1,0.05,0.0232617430735335,5000,5000,5000,267,254,-0.000105763799177948,0.0141437873944891,0.000262501610576597,0.0139814512680098,0.000368265409754545,0.0261871040436365,1,1,0.05,0.05,0,0,0,0,1,1.5,0,30,1.73205080756888,10,10,1,0,0,100742,42,0.014142135623731,Gaussian (discarded tail <= 1e-12) / Gaussian (discarded tail <= 1e-12),742,1,2,10000,1,1,1,1,0,0.0534,0.0508,0.0534,0.0508,0.05,0.05,0.0475039707136969,0.0599817406636281,0.0450508366853607,0.0572388667420786,0.0475039707136969,0.0599817406636281,0.0450508366853607,0.0572388667420786,0.999232298054943,1,0.999232298054943,1,1,0,V0,all,0.05,L1,baseline,R1,1,E3_00742_V1
1,0.05,0.0164485362695147,5000,5000,5000,256,1568,-0.000137115217489581,0.0101945349255821,0.0114918951251261,0.0100361957963416,0.0116290103426157,1.1496029818802,1,1,0.05,0.312012786818453,0,0,0,0,1,1.5,10,30,1.73205080756888,10,10,1,0,0,100861,42,0.01,Gaussian (discarded tail <= 1e-12) / Gaussian (discarded tail <= 1e-12),861,1,1,10000,1,1,1,1,0,0.0512,0.3136,0.0512,0.3136,0.05,0.312012786818453,0.0454279633979573,0.057661125867926,0.300887276432859,0.326598922852258,0.0454279633979573,0.057661125867926,0.300887276432859,0.326598922852258,0.999232298054943,1,0.999232298054943,1,1,0,V0,all,0.05,L1,baseline,R0,1,E3_00861_V1
1,0.05,0.0232617430735335,5000,5000,5000,229,1023,-0.000106168373167604,0.0139225107602286,0.0114739481205804,0.0142417174213521,0.011580116493748,0.822275173575198,1,1,0.05,0.203734162463038,0,0,0,0,1,1.5,10,30,1.73205080756888,10,10,1,0,0,100862,42,0.014142135623731,Gaussian (discarded tail <= 1e-12) / Gaussian (discarded tail <= 1e-12),862,1,2,10000,1,1,1,1,0,0.0458,0.2046,0.0458,0.2046,0.05,0.203734162463038,0.0403459347014957,0.0519514457453942,0.193647049605547,0.216006508703592,0.0403459347014957,0.0519514457453942,0.193647049605547,0.216006508703592,0.999232298054943,1,0.999232298054943,1,1,0,V0,all,0.05,L1,baseline,R1,1,E3_00862_V1
1,0.05,0.0164485362695147,5000,5000,5000,249,4810,-2.55163125337309e-05,0.00987593468320031,0.0347701144538726,0.010062695094137,0.0347956307664063,3.49011991661201,1,1,0.05,0.965563197715056,0,0,0,0,1,1.5,30,30,1.73205080756888,10,10,1,0,0,100941,42,0.01,Gaussian (discarded tail <= 1e-12) / Gaussian (discarded tail <= 1e-12),941,1,1,10000,1,1,1,1,0,0.0498,0.962,0.0498,0.962,0.05,0.965563197715056,0.0441084778641927,0.0561827609671367,0.956335904690165,0.966954738712602,0.0441084778641927,0.0561827609671367,0.956335904690165,0.966954738712602,0.999232298054943,1,0.999232298054943,1,1,0,V0,all,0.05,L1,baseline,R0,1,E3_00941_V1
1,0.05,0.0232617430735335,5000,5000,5000,269,3923,-0.000202558389920325,0.0142448789612116,0.0347971752928497,0.014503904279043,0.03499973368277,2.43476830648512,1,1,0.05,0.789485152686921,0,0,0,0,1,1.5,30,30,1.73205080756888,10,10,1,0,0,100942,42,0.014142135623731,Gaussian (discarded tail <= 1e-12) / Gaussian (discarded tail <= 1e-12),942,1,2,10000,1,1,1,1,0,0.0538,0.7846,0.0538,0.7846,0.05,0.789485152686921,0.0478817469838921,0.0604033502318769,0.772988902756266,0.795774121296607,0.0478817469838921,0.0604033502318769,0.772988902756266,0.795774121296607,0.999232298054943,1,0.999232298054943,1,1,0,V0,all,0.05,L1,baseline,R1,1,E3_00942_V1
1,0.05,0.0164485362695147,5000,5000,5000,246,252,-5.87811681478454e-05,0.00996180643101855,-0.000108017422166996,0.0100205890788008,4.92362540191502e-05,0.00492794179334399,1,1,0.05,0.05,0,0,0,0,1,1.5,0,70,4.38570660024463,10,10,1,0,0,101701,42,0.01,Gaussian (discarded tail <= 1e-12) / Gaussian (discarded tail <= 1e-12),1701,1,1,10000,1,1,1,1,0,0.0492,0.0504,0.0492,0.0504,0.05,0.05,0.0435433825554971,0.0555487775181664,0.0446738140627647,0.0568165035262307,0.0435433825554971,0.0555487775181664,0.0446738140627647,0.0568165035262307,0.999232298054943,1,0.999232298054943,1,1,0,V0,all,0.05,L1,baseline,R0,1,E3_01701_V1
1,0.05,0.0232617430735335,5000,5000,5000,238,247,-0.000178166301040423,0.0142312308417828,0.000210419274660305,0.0139753481855647,0.000388585575700728,0.0275516989644708,1,1,0.05,0.05,0,0,0,0,1,1.5,0,70,4.38570660024463,10,10,1,0,0,101702,42,0.014142135623731,Gaussian (discarded tail <= 1e-12) / Gaussian (discarded tail <= 1e-12),1702,1,2,10000,1,1,1,1,0,0.0476,0.0494,0.0476,0.0494,0.05,0.05,0.0420376715417821,0.0538569451781056,0.043731720637967,0.0557601323549184,0.0420376715417821,0.0538569451781056,0.043731720637967,0.0557601323549184,0.999232298054943,1,0.999232298054943,1,1,0,V0,all,0.05,L1,baseline,R1,1,E3_01702_V1
1,0.05,0.0164485362695147,5000,5000,5000,245,4497,-7.86839187419812e-05,0.00991641834820439,0.029211524195811,0.0100249617917525,0.029290208114553,2.93758747078171,1,1,0.05,0.899542804294139,0,0,0,0,1,1.5,10,70,4.38570660024463,10,10,1,0,0,101821,42,0.01,Gaussian (discarded tail <= 1e-12) / Gaussian (discarded tail <= 1e-12),1821,1,1,10000,1,1,1,1,0,0.049,0.8994,0.049,0.8994,0.05,0.899542804294139,0.0433550717009474,0.0553373954534942,0.890753391141913,0.907433368544375,0.0433550717009474,0.0553373954534942,0.890753391141913,0.907433368544375,0.999232298054943,1,0.999232298054943,1,1,0,V0,all,0.05,L1,baseline,R0,1,E3_01821_V1
1,0.05,0.0232617430735335,5000,5000,5000,258,3336,6.32505138458706e-05,0.0142432025893918,0.0292919124351343,0.0141829473218218,0.0292286619212885,2.05645832080405,1,1,0.05,0.66370216460166,0,0,0,0,1,1.5,10,70,4.38570660024463,10,10,1,0,0,101822,42,0.014142135623731,Gaussian (discarded tail <= 1e-12) / Gaussian (discarded tail <= 1e-12),1822,1,2,10000,1,1,1,1,0,0.0516,0.6672,0.0516,0.6672,0.05,0.66370216460166,0.0458051930526966,0.0580832820516306,0.654014833207419,0.680128447262153,0.0458051930526966,0.0580832820516306,0.654014833207419,0.680128447262153,0.999232298054943,1,0.999232298054943,1,1,0,V0,all,0.05,L1,baseline,R1,1,E3_01822_V1
1,0.05,0.0164485362695147,5000,5000,5000,235,5000,-0.000220277677465122,0.00996802924358871,0.0877328579664518,0.0099392559037677,0.0879531356439169,8.83626703713292,1,1,0.05,0.999999999999485,0,0,0,0,1,1.5,30,70,4.38570660024463,10,10,1,0,0,101901,42,0.01,Gaussian (discarded tail <= 1e-12) / Gaussian (discarded tail <= 1e-12),1901,1,1,10000,1,1,1,1,0,0.047,1,0.047,1,0.05,0.999999999999485,0.0414734961677938,0.053222041794428,0.999232298054943,1,0.0414734961677938,0.053222041794428,0.999232298054943,1,0.999232298054943,1,0.999232298054943,1,1,0,V0,all,0.05,L1,baseline,R0,1,E3_01901_V1
1,0.05,0.0232617430735335,5000,5000,5000,260,5000,0.000208846406216857,0.0139960441057247,0.0880558094121774,0.0142021875540945,0.0878469630059605,6.23050528365562,1,1,0.05,0.999997411352088,0,0,0,0,1,1.5,30,70,4.38570660024463,10,10,1,0,0,101902,42,0.014142135623731,Gaussian (discarded tail <= 1e-12) / Gaussian (discarded tail <= 1e-12),1902,1,2,10000,1,1,1,1,0,0.052,1,0.052,1,0.05,0.999997411352088,0.0461825245236588,0.0585053364191124,0.999232298054943,1,0.0461825245236588,0.0585053364191124,0.999232298054943,1,0.999232298054943,1,0.999232298054943,1,1,0,V0,all,0.05,L1,baseline,R1,1,E3_01902_V1
1,0.05,0.0164485362695147,5000,5000,5000,262,231,-0.000291279928826028,0.0101023658536074,-0.000152134133113231,0.00997076956321916,0.000139145795712798,0.0138635846112132,1,1,0.05,0.05,0,0,0,0,1,1.5,0,0,1.5,10,10,1,0.5,0,101941,42,0.01,Gaussian (discarded tail <= 1e-12) / Gaussian (discarded tail <= 1e-12),1941,2,1,10000,1,1,1,1,0,0.0524,0.0462,0.0524,0.0462,0.05,0.05,0.0465599567062765,0.0589272900749386,0.0407216699236964,0.0523750963616375,0.0465599567062765,0.0589272900749386,0.0407216699236964,0.0523750963616375,0.999232298054943,1,0.999232298054943,1,1,0,V0,all,0.05,L2-A,mild,R0,2,E3_01941_V1
1,0.05,0.0232617430735335,5000,5000,5000,223,253,-0.000174599461437901,0.0141336158622644,-0.000122755047137084,0.0141080566079823,5.18444143008176e-05,0.0036714817880291,1,1,0.05,0.05,0,0,0,0,1,1.5,0,0,1.5,10,10,1,0.5,0,101942,42,0.014142135623731,Gaussian (discarded tail <= 1e-12) / Gaussian (discarded tail <= 1e-12),1942,2,2,10000,1,1,1,1,0,0.0446,0.0506,0.0446,0.0506,0.05,0.05,0.0392194585074783,0.0506797644240797,0.0448623122901981,0.0570276982180192,0.0392194585074783,0.0506797644240797,0.0448623122901981,0.0570276982180192,0.999232298054943,1,0.999232298054943,1,1,0,V0,all,0.05,L2-A,mild,R1,2,E3_01942_V1
1,0.05,0.0164485362695147,5000,5000,5000,240,1259,-4.9538628516307e-05,0.010028234868846,0.00975183558105264,0.00999540685029174,0.00980137420956895,0.978978866563633,1,1,0.05,0.259511022841444,0,0,0,0,1,1.5,10,0,1.5,10,10,1,0.5,0,102061,42,0.01,Gaussian (discarded tail <= 1e-12) / Gaussian (discarded tail <= 1e-12),2061,2,1,10000,1,1,1,1,0,0.048,0.2518,0.048,0.2518,0.05,0.259511022841444,0.042413931418708,0.0542800711396237,0.239962706495223,0.264018380750303,0.042413931418708,0.0542800711396237,0.239962706495223,0.264018380750303,0.999232298054943,1,0.999232298054943,1,1,0,V0,all,0.05,L2-A,mild,R0,2,E3_02061_V1
1,0.05,0.0232617430735335,5000,5000,5000,264,829,0.000145738976733306,0.01400462118244,0.00963881461981213,0.0141621871975913,0.00949307564307883,0.674050604823862,1,1,0.05,0.174187261617932,0,0,0,0,1,1.5,10,0,1.5,10,10,1,0.5,0,102062,42,0.014142135623731,Gaussian (discarded tail <= 1e-12) / Gaussian (discarded tail <= 1e-12),2062,2,2,10000,1,1,1,1,0,0.0528,0.1658,0.0528,0.1658,0.05,0.174187261617932,0.0469374885167706,0.0593491441028885,0.155748949461432,0.176364182518644,0.0469374885167706,0.0593491441028885,0.155748949461432,0.176364182518644,0.999232298054943,1,0.999232298054943,1,1,0,V0,all,0.05,L2-A,mild,R1,2,E3_02062_V1
1,0.05,0.0164485362695147,5000,5000,5000,246,4546,9.64293954176409e-05,0.00983804931348312,0.0297801764172564,0.0100526779054328,0.0296837470218387,2.98450818526382,1,1,0.05,0.912314536750297,0,0,0,0,1,1.5,30,0,1.5,10,10,1,0.5,0,102141,42,0.01,Gaussian (discarded tail <= 1e-12) / Gaussian (discarded tail <= 1e-12),2141,2,1,10000,1,1,1,1,0,0.0492,0.9092,0.0492,0.9092,0.05,0.912314536750297,0.0435433825554971,0.0555487775181664,0.900918636229627,0.916853076498539,0.0435433825554971,0.0555487775181664,0.900918636229627,0.916853076498539,0.999232298054943,1,0.999232298054943,1,1,0,V0,all,0.05,L2-A,mild,R0,2,E3_02141_V1
1,0.05,0.0232617430735335,5000,5000,5000,243,3441,-0.000129096310537703,0.0141038923132299,0.0299783644916989,0.0140721254602599,0.0301074608022366,2.13709700988119,1,1,0.05,0.683129043080008,0,0,0,0,1,1.5,30,0,1.5,10,10,1,0.5,0,102142,42,0.014142135623731,Gaussian (discarded tail <= 1e-12) / Gaussian (discarded tail <= 1e-12),2142,2,2,10000,1,1,1,1,0,0.0486,0.6882,0.0486,0.6882,0.05,0.683129043080008,0.0429785323075291,0.0549145490084684,0.675219828339943,0.700891208647938,0.0429785323075291,0.0549145490084684,0.675219828339943,0.700891208647938,0.999232298054943,1,0.999232298054943,1,1,0,V0,all,0.05,L2-A,mild,R1,2,E3_02142_V1
1,0.05,0.0176751024977295,5000,5000,5000,273,229,0.000286153845442877,0.0107864121268686,6.53670545556907e-05,0.0106782337018025,0.000220786790887187,0.0205718732756871,1,1,0.05,0.05,0,0,0,0,1,1.5,0,30,1.73205080756888,10,10.7456993182354,1.07456993182354,0.5,0,102661,42,0.0107456993182354,Gaussian (discarded tail <= 1e-12) / Gaussian (discarded tail <= 1e-12),2661,2,1,10000,1,1,1,1,0,0.0546,0.0458,0.0546,0.0458,0.05,0.05,0.0486375864994605,0.0612462823931964,0.0403459347014957,0.0519514457453942,0.0486375864994605,0.0612462823931964,0.0403459347014957,0.0519514457453942,0.999232298054943,1,0.999232298054943,1,1,0,V0,all,0.05,L2-A,mild,R0,2,E3_02661_V1
1,0.05,0.0249963696686236,5000,5000,5000,270,249,0.000310273044427701,0.0152785747306623,-0.000219940502990905,0.0150497531598044,0.000530213547418605,0.034963909582141,1,1,0.05,0.05,0,0,0,0,1,1.5,0,30,1.73205080756888,10,10.7456993182354,1.07456993182354,0.5,0,102662,42,0.0151967137130319,Gaussian (discarded tail <= 1e-12) / Gaussian (discarded tail <= 1e-12),2662,2,2,10000,1,1,1,1,0,0.054,0.0498,0.054,0.0498,0.05,0.05,0.0480706711782013,0.0606141189567897,0.0441084778641927,0.0561827609671367,0.0480706711782013,0.0606141189567897,0.0441084778641927,0.0561827609671367,0.999232298054943,1,0.999232298054943,1,1,0,V0,all,0.05,L2-A,mild,R1,2,E3_02662_V1
1,0.05,0.0176751024977295,5000,5000,5000,237,1410,-0.000153321158932748,0.010696457779973,0.0114208341242853,0.0106415903344546,0.011574155283218,1.08483371658978,1,1,0.05,0.284242648910485,0,0,0,0,1,1.5,10,30,1.73205080756888,10,10.7456993182354,1.07456993182354,0.5,0,102781,42,0.0107456993182354,Gaussian (discarded tail <= 1e-12) / Gaussian (discarded tail <= 1e-12),2781,2,1,10000,1,1,1,1,0,0.0474,0.282,0.0474,0.282,0.05,0.284242648910485,0.0418495843205747,0.053645339480091,0.2696986290137,0.294636089034345,0.0418495843205747,0.053645339480091,0.2696986290137,0.294636089034345,0.999232298054943,1,0.999232298054943,1,1,0,V0,all,0.05,L2-A,mild,R0,2,E3_02781_V1
1,0.05,0.0249963696686236,5000,5000,5000,251,931,-7.4601199347979e-05,0.0151223421425196,0.0115280902820111,0.0150517650393861,0.0116026914813591,0.769047426852313,1,1,0.05,0.188073477463303,0,0,0,0,1,1.5,10,30,1.73205080756888,10,10.7456993182354,1.07456993182354,0.5,0,102782,42,0.0151967137130319,Gaussian (discarded tail <= 1e-12) / Gaussian (discarded tail <= 1e-12),2782,2,2,10000,1,1,1,1,0,0.0502,0.1862,0.0502,0.1862,0.05,0.188073477463303,0.0444853421500697,0.0566052825197037,0.175652597630471,0.197229212110247,0.0444853421500697,0.0566052825197037,0.175652597630471,0.197229212110247,0.999232298054943,1,0.999232298054943,1,1,0,V0,all,0.05,L2-A,mild,R1,2,E3_02782_V1
1,0.05,0.0176751024977295,5000,5000,5000,251,4717,-0.000111013999008658,0.0107472270008026,0.0344929769474895,0.0107315221991207,0.0346039909464982,3.22215985431737,1,1,0.05,0.942815474172468,0,0,0,0,1,1.5,30,30,1.73205080756888,10,10.7456993182354,1.07456993182354,0.5,0,102861,42,0.0107456993182354,Gaussian (discarded tail <= 1e-12) / Gaussian (discarded tail <= 1e-12),2861,2,1,10000,1,1,1,1,0,0.0502,0.9434,0.0502,0.9434,0.05,0.942815474172468,0.0444853421500697,0.0566052825197037,0.93664801594641,0.949471185968713,0.0444853421500697,0.0566052825197037,0.93664801594641,0.949471185968713,0.999232298054943,1,0.999232298054943,1,1,0,V0,all,0.05,L2-A,mild,R0,2,E3_02861_V1
1,0.05,0.0249963696686236,5000,5000,5000,240,3662,-0.000160752000037072,0.0150173929782227,0.0344238695013375,0.0150287519500785,0.0345846215013746,2.30210026027924,1,1,0.05,0.737172763572026,0,0,0,0,1,1.5,30,30,1.73205080756888,10,10.7456993182354,1.07456993182354,0.5,0,102862,42,0.0151967137130319,Gaussian (discarded tail <= 1e-12) / Gaussian (discarded tail <= 1e-12),2862,2,2,10000,1,1,1,1,0,0.048,0.7324,0.048,0.7324,0.05,0.737172763572026,0.042413931418708,0.0542800711396237,0.719953989726739,0.744489182409199,0.042413931418708,0.0542800711396237,0.719953989726739,0.744489182409199,0.999232298054943,1,0.999232298054943,1,1,0,V0,all,0.05,L2-A,mild,R1,2,E3_02862_V1
1,0.05,0.0281255752935235,5000,5000,5000,232,257,-0.000413145167306954,0.0170432984742292,0.000167882057359527,0.0171461802823215,0.000581027224666481,0.0339885026149732,1,1,0.05,0.05,0,0,0,0,1,1.5,0,70,4.38570660024463,10,17.0991356511465,1.70991356511465,0.5,0,103621,42,0.0170991356511465,Gaussian (discarded tail <= 1e-12) / Gaussian (discarded tail <= 1e-12),3621,2,1,10000,1,1,1,1,0,0.0464,0.0514,0.0464,0.0514,0.05,0.05,0.0409095822823139,0.0525868769222419,0.0456165654284363,0.057872216756669,0.0409095822823139,0.0525868769222419,0.0456165654284363,0.057872216756669,0.999232298054943,1,0.999232298054943,1,1,0,V0,all,0.05,L2-A,mild,R0,2,E3_03621_V1
1,0.05,0.0397755700296466,5000,5000,5000,260,258,0.000248556046568011,0.0244129956040764,0.000232086228198983,0.0239737950043046,1.64698183690285e-05,0.000680728758129473,1,1,0.05,0.05,0,0,0,0,1,1.5,0,70,4.38570660024463,10,17.0991356511465,1.70991356511465,0.5,0,103622,42,0.0241818295427087,Gaussian (discarded tail <= 1e-12) / Gaussian (discarded tail <= 1e-12),3622,2,2,10000,1,1,1,1,0,0.052,0.0516,0.052,0.0516,0.05,0.05,0.0461825245236588,0.0585053364191124,0.0458051930526966,0.0580832820516306,0.0461825245236588,0.0585053364191124,0.0458051930526966,0.0580832820516306,0.999232298054943,1,0.999232298054943,1,1,0,V0,all,0.05,L2-A,mild,R1,2,E3_03622_V1
1,0.05,0.0281255752935235,5000,5000,5000,230,2601,-0.000216340740435272,0.0169254973884014,0.0288461812267807,0.0171769833394184,0.029062521967216,1.70437640544367,1,1,0.05,0.52593686123236,0,0,0,0,1,1.5,10,70,4.38570660024463,10,17.0991356511465,1.70991356511465,0.5,0,103741,42,0.0170991356511465,Gaussian (discarded tail <= 1e-12) / Gaussian (discarded tail <= 1e-12),3741,2,1,10000,1,1,1,1,0,0.046,0.5202,0.046,0.5202,0.05,0.52593686123236,0.0405337873353779,0.052163286030734,0.506342076676063,0.534026908165356,0.0405337873353779,0.052163286030734,0.506342076676063,0.534026908165356,0.999232298054943,1,0.999232298054943,1,1,0,V0,all,0.05,L2-A,mild,R0,2,E3_03741_V1
1,0.05,0.0397755700296466,5000,5000,5000,238,1691,-0.000232092192890912,0.0240525852387064,0.0298920078019239,0.0239202130243055,0.0301240999948148,1.25587776432483,1,1,0.05,0.331504654145821,0,0,0,0,1,1.5,10,70,4.38570660024463,10,17.0991356511465,1.70991356511465,0.5,0,103742,42,0.0241818295427087,Gaussian (discarded tail <= 1e-12) / Gaussian (discarded tail <= 1e-12),3742,2,2,10000,1,1,1,1,0,0.0476,0.3382,0.0476,0.3382,0.05,0.331504654145821,0.0420376715417821,0.0538569451781056,0.325215321698328,0.351433106651093,0.0420376715417821,0.0538569451781056,0.325215321698328,0.351433106651093,0.999232298054943,1,0.999232298054943,1,1,0,V0,all,0.05,L2-A,mild,R1,2,E3_03742_V1
1,0.05,0.0281255752935235,5000,5000,5000,271,5000,0.000146208941062966,0.0171279472967691,0.0880377323292266,0.0167026968272798,0.0878915233881636,5.19556058505476,1,1,0.05,0.999753827604746,0,0,0,0,1,1.5,30,70,4.38570660024463,10,17.0991356511465,1.70991356511465,0.5,0,103821,42,0.0170991356511465,Gaussian (discarded tail <= 1e-12) / Gaussian (discarded tail <= 1e-12),3821,2,1,10000,1,1,1,1,0,0.0542,1,0.0542,1,0.05,0.999753827604746,0.0482596192447235,0.0608248638094894,0.999232298054943,1,0.0482596192447235,0.0608248638094894,0.999232298054943,1,0.999232298054943,1,0.999232298054943,1,1,0,V0,all,0.05,L2-A,mild,R0,2,E3_03821_V1
1,0.05,0.0397755700296466,5000,5000,5000,254,4870,0.000187845118774525,0.0244889142605894,0.0874396048248626,0.0240455180092304,0.0872517597060881,3.5953081055873,1,1,0.05,0.976283918489258,0,0,0,0,1,1.5,30,70,4.38570660024463,10,17.0991356511465,1.70991356511465,0.5,0,103822,42,0.0241818295427087,Gaussian (discarded tail <= 1e-12) / Gaussian (discarded tail <= 1e-12),3822,2,2,10000,1,1,1,1,0,0.0508,0.974,0.0508,0.974,0.05,0.976283918489258,0.0450508366853607,0.0572388667420786,0.969211891775009,0.978060326781077,0.0450508366853607,0.0572388667420786,0.969211891775009,0.978060326781077,0.999232298054943,1,0.999232298054943,1,1,0,V0,all,0.05,L2-A,mild,R1,2,E3_03822_V1
1,0.05,0.0164485362695147,5000,5000,5000,264,236,3.8980362963265e-05,0.0100685371608009,-0.000289875095387275,0.00995783455455305,0.00032885545835054,0.0328417387549494,1,1,0.05,0.05,0,0,0,0,1,1.5,0,0,1.5,10,10,1,1,0,103861,42,0.01,Gaussian (discarded tail <= 1e-12) / Gaussian (discarded tail <= 1e-12),3861,3,1,10000,1,1,1,1,0,0.0528,0.0472,0.0528,0.0472,0.05,0.05,0.0469374885167706,0.0593491441028885,0.0416615258049748,0.0534337050764689,0.0469374885167706,0.0593491441028885,0.0416615258049748,0.0534337050764689,0.999232298054943,1,0.999232298054943,1,1,0,V0,all,0.05,L2-A,moderate,R0,2,E3_03861_V1
1,0.05,0.0232617430735335,5000,5000,5000,255,269,0.000131983651970959,0.0140625572336416,-3.25365324738058e-07,0.0142238951864891,0.000132309017295697,0.00935478675219387,1,1,0.05,0.05,0,0,0,0,1,1.5,0,0,1.5,10,10,1,1,0,103862,42,0.014142135623731,Gaussian (discarded tail <= 1e-12) / Gaussian (discarded tail <= 1e-12),3862,3,2,10000,1,1,1,1,0,0.051,0.0538,0.051,0.0538,0.05,0.05,0.0452393871026712,0.0574500092439901,0.0478817469838921,0.0604033502318769,0.0452393871026712,0.0574500092439901,0.0478817469838921,0.0604033502318769,0.999232298054943,1,0.999232298054943,1,1,0,V0,all,0.05,L2-A,moderate,R1,2,E3_03862_V1
1,0.05,0.0164485362695147,5000,5000,5000,266,1305,0.00018140839804834,0.0100151030612628,0.00981188901176329,0.0101469908747637,0.00963048061371495,0.955285161228954,1,1,0.05,0.259511022841444,0,0,0,0,1,1.5,10,0,1.5,10,10,1,1,0,103981,42,0.01,Gaussian (discarded tail <= 1e-12) / Gaussian (discarded tail <= 1e-12),3981,3,1,10000,1,1,1,1,0,0.0532,0.261,0.0532,0.261,0.05,0.259511022841444,0.0473151188916038,0.0597708995664993,0.249013548610097,0.273353412919641,0.0473151188916038,0.0597708995664993,0.249013548610097,0.273353412919641,0.999232298054943,1,0.999232298054943,1,1,0,V0,all,0.05,L2-A,moderate,R0,2,E3_03981_V1
1,0.05,0.0232617430735335,5000,5000,5000,248,910,0.000333290035681901,0.0140190728439186,0.0102880690709555,0.0145478398958506,0.00995477903527363,0.696825327417181,1,1,0.05,0.174187261617932,0,0,0,0,1,1.5,10,0,1.5,10,10,1,1,0,103982,42,0.014142135623731,Gaussian (discarded tail <= 1e-12) / Gaussian (discarded tail <= 1e-12),3982,3,2,10000,1,1,1,1,0,0.0496,0.182,0.0496,0.182,0.05,0.174187261617932,0.0439200857923503,0.0559714601197571,0.171550580048694,0.192937678388362,0.0439200857923503,0.0559714601197571,0.171550580048694,0.192937678388362,0.999232298054943,1,0.999232298054943,1,1,0,V0,all,0.05,L2-A,moderate,R1,2,E3_03982_V1
1,0.05,0.0164485362695147,5000,5000,5000,253,4601,1.93397148798753e-06,0.0100137870893703,0.0301160916327905,0.00974210101567105,0.0301141576613025,3.04833782038946,1,1,0.05,0.912314536750297,0,0,0,0,1,1.5,30,0,1.5,10,10,1,1,0,104061,42,0.01,Gaussian (discarded tail <= 1e-12) / Gaussian (discarded tail <= 1e-12),4061,3,1,10000,1,1,1,1,0,0.0506,0.9202,0.0506,0.9202,0.05,0.912314536750297,0.0448623122901981,0.0570276982180192,0.912362232219039,0.927392591066336,0.0448623122901981,0.0570276982180192,0.912362232219039,0.927392591066336,0.999232298054943,1,0.999232298054943,1,1,0,V0,all,0.05,L2-A,moderate,R0,2,E3_04061_V1
1,0.05,0.0232617430735335,5000,5000,5000,237,3413,-3.33156280066268e-05,0.0140899218689914,0.0300834995757185,0.0138679356877378,0.0301168152037251,2.15437580254501,1,1,0.05,0.683129043080008,0,0,0,0,1,1.5,30,0,1.5,10,10,1,1,0,104062,42,0.014142135623731,Gaussian (discarded tail <= 1e-12) / Gaussian (discarded tail <= 1e-12),4062,3,2,10000,1,1,1,1,0,0.0474,0.6826,0.0474,0.6826,0.05,0.683129043080008,0.0418495843205747,0.053645339480091,0.669562227320554,0.695357407929111,0.0418495843205747,0.053645339480091,0.669562227320554,0.695357407929111,0.999232298054943,1,0.999232298054943,1,1,0,V0,all,0.05,L2-A,moderate,R1,2,E3_04062_V1
1,0.05,0.0189931336859593,5000,5000,5000,238,242,3.56907204309864e-05,0.0112853329785991,-7.0040188185905e-05,0.0116427356863492,0.000105730908616891,0.00922171570160765,1,1,0.05,0.05,0,0,0,0,1,1.5,0,30,1.73205080756888,10,11.5470053837925,1.15470053837925,1,0,104581,42,0.0115470053837925,Gaussian (discarded tail <= 1e-12) / Gaussian (discarded tail <= 1e-12),4581,3,1,10000,1,1,1,1,0,0.0476,0.0484,0.0476,0.0484,0.05,0.05,0.0420376715417821,0.0538569451781056,0.0427903040886361,0.0547030843081395,0.0420376715417821,0.0538569451781056,0.0427903040886361,0.0547030843081395,0.999232298054943,1,0.999232298054943,1,1,0,V0,all,0.05,L2-A,moderate,R0,2,E3_04581_V1
1,0.05,0.0268603472506489,5000,5000,5000,279,261,0.000754731024732776,0.0164942627340149,0.000232790374370109,0.016432952097165,0.000521940650362667,0.0317026355396674,1,1,0.05,0.05,0,0,0,0,1,1.5,0,30,1.73205080756888,10,11.5470053837925,1.15470053837925,1,0,104582,42,0.0163299316185545,Gaussian (discarded tail <= 1e-12) / Gaussian (discarded tail <= 1e-12),4582,3,2,10000,1,1,1,1,0,0.0558,0.0522,0.0558,0.0522,0.05,0.05,0.0497720485271196,0.0625099778808691,0.0463712280942276,0.0587163257677656,0.0497720485271196,0.0625099778808691,0.0463712280942276,0.0587163257677656,0.999232298054943,1,0.999232298054943,1,1,0,V0,all,0.05,L2-A,moderate,R1,2,E3_04582_V1
1,0.05,0.0189931336859593,5000,5000,5000,228,1271,-0.000243278413290223,0.0114134268851502,0.0113758905041445,0.0115352484479432,0.0116191689174347,1.0126079210356,1,1,0.05,0.259511022841444,0,0,0,0,1,1.5,10,30,1.73205080756888,10,11.5470053837925,1.15470053837925,1,0,104701,42,0.0115470053837925,Gaussian (discarded tail <= 1e-12) / Gaussian (discarded tail <= 1e-12),4701,3,1,10000,1,1,1,1,0,0.0456,0.2542,0.0456,0.2542,0.05,0.259511022841444,0.0401581122081757,0.0517395753194923,0.242323115589103,0.266454286687087,0.0401581122081757,0.0517395753194923,0.242323115589103,0.266454286687087,0.999232298054943,1,0.999232298054943,1,1,0,V0,all,0.05,L2-A,moderate,R0,2,E3_04701_V1
1,0.05,0.0268603472506489,5000,5000,5000,258,914,-9.18656943809203e-05,0.0164913598586967,0.0114733775212844,0.0166699485987504,0.0115652432156654,0.697504172372617,1,1,0.05,0.174187261617932,0,0,0,0,1,1.5,10,30,1.73205080756888,10,11.5470053837925,1.15470053837925,1,0,104702,42,0.0163299316185545,Gaussian (discarded tail <= 1e-12) / Gaussian (discarded tail <= 1e-12),4702,3,2,10000,1,1,1,1,0,0.0516,0.1828,0.0516,0.1828,0.05,0.174187261617932,0.0458051930526966,0.0580832820516306,0.172331754707912,0.193755275406032,0.0458051930526966,0.0580832820516306,0.172331754707912,0.193755275406032,0.999232298054943,1,0.999232298054943,1,1,0,V0,all,0.05,L2-A,moderate,R1,2,E3_04702_V1
1,0.05,0.0189931336859593,5000,5000,5000,251,4545,-8.53759068081973e-05,0.0116092906684044,0.0346417035427223,0.0116229110546844,0.0347270794495305,2.98956370087948,1,1,0.05,0.912314536750296,0,0,0,0,1,1.5,30,30,1.73205080756888,10,11.5470053837925,1.15470053837925,1,0,104781,42,0.0115470053837925,Gaussian (discarded tail <= 1e-12) / Gaussian (discarded tail <= 1e-12),4781,3,1,10000,1,1,1,1,0,0.0502,0.909,0.0502,0.909,0.05,0.912314536750296,0.0444853421500697,0.0566052825197037,0.900710915737424,0.916661104071519,0.0444853421500697,0.0566052825197037,0.900710915737424,0.916661104071519,0.999232298054943,1,0.999232298054943,1,1,0,V0,all,0.05,L2-A,moderate,R0,2,E3_04781_V1
1,0.05,0.0268603472506489,5000,5000,5000,244,3387,0.00031152588289747,0.0160677578242793,0.0344230154209789,0.0162972640167445,0.0341114895380814,2.10787016259145,1,1,0.05,0.683129043080006,0,0,0,0,1,1.5,30,30,1.73205080756888,10,11.5470053837925,1.15470053837925,1,0,104782,42,0.0163299316185545,Gaussian (discarded tail <= 1e-12) / Gaussian (discarded tail <= 1e-12),4782,3,2,10000,1,1,1,1,0,0.0488,0.6774,0.0488,0.6774,0.05,0.683129043080006,0.0431667882318987,0.0551259860033208,0.664310668341491,0.690216951008403,0.0431667882318987,0.0551259860033208,0.664310668341491,0.690216951008403,0.999232298054943,1,0.999232298054943,1,1,0,V0,all,0.05,L2-A,moderate,R1,2,E3_04782_V1
1,0.05,0.0480923027210493,5000,5000,5000,265,254,0.000476915183726887,0.0290214914309698,-0.000320646293862337,0.0294951060656415,0.000797561477589224,0.0272584323012003,1,1,0.05,0.05,0,0,0,0,1,1.5,0,70,4.38570660024463,10,29.2380440016309,2.92380440016309,1,0,105541,42,0.0292380440016309,Gaussian (discarded tail <= 1e-12) / Gaussian (discarded tail <= 1e-12),5541,3,1,10000,1,1,1,1,0,0.053,0.0508,0.053,0.0508,0.05,0.05,0.0471262914493397,0.0595600340895414,0.0450508366853607,0.0572388667420786,0.0471262914493397,0.0595600340895414,0.0450508366853607,0.0572388667420786,0.999232298054943,1,0.999232298054943,1,1,0,V0,all,0.05,L2-A,moderate,R0,2,E3_05541_V1
1,0.05,0.0680127867538604,5000,5000,5000,223,247,-0.000590415802472118,0.0409070867120944,5.95144196954456e-05,0.0413821552464623,0.000649930222167564,0.0157959746889035,1,1,0.05,0.05,0,0,0,0,1,1.5,0,70,4.38570660024463,10,29.2380440016309,2.92380440016309,1,0,105542,42,0.0413488383643677,Gaussian (discarded tail <= 1e-12) / Gaussian (discarded tail <= 1e-12),5542,3,2,10000,1,1,1,1,0,0.0446,0.0494,0.0446,0.0494,0.05,0.05,0.0392194585074783,0.0506797644240797,0.043731720637967,0.0557601323549184,0.0392194585074783,0.0506797644240797,0.043731720637967,0.0557601323549184,0.999232298054943,1,0.999232298054943,1,1,0,V0,all,0.05,L2-A,moderate,R1,2,E3_05542_V1
1,0.05,0.0480923027210493,5000,5000,5000,220,1257,-0.000513230459394276,0.028953519183545,0.028688645817689,0.0293689800071539,0.0292018762770832,1.00136776698566,1,1,0.05,0.259511022841437,0,0,0,0,1,1.5,10,70,4.38570660024463,10,29.2380440016309,2.92380440016309,1,0,105661,42,0.0292380440016309,Gaussian (discarded tail <= 1e-12) / Gaussian (discarded tail <= 1e-12),5661,3,1,10000,1,1,1,1,0,0.044,0.2514,0.044,0.2514,0.05,0.259511022841437,0.0386566403377335,0.0500435038361586,0.239569352238084,0.263612349168998,0.0386566403377335,0.0500435038361586,0.239569352238084,0.263612349168998,0.999232298054943,1,0.999232298054943,1,1,0,V0,all,0.05,L2-A,moderate,R0,2,E3_05661_V1
1,0.05,0.0680127867538604,5000,5000,5000,262,877,0.000366815194770244,0.0418674183399343,0.029512384119803,0.041905828340073,0.0291455689250328,0.695820372650562,1,1,0.05,0.174187261617928,0,0,0,0,1,1.5,10,70,4.38570660024463,10,29.2380440016309,2.92380440016309,1,0,105662,42,0.0413488383643677,Gaussian (discarded tail <= 1e-12) / Gaussian (discarded tail <= 1e-12),5662,3,2,10000,1,1,1,1,0,0.0524,0.1754,0.0524,0.1754,0.05,0.174187261617928,0.0465599567062765,0.0589272900749386,0.165108866518422,0.186189525584309,0.0465599567062765,0.0589272900749386,0.165108866518422,0.186189525584309,0.999232298054943,1,0.999232298054943,1,1,0,V0,all,0.05,L2-A,moderate,R1,2,E3_05662_V1
1,0.05,0.0480923027210493,5000,5000,5000,266,4599,-7.35866500568671e-05,0.0297745578803979,0.0878000989212529,0.0286587856952152,0.0878736855713098,3.00710740563775,1,1,0.05,0.912314536750295,0,0,0,0,1,1.5,30,70,4.38570660024463,10,29.2380440016309,2.92380440016309,1,0,105741,42,0.0292380440016309,Gaussian (discarded tail <= 1e-12) / Gaussian (discarded tail <= 1e-12),5741,3,1,10000,1,1,1,1,0,0.0532,0.9198,0.0532,0.9198,0.05,0.912314536750295,0.0473151188916038,0.0597708995664993,0.91194541020641,0.92701002724052,0.0473151188916038,0.0597708995664993,0.91194541020641,0.92701002724052,0.999232298054943,1,0.999232298054943,1,1,0,V0,all,0.05,L2-A,moderate,R0,2,E3_05741_V1
1,0.05,0.0680127867538604,5000,5000,5000,244,3441,-0.000162363206591343,0.0417670732168738,0.0878603887159253,0.0414667721117185,0.0880227519225167,2.11505737072523,1,1,0.05,0.683129043080006,0,0,0,0,1,1.5,30,70,4.38570660024463,10,29.2380440016309,2.92380440016309,1,0,105742,42,0.0413488383643677,Gaussian (discarded tail <= 1e-12) / Gaussian (discarded tail <= 1e-12),5742,3,2,10000,1,1,1,1,0,0.0488,0.6882,0.0488,0.6882,0.05,0.683129043080006,0.0431667882318987,0.0551259860033208,0.675219828339943,0.700891208647938,0.0431667882318987,0.0551259860033208,0.675219828339943,0.700891208647938,0.999232298054943,1,0.999232298054943,1,1,0,V0,all,0.05,L2-A,moderate,R1,2,E3_05742_V1
1,0.05,0.0164485362695147,5000,5000,5000,251,225,0.000270712395482498,0.00995010719338095,-0.000143410128047708,0.00989166944302863,0.000414122523530206,0.0417423031268212,1,1,0.05,0.05,0,0,0,0,1,1.5,0,0,1.5,10,10,1,2,0,105781,42,0.01,Gaussian (discarded tail <= 1e-12) / Gaussian (discarded tail <= 1e-12),5781,4,1,10000,1,1,1,1,0,0.0502,0.045,0.0502,0.045,0.05,0.05,0.0444853421500697,0.0566052825197037,0.0395948274633155,0.0511037813066865,0.0444853421500697,0.0566052825197037,0.0395948274633155,0.0511037813066865,0.999232298054943,1,0.999232298054943,1,1,0,V0,all,0.05,L2-A,severe,R0,2,E3_05781_V1
1,0.05,0.0232617430735335,5000,5000,5000,256,266,0.000127115339451902,0.0144024520383643,-0.0001071832817433,0.0140753469151933,0.000234298621195202,0.0164537411719947,1,1,0.05,0.05,0,0,0,0,1,1.5,0,0,1.5,10,10,1,2,0,105782,42,0.014142135623731,Gaussian (discarded tail <= 1e-12) / Gaussian (discarded tail <= 1e-12),5782,4,2,10000,1,1,1,1,0,0.0512,0.0532,0.0512,0.0532,0.05,0.05,0.0454279633979573,0.057661125867926,0.0473151188916038,0.0597708995664993,0.0454279633979573,0.057661125867926,0.0473151188916038,0.0597708995664993,0.999232298054943,1,0.999232298054943,1,1,0,V0,all,0.05,L2-A,severe,R1,2,E3_05782_V1
1,0.05,0.0164485362695147,5000,5000,5000,255,1280,7.53044908076184e-05,0.0100113769869331,0.00981863520119405,0.00988271876436157,0.00974333071038643,0.979499353529129,1,1,0.05,0.259511022841444,0,0,0,0,1,1.5,10,0,1.5,10,10,1,2,0,105901,42,0.01,Gaussian (discarded tail <= 1e-12) / Gaussian (discarded tail <= 1e-12),5901,4,1,10000,1,1,1,1,0,0.051,0.256,0.051,0.256,0.05,0.259511022841444,0.0452393871026712,0.0574500092439901,0.244093739499606,0.268280899049582,0.0452393871026712,0.0574500092439901,0.244093739499606,0.268280899049582,0.999232298054943,1,0.999232298054943,1,1,0,V0,all,0.05,L2-A,severe,R0,2,E3_05901_V1
1,0.05,0.0232617430735335,5000,5000,5000,235,881,-0.000124424803810871,0.0140407515000611,0.0101894301056711,0.014105231615577,0.010313854909482,0.73288098000375,1,1,0.05,0.174187261617932,0,0,0,0,1,1.5,10,0,1.5,10,10,1,2,0,105902,42,0.014142135623731,Gaussian (discarded tail <= 1e-12) / Gaussian (discarded tail <= 1e-12),5902,4,2,10000,1,1,1,1,0,0.047,0.1762,0.047,0.1762,0.05,0.174187261617932,0.0414734961677938,0.053222041794428,0.165889393317769,0.18700777046185,0.0414734961677938,0.053222041794428,0.165889393317769,0.18700777046185,0.999232298054943,1,0.999232298054943,1,1,0,V0,all,0.05,L2-A,severe,R1,2,E3_05902_V1
1,0.05,0.0164485362695147,5000,5000,5000,240,4559,0.000146309070678639,0.00987644332521993,0.0298016232230421,0.00982969717763819,0.0296553141523635,3.0097451818089,1,1,0.05,0.912314536750297,0,0,0,0,1,1.5,30,0,1.5,10,10,1,2,0,105981,42,0.01,Gaussian (discarded tail <= 1e-12) / Gaussian (discarded tail <= 1e-12),5981,4,1,10000,1,1,1,1,0,0.048,0.9118,0.048,0.9118,0.05,0.912314536750297,0.042413931418708,0.0542800711396237,0.903620075107967,0.919347645570084,0.042413931418708,0.0542800711396237,0.903620075107967,0.919347645570084,0.999232298054943,1,0.999232298054943,1,1,0,V0,all,0.05,L2-A,severe,R0,2,E3_05981_V1
1,0.05,0.0232617430735335,5000,5000,5000,243,3424,-0.000146590283331447,0.0140763085843814,0.030107495944041,0.0142450582437535,0.0302540862273724,2.1364469715974,1,1,0.05,0.683129043080008,0,0,0,0,1,1.5,30,0,1.5,10,10,1,2,0,105982,42,0.014142135623731,Gaussian (discarded tail <= 1e-12) / Gaussian (discarded tail <= 1e-12),5982,4,2,10000,1,1,1,1,0,0.0486,0.6848,0.0486,0.6848,0.05,0.683129043080008,0.0429785323075291,0.0549145490084684,0.671784597933247,0.69753165942786,0.0429785323075291,0.0549145490084684,0.671784597933247,0.69753165942786,0.999232298054943,1,0.999232298054943,1,1,0,V0,all,0.05,L2-A,severe,R1,2,E3_05982_V1
1,0.05,0.0219313816926863,5000,5000,5000,241,241,-0.000291801304152597,0.0135621029429733,8.5524136686203e-05,0.0132906497729816,0.0003773254408388,0.0281018610415726,1,1,0.05,0.05,0,0,0,0,1,1.5,0,30,1.73205080756888,10,13.3333333333333,1.33333333333333,2,0,106501,42,0.0133333333333333,Gaussian (discarded tail <= 1e-12) / Gaussian (discarded tail <= 1e-12),6501,4,1,10000,1,1,1,1,0,0.0482,0.0482,0.0482,0.0482,0.05,0.05,0.0426021037376601,0.0544915917398936,0.0426021037376601,0.0544915917398936,0.0426021037376601,0.0544915917398936,0.0426021037376601,0.0544915917398936,0.999232298054943,1,0.999232298054943,1,1,0,V0,all,0.05,L2-A,severe,R0,2,E3_06501_V1
1,0.05,0.031015657431378,5000,5000,5000,260,270,0.000149065486520248,0.0187170001910651,0.000288658896702979,0.0190154967953502,0.000139593410182731,0.00739887648771827,1,1,0.05,0.05,0,0,0,0,1,1.5,0,30,1.73205080756888,10,13.3333333333333,1.33333333333333,2,0,106502,42,0.0188561808316413,Gaussian (discarded tail <= 1e-12) / Gaussian (discarded tail <= 1e-12),6502,4,2,10000,1,1,1,1,0,0.052,0.054,0.052,0.054,0.05,0.05,0.0461825245236588,0.0585053364191124,0.0480706711782013,0.0606141189567897,0.0461825245236588,0.0585053364191124,0.0480706711782013,0.0606141189567897,0.999232298054943,1,0.999232298054943,1,1,0,V0,all,0.05,L2-A,severe,R1,2,E3_06502_V1
1,0.05,0.0219313816926863,5000,5000,5000,237,1049,-0.000286803332677469,0.0134856424467585,0.0114251517679246,0.0131570514797325,0.011711955100602,0.879120143594291,1,1,0.05,0.218040454969026,0,0,0,0,1,1.5,10,30,1.73205080756888,10,13.3333333333333,1.33333333333333,2,0,106621,42,0.0133333333333333,Gaussian (discarded tail <= 1e-12) / Gaussian (discarded tail <= 1e-12),6621,4,1,10000,1,1,1,1,0,0.0474,0.2098,0.0474,0.2098,0.05,0.218040454969026,0.0418495843205747,0.053645339480091,0.198739068628475,0.221306505580436,0.0418495843205747,0.053645339480091,0.198739068628475,0.221306505580436,0.999232298054943,1,0.999232298054943,1,1,0,V0,all,0.05,L2-A,severe,R0,2,E3_06621_V1
1,0.05,0.031015657431378,5000,5000,5000,285,768,0.00055328267555429,0.0189867529470925,0.0120800059292436,0.0185846887869392,0.0115267232536893,0.613554485421184,1,1,0.05,0.150923377172557,0,0,0,0,1,1.5,10,30,1.73205080756888,10,13.3333333333333,1.33333333333333,2,0,106622,42,0.0188561808316413,Gaussian (discarded tail <= 1e-12) / Gaussian (discarded tail <= 1e-12),6622,4,2,10000,1,1,1,1,0,0.057,0.1536,0.057,0.1536,0.05,0.150923377172557,0.0509073312952628,0.0637728526280579,0.143872064970305,0.163859798937231,0.0509073312952628,0.0637728526280579,0.143872064970305,0.163859798937231,0.999232298054943,1,0.999232298054943,1,1,0,V0,all,0.05,L2-A,severe,R1,2,E3_06622_V1
1,0.05,0.0219313816926863,5000,5000,5000,274,4175,0.000240064856571716,0.0134694363473724,0.0346223021510438,0.0132189438620847,0.0343822372944721,2.57645632256639,1,1,0.05,0.82976134706052,0,0,0,0,1,1.5,30,30,1.73205080756888,10,13.3333333333333,1.33333333333333,2,0,106701,42,0.0133333333333333,Gaussian (discarded tail <= 1e-12) / Gaussian (discarded tail <= 1e-12),6701,4,1,10000,1,1,1,1,0,0.0548,0.835,0.0548,0.835,0.05,0.82976134706052,0.0488266054430001,0.0614569563688788,0.824455143866406,0.845030495830406,0.0488266054430001,0.0614569563688788,0.824455143866406,0.845030495830406,0.999232298054943,1,0.999232298054943,1,1,0,V0,all,0.05,L2-A,severe,R0,2,E3_06701_V1
1,0.05,0.031015657431378,5000,5000,5000,261,2926,6.29601496018961e-05,0.018663843470931,0.0351821915772686,0.0185701225189659,0.0351192314276667,1.88640233410648,1,1,0.05,0.576232166666475,0,0,0,0,1,1.5,30,30,1.73205080756888,10,13.3333333333333,1.33333333333333,2,0,106702,42,0.0188561808316413,Gaussian (discarded tail <= 1e-12) / Gaussian (discarded tail <= 1e-12),6702,4,2,10000,1,1,1,1,0,0.0522,0.5852,0.0522,0.5852,0.05,0.576232166666475,0.0463712280942276,0.0587163257677656,0.571483328652344,0.598785854936218,0.0463712280942276,0.0587163257677656,0.571483328652344,0.598785854936218,0.999232298054943,1,0.999232298054943,1,1,0,V0,all,0.05,L2-A,severe,R1,2,E3_06702_V1
1,0.05,0.140612486309779,5000,5000,5000,218,230,-0.00229462821966282,0.0856333816610726,-0.000407963630290177,0.0840176529792201,0.00188666458937265,0.0222407017521812,1,1,0.05,0.05,0,0,0,0,1,1.5,0,70,4.38570660024463,10,85.4863217041303,8.54863217041303,2,0,107461,42,0.0854863217041303,Gaussian (discarded tail <= 1e-12) / Gaussian (discarded tail <= 1e-12),7461,4,1,10000,1,1,1,1,0,0.0436,0.046,0.0436,0.046,0.05,0.05,0.038281587437894,0.0496191708975542,0.0405337873353779,0.052163286030734,0.038281587437894,0.0496191708975542,0.0405337873353779,0.052163286030734,0.999232298054943,1,0.999232298054943,1,1,0,V0,all,0.05,L2-A,severe,R0,2,E3_07461_V1
1,0.05,0.198856085178291,5000,5000,5000,246,235,0.00162554637629899,0.121116028783752,-0.000545098934378756,0.121145571822392,0.00217064531067774,0.0179198460598532,1,1,0.05,0.05,0,0,0,0,1,1.5,0,70,4.38570660024463,10,85.4863217041303,8.54863217041303,2,0,107462,42,0.120895915551371,Gaussian (discarded tail <= 1e-12) / Gaussian (discarded tail <= 1e-12),7462,4,2,10000,1,1,1,1,0,0.0492,0.047,0.0492,0.047,0.05,0.05,0.0435433825554971,0.0555487775181664,0.0414734961677938,0.053222041794428,0.0435433825554971,0.0555487775181664,0.0414734961677938,0.053222041794428,0.999232298054943,1,0.999232298054943,1,1,0,V0,all,0.05,L2-A,severe,R1,2,E3_07462_V1
1,0.05,0.140612486309779,5000,5000,5000,241,482,-0.00124023166490231,0.0856376727914481,0.0292120461449037,0.0848393201173709,0.030452277809806,0.357255760693238,1,1,0.05,0.0963158083426606,0,0,0,0,1,1.5,10,70,4.38570660024463,10,85.4863217041303,8.54863217041303,2,0,107581,42,0.0854863217041303,Gaussian (discarded tail <= 1e-12) / Gaussian (discarded tail <= 1e-12),7581,4,1,10000,1,1,1,1,0,0.0482,0.0964,0.0482,0.0964,0.05,0.0963158083426606,0.0426021037376601,0.0544915917398936,0.0885264315462735,0.104893257463777,0.0426021037376601,0.0544915917398936,0.0885264315462735,0.104893257463777,0.999232298054943,1,0.999232298054943,1,1,0,V0,all,0.05,L2-A,severe,R0,2,E3_07581_V1
1,0.05,0.198856085178291,5000,5000,5000,259,398,0.00292127560738591,0.121080626780475,0.0297614271123282,0.119194861204034,0.0268401515049423,0.223404602256667,1,1,0.05,0.0803070978194832,0,0,0,0,1,1.5,10,70,4.38570660024463,10,85.4863217041303,8.54863217041303,2,0,107582,42,0.120895915551371,Gaussian (discarded tail <= 1e-12) / Gaussian (discarded tail <= 1e-12),7582,4,2,10000,1,1,1,1,0,0.0518,0.0796,0.0518,0.0796,0.05,0.0803070978194832,0.045993846130679,0.0582943218928702,0.0724161478096428,0.0874293359857613,0.045993846130679,0.0582943218928702,0.0724161478096428,0.0874293359857613,0.999232298054943,1,0.999232298054943,1,1,0,V0,all,0.05,L2-A,severe,R1,2,E3_07582_V1
1,0.05,0.140612486309779,5000,5000,5000,259,1344,-0.000113370454512644,0.0866048374643457,0.0885084885959398,0.084329589065819,0.0886218590504524,1.03681875177042,1,1,0.05,0.268026302227982,0,0,0,0,1,1.5,30,70,4.38570660024463,10,85.4863217041303,8.54863217041303,2,0,107661,42,0.0854863217041303,Gaussian (discarded tail <= 1e-12) / Gaussian (discarded tail <= 1e-12),7661,4,1,10000,1,1,1,1,0,0.0518,0.2688,0.0518,0.2688,0.05,0.268026302227982,0.045993846130679,0.0582943218928702,0.256692514868749,0.281262470510645,0.045993846130679,0.0582943218928702,0.256692514868749,0.281262470510645,0.999232298054943,1,0.999232298054943,1,1,0,V0,all,0.05,L2-A,severe,R0,2,E3_07661_V1
1,0.05,0.198856085178291,5000,5000,5000,255,943,0.0013077974569498,0.120968378429405,0.0892210076073639,0.121530083008317,0.0879132101504141,0.72506005842372,1,1,0.05,0.17896428269012,0,0,0,0,1,1.5,30,70,4.38570660024463,10,85.4863217041303,8.54863217041303,2,0,107662,42,0.120895915551371,Gaussian (discarded tail <= 1e-12) / Gaussian (discarded tail <= 1e-12),7662,4,2,10000,1,1,1,1,0,0.051,0.1886,0.051,0.1886,0.05,0.17896428269012,0.0452393871026712,0.0574500092439901,0.177997539882628,0.199680584888754,0.0452393871026712,0.0574500092439901,0.177997539882628,0.199680584888754,0.999232298054943,1,0.999232298054943,1,1,0,V0,all,0.05,L2-A,severe,R1,2,E3_07662_V1
1,0.05,0.0164485362695147,5000,5000,5000,257,230,-9.28746707915979e-05,0.0100274903684436,-5.95372059606247e-05,0.00990008318309785,3.33374648309732e-05,0.00334579454923446,1,1,0.05,0.05,0,0,0,0,1,1.5,0,0,1.5,10,10,1,0,0.5,107701,42,0.01,Gaussian (discarded tail <= 1e-12) / Gaussian (discarded tail <= 1e-12),7701,5,1,10000,1,1,1,1,0,0.0514,0.046,0.0514,0.046,0.05,0.05,0.0456165654284363,0.057872216756669,0.0405337873353779,0.052163286030734,0.0456165654284363,0.057872216756669,0.0405337873353779,0.052163286030734,0.999232298054943,1,0.999232298054943,1,1,0,V0,all,0.05,L2-B,mild,R0,2,E3_07701_V1
1,0.05,0.0232617430735335,5000,5000,5000,240,229,-0.000148602565933914,0.0139883615655985,-5.23722838048743e-05,0.0140657409164647,9.623028212904e-05,0.00686030972786966,1,1,0.05,0.05,0,0,0,0,1,1.5,0,0,1.5,10,10,1,0,0.5,107702,42,0.014142135623731,Gaussian (discarded tail <= 1e-12) / Gaussian (discarded tail <= 1e-12),7702,5,2,10000,1,1,1,1,0,0.048,0.0458,0.048,0.0458,0.05,0.05,0.042413931418708,0.0542800711396237,0.0403459347014957,0.0519514457453942,0.042413931418708,0.0542800711396237,0.0403459347014957,0.0519514457453942,0.999232298054943,1,0.999232298054943,1,1,0,V0,all,0.05,L2-B,mild,R1,2,E3_07702_V1
1,0.05,0.0164485362695147,5000,5000,5000,258,1279,-0.000119405576166962,0.0098681188311737,0.00992025413885664,0.0102071623668882,0.0100396597150236,1.00005854373697,1,1,0.05,0.259511022841444,0,0,0,0,1,1.5,10,0,1.5,10,10,1,0,0.5,107821,42,0.01,Gaussian (discarded tail <= 1e-12) / Gaussian (discarded tail <= 1e-12),7821,5,1,10000,1,1,1,1,0,0.0516,0.2558,0.0516,0.2558,0.05,0.259511022841444,0.0458051930526966,0.0580832820516306,0.243896990157049,0.268077955472917,0.0458051930526966,0.0580832820516306,0.243896990157049,0.268077955472917,0.999232298054943,1,0.999232298054943,1,1,0,V0,all,0.05,L2-B,mild,R0,2,E3_07821_V1
1,0.05,0.0232617430735335,5000,5000,5000,257,858,0.000140312493371072,0.014144455305451,0.0100356766116849,0.0141805220133516,0.00989536411831388,0.698701784300066,1,1,0.05,0.174187261617932,0,0,0,0,1,1.5,10,0,1.5,10,10,1,0,0.5,107822,42,0.014142135623731,Gaussian (discarded tail <= 1e-12) / Gaussian (discarded tail <= 1e-12),7822,5,2,10000,1,1,1,1,0,0.0514,0.1716,0.0514,0.1716,0.05,0.174187261617932,0.0456165654284363,0.057872216756669,0.161402470573186,0.182301756064327,0.0456165654284363,0.057872216756669,0.161402470573186,0.182301756064327,0.999232298054943,1,0.999232298054943,1,1,0,V0,all,0.05,L2-B,mild,R1,2,E3_07822_V1
1,0.05,0.0164485362695147,5000,5000,5000,263,4573,0.000234773137577429,0.0100974319170012,0.0299378831795614,0.00996590820971549,0.029703110041984,2.96087008946225,1,1,0.05,0.912314536750297,0,0,0,0,1,1.5,30,0,1.5,10,10,1,0,0.5,107901,42,0.01,Gaussian (discarded tail <= 1e-12) / Gaussian (discarded tail <= 1e-12),7901,5,1,10000,1,1,1,1,0,0.0526,0.9146,0.0526,0.9146,0.05,0.912314536750297,0.0467487102249782,0.0591382294754589,0.906531608772836,0.922031812774322,0.0467487102249782,0.0591382294754589,0.906531608772836,0.922031812774322,0.999232298054943,1,0.999232298054943,1,1,0,V0,all,0.05,L2-B,mild,R0,2,E3_07901_V1
1,0.05,0.0232617430735335,5000,5000,5000,234,3423,-3.2686264385668e-05,0.0139297317446804,0.0299828059557908,0.0140746662820793,0.0300154922201765,2.14359831748008,1,1,0.05,0.683129043080008,0,0,0,0,1,1.5,30,0,1.5,10,10,1,0,0.5,107902,42,0.014142135623731,Gaussian (discarded tail <= 1e-12) / Gaussian (discarded tail <= 1e-12),7902,5,2,10000,1,1,1,1,0,0.0468,0.6846,0.0468,0.6846,0.05,0.683129043080008,0.0412854955836611,0.0530103494593387,0.671582550467789,0.697334013974096,0.0412854955836611,0.0530103494593387,0.671582550467789,0.697334013974096,0.999232298054943,1,0.999232298054943,1,1,0,V0,all,0.05,L2-B,mild,R1,2,E3_07902_V1
1,0.05,0.0171138444040539,5000,5000,5000,249,224,2.76105311498775e-06,0.0103228007968095,-1.65749024901862e-05,0.0102355056761895,1.9335955605174e-05,0.00188106752036776,1,1,0.05,0.05,0,0,0,0,1,1.5,0,30,1.73205080756888,10,10.4044786257195,1.04044786257195,0,0.5,108421,42,0.0104044786257195,Gaussian (discarded tail <= 1e-12) / Gaussian (discarded tail <= 1e-12),8421,5,1,10000,1,1,1,1,0,0.0498,0.0448,0.0498,0.0448,0.05,0.05,0.0441084778641927,0.0561827609671367,0.0394071274343464,0.0508917884164337,0.0441084778641927,0.0561827609671367,0.0394071274343464,0.0508917884164337,0.999232298054943,1,0.999232298054943,1,1,0,V0,all,0.05,L2-B,mild,R0,2,E3_08421_V1
1,0.05,0.0242026308605559,5000,5000,5000,269,257,0.00015503554586717,0.0149129529114427,8.65528969267939e-05,0.0149661036031832,6.84826489403759e-05,0.004583982801176,1,1,0.05,0.05,0,0,0,0,1,1.5,0,30,1.73205080756888,10,10.4044786257195,1.04044786257195,0,0.5,108422,42,0.0147141547819136,Gaussian (discarded tail <= 1e-12) / Gaussian (discarded tail <= 1e-12),8422,5,2,10000,1,1,1,1,0,0.0538,0.0514,0.0538,0.0514,0.05,0.05,0.0478817469838921,0.0604033502318769,0.0456165654284363,0.057872216756669,0.0478817469838921,0.0604033502318769,0.0456165654284363,0.057872216756669,0.999232298054943,1,0.999232298054943,1,1,0,V0,all,0.05,L2-B,mild,R1,2,E3_08422_V1
1,0.05,0.0171138444040539,5000,5000,5000,253,1447,-4.20760774614489e-05,0.0104877787660754,0.0114707819574338,0.0103189681733977,0.0115128580348953,1.10661019428157,1,1,0.05,0.296310209180631,0,0,0,0,1,1.5,10,30,1.73205080756888,10,10.4044786257195,1.04044786257195,0,0.5,108541,42,0.0104044786257195,Gaussian (discarded tail <= 1e-12) / Gaussian (discarded tail <= 1e-12),8541,5,1,10000,1,1,1,1,0,0.0506,0.2894,0.0506,0.2894,0.05,0.296310209180631,0.0448623122901981,0.0570276982180192,0.276995762503506,0.302127593555753,0.0448623122901981,0.0570276982180192,0.276995762503506,0.302127593555753,0.999232298054943,1,0.999232298054943,1,1,0,V0,all,0.05,L2-B,mild,R0,2,E3_08541_V1
1,0.05,0.0242026308605559,5000,5000,5000,249,962,-0.000105019822415138,0.014963648326493,0.0113927339502599,0.0148448218996469,0.011497753772675,0.771435926237584,1,1,0.05,0.194867317438658,0,0,0,0,1,1.5,10,30,1.73205080756888,10,10.4044786257195,1.04044786257195,0,0.5,108542,42,0.0147141547819136,Gaussian (discarded tail <= 1e-12) / Gaussian (discarded tail <= 1e-12),8542,5,2,10000,1,1,1,1,0,0.0498,0.1924,0.0498,0.1924,0.05,0.194867317438658,0.0441084778641927,0.0561827609671367,0.181711722369603,0.203560567866996,0.0441084778641927,0.0561827609671367,0.181711722369603,0.203560567866996,0.999232298054943,1,0.999232298054943,1,1,0,V0,all,0.05,L2-B,mild,R1,2,E3_08542_V1
1,0.05,0.0171138444040539,5000,5000,5000,218,4754,4.79916161330029e-05,0.0103109890790593,0.0347271429099206,0.0105430093742781,0.0346791512937876,3.32569364721958,1,1,0.05,0.953965138583122,0,0,0,0,1,1.5,30,30,1.73205080756888,10,10.4044786257195,1.04044786257195,0,0.5,108621,42,0.0104044786257195,Gaussian (discarded tail <= 1e-12) / Gaussian (discarded tail <= 1e-12),8621,5,1,10000,1,1,1,1,0,0.0436,0.9508,0.0436,0.9508,0.05,0.953965138583122,0.038281587437894,0.0496191708975542,0.944451222481834,0.956456617444503,0.038281587437894,0.0496191708975542,0.944451222481834,0.956456617444503,0.999232298054943,1,0.999232298054943,1,1,0,V0,all,0.05,L2-B,mild,R0,2,E3_08621_V1
1,0.05,0.0242026308605559,5000,5000,5000,240,3806,-0.000303153109323933,0.0147301609474117,0.0345839053452623,0.0145235905877985,0.0348870584545862,2.38507452074989,1,1,0.05,0.760965311075596,0,0,0,0,1,1.5,30,30,1.73205080756888,10,10.4044786257195,1.04044786257195,0,0.5,108622,42,0.0147141547819136,Gaussian (discarded tail <= 1e-12) / Gaussian (discarded tail <= 1e-12),8622,5,2,10000,1,1,1,1,0,0.048,0.7612,0.048,0.7612,0.05,0.760965311075596,0.042413931418708,0.0542800711396237,0.749184701897464,0.772814250606438,0.042413931418708,0.0542800711396237,0.749184701897464,0.772814250606438,0.999232298054943,1,0.999232298054943,1,1,0,V0,all,0.05,L2-B,mild,R1,2,E3_08622_V1
1,0.05,0.0272324711785798,5000,5000,5000,264,246,0.000597152467609987,0.0164254985193487,0.000164795462508498,0.0168151427483012,0.000432357005101489,0.0260119713698735,1,1,0.05,0.05,0,0,0,0,1,1.5,0,70,4.38570660024463,10,16.556166902858,1.6556166902858,0,0.5,109381,42,0.016556166902858,Gaussian (discarded tail <= 1e-12) / Gaussian (discarded tail <= 1e-12),9381,5,1,10000,1,1,1,1,0,0.0528,0.0492,0.0528,0.0492,0.05,0.05,0.0469374885167706,0.0593491441028885,0.0435433825554971,0.0555487775181664,0.0469374885167706,0.0593491441028885,0.0435433825554971,0.0555487775181664,0.999232298054943,1,0.999232298054943,1,1,0,V0,all,0.05,L2-B,mild,R0,2,E3_09381_V1
1,0.05,0.038512530077682,5000,5000,5000,258,255,-0.000211413058508786,0.023576501362116,9.05022920237975e-05,0.0237219455600104,0.000301915350532584,0.0127663355886376,1,1,0.05,0.05,0,0,0,0,1,1.5,0,70,4.38570660024463,10,16.556166902858,1.6556166902858,0,0.5,109382,42,0.0234139557749343,Gaussian (discarded tail <= 1e-12) / Gaussian (discarded tail <= 1e-12),9382,5,2,10000,1,1,1,1,0,0.0516,0.051,0.0516,0.051,0.05,0.05,0.0458051930526966,0.0580832820516306,0.0452393871026712,0.0574500092439901,0.0458051930526966,0.0580832820516306,0.0452393871026712,0.0574500092439901,0.999232298054943,1,0.999232298054943,1,1,0,V0,all,0.05,L2-B,mild,R1,2,E3_09382_V1
1,0.05,0.0272324711785798,5000,5000,5000,258,2762,0.000175412411914437,0.0167020078570301,0.0293950871337772,0.0167712915589897,0.0292196747218628,1.74584595131243,1,1,0.05,0.548208940120473,0,0,0,0,1,1.5,10,70,4.38570660024463,10,16.556166902858,1.6556166902858,0,0.5,109501,42,0.016556166902858,Gaussian (discarded tail <= 1e-12) / Gaussian (discarded tail <= 1e-12),9501,5,1,10000,1,1,1,1,0,0.0516,0.5524,0.0516,0.5524,0.05,0.548208940120473,0.0458051930526966,0.0580832820516306,0.538582284285986,0.566137260550172,0.0458051930526966,0.0580832820516306,0.538582284285986,0.566137260550172,0.999232298054943,1,0.999232298054943,1,1,0,V0,all,0.05,L2-B,mild,R0,2,E3_09501_V1
1,0.05,0.038512530077682,5000,5000,5000,229,1704,-0.000744965394516543,0.0233952277618852,0.0291035307488628,0.0235768532111558,0.0298484961433794,1.27089421602379,1,1,0.05,0.346012191933926,0,0,0,0,1,1.5,10,70,4.38570660024463,10,16.556166902858,1.6556166902858,0,0.5,109502,42,0.0234139557749343,Gaussian (discarded tail <= 1e-12) / Gaussian (discarded tail <= 1e-12),9502,5,2,10000,1,1,1,1,0,0.0458,0.3408,0.0458,0.3408,0.05,0.346012191933926,0.0403459347014957,0.0519514457453942,0.327788928610638,0.354055507688669,0.0403459347014957,0.0519514457453942,0.327788928610638,0.354055507688669,0.999232298054943,1,0.999232298054943,1,1,0,V0,all,0.05,L2-B,mild,R1,2,E3_09502_V1
1,0.05,0.0272324711785798,5000,5000,5000,246,5000,0.000152504421479808,0.0166295900617578,0.0874812099533183,0.0166819723516771,0.0873287055318385,5.24314029329962,1,1,0.05,0.999870463349471,0,0,0,0,1,1.5,30,70,4.38570660024463,10,16.556166902858,1.6556166902858,0,0.5,109581,42,0.016556166902858,Gaussian (discarded tail <= 1e-12) / Gaussian (discarded tail <= 1e-12),9581,5,1,10000,1,1,1,1,0,0.0492,1,0.0492,1,0.05,0.999870463349471,0.0435433825554971,0.0555487775181664,0.999232298054943,1,0.0435433825554971,0.0555487775181664,0.999232298054943,1,0.999232298054943,1,0.999232298054943,1,1,0,V0,all,0.05,L2-B,mild,R0,2,E3_09581_V1
1,0.05,0.038512530077682,5000,5000,5000,247,4914,0.000418288377734028,0.0232795781711461,0.0874623717372135,0.0232796204304135,0.0870440833594795,3.73907137467473,1,1,0.05,0.982196158085517,0,0,0,0,1,1.5,30,70,4.38570660024463,10,16.556166902858,1.6556166902858,0,0.5,109582,42,0.0234139557749343,Gaussian (discarded tail <= 1e-12) / Gaussian (discarded tail <= 1e-12),9582,5,2,10000,1,1,1,1,0,0.0494,0.9828,0.0494,0.9828,0.05,0.982196158085517,0.043731720637967,0.0557601323549184,0.978807926249299,0.986050780752554,0.043731720637967,0.0557601323549184,0.978807926249299,0.986050780752554,0.999232298054943,1,0.999232298054943,1,1,0,V0,all,0.05,L2-B,mild,R1,2,E3_09582_V1
1,0.05,0.0164485362695147,5000,5000,5000,232,266,-8.78779342886465e-05,0.0098281290446333,0.000309005969220374,0.00999482963643799,0.00039688390350902,0.040041436496202,1,1,0.05,0.05,0,0,0,0,1,1.5,0,0,1.5,10,10,1,0,1,109621,42,0.01,Gaussian (discarded tail <= 1e-12) / Gaussian (discarded tail <= 1e-12),9621,6,1,10000,1,1,1,1,0,0.0464,0.0532,0.0464,0.0532,0.05,0.05,0.0409095822823139,0.0525868769222419,0.0473151188916038,0.0597708995664993,0.0409095822823139,0.0525868769222419,0.0473151188916038,0.0597708995664993,0.999232298054943,1,0.999232298054943,1,1,0,V0,all,0.05,L2-B,moderate,R0,2,E3_09621_V1
1,0.05,0.0232617430735335,5000,5000,5000,256,247,0.000100388155299158,0.0140881665191875,1.26829935458782e-05,0.0141679418632561,8.77051617532803e-05,0.00620784794703353,1,1,0.05,0.05,0,0,0,0,1,1.5,0,0,1.5,10,10,1,0,1,109622,42,0.014142135623731,Gaussian (discarded tail <= 1e-12) / Gaussian (discarded tail <= 1e-12),9622,6,2,10000,1,1,1,1,0,0.0512,0.0494,0.0512,0.0494,0.05,0.05,0.0454279633979573,0.057661125867926,0.043731720637967,0.0557601323549184,0.0454279633979573,0.057661125867926,0.043731720637967,0.0557601323549184,0.999232298054943,1,0.999232298054943,1,1,0,V0,all,0.05,L2-B,moderate,R1,2,E3_09622_V1
1,0.05,0.0164485362695147,5000,5000,5000,246,1280,7.39894112023124e-05,0.00997863119978711,0.00998160010683364,0.00994204654827902,0.00990761069563133,0.994704508834077,1,1,0.05,0.259511022841444,0,0,0,0,1,1.5,10,0,1.5,10,10,1,0,1,109741,42,0.01,Gaussian (discarded tail <= 1e-12) / Gaussian (discarded tail <= 1e-12),9741,6,1,10000,1,1,1,1,0,0.0492,0.256,0.0492,0.256,0.05,0.259511022841444,0.0435433825554971,0.0555487775181664,0.244093739499606,0.268280899049582,0.0435433825554971,0.0555487775181664,0.244093739499606,0.268280899049582,0.999232298054943,1,0.999232298054943,1,1,0,V0,all,0.05,L2-B,moderate,R0,2,E3_09741_V1
1,0.05,0.0232617430735335,5000,5000,5000,258,902,0.000187758579615581,0.014115545560457,0.0101350491812753,0.0141244499001359,0.00994729060165975,0.704482415449413,1,1,0.05,0.174187261617932,0,0,0,0,1,1.5,10,0,1.5,10,10,1,0,1,109742,42,0.014142135623731,Gaussian (discarded tail <= 1e-12) / Gaussian (discarded tail <= 1e-12),9742,6,2,10000,1,1,1,1,0,0.0516,0.1804,0.0516,0.1804,0.05,0.174187261617932,0.0458051930526966,0.0580832820516306,0.169988462295871,0.191302252787409,0.0458051930526966,0.0580832820516306,0.169988462295871,0.191302252787409,0.999232298054943,1,0.999232298054943,1,1,0,V0,all,0.05,L2-B,moderate,R1,2,E3_09742_V1
1,0.05,0.0164485362695147,5000,5000,5000,253,4608,0.00015374666363232,0.00998698255202557,0.0303643289064558,0.0100739575994797,0.0302105822428235,3.01185269340939,1,1,0.05,0.912314536750297,0,0,0,0,1,1.5,30,0,1.5,10,10,1,0,1,109821,42,0.01,Gaussian (discarded tail <= 1e-12) / Gaussian (discarded tail <= 1e-12),9821,6,1,10000,1,1,1,1,0,0.0506,0.9216,0.0506,0.9216,0.05,0.912314536750297,0.0448623122901981,0.0570276982180192,0.913821548851356,0.928731124868572,0.0448623122901981,0.0570276982180192,0.913821548851356,0.928731124868572,0.999232298054943,1,0.999232298054943,1,1,0,V0,all,0.05,L2-B,moderate,R0,2,E3_09821_V1
1,0.05,0.0232617430735335,5000,5000,5000,258,3362,2.54231415278952e-05,0.0143194404096796,0.0296911841074102,0.014129036853239,0.0296657609658824,2.08553141676472,1,1,0.05,0.683129043080008,0,0,0,0,1,1.5,30,0,1.5,10,10,1,0,1,109822,42,0.014142135623731,Gaussian (discarded tail <= 1e-12) / Gaussian (discarded tail <= 1e-12),9822,6,2,10000,1,1,1,1,0,0.0516,0.6724,0.0516,0.6724,0.05,0.683129043080008,0.0458051930526966,0.0580832820516306,0.659262820223304,0.68527247614604,0.0458051930526966,0.0580832820516306,0.659262820223304,0.68527247614604,0.999232298054943,1,0.999232298054943,1,1,0,V0,all,0.05,L2-B,moderate,R1,2,E3_09822_V1
1,0.05,0.0178060628305868,5000,5000,5000,251,254,0.000146876803161488,0.0108902594248757,-8.46923375980444e-05,0.010694569069542,0.000231569140759532,0.0214557761786893,1,1,0.05,0.05,0,0,0,0,1,1.5,0,30,1.73205080756888,10,10.8253175473055,1.08253175473055,0,1,110341,42,0.0108253175473055,Gaussian (discarded tail <= 1e-12) / Gaussian (discarded tail <= 1e-12),10341,6,1,10000,1,1,1,1,0,0.0502,0.0508,0.0502,0.0508,0.05,0.05,0.0444853421500697,0.0566052825197037,0.0450508366853607,0.0572388667420786,0.0444853421500697,0.0566052825197037,0.0450508366853607,0.0572388667420786,0.999232298054943,1,0.999232298054943,1,1,0,V0,all,0.05,L2-B,moderate,R0,2,E3_10341_V1
1,0.05,0.0251815755474834,5000,5000,5000,235,251,0.000423447284538809,0.014949212604322,0.000133993935508303,0.0153355036585822,0.000289453349030506,0.0191139188920622,1,1,0.05,0.05,0,0,0,0,1,1.5,0,30,1.73205080756888,10,10.8253175473055,1.08253175473055,0,1,110342,42,0.0153093108923949,Gaussian (discarded tail <= 1e-12) / Gaussian (discarded tail <= 1e-12),10342,6,2,10000,1,1,1,1,0,0.047,0.0502,0.047,0.0502,0.05,0.05,0.0414734961677938,0.053222041794428,0.0444853421500697,0.0566052825197037,0.0414734961677938,0.053222041794428,0.0444853421500697,0.0566052825197037,0.999232298054943,1,0.999232298054943,1,1,0,V0,all,0.05,L2-B,moderate,R1,2,E3_10342_V1
1,0.05,0.0178060628305868,5000,5000,5000,280,1403,0.000187304740420645,0.0110106023752761,0.0117300462080511,0.0107321537179655,0.0115427414676305,1.06166807852856,1,1,0.05,0.281568950726486,0,0,0,0,1,1.5,10,30,1.73205080756888,10,10.8253175473055,1.08253175473055,0,1,110461,42,0.0108253175473055,Gaussian (discarded tail <= 1e-12) / Gaussian (discarded tail <= 1e-12),10461,6,1,10000,1,1,1,1,0,0.056,0.2806,0.056,0.2806,0.05,0.281568950726486,0.0499612059948101,0.0627205133324006,0.268318555132173,0.293218312481318,0.0499612059948101,0.0627205133324006,0.268318555132173,0.293218312481318,0.999232298054943,1,0.999232298054943,1,1,0,V0,all,0.05,L2-B,moderate,R0,2,E3_10461_V1
1,0.05,0.0251815755474834,5000,5000,5000,266,926,0.000157804211093868,0.0153861443069183,0.0111981722581726,0.0153699118418333,0.0110403680470788,0.717931223432495,1,1,0.05,0.186570183969615,0,0,0,0,1,1.5,10,30,1.73205080756888,10,10.8253175473055,1.08253175473055,0,1,110462,42,0.0153093108923949,Gaussian (discarded tail <= 1e-12) / Gaussian (discarded tail <= 1e-12),10462,6,2,10000,1,1,1,1,0,0.0532,0.1852,0.0532,0.1852,0.05,0.186570183969615,0.0473151188916038,0.0597708995664993,0.1746757371213,0.196207608023308,0.0473151188916038,0.0597708995664993,0.1746757371213,0.196207608023308,0.999232298054943,1,0.999232298054943,1,1,0,V0,all,0.05,L2-B,moderate,R1,2,E3_10462_V1
1,0.05,0.0178060628305868,5000,5000,5000,255,4709,0.000218083684699343,0.0107740829617133,0.0346088488636077,0.0109178134303715,0.0343907651789084,3.17077028569589,1,1,0.05,0.940044393607293,0,0,0,0,1,1.5,30,30,1.73205080756888,10,10.8253175473055,1.08253175473055,0,1,110541,42,0.0108253175473055,Gaussian (discarded tail <= 1e-12) / Gaussian (discarded tail <= 1e-12),10541,6,1,10000,1,1,1,1,0,0.051,0.9418,0.051,0.9418,0.05,0.940044393607293,0.0452393871026712,0.0574500092439901,0.934965069183287,0.94795658937806,0.0452393871026712,0.0574500092439901,0.934965069183287,0.94795658937806,0.999232298054943,1,0.999232298054943,1,1,0,V0,all,0.05,L2-B,moderate,R0,2,E3_10541_V1
1,0.05,0.0251815755474834,5000,5000,5000,257,3683,-4.21467501795372e-05,0.0154069291916058,0.0346705418547545,0.0148661524321317,0.0347126886049341,2.29293812921558,1,1,0.05,0.731675439150158,0,0,0,0,1,1.5,30,30,1.73205080756888,10,10.8253175473055,1.08253175473055,0,1,110542,42,0.0153093108923949,Gaussian (discarded tail <= 1e-12) / Gaussian (discarded tail <= 1e-12),10542,6,2,10000,1,1,1,1,0,0.0514,0.7366,0.0514,0.7366,0.05,0.731675439150158,0.0456165654284363,0.057872216756669,0.724212508139092,0.748624215300507,0.0456165654284363,0.057872216756669,0.724212508139092,0.748624215300507,0.999232298054943,1,0.999232298054943,1,1,0,V0,all,0.05,L2-B,moderate,R1,2,E3_10542_V1
1,0.05,0.0450865338009837,5000,5000,5000,256,270,0.000341196011665854,0.0273936599478092,0.00047201183945863,0.0275848825531058,0.000130815827792776,0.0047587669873978,1,1,0.05,0.05,0,0,0,0,1,1.5,0,70,4.38570660024463,10,27.4106662515289,2.74106662515289,0,1,111301,42,0.0274106662515289,Gaussian (discarded tail <= 1e-12) / Gaussian (discarded tail <= 1e-12),11301,6,1,10000,1,1,1,1,0,0.0512,0.054,0.0512,0.054,0.05,0.05,0.0454279633979573,0.057661125867926,0.0480706711782013,0.0606141189567897,0.0454279633979573,0.057661125867926,0.0480706711782013,0.0606141189567897,0.999232298054943,1,0.999232298054943,1,1,0,V0,all,0.05,L2-B,moderate,R0,2,E3_11301_V1
1,0.05,0.0637619875817441,5000,5000,5000,260,245,0.000507899239094009,0.0383872853511856,-0.000859286200072795,0.0393778645002413,0.0013671854391668,0.0351590535431536,1,1,0.05,0.05,0,0,0,0,1,1.5,0,70,4.38570660024463,10,27.4106662515289,2.74106662515289,0,1,111302,42,0.0387645359665947,Gaussian (discarded tail <= 1e-12) / Gaussian (discarded tail <= 1e-12),11302,6,2,10000,1,1,1,1,0,0.052,0.049,0.052,0.049,0.05,0.05,0.0461825245236588,0.0585053364191124,0.0433550717009474,0.0553373954534942,0.0461825245236588,0.0585053364191124,0.0433550717009474,0.0553373954534942,0.999232298054943,1,0.999232298054943,1,1,0,V0,all,0.05,L2-B,moderate,R1,2,E3_11302_V1
1,0.05,0.0450865338009837,5000,5000,5000,252,1430,0.000104185963110554,0.0274366144613399,0.0292717181976128,0.0273242397122627,0.0291675322345023,1.06526719719607,1,1,0.05,0.281568950726478,0,0,0,0,1,1.5,10,70,4.38570660024463,10,27.4106662515289,2.74106662515289,0,1,111421,42,0.0274106662515289,Gaussian (discarded tail <= 1e-12) / Gaussian (discarded tail <= 1e-12),11421,6,1,10000,1,1,1,1,0,0.0504,0.286,0.0504,0.286,0.05,0.281568950726478,0.0446738140627647,0.0568165035262307,0.273642515234494,0.298686061197991,0.0446738140627647,0.0568165035262307,0.273642515234494,0.298686061197991,0.999232298054943,1,0.999232298054943,1,1,0,V0,all,0.05,L2-B,moderate,R0,2,E3_11421_V1
1,0.05,0.0637619875817441,5000,5000,5000,255,900,-6.07234974885081e-05,0.0388922331620064,0.0290279622334052,0.0386205494705602,0.0290886857308937,0.750547356582108,1,1,0.05,0.186570183969611,0,0,0,0,1,1.5,10,70,4.38570660024463,10,27.4106662515289,2.74106662515289,0,1,111422,42,0.0387645359665947,Gaussian (discarded tail <= 1e-12) / Gaussian (discarded tail <= 1e-12),11422,6,2,10000,1,1,1,1,0,0.051,0.18,0.051,0.18,0.05,0.186570183969611,0.0452393871026712,0.0574500092439901,0.169597981390976,0.190893347853861,0.0452393871026712,0.0574500092439901,0.169597981390976,0.190893347853861,0.999232298054943,1,0.999232298054943,1,1,0,V0,all,0.05,L2-B,moderate,R1,2,E3_11422_V1
1,0.05,0.0450865338009837,5000,5000,5000,252,4701,-2.82141418785592e-05,0.027439054980066,0.0871890235543629,0.0272707694301802,0.0872172376962415,3.18834235106855,1,1,0.05,0.940044393607293,0,0,0,0,1,1.5,30,70,4.38570660024463,10,27.4106662515289,2.74106662515289,0,1,111501,42,0.0274106662515289,Gaussian (discarded tail <= 1e-12) / Gaussian (discarded tail <= 1e-12),11501,6,1,10000,1,1,1,1,0,0.0504,0.9402,0.0504,0.9402,0.05,0.940044393607293,0.0446738140627647,0.0568165035262307,0.933283497843932,0.94644061736364,0.0446738140627647,0.0568165035262307,0.933283497843932,0.94644061736364,0.999232298054943,1,0.999232298054943,1,1,0,V0,all,0.05,L2-B,moderate,R0,2,E3_11501_V1
1,0.05,0.0637619875817441,5000,5000,5000,254,3667,0.000707781411036321,0.0385169674632786,0.0880674161287897,0.0387365432311793,0.0873596347177533,2.26162619836563,1,1,0.05,0.731675439150158,0,0,0,0,1,1.5,30,70,4.38570660024463,10,27.4106662515289,2.74106662515289,0,1,111502,42,0.0387645359665947,Gaussian (discarded tail <= 1e-12) / Gaussian (discarded tail <= 1e-12),11502,6,2,10000,1,1,1,1,0,0.0508,0.7334,0.0508,0.7334,0.05,0.731675439150158,0.0450508366853607,0.0572388667420786,0.720967794292263,0.745473842439784,0.0450508366853607,0.0572388667420786,0.720967794292263,0.745473842439784,0.999232298054943,1,0.999232298054943,1,1,0,V0,all,0.05,L2-B,moderate,R1,2,E3_11502_V1
1,0.05,0.0164485362695147,5000,5000,5000,258,273,1.202988736178e-05,0.0100447840889359,0.000309400486626663,0.0101370205295078,0.000297370599264884,0.0294688705278123,1,1,0.05,0.05,0,0,0,0,1,1.5,0,0,1.5,10,10,1,0,2,111541,42,0.01,Gaussian (discarded tail <= 1e-12) / Gaussian (discarded tail <= 1e-12),11541,7,1,10000,1,1,1,1,0,0.0516,0.0546,0.0516,0.0546,0.05,0.05,0.0458051930526966,0.0580832820516306,0.0486375864994605,0.0612462823931964,0.0458051930526966,0.0580832820516306,0.0486375864994605,0.0612462823931964,0.999232298054943,1,0.999232298054943,1,1,0,V0,all,0.05,L2-B,severe,R0,2,E3_11541_V1
1,0.05,0.0232617430735335,5000,5000,5000,245,283,-0.000162472757707126,0.014104222470279,6.24431059812654e-05,0.0143972925452741,0.000224915863688391,0.0157818960914656,1,1,0.05,0.05,0,0,0,0,1,1.5,0,0,1.5,10,10,1,0,2,111542,42,0.014142135623731,Gaussian (discarded tail <= 1e-12) / Gaussian (discarded tail <= 1e-12),11542,7,2,10000,1,1,1,1,0,0.049,0.0566,0.049,0.0566,0.05,0.05,0.0433550717009474,0.0553373954534942,0.0505288140312871,0.0633519840535895,0.0433550717009474,0.0553373954534942,0.0505288140312871,0.0633519840535895,0.999232298054943,1,0.999232298054943,1,1,0,V0,all,0.05,L2-B,severe,R1,2,E3_11542_V1
1,0.05,0.0164485362695147,5000,5000,5000,277,1335,3.04264298506129e-05,0.0101392521259058,0.00998552936657693,0.0101050427473104,0.00995510293672631,0.983495724164201,1,1,0.05,0.259511022841444,0,0,0,0,1,1.5,10,0,1.5,10,10,1,0,2,111661,42,0.01,Gaussian (discarded tail <= 1e-12) / Gaussian (discarded tail <= 1e-12),11661,7,1,10000,1,1,1,1,0,0.0554,0.267,0.0554,0.267,0.05,0.259511022841444,0.0493938020932845,0.0620888384762603,0.254920011984638,0.279437737121759,0.0493938020932845,0.0620888384762603,0.254920011984638,0.279437737121759,0.999232298054943,1,0.999232298054943,1,1,0,V0,all,0.05,L2-B,severe,R0,2,E3_11661_V1
1,0.05,0.0232617430735335,5000,5000,5000,254,840,0.000140137413552241,0.0139990811624339,0.00978770739096982,0.0140562506242636,0.00964756997741758,0.687751620307143,1,1,0.05,0.174187261617932,0,0,0,0,1,1.5,10,0,1.5,10,10,1,0,2,111662,42,0.014142135623731,Gaussian (discarded tail <= 1e-12) / Gaussian (discarded tail <= 1e-12),11662,7,2,10000,1,1,1,1,0,0.0508,0.168,0.0508,0.168,0.05,0.174187261617932,0.0450508366853607,0.0572388667420786,0.157892866170414,0.178616887921104,0.0450508366853607,0.0572388667420786,0.157892866170414,0.178616887921104,0.999232298054943,1,0.999232298054943,1,1,0,V0,all,0.05,L2-B,severe,R1,2,E3_11662_V1
1,0.05,0.0164485362695147,5000,5000,5000,264,4563,0.000147631124304512,0.0100318981205557,0.0301622441227761,0.0100999157177654,0.0300146129984716,2.9817920960573,1,1,0.05,0.912314536750297,0,0,0,0,1,1.5,30,0,1.5,10,10,1,0,2,111741,42,0.01,Gaussian (discarded tail <= 1e-12) / Gaussian (discarded tail <= 1e-12),11741,7,1,10000,1,1,1,1,0,0.0528,0.9126,0.0528,0.9126,0.05,0.912314536750297,0.0469374885167706,0.0593491441028885,0.9044516951132,0.920114797241739,0.0469374885167706,0.0593491441028885,0.9044516951132,0.920114797241739,0.999232298054943,1,0.999232298054943,1,1,0,V0,all,0.05,L2-B,severe,R0,2,E3_11741_V1
1,0.05,0.0232617430735335,5000,5000,5000,260,3429,9.07388714082882e-05,0.0139782391913181,0.0302713850411491,0.0140905248191162,0.0301806461697408,2.15046196339673,1,1,0.05,0.683129043080008,0,0,0,0,1,1.5,30,0,1.5,10,10,1,0,2,111742,42,0.014142135623731,Gaussian (discarded tail <= 1e-12) / Gaussian (discarded tail <= 1e-12),11742,7,2,10000,1,1,1,1,0,0.052,0.6858,0.052,0.6858,0.05,0.683129043080008,0.0461825245236588,0.0585053364191124,0.672794876693676,0.698519845263541,0.0461825245236588,0.0585053364191124,0.672794876693676,0.698519845263541,0.999232298054943,1,0.999232298054943,1,1,0,V0,all,0.05,L2-B,severe,R1,2,E3_11742_V1
1,0.05,0.0192756284408376,5000,5000,5000,242,230,-0.000191528369527989,0.01160603661836,-6.18463853844843e-05,0.0115531718288507,0.000129681984143505,0.0111991432333809,1,1,0.05,0.05,0,0,0,0,1,1.5,0,30,1.73205080756888,10,11.71875,1.171875,0,2,112261,42,0.01171875,Gaussian (discarded tail <= 1e-12) / Gaussian (discarded tail <= 1e-12),12261,7,1,10000,1,1,1,1,0,0.0484,0.046,0.0484,0.046,0.05,0.05,0.0427903040886361,0.0547030843081395,0.0405337873353779,0.052163286030734,0.0427903040886361,0.0547030843081395,0.0405337873353779,0.052163286030734,0.999232298054943,1,0.999232298054943,1,1,0,V0,all,0.05,L2-B,severe,R0,2,E3_12261_V1
1,0.05,0.0272598551642971,5000,5000,5000,255,250,0.000298338148628012,0.0167172776174906,0.000268284358904547,0.016551585795542,3.00537897234649e-05,0.00180669935286498,1,1,0.05,0.05,0,0,0,0,1,1.5,0,30,1.73205080756888,10,11.71875,1.171875,0,2,112262,42,0.0165728151840597,Gaussian (discarded tail <= 1e-12) / Gaussian (discarded tail <= 1e-12),12262,7,2,10000,1,1,1,1,0,0.051,0.05,0.051,0.05,0.05,0.05,0.0452393871026712,0.0574500092439901,0.0442968967005706,0.0563940350499809,0.0452393871026712,0.0574500092439901,0.0442968967005706,0.0563940350499809,0.999232298054943,1,0.999232298054943,1,1,0,V0,all,0.05,L2-B,severe,R1,2,E3_12262_V1
1,0.05,0.0192756284408376,5000,5000,5000,276,1239,2.1148406019287e-05,0.0118079914154077,0.0115649060144428,0.0117996850005004,0.0115437576084235,0.977966377587757,1,1,0.05,0.254784430549114,0,0,0,0,1,1.5,10,30,1.73205080756888,10,11.71875,1.171875,0,2,112381,42,0.01171875,Gaussian (discarded tail <= 1e-12) / Gaussian (discarded tail <= 1e-12),12381,7,1,10000,1,1,1,1,0,0.0552,0.2478,0.0552,0.2478,0.05,0.254784430549114,0.0492047133589802,0.0618782342913426,0.236029776692219,0.259957452168868,0.0492047133589802,0.0618782342913426,0.236029776692219,0.259957452168868,0.999232298054943,1,0.999232298054943,1,1,0,V0,all,0.05,L2-B,severe,R0,2,E3_12381_V1
1,0.05,0.0272598551642971,5000,5000,5000,249,870,-0.000106806668442052,0.0166466584062597,0.0114472722360652,0.0164855856566789,0.0115540789045072,0.697443997381582,1,1,0.05,0.171536760049185,0,0,0,0,1,1.5,10,30,1.73205080756888,10,11.71875,1.171875,0,2,112382,42,0.0165728151840597,Gaussian (discarded tail <= 1e-12) / Gaussian (discarded tail <= 1e-12),12382,7,2,10000,1,1,1,1,0,0.0498,0.174,0.0498,0.174,0.05,0.171536760049185,0.0441084778641927,0.0561827609671367,0.163743138502106,0.184757403166071,0.0441084778641927,0.0561827609671367,0.163743138502106,0.184757403166071,0.999232298054943,1,0.999232298054943,1,1,0,V0,all,0.05,L2-B,severe,R1,2,E3_12382_V1
1,0.05,0.0192756284408376,5000,5000,5000,287,4522,0.00013210255779519,0.012053198359135,0.0347643208877091,0.0116738902076774,0.0346322183299139,2.91884052688487,1,1,0.05,0.905101479148349,0,0,0,0,1,1.5,30,30,1.73205080756888,10,11.71875,1.171875,0,2,112461,42,0.01171875,Gaussian (discarded tail <= 1e-12) / Gaussian (discarded tail <= 1e-12),12461,7,1,10000,1,1,1,1,0,0.0574,0.9044,0.0574,0.9044,0.05,0.905101479148349,0.0512859370556652,0.0641936327060993,0.895936481411982,0.912242601254856,0.0512859370556652,0.0641936327060993,0.895936481411982,0.912242601254856,0.999232298054943,1,0.999232298054943,1,1,0,V0,all,0.05,L2-B,severe,R0,2,E3_12461_V1
1,0.05,0.0272598551642971,5000,5000,5000,243,3392,0.000139483636571725,0.0161872221751952,0.0349309913282845,0.0165233522249033,0.0347915076917128,2.12712076090329,1,1,0.05,0.671976558701974,0,0,0,0,1,1.5,30,30,1.73205080756888,10,11.71875,1.171875,0,2,112462,42,0.0165728151840597,Gaussian (discarded tail <= 1e-12) / Gaussian (discarded tail <= 1e-12),12462,7,2,10000,1,1,1,1,0,0.0486,0.6784,0.0486,0.6784,0.05,0.671976558701974,0.0429785323075291,0.0549145490084684,0.66532044054404,0.691205643401964,0.0429785323075291,0.0549145490084684,0.66532044054404,0.691205643401964,0.999232298054943,1,0.999232298054943,1,1,0,V0,all,0.05,L2-B,severe,R1,2,E3_12462_V1
1,0.05,0.123585193045704,5000,5000,5000,242,283,0.000745904216929213,0.0743487055312126,0.00266303516633458,0.0767030510285778,0.00191713094940536,0.0253806796697229,1,1,0.05,0.05,0,0,0,0,1,1.5,0,70,4.38570660024463,10,75.1344624352707,7.51344624352708,0,2,113221,42,0.0751344624352707,Gaussian (discarded tail <= 1e-12) / Gaussian (discarded tail <= 1e-12),13221,7,1,10000,1,1,1,1,0,0.0484,0.0566,0.0484,0.0566,0.05,0.05,0.0427903040886361,0.0547030843081395,0.0505288140312871,0.0633519840535895,0.0427903040886361,0.0547030843081395,0.0505288140312871,0.0633519840535895,0.999232298054943,1,0.999232298054943,1,1,0,V0,all,0.05,L2-B,severe,R0,2,E3_13221_V1
1,0.05,0.174775856113732,5000,5000,5000,241,243,-0.000401541545523529,0.105368951735516,-0.00147288792598782,0.107012656701646,0.00107134638046429,0.0100885787984933,1,1,0.05,0.05,0,0,0,0,1,1.5,0,70,4.38570660024463,10,75.1344624352707,7.51344624352708,0,2,113222,42,0.106256175777572,Gaussian (discarded tail <= 1e-12) / Gaussian (discarded tail <= 1e-12),13222,7,2,10000,1,1,1,1,0,0.0482,0.0486,0.0482,0.0486,0.05,0.05,0.0426021037376601,0.0544915917398936,0.0429785323075291,0.0549145490084684,0.0426021037376601,0.0544915917398936,0.0429785323075291,0.0549145490084684,0.999232298054943,1,0.999232298054943,1,1,0,V0,all,0.05,L2-B,severe,R1,2,E3_13222_V1
1,0.05,0.123585193045704,5000,5000,5000,256,523,-0.00105253178515892,0.0746222725104997,0.0287701208928968,0.0748080632913388,0.0298226526780557,0.399150941704033,1,1,0.05,0.104610437677789,0,0,0,0,1,1.5,10,70,4.38570660024463,10,75.1344624352707,7.51344624352708,0,2,113341,42,0.0751344624352707,Gaussian (discarded tail <= 1e-12) / Gaussian (discarded tail <= 1e-12),13341,7,1,10000,1,1,1,1,0,0.0512,0.1046,0.0512,0.1046,0.05,0.104610437677789,0.0454279633979573,0.057661125867926,0.0964186088161597,0.113388489881991,0.0454279633979573,0.057661125867926,0.0964186088161597,0.113388489881991,0.999232298054943,1,0.999232298054943,1,1,0,V0,all,0.05,L2-B,severe,R0,2,E3_13341_V1
1,0.05,0.174775856113732,5000,5000,5000,243,459,-0.000769640960870773,0.105185032481956,0.0290115173123868,0.107440926392878,0.0297811582732576,0.280111444612902,1,1,0.05,0.0853921533578938,0,0,0,0,1,1.5,10,70,4.38570660024463,10,75.1344624352707,7.51344624352708,0,2,113342,42,0.106256175777572,Gaussian (discarded tail <= 1e-12) / Gaussian (discarded tail <= 1e-12),13342,7,2,10000,1,1,1,1,0,0.0486,0.0918,0.0486,0.0918,0.05,0.0853921533578938,0.0429785323075291,0.0549145490084684,0.0841069013981498,0.100119850469795,0.0429785323075291,0.0549145490084684,0.0841069013981498,0.100119850469795,0.999232298054943,1,0.999232298054943,1,1,0,V0,all,0.05,L2-B,severe,R1,2,E3_13342_V1
1,0.05,0.123585193045704,5000,5000,5000,258,1607,0.00181710958717249,0.074585084676086,0.0882033980211198,0.0757802506337781,0.0863862884339473,1.14898237096391,1,1,0.05,0.316529803670917,0,0,0,0,1,1.5,30,70,4.38570660024463,10,75.1344624352707,7.51344624352708,0,2,113421,42,0.0751344624352707,Gaussian (discarded tail <= 1e-12) / Gaussian (discarded tail <= 1e-12),13421,7,1,10000,1,1,1,1,0,0.0516,0.3214,0.0516,0.3214,0.05,0.316529803670917,0.0458051930526966,0.0580832820516306,0.308596626263086,0.334477596871689,0.0458051930526966,0.0580832820516306,0.308596626263086,0.334477596871689,0.999232298054943,1,0.999232298054943,1,1,0,V0,all,0.05,L2-B,severe,R0,2,E3_13421_V1
1,0.05,0.174775856113732,5000,5000,5000,257,1019,0.00117076834237771,0.107641463944578,0.0874927417758207,0.106484596506777,0.086321973433443,0.806260699208107,1,1,0.05,0.206291426731042,0,0,0,0,1,1.5,30,70,4.38570660024463,10,75.1344624352707,7.51344624352708,0,2,113422,42,0.106256175777572,Gaussian (discarded tail <= 1e-12) / Gaussian (discarded tail <= 1e-12),13422,7,2,10000,1,1,1,1,0,0.0514,0.2038,0.0514,0.2038,0.05,0.206291426731042,0.0456165654284363,0.057872216756669,0.192863912956131,0.215190873676121,0.0456165654284363,0.057872216756669,0.192863912956131,0.215190873676121,0.999232298054943,1,0.999232298054943,1,1,0,V0,all,0.05,L2-B,severe,R1,2,E3_13422_V1
1,0.05,0.0164485362695147,5000,5000,5000,248,252,0.00025840290934529,0.00991839902862557,-1.28487465458433e-05,0.0100572525959312,0.000271251655891134,0.0271575724296033,1,1,0.05,0.05,0,0,0,0,1,1.5,0,0,1.5,10,10,1,0.5,0.5,113461,42,0.01,Gaussian (discarded tail <= 1e-12) / Gaussian (discarded tail <= 1e-12),13461,8,1,10000,1,1,1,1,0,0.0496,0.0504,0.0496,0.0504,0.05,0.05,0.0439200857923503,0.0559714601197571,0.0446738140627647,0.0568165035262307,0.0439200857923503,0.0559714601197571,0.0446738140627647,0.0568165035262307,0.999232298054943,1,0.999232298054943,1,1,0,V0,all,0.05,L2-C,mild,R0,2,E3_13461_V1
1,0.05,0.0232617430735335,5000,5000,5000,271,262,1.22182224089467e-06,0.0143368397288744,0.000176864296959831,0.0142508709258942,0.000175642474718936,0.0122879150876269,1,1,0.05,0.05,0,0,0,0,1,1.5,0,0,1.5,10,10,1,0.5,0.5,113462,42,0.014142135623731,Gaussian (discarded tail <= 1e-12) / Gaussian (discarded tail <= 1e-12),13462,8,2,10000,1,1,1,1,0,0.0542,0.0524,0.0542,0.0524,0.05,0.05,0.0482596192447235,0.0608248638094894,0.0465599567062765,0.0589272900749386,0.0482596192447235,0.0608248638094894,0.0465599567062765,0.0589272900749386,0.999232298054943,1,0.999232298054943,1,1,0,V0,all,0.05,L2-C,mild,R1,2,E3_13462_V1
1,0.05,0.0164485362695147,5000,5000,5000,241,1304,-0.000117430780718212,0.00997859808474795,0.0100372619574746,0.0100160715232435,0.0101546927381928,1.01573820453706,1,1,0.05,0.259511022841444,0,0,0,0,1,1.5,10,0,1.5,10,10,1,0.5,0.5,113581,42,0.01,Gaussian (discarded tail <= 1e-12) / Gaussian (discarded tail <= 1e-12),13581,8,1,10000,1,1,1,1,0,0.0482,0.2608,0.0482,0.2608,0.05,0.259511022841444,0.0426021037376601,0.0544915917398936,0.248816716782536,0.273150551827979,0.0426021037376601,0.0544915917398936,0.248816716782536,0.273150551827979,0.999232298054943,1,0.999232298054943,1,1,0,V0,all,0.05,L2-C,mild,R0,2,E3_13581_V1
1,0.05,0.0232617430735335,5000,5000,5000,252,895,-0.000225459203999108,0.0140435267528074,0.00986358009377296,0.0144108463548907,0.0100890392977721,0.709078968267471,1,1,0.05,0.174187261617932,0,0,0,0,1,1.5,10,0,1.5,10,10,1,0.5,0.5,113582,42,0.014142135623731,Gaussian (discarded tail <= 1e-12) / Gaussian (discarded tail <= 1e-12),13582,8,2,10000,1,1,1,1,0,0.0504,0.179,0.0504,0.179,0.05,0.174187261617932,0.0446738140627647,0.0568165035262307,0.168621864613904,0.189871000034823,0.0446738140627647,0.0568165035262307,0.168621864613904,0.189871000034823,0.999232298054943,1,0.999232298054943,1,1,0,V0,all,0.05,L2-C,mild,R1,2,E3_13582_V1
1,0.05,0.0164485362695147,5000,5000,5000,259,4528,3.1362654234982e-05,0.00995102212882541,0.0299185449695739,0.010135658153983,0.0298871823153389,2.97569527247648,1,1,0.05,0.912314536750297,0,0,0,0,1,1.5,30,0,1.5,10,10,1,0.5,0.5,113661,42,0.01,Gaussian (discarded tail <= 1e-12) / Gaussian (discarded tail <= 1e-12),13661,8,1,10000,1,1,1,1,0,0.0518,0.9056,0.0518,0.9056,0.05,0.912314536750297,0.045993846130679,0.0582943218928702,0.897181416340348,0.913395823841822,0.045993846130679,0.0582943218928702,0.897181416340348,0.913395823841822,0.999232298054943,1,0.999232298054943,1,1,0,V0,all,0.05,L2-C,mild,R0,2,E3_13661_V1
1,0.05,0.0232617430735335,5000,5000,5000,240,3463,0.000195107780388914,0.0139465436097218,0.0299465723043297,0.0138368429077588,0.0297514645239408,2.14165631637597,1,1,0.05,0.683129043080008,0,0,0,0,1,1.5,30,0,1.5,10,10,1,0.5,0.5,113662,42,0.014142135623731,Gaussian (discarded tail <= 1e-12) / Gaussian (discarded tail <= 1e-12),13662,8,2,10000,1,1,1,1,0,0.048,0.6926,0.048,0.6926,0.05,0.683129043080008,0.042413931418708,0.0542800711396237,0.679666616397848,0.705237664812916,0.042413931418708,0.0542800711396237,0.679666616397848,0.705237664812916,0.999232298054943,1,0.999232298054943,1,1,0,V0,all,0.05,L2-C,mild,R1,2,E3_13662_V1
1,0.05,0.0183900226145029,5000,5000,5000,257,226,-1.0881513913449e-05,0.0112722296124919,2.21893608676484e-05,0.0110417947173473,3.30708747810974e-05,0.00296397557077357,1,1,0.05,0.05,0,0,0,0,1,1.5,0,30,1.73205080756888,10,11.180339887499,1.11803398874989,0.5,0.5,114181,42,0.011180339887499,Gaussian (discarded tail <= 1e-12) / Gaussian (discarded tail <= 1e-12),14181,8,1,10000,1,1,1,1,0,0.0514,0.0452,0.0514,0.0452,0.05,0.05,0.0456165654284363,0.057872216756669,0.0397825583978506,0.0513157432913734,0.0456165654284363,0.057872216756669,0.0397825583978506,0.0513157432913734,0.999232298054943,1,0.999232298054943,1,1,0,V0,all,0.05,L2-C,mild,R0,2,E3_14181_V1
1,0.05,0.0260074193937779,5000,5000,5000,247,260,-8.06722054173382e-05,0.0159393627722602,6.89453470169833e-05,0.015850290936031,0.000149617552434322,0.00941293456722171,1,1,0.05,0.05,0,0,0,0,1,1.5,0,30,1.73205080756888,10,11.180339887499,1.11803398874989,0.5,0.5,114182,42,0.0158113883008419,Gaussian (discarded tail <= 1e-12) / Gaussian (discarded tail <= 1e-12),14182,8,2,10000,1,1,1,1,0,0.0494,0.052,0.0494,0.052,0.05,0.05,0.043731720637967,0.0557601323549184,0.0461825245236588,0.0585053364191124,0.043731720637967,0.0557601323549184,0.0461825245236588,0.0585053364191124,0.999232298054943,1,0.999232298054943,1,1,0,V0,all,0.05,L2-C,mild,R1,2,E3_14182_V1
1,0.05,0.0183900226145029,5000,5000,5000,251,1325,-4.50047107008118e-05,0.0111636370945027,0.0113679760043603,0.0113398731950795,0.0114129807150611,1.01429782217534,1,1,0.05,0.270249669649395,0,0,0,0,1,1.5,10,30,1.73205080756888,10,11.180339887499,1.11803398874989,0.5,0.5,114301,42,0.011180339887499,Gaussian (discarded tail <= 1e-12) / Gaussian (discarded tail <= 1e-12),14301,8,1,10000,1,1,1,1,0,0.0502,0.265,0.0502,0.265,0.05,0.270249669649395,0.0444853421500697,0.0566052825197037,0.252950868097267,0.27740995181691,0.0444853421500697,0.0566052825197037,0.252950868097267,0.27740995181691,0.999232298054943,1,0.999232298054943,1,1,0,V0,all,0.05,L2-C,mild,R0,2,E3_14301_V1
1,0.05,0.0260074193937779,5000,5000,5000,264,945,0.000302654103178217,0.0158066693441948,0.011723127835432,0.0159813008243155,0.0114204737322538,0.71852976711444,1,1,0.05,0.180212151246688,0,0,0,0,1,1.5,10,30,1.73205080756888,10,11.180339887499,1.11803398874989,0.5,0.5,114302,42,0.0158113883008419,Gaussian (discarded tail <= 1e-12) / Gaussian (discarded tail <= 1e-12),14302,8,2,10000,1,1,1,1,0,0.0528,0.189,0.0528,0.189,0.05,0.180212151246688,0.0469374885167706,0.0593491441028885,0.178388428557204,0.200089082052621,0.0469374885167706,0.0593491441028885,0.178388428557204,0.200089082052621,0.999232298054943,1,0.999232298054943,1,1,0,V0,all,0.05,L2-C,mild,R1,2,E3_14302_V1
1,0.05,0.0183900226145029,5000,5000,5000,279,4649,0.000272345673519078,0.0112530676106713,0.0348789671296708,0.0111572593761852,0.0346066214561517,3.08842483422811,1,1,0.05,0.926962094871547,0,0,0,0,1,1.5,30,30,1.73205080756888,10,11.180339887499,1.11803398874989,0.5,0.5,114381,42,0.011180339887499,Gaussian (discarded tail <= 1e-12) / Gaussian (discarded tail <= 1e-12),14381,8,1,10000,1,1,1,1,0,0.0558,0.9298,0.0558,0.9298,0.05,0.926962094871547,0.0497720485271196,0.0625099778808691,0.922383555753504,0.936556527654525,0.0497720485271196,0.0625099778808691,0.922383555753504,0.936556527654525,0.999232298054943,1,0.999232298054943,1,1,0,V0,all,0.05,L2-C,mild,R0,2,E3_14381_V1
1,0.05,0.0260074193937779,5000,5000,5000,234,3520,-9.09653771435072e-05,0.0159088913311343,0.0348970823466527,0.0160329741899407,0.0349880477237962,2.19071636316909,1,1,0.05,0.707479611613392,0,0,0,0,1,1.5,30,30,1.73205080756888,10,11.180339887499,1.11803398874989,0.5,0.5,114382,42,0.0158113883008419,Gaussian (discarded tail <= 1e-12) / Gaussian (discarded tail <= 1e-12),14382,8,2,10000,1,1,1,1,0,0.0468,0.704,0.0468,0.704,0.05,0.707479611613392,0.0412854955836611,0.0530103494593387,0.691194225621964,0.716492551984452,0.0412854955836611,0.0530103494593387,0.691194225621964,0.716492551984452,0.999232298054943,1,0.999232298054943,1,1,0,V0,all,0.05,L2-C,mild,R1,2,E3_14382_V1
1,0.05,0.0465651718798474,5000,5000,5000,237,250,-0.000891474547145506,0.0280997889950049,-0.000425251806375099,0.0281230838444056,0.000466222740770407,0.0165848053365724,1,1,0.05,0.05,0,0,0,0,1,1.5,0,70,4.38570660024463,10,28.309614373499,2.8309614373499,0.5,0.5,115141,42,0.028309614373499,Gaussian (discarded tail <= 1e-12) / Gaussian (discarded tail <= 1e-12),15141,8,1,10000,1,1,1,1,0,0.0474,0.05,0.0474,0.05,0.05,0.05,0.0418495843205747,0.053645339480091,0.0442968967005706,0.0563940350499809,0.0418495843205747,0.053645339480091,0.0442968967005706,0.0563940350499809,0.999232298054943,1,0.999232298054943,1,1,0,V0,all,0.05,L2-C,mild,R0,2,E3_15141_V1
1,0.05,0.0658530976067144,5000,5000,5000,254,249,-7.30470225654953e-05,0.0403124950762406,9.60853863400324e-05,0.0398017208544131,0.000169132408905528,0.00422219626321774,1,1,0.05,0.05,0,0,0,0,1,1.5,0,70,4.38570660024463,10,28.309614373499,2.8309614373499,0.5,0.5,115142,42,0.0400358405925546,Gaussian (discarded tail <= 1e-12) / Gaussian (discarded tail <= 1e-12),15142,8,2,10000,1,1,1,1,0,0.0508,0.0498,0.0508,0.0498,0.05,0.05,0.0450508366853607,0.0572388667420786,0.0441084778641927,0.0561827609671367,0.0450508366853607,0.0572388667420786,0.0441084778641927,0.0561827609671367,0.999232298054943,1,0.999232298054943,1,1,0,V0,all,0.05,L2-C,mild,R1,2,E3_15142_V1
1,0.05,0.0465651718798474,5000,5000,5000,284,1404,0.000258715477525368,0.0284060553974779,0.0294852428372961,0.028053274052288,0.0292265273597708,1.03529238197128,1,1,0.05,0.270249669649388,0,0,0,0,1,1.5,10,70,4.38570660024463,10,28.309614373499,2.8309614373499,0.5,0.5,115261,42,0.028309614373499,Gaussian (discarded tail <= 1e-12) / Gaussian (discarded tail <= 1e-12),15261,8,1,10000,1,1,1,1,0,0.0568,0.2808,0.0568,0.2808,0.05,0.270249669649388,0.0507180615465955,0.0635624294575031,0.268515699404263,0.29342086112845,0.0507180615465955,0.0635624294575031,0.268515699404263,0.29342086112845,0.999232298054943,1,0.999232298054943,1,1,0,V0,all,0.05,L2-C,mild,R0,2,E3_15261_V1
1,0.05,0.0658530976067144,5000,5000,5000,239,880,-3.60453528649281e-05,0.0396224436665708,0.0294671470686648,0.0399175671655847,0.0295031924215297,0.741840214280869,1,1,0.05,0.180212151246684,0,0,0,0,1,1.5,10,70,4.38570660024463,10,28.309614373499,2.8309614373499,0.5,0.5,115262,42,0.0400358405925546,Gaussian (discarded tail <= 1e-12) / Gaussian (discarded tail <= 1e-12),15262,8,2,10000,1,1,1,1,0,0.0478,0.176,0.0478,0.176,0.05,0.180212151246684,0.0422257872975776,0.054068522341532,0.165694254097883,0.186803216762514,0.0422257872975776,0.054068522341532,0.165694254097883,0.186803216762514,0.999232298054943,1,0.999232298054943,1,1,0,V0,all,0.05,L2-C,mild,R1,2,E3_15262_V1
1,0.05,0.0465651718798474,5000,5000,5000,238,4650,-0.000501976680289622,0.0284563435401026,0.0876377154810275,0.0277173952510941,0.0881396921613171,3.13783874597413,1,1,0.05,0.926962094871547,0,0,0,0,1,1.5,30,70,4.38570660024463,10,28.309614373499,2.8309614373499,0.5,0.5,115341,42,0.028309614373499,Gaussian (discarded tail <= 1e-12) / Gaussian (discarded tail <= 1e-12),15341,8,1,10000,1,1,1,1,0,0.0476,0.93,0.0476,0.93,0.05,0.926962094871547,0.0420376715417821,0.0538569451781056,0.922592715674013,0.936747060653238,0.0420376715417821,0.0538569451781056,0.922592715674013,0.936747060653238,0.999232298054943,1,0.999232298054943,1,1,0,V0,all,0.05,L2-C,mild,R0,2,E3_15341_V1
1,0.05,0.0658530976067144,5000,5000,5000,252,3535,-9.70505379489218e-05,0.0400450055501931,0.087818538338804,0.0406215904514606,0.0879155888767529,2.17967157411496,1,1,0.05,0.707479611613391,0,0,0,0,1,1.5,30,70,4.38570660024463,10,28.309614373499,2.8309614373499,0.5,0.5,115342,42,0.0400358405925546,Gaussian (discarded tail <= 1e-12) / Gaussian (discarded tail <= 1e-12),15342,8,2,10000,1,1,1,1,0,0.0504,0.707,0.0504,0.707,0.05,0.707479611613391,0.0446738140627647,0.0568165035262307,0.694229365775962,0.719452805618784,0.0446738140627647,0.0568165035262307,0.694229365775962,0.719452805618784,0.999232298054943,1,0.999232298054943,1,1,0,V0,all,0.05,L2-C,mild,R1,2,E3_15342_V1
1,0.05,0.0164485362695147,5000,5000,5000,260,255,0.000163604463539859,0.0100349904317573,0.000185429013930887,0.00997934662284159,2.18245503910284e-05,0.00218088323241209,1,1,0.05,0.05,0,0,0,0,1,1.5,0,0,1.5,10,10,1,1,1,115381,42,0.01,Gaussian (discarded tail <= 1e-12) / Gaussian (discarded tail <= 1e-12),15381,9,1,10000,1,1,1,1,0,0.052,0.051,0.052,0.051,0.05,0.05,0.0461825245236588,0.0585053364191124,0.0452393871026712,0.0574500092439901,0.0461825245236588,0.0585053364191124,0.0452393871026712,0.0574500092439901,0.999232298054943,1,0.999232298054943,1,1,0,V0,all,0.05,L2-C,moderate,R0,2,E3_15381_V1
1,0.05,0.0232617430735335,5000,5000,5000,228,226,-7.940211517655e-05,0.0140971014674851,-0.000254175383771085,0.0139715010633799,0.000174773268594535,0.0124531685280977,1,1,0.05,0.05,0,0,0,0,1,1.5,0,0,1.5,10,10,1,1,1,115382,42,0.014142135623731,Gaussian (discarded tail <= 1e-12) / Gaussian (discarded tail <= 1e-12),15382,9,2,10000,1,1,1,1,0,0.0456,0.0452,0.0456,0.0452,0.05,0.05,0.0401581122081757,0.0517395753194923,0.0397825583978506,0.0513157432913734,0.0401581122081757,0.0517395753194923,0.0397825583978506,0.0513157432913734,0.999232298054943,1,0.999232298054943,1,1,0,V0,all,0.05,L2-C,moderate,R1,2,E3_15382_V1
1,0.05,0.0164485362695147,5000,5000,5000,255,1239,-4.71300401662956e-05,0.0100839685785148,0.00976926651579232,0.0100429610761151,0.00981639655595861,0.975446960828294,1,1,0.05,0.259511022841444,0,0,0,0,1,1.5,10,0,1.5,10,10,1,1,1,115501,42,0.01,Gaussian (discarded tail <= 1e-12) / Gaussian (discarded tail <= 1e-12),15501,9,1,10000,1,1,1,1,0,0.051,0.2478,0.051,0.2478,0.05,0.259511022841444,0.0452393871026712,0.0574500092439901,0.236029776692219,0.259957452168868,0.0452393871026712,0.0574500092439901,0.236029776692219,0.259957452168868,0.999232298054943,1,0.999232298054943,1,1,0,V0,all,0.05,L2-C,moderate,R0,2,E3_15501_V1
1,0.05,0.0232617430735335,5000,5000,5000,253,845,0.000323223812297373,0.0140049686837502,0.00967708398921917,0.0141995034075234,0.0093538601769218,0.663273374529757,1,1,0.05,0.174187261617932,0,0,0,0,1,1.5,10,0,1.5,10,10,1,1,1,115502,42,0.014142135623731,Gaussian (discarded tail <= 1e-12) / Gaussian (discarded tail <= 1e-12),15502,9,2,10000,1,1,1,1,0,0.0506,0.169,0.0506,0.169,0.05,0.174187261617932,0.0448623122901981,0.0570276982180192,0.158867586103553,0.179640632584075,0.0448623122901981,0.0570276982180192,0.158867586103553,0.179640632584075,0.999232298054943,1,0.999232298054943,1,1,0,V0,all,0.05,L2-C,moderate,R1,2,E3_15502_V1
1,0.05,0.0164485362695147,5000,5000,5000,273,4570,-6.07935958002894e-06,0.0102214640374139,0.029988808884653,0.00994119148552716,0.0299948882442331,2.9750040348724,1,1,0.05,0.912314536750297,0,0,0,0,1,1.5,30,0,1.5,10,10,1,1,1,115581,42,0.01,Gaussian (discarded tail <= 1e-12) / Gaussian (discarded tail <= 1e-12),15581,9,1,10000,1,1,1,1,0,0.0546,0.914,0.0546,0.914,0.05,0.912314536750297,0.0486375864994605,0.0612462823931964,0.905907503639042,0.921456839150451,0.0486375864994605,0.0612462823931964,0.905907503639042,0.921456839150451,0.999232298054943,1,0.999232298054943,1,1,0,V0,all,0.05,L2-C,moderate,R0,2,E3_15581_V1
1,0.05,0.0232617430735335,5000,5000,5000,256,3406,-5.64445363519258e-05,0.0139729173137304,0.0300730232647593,0.0143262164179125,0.0301294678011112,2.12919026776954,1,1,0.05,0.683129043080008,0,0,0,0,1,1.5,30,0,1.5,10,10,1,1,1,115582,42,0.014142135623731,Gaussian (discarded tail <= 1e-12) / Gaussian (discarded tail <= 1e-12),15582,9,2,10000,1,1,1,1,0,0.0512,0.6812,0.0512,0.6812,0.05,0.683129043080008,0.0454279633979573,0.057661125867926,0.668148164522417,0.693973620292694,0.0454279633979573,0.057661125867926,0.668148164522417,0.693973620292694,0.999232298054943,1,0.999232298054943,1,1,0,V0,all,0.05,L2-C,moderate,R1,2,E3_15582_V1
1,0.05,0.0205606703368934,5000,5000,5000,259,237,-2.06814872581348e-05,0.0125353239185016,-0.000103526174807297,0.0124241767148845,8.28446875491622e-05,0.00663826311016844,1,1,0.05,0.05,0,0,0,0,1,1.5,0,30,1.73205080756888,10,12.5,1.25,1,1,116101,42,0.0125,Gaussian (discarded tail <= 1e-12) / Gaussian (discarded tail <= 1e-12),16101,9,1,10000,1,1,1,1,0,0.0518,0.0474,0.0518,0.0474,0.05,0.05,0.045993846130679,0.0582943218928702,0.0418495843205747,0.053645339480091,0.045993846130679,0.0582943218928702,0.0418495843205747,0.053645339480091,0.999232298054943,1,0.999232298054943,1,1,0,V0,all,0.05,L2-C,moderate,R0,2,E3_16101_V1
1,0.05,0.0290771788419169,5000,5000,5000,264,248,4.94942963503932e-05,0.0178746257594908,0.000261497048886528,0.0174858883971073,0.000212002752536135,0.0119902070226393,1,1,0.05,0.05,0,0,0,0,1,1.5,0,30,1.73205080756888,10,12.5,1.25,1,1,116102,42,0.0176776695296637,Gaussian (discarded tail <= 1e-12) / Gaussian (discarded tail <= 1e-12),16102,9,2,10000,1,1,1,1,0,0.0528,0.0496,0.0528,0.0496,0.05,0.05,0.0469374885167706,0.0593491441028885,0.0439200857923503,0.0559714601197571,0.0469374885167706,0.0593491441028885,0.0439200857923503,0.0559714601197571,0.999232298054943,1,0.999232298054943,1,1,0,V0,all,0.05,L2-C,moderate,R1,2,E3_16102_V1
1,0.05,0.0205606703368934,5000,5000,5000,241,1142,8.41647581140879e-06,0.0124414921487013,0.0113044285243624,0.0125194818535548,0.0112960120485509,0.90508943364848,1,1,0.05,0.235426088414852,0,0,0,0,1,1.5,10,30,1.73205080756888,10,12.5,1.25,1,1,116221,42,0.0125,Gaussian (discarded tail <= 1e-12) / Gaussian (discarded tail <= 1e-12),16221,9,1,10000,1,1,1,1,0,0.0482,0.2284,0.0482,0.2284,0.05,0.235426088414852,0.0426021037376601,0.0544915917398936,0.216975011804744,0.240242003891811,0.0426021037376601,0.0544915917398936,0.216975011804744,0.240242003891811,0.999232298054943,1,0.999232298054943,1,1,0,V0,all,0.05,L2-C,moderate,R0,2,E3_16221_V1
1,0.05,0.0290771788419169,5000,5000,5000,239,825,0.000182500352068984,0.017408935869371,0.0116759880903214,0.0176161844286862,0.0114934877382525,0.656288197588502,1,1,0.05,0.160682592467169,0,0,0,0,1,1.5,10,30,1.73205080756888,10,12.5,1.25,1,1,116222,42,0.0176776695296637,Gaussian (discarded tail <= 1e-12) / Gaussian (discarded tail <= 1e-12),16222,9,2,10000,1,1,1,1,0,0.0478,0.165,0.0478,0.165,0.05,0.160682592467169,0.0422257872975776,0.054068522341532,0.154969504169594,0.175544856133594,0.0422257872975776,0.054068522341532,0.154969504169594,0.175544856133594,0.999232298054943,1,0.999232298054943,1,1,0,V0,all,0.05,L2-C,moderate,R1,2,E3_16222_V1
1,0.05,0.0205606703368934,5000,5000,5000,241,4350,0.000309184449508967,0.0122108573085244,0.0348147731625331,0.0126215505456045,0.0345055887130241,2.77869716126757,1,1,0.05,0.870007728878439,0,0,0,0,1,1.5,30,30,1.73205080756888,10,12.5,1.25,1,1,116301,42,0.0125,Gaussian (discarded tail <= 1e-12) / Gaussian (discarded tail <= 1e-12),16301,9,1,10000,1,1,1,1,0,0.0482,0.87,0.0482,0.87,0.05,0.870007728878439,0.0426021037376601,0.0544915917398936,0.860393516358374,0.879038384202283,0.0426021037376601,0.0544915917398936,0.860393516358374,0.879038384202283,0.999232298054943,1,0.999232298054943,1,1,0,V0,all,0.05,L2-C,moderate,R0,2,E3_16301_V1
1,0.05,0.0290771788419169,5000,5000,5000,265,3116,6.2311164777174e-05,0.017754666508372,0.0344836884699714,0.0175260127298701,0.0344213773051942,1.95124669741665,1,1,0.05,0.623519768701105,0,0,0,0,1,1.5,30,30,1.73205080756888,10,12.5,1.25,1,1,116302,42,0.0176776695296637,Gaussian (discarded tail <= 1e-12) / Gaussian (discarded tail <= 1e-12),16302,9,2,10000,1,1,1,1,0,0.053,0.6232,0.053,0.6232,0.05,0.623519768701105,0.0471262914493397,0.0595600340895414,0.609678503337639,0.636532334903099,0.0471262914493397,0.0595600340895414,0.609678503337639,0.636532334903099,0.999232298054943,1,0.999232298054943,1,1,0,V0,all,0.05,L2-C,moderate,R1,2,E3_16302_V1
1,0.05,0.131824205915418,5000,5000,5000,244,267,0.000768702139339055,0.0800132369739937,0.00100390105952334,0.0790933580084722,0.000235198920184289,0.00295644551281772,1,1,0.05,0.05,0,0,0,0,1,1.5,0,70,4.38570660024463,10,80.1434265976222,8.01434265976222,1,1,117061,42,0.0801434265976222,Gaussian (discarded tail <= 1e-12) / Gaussian (discarded tail <= 1e-12),17061,9,1,10000,1,1,1,1,0,0.0488,0.0534,0.0488,0.0534,0.05,0.05,0.0431667882318987,0.0551259860033208,0.0475039707136969,0.0599817406636281,0.0431667882318987,0.0551259860033208,0.0475039707136969,0.0599817406636281,0.999232298054943,1,0.999232298054943,1,1,0,V0,all,0.05,L2-C,moderate,R0,2,E3_17061_V1
1,0.05,0.186427579854648,5000,5000,5000,260,266,0.00115195716234872,0.113838741258374,-0.00243429347133871,0.114643866920353,0.00358625063368743,0.0313916966986723,1,1,0.05,0.05,0,0,0,0,1,1.5,0,70,4.38570660024463,10,80.1434265976222,8.01434265976222,1,1,117062,42,0.11333992082941,Gaussian (discarded tail <= 1e-12) / Gaussian (discarded tail <= 1e-12),17062,9,2,10000,1,1,1,1,0,0.052,0.0532,0.052,0.0532,0.05,0.05,0.0461825245236588,0.0585053364191124,0.0473151188916038,0.0597708995664993,0.0461825245236588,0.0585053364191124,0.0473151188916038,0.0597708995664993,0.999232298054943,1,0.999232298054943,1,1,0,V0,all,0.05,L2-C,moderate,R1,2,E3_17062_V1
1,0.05,0.131824205915418,5000,5000,5000,259,550,0.00270749256502902,0.0810932833132121,0.0313534324371198,0.081426825089019,0.0286459398720908,0.352521048943995,1,1,0.05,0.100266916204615,0,0,0,0,1,1.5,10,70,4.38570660024463,10,80.1434265976222,8.01434265976222,1,1,117181,42,0.0801434265976222,Gaussian (discarded tail <= 1e-12) / Gaussian (discarded tail <= 1e-12),17181,9,1,10000,1,1,1,1,0,0.0518,0.11,0.0518,0.11,0.05,0.100266916204615,0.045993846130679,0.0582943218928702,0.101624862673781,0.118973944843364,0.045993846130679,0.0582943218928702,0.101624862673781,0.118973944843364,0.999232298054943,1,0.999232298054943,1,1,0,V0,all,0.05,L2-C,moderate,R0,2,E3_17181_V1
1,0.05,0.186427579854648,5000,5000,5000,254,396,5.0399215636002e-06,0.112930861078058,0.0273208899707162,0.111774967978691,0.0273158500491526,0.24312220798446,1,1,0.05,0.0827382820312039,0,0,0,0,1,1.5,10,70,4.38570660024463,10,80.1434265976222,8.01434265976222,1,1,117182,42,0.11333992082941,Gaussian (discarded tail <= 1e-12) / Gaussian (discarded tail <= 1e-12),17182,9,2,10000,1,1,1,1,0,0.0508,0.0792,0.0508,0.0792,0.05,0.0827382820312039,0.0450508366853607,0.0572388667420786,0.0720336673776816,0.0870124305792785,0.0450508366853607,0.0572388667420786,0.0720336673776816,0.0870124305792785,0.999232298054943,1,0.999232298054943,1,1,0,V0,all,0.05,L2-C,moderate,R1,2,E3_17182_V1
1,0.05,0.131824205915418,5000,5000,5000,231,1432,0.000750045449075791,0.0789619912615092,0.0865715381790141,0.0807299614396002,0.0858214927299383,1.07477217475588,1,1,0.05,0.29102623819381,0,0,0,0,1,1.5,30,70,4.38570660024463,10,80.1434265976222,8.01434265976222,1,1,117261,42,0.0801434265976222,Gaussian (discarded tail <= 1e-12) / Gaussian (discarded tail <= 1e-12),17261,9,1,10000,1,1,1,1,0,0.0462,0.2864,0.0462,0.2864,0.05,0.29102623819381,0.0407216699236964,0.0523750963616375,0.274036970097634,0.299090992173294,0.0407216699236964,0.0523750963616375,0.274036970097634,0.299090992173294,0.999232298054943,1,0.999232298054943,1,1,0,V0,all,0.05,L2-C,moderate,R0,2,E3_17261_V1
1,0.05,0.186427579854648,5000,5000,5000,255,1003,-0.000101024500875061,0.112609058922063,0.0909458964346697,0.113800927405671,0.0910469209355447,0.804254802530473,1,1,0.05,0.191890621660551,0,0,0,0,1,1.5,30,70,4.38570660024463,10,80.1434265976222,8.01434265976222,1,1,117262,42,0.11333992082941,Gaussian (discarded tail <= 1e-12) / Gaussian (discarded tail <= 1e-12),17262,9,2,10000,1,1,1,1,0,0.051,0.2006,0.051,0.2006,0.05,0.191890621660551,0.0452393871026712,0.0574500092439901,0.189732046641789,0.211927653282911,0.0452393871026712,0.0574500092439901,0.189732046641789,0.211927653282911,0.999232298054943,1,0.999232298054943,1,1,0,V0,all,0.05,L2-C,moderate,R1,2,E3_17262_V1
1,0.05,0.0164485362695147,5000,5000,5000,262,227,-0.000134418989656897,0.0101148681260925,-5.80397252128349e-05,0.00987798412116662,7.63792644440624e-05,0.00764012085888764,1,1,0.05,0.05,0,0,0,0,1,1.5,0,0,1.5,10,10,1,2,2,117301,42,0.01,Gaussian (discarded tail <= 1e-12) / Gaussian (discarded tail <= 1e-12),17301,10,1,10000,1,1,1,1,0,0.0524,0.0454,0.0524,0.0454,0.05,0.05,0.0465599567062765,0.0589272900749386,0.0399703200435625,0.0515276745648835,0.0465599567062765,0.0589272900749386,0.0399703200435625,0.0515276745648835,0.999232298054943,1,0.999232298054943,1,1,0,V0,all,0.05,L2-C,severe,R0,2,E3_17301_V1
1,0.05,0.0232617430735335,5000,5000,5000,281,258,0.00011383146839666,0.01421424281249,4.70403302018968e-05,0.014219582565157,6.67911381947628e-05,0.0046980057118519,1,1,0.05,0.05,0,0,0,0,1,1.5,0,0,1.5,10,10,1,2,2,117302,42,0.014142135623731,Gaussian (discarded tail <= 1e-12) / Gaussian (discarded tail <= 1e-12),17302,10,2,10000,1,1,1,1,0,0.0562,0.0516,0.0562,0.0516,0.05,0.05,0.0501503861434922,0.0629310261029405,0.0458051930526966,0.0580832820516306,0.0501503861434922,0.0629310261029405,0.0458051930526966,0.0580832820516306,0.999232298054943,1,0.999232298054943,1,1,0,V0,all,0.05,L2-C,severe,R1,2,E3_17302_V1
1,0.05,0.0164485362695147,5000,5000,5000,246,1301,-4.98055924338868e-05,0.0100497336451501,0.0100986311121668,0.00989229754279516,0.0101484367046006,1.01776196893446,1,1,0.05,0.259511022841444,0,0,0,0,1,1.5,10,0,1.5,10,10,1,2,2,117421,42,0.01,Gaussian (discarded tail <= 1e-12) / Gaussian (discarded tail <= 1e-12),17421,10,1,10000,1,1,1,1,0,0.0492,0.2602,0.0492,0.2602,0.05,0.259511022841444,0.0435433825554971,0.0555487775181664,0.248226240927895,0.272541948924955,0.0435433825554971,0.0555487775181664,0.248226240927895,0.272541948924955,0.999232298054943,1,0.999232298054943,1,1,0,V0,all,0.05,L2-C,severe,R0,2,E3_17421_V1
1,0.05,0.0232617430735335,5000,5000,5000,231,887,-0.000112793639749674,0.0141630316446116,0.0103436892817544,0.0139846038119513,0.010456482921504,0.74295923421523,1,1,0.05,0.174187261617932,0,0,0,0,1,1.5,10,0,1.5,10,10,1,2,2,117422,42,0.014142135623731,Gaussian (discarded tail <= 1e-12) / Gaussian (discarded tail <= 1e-12),17422,10,2,10000,1,1,1,1,0,0.0462,0.1774,0.0462,0.1774,0.05,0.174187261617932,0.0407216699236964,0.0523750963616375,0.167060333450066,0.188234987844885,0.0407216699236964,0.0523750963616375,0.167060333450066,0.188234987844885,0.999232298054943,1,0.999232298054943,1,1,0,V0,all,0.05,L2-C,severe,R1,2,E3_17422_V1
1,0.05,0.0164485362695147,5000,5000,5000,234,4577,5.59527632572143e-05,0.00991638870554816,0.029950324814942,0.0099078174796415,0.0298943720516847,3.01594615978551,1,1,0.05,0.912314536750297,0,0,0,0,1,1.5,30,0,1.5,10,10,1,2,2,117501,42,0.01,Gaussian (discarded tail <= 1e-12) / Gaussian (discarded tail <= 1e-12),17501,10,1,10000,1,1,1,1,0,0.0468,0.9154,0.0468,0.9154,0.05,0.912314536750297,0.0412854955836611,0.0530103494593387,0.907363926258221,0.922798266965826,0.0412854955836611,0.0530103494593387,0.907363926258221,0.922798266965826,0.999232298054943,1,0.999232298054943,1,1,0,V0,all,0.05,L2-C,severe,R0,2,E3_17501_V1
1,0.05,0.0232617430735335,5000,5000,5000,279,3409,0.000267778221038845,0.014402547544164,0.030278341161899,0.0142714032591628,0.0300105629408602,2.09320642757667,1,1,0.05,0.683129043080008,0,0,0,0,1,1.5,30,0,1.5,10,10,1,2,2,117502,42,0.014142135623731,Gaussian (discarded tail <= 1e-12) / Gaussian (discarded tail <= 1e-12),17502,10,2,10000,1,1,1,1,0,0.0558,0.6818,0.0558,0.6818,0.05,0.683129043080008,0.0497720485271196,0.0625099778808691,0.668754174996909,0.694566688575868,0.0497720485271196,0.0625099778808691,0.668754174996909,0.694566688575868,0.999232298054943,1,0.999232298054943,1,1,0,V0,all,0.05,L2-C,severe,R1,2,E3_17502_V1
1,0.05,0.0257008379211168,5000,5000,5000,230,270,0.000331854283556909,0.0154557292639678,-7.74612114478896e-05,0.0156523826901378,0.000409315495004799,0.0263151500264992,1,1,0.05,0.05,0,0,0,0,1,1.5,0,30,1.73205080756888,10,15.625,1.5625,2,2,118021,42,0.015625,Gaussian (discarded tail <= 1e-12) / Gaussian (discarded tail <= 1e-12),18021,10,1,10000,1,1,1,1,0,0.046,0.054,0.046,0.054,0.05,0.05,0.0405337873353779,0.052163286030734,0.0480706711782013,0.0606141189567897,0.0405337873353779,0.052163286030734,0.0480706711782013,0.0606141189567897,0.999232298054943,1,0.999232298054943,1,1,0,V0,all,0.05,L2-C,severe,R0,2,E3_18021_V1
1,0.05,0.0363464735523961,5000,5000,5000,258,247,-0.000115638296087353,0.0224414493167274,-0.000400979259998596,0.0219806467832107,0.000285340963911242,0.012846112100623,1,1,0.05,0.05,0,0,0,0,1,1.5,0,30,1.73205080756888,10,15.625,1.5625,2,2,118022,42,0.0220970869120796,Gaussian (discarded tail <= 1e-12) / Gaussian (discarded tail <= 1e-12),18022,10,2,10000,1,1,1,1,0,0.0516,0.0494,0.0516,0.0494,0.05,0.05,0.0458051930526966,0.0580832820516306,0.043731720637967,0.0557601323549184,0.0458051930526966,0.0580832820516306,0.043731720637967,0.0557601323549184,0.999232298054943,1,0.999232298054943,1,1,0,V0,all,0.05,L2-C,severe,R1,2,E3_18022_V1
1,0.05,0.0257008379211168,5000,5000,5000,238,895,-9.96919854034124e-05,0.0152731133700855,0.0114571762613104,0.0155876382144456,0.0115568682467139,0.748929788471795,1,1,0.05,0.182508874718644,0,0,0,0,1,1.5,10,30,1.73205080756888,10,15.625,1.5625,2,2,118141,42,0.015625,Gaussian (discarded tail <= 1e-12) / Gaussian (discarded tail <= 1e-12),18141,10,1,10000,1,1,1,1,0,0.0476,0.179,0.0476,0.179,0.05,0.182508874718644,0.0420376715417821,0.0538569451781056,0.168621864613904,0.189871000034823,0.0420376715417821,0.0538569451781056,0.168621864613904,0.189871000034823,0.999232298054943,1,0.999232298054943,1,1,0,V0,all,0.05,L2-C,severe,R0,2,E3_18141_V1
1,0.05,0.0363464735523961,5000,5000,5000,244,644,-9.79032504958032e-05,0.0220881312889166,0.011621253286626,0.0220518725189761,0.0117191565371218,0.530999165029948,1,1,0.05,0.130868342457329,0,0,0,0,1,1.5,10,30,1.73205080756888,10,15.625,1.5625,2,2,118142,42,0.0220970869120796,Gaussian (discarded tail <= 1e-12) / Gaussian (discarded tail <= 1e-12),18142,10,2,10000,1,1,1,1,0,0.0488,0.1288,0.0488,0.1288,0.05,0.130868342457329,0.0431667882318987,0.0551259860033208,0.119799203701453,0.138370738222557,0.0431667882318987,0.0551259860033208,0.119799203701453,0.138370738222557,0.999232298054943,1,0.999232298054943,1,1,0,V0,all,0.05,L2-C,severe,R1,2,E3_18142_V1
1,0.05,0.0257008379211168,5000,5000,5000,229,3607,-0.000193067610122253,0.0154319443957099,0.0347516290036581,0.0157201423228315,0.0349446966137804,2.24339394153105,1,1,0.05,0.716397071674289,0,0,0,0,1,1.5,30,30,1.73205080756888,10,15.625,1.5625,2,2,118221,42,0.015625,Gaussian (discarded tail <= 1e-12) / Gaussian (discarded tail <= 1e-12),18221,10,1,10000,1,1,1,1,0,0.0458,0.7214,0.0458,0.7214,0.05,0.716397071674289,0.0403459347014957,0.0519514457453942,0.708807342168856,0.733652719409873,0.0403459347014957,0.0519514457453942,0.708807342168856,0.733652719409873,0.999232298054943,1,0.999232298054943,1,1,0,V0,all,0.05,L2-C,severe,R0,2,E3_18221_V1
1,0.05,0.0363464735523961,5000,5000,5000,252,2413,0.000351641788194213,0.0222842266658231,0.0356086593055257,0.0221835547480253,0.0352570175173315,1.58572908492157,1,1,0.05,0.469240099736808,0,0,0,0,1,1.5,30,30,1.73205080756888,10,15.625,1.5625,2,2,118222,42,0.0220970869120796,Gaussian (discarded tail <= 1e-12) / Gaussian (discarded tail <= 1e-12),18222,10,2,10000,1,1,1,1,0,0.0504,0.4826,0.0504,0.4826,0.05,0.469240099736808,0.0446738140627647,0.0568165035262307,0.468768025397401,0.496458690630287,0.0446738140627647,0.0568165035262307,0.468768025397401,0.496458690630287,0.999232298054943,1,0.999232298054943,1,1,0,V0,all,0.05,L2-C,severe,R1,2,E3_18222_V1
1,0.05,1.05648435705721,5000,5000,5000,237,280,0.0051622030119866,0.636558506093798,0.028688175368007,0.64396914355363,0.0235259723560204,0.0367435695958581,0.9999999999957,0.9999999999957,0.0499999999956995,0.0499999999956995,0,0,0,0,1,1.5,0,70,4.38570660024463,10,642.296882680845,64.2296882680845,2,2,118981,42,0.642296882680845,positive-range exact R0 / positive-range exact R0,18981,10,1,10000,1,1,1,1,0,0.0474,0.056,0.0474,0.056,0.0499999999959145,0.0499999999959145,0.0418495843205747,0.053645339480091,0.0499612059948101,0.0627205133324006,0.0418495843205747,0.053645339480091,0.0499612059948101,0.0627205133324006,0.999232298054943,1,0.999232298054943,1,1,0,V0,all,0.05,L2-C,severe,R0,2,E3_18981_V1
1,0.05,1.49409450618533,5000,5000,5000,248,261,0.00617061604229302,0.894900899969032,0.00613604760471061,0.915273408631082,3.45684375824048e-05,3.81910718353444e-05,0.999999999991399,0.999999999991399,0.0499999999956994,0.0499999999956994,0,0,0,0,1,1.5,0,70,4.38570660024463,10,642.296882680845,64.2296882680845,2,2,118982,42,0.908344962557212,positive-range quadrature R1 / positive-range quadrature R1,18982,10,2,10000,1,1,1,1,0,0.0496,0.0522,0.0496,0.0522,0.0499999999961295,0.0499999999961295,0.0439200857923503,0.0559714601197571,0.0463712280942276,0.0587163257677656,0.0439200857923503,0.0559714601197571,0.0463712280942276,0.0587163257677656,0.999232298054943,1,0.999232298054943,1,1,0,V0,all,0.05,L2-C,severe,R1,2,E3_18982_V1
1,0.05,1.05648435705721,5000,5000,5000,254,292,-0.00470955921014432,0.634873356676579,0.0371723955826766,0.65008481312303,0.0418819547928209,0.0651834766403869,0.9999999999957,0.9999999999941,0.0499999999956995,0.0548733650298549,0,0,0,0,1,1.5,10,70,4.38570660024463,10,642.296882680845,64.2296882680845,2,2,119101,42,0.642296882680845,positive-range exact R0 / positive-range exact R0,19101,10,1,10000,1,1,1,1,0,0.0508,0.0584,0.0508,0.0584,0.0499999999959145,0.0548733650301787,0.0450508366853607,0.0572388667420786,0.0522328329905503,0.0652452013673242,0.0450508366853607,0.0572388667420786,0.0522328329905503,0.0652452013673242,0.999232298054943,1,0.999232298054943,1,1,0,V0,all,0.05,L2-C,severe,R0,2,E3_19101_V1
1,0.05,1.49409450618533,5000,5000,5000,251,299,-0.00284291352898752,0.919288300072354,0.0286041300308788,0.924452347125998,0.0314470435598663,0.0341120864920144,0.999999999991399,0.9999999999898,0.0499999999956994,0.0534086143506508,0,0,0,0,1,1.5,10,70,4.38570660024463,10,642.296882680845,64.2296882680845,2,2,119102,42,0.908344962557212,positive-range quadrature R1 / positive-range quadrature R1,19102,10,2,10000,1,1,1,1,0,0.0502,0.0598,0.0502,0.0598,0.0499999999961295,0.0534086143511956,0.0444853421500697,0.0566052825197037,0.05355938263636,0.0667165021560683,0.0444853421500697,0.0566052825197037,0.05355938263636,0.0667165021560683,0.999232298054943,1,0.999232298054943,1,1,0,V0,all,0.05,L2-C,severe,R1,2,E3_19102_V1
1,0.05,1.05648435705721,5000,5000,5000,239,333,-0.00232542957157299,0.628038052114934,0.100020993299366,0.635392033498254,0.102346422870938,0.162010847034758,0.9999999999957,0.999999999988963,0.0499999999956995,0.0657401089702264,0,0,0,0,1,1.5,30,70,4.38570660024463,10,642.296882680845,64.2296882680845,2,2,119181,42,0.642296882680845,positive-range exact R0 / positive-range exact R0,19181,10,1,10000,1,1,1,1,0,0.0478,0.0666,0.0478,0.0666,0.0499999999959145,0.065740108970952,0.0422257872975776,0.054068522341532,0.0600164755376485,0.073848968508327,0.0422257872975776,0.054068522341532,0.0600164755376485,0.073848968508327,0.999232298054943,1,0.999232298054943,1,1,0,V0,all,0.05,L2-C,severe,R0,2,E3_19181_V1
1,0.05,1.49409450618533,5000,5000,5000,247,292,-0.0193943403477356,0.908311313913616,0.0983101738310119,0.911361538506519,0.117704514178748,0.129368692464551,0.999999999991399,0.999999999984662,0.0499999999956994,0.0607763842979128,0,0,0,0,1,1.5,30,70,4.38570660024463,10,642.296882680845,64.2296882680845,2,2,119182,42,0.908344962557212,positive-range quadrature R1 / positive-range quadrature R1,19182,10,2,10000,1,1,1,1,0,0.0494,0.0584,0.0494,0.0584,0.0499999999961295,0.0607763842988449,0.043731720637967,0.0557601323549184,0.0522328329905503,0.0652452013673242,0.043731720637967,0.0557601323549184,0.0522328329905503,0.0652452013673242,0.999232298054943,1,0.999232298054943,1,1,0,V0,all,0.05,L2-C,severe,R1,2,E3_19182_V1
