validity_index,pfa_target,threshold,N_total,N_valid_dry,N_valid_ice,false_alarm_count,detection_count,mean_dry,std_dry,mean_ice,std_ice,separation,d_prime,coverage_dry_theory,coverage_ice_theory,P_FA_all_theory,P_D_all_theory,physical_invalid_dry,physical_invalid_ice,stress_invalid_dry,stress_invalid_ice,p_valid_stress,H_m,thickness_mm,angle_deg,slant_range_m,sigma0_mm,sigma_eff_mm,sigma_amplification,p,q,stream_id,master_seed,sigma_score_m,theory_method,core_id,family_index,reference_index,N_valid,coverage_dry,coverage_ice,coverage,valid_rate,unknown_rate,P_FA,P_D,P_FA_all,P_D_all,P_FA_theory,P_D_theory,P_FA_CI_low,P_FA_CI_high,P_D_CI_low,P_D_CI_high,P_FA_all_CI_low,P_FA_all_CI_high,P_D_all_CI_low,P_D_all_CI_high,coverage_dry_CI_low,coverage_dry_CI_high,coverage_ice_CI_low,coverage_ice_CI_high,conditional_precision_met,gaussian_range_warning,validity_mode,validity_severity,pilot_or_final_pfa_target,stress_family,stress_severity,reference_mode,model_level,scenario_id
1,0.05,0.0164485362695147,5000,5000,5000,238,1342,-9.0064376111797e-05,0.0100559095275798,0.01022105739492,0.0100276283153053,0.0103111217710318,1.02682222907156,1,1,0.05,0.259511022841444,0,0,0,0,1,1.5,10,0,1.5,10,10,1,0,0,100141,42,0.01,Gaussian (discarded tail <= 1e-12) / Gaussian (discarded tail <= 1e-12),141,1,1,10000,1,1,1,1,0,0.0476,0.2684,0.0476,0.2684,0.05,0.259511022841444,0.0420376715417821,0.0538569451781056,0.256298603046723,0.280856996494227,0.0420376715417821,0.0538569451781056,0.256298603046723,0.280856996494227,0.999232298054943,1,0.999232298054943,1,1,0,V0,all,0.05,L1,baseline,R0,1,E3_00141_V1
1,0.05,0.0232617430735335,5000,5000,5000,229,882,-0.000132881953979503,0.0140985959298088,0.00997639347655998,0.0143872578269949,0.0101092754305395,0.709738700850157,1,1,0.05,0.174187261617932,0,0,0,0,1,1.5,10,0,1.5,10,10,1,0,0,100142,42,0.014142135623731,Gaussian (discarded tail <= 1e-12) / Gaussian (discarded tail <= 1e-12),142,1,2,10000,1,1,1,1,0,0.0458,0.1764,0.0458,0.1764,0.05,0.174187261617932,0.0403459347014957,0.0519514457453942,0.166084537539846,0.187212319158995,0.0403459347014957,0.0519514457453942,0.166084537539846,0.187212319158995,0.999232298054943,1,0.999232298054943,1,1,0,V0,all,0.05,L1,baseline,R1,1,E3_00142_V1
1,0.05,0.0164485362695147,5000,5000,5000,257,1312,-7.57075932979737e-05,0.0100906052749267,0.0102799145681786,0.0100082556879658,0.0103556221614766,1.03045991117612,1,1,0.05,0.264534768208324,0,0,0,0,1,1.5,10,10,1.52313991782862,10,10,1,0,0,100381,42,0.01,Gaussian (discarded tail <= 1e-12) / Gaussian (discarded tail <= 1e-12),381,1,1,10000,1,1,1,1,0,0.0514,0.2624,0.0514,0.2624,0.05,0.264534768208324,0.0456165654284363,0.057872216756669,0.250391462751664,0.274773349212627,0.0456165654284363,0.057872216756669,0.250391462751664,0.274773349212627,0.999232298054943,1,0.999232298054943,1,1,0,V0,all,0.05,L1,baseline,R0,1,E3_00381_V1
1,0.05,0.0232617430735335,5000,5000,5000,261,871,0.000202097019271859,0.014194339978981,0.0102426385125594,0.0140285487199508,0.0100405414932875,0.711505357595179,1,1,0.05,0.177005174328685,0,0,0,0,1,1.5,10,10,1.52313991782862,10,10,1,0,0,100382,42,0.014142135623731,Gaussian (discarded tail <= 1e-12) / Gaussian (discarded tail <= 1e-12),382,1,2,10000,1,1,1,1,0,0.0522,0.1742,0.0522,0.1742,0.05,0.177005174328685,0.0463712280942276,0.0587163257677656,0.163938227328638,0.184962007258761,0.0463712280942276,0.0587163257677656,0.163938227328638,0.184962007258761,0.999232298054943,1,0.999232298054943,1,1,0,V0,all,0.05,L1,baseline,R1,1,E3_00382_V1
1,0.05,0.0164485362695147,5000,5000,5000,261,1376,9.88150281182143e-05,0.0100234386160923,0.0105639896323182,0.0099746089179717,0.0104651746042,1.04661651491351,1,1,0.05,0.280729469000847,0,0,0,0,1,1.5,10,20,1.59626665871387,10,10,1,0,0,100621,42,0.01,Gaussian (discarded tail <= 1e-12) / Gaussian (discarded tail <= 1e-12),621,1,1,10000,1,1,1,1,0,0.0522,0.2752,0.0522,0.2752,0.05,0.280729469000847,0.0463712280942276,0.0587163257677656,0.262996819969598,0.2877483388249,0.0463712280942276,0.0587163257677656,0.262996819969598,0.2877483388249,0.999232298054943,1,0.999232298054943,1,1,0,V0,all,0.05,L1,baseline,R0,1,E3_00621_V1
1,0.05,0.0232617430735335,5000,5000,5000,229,913,-0.000190423780758459,0.0139217660014655,0.0104776179572067,0.014413820576927,0.0106680417379652,0.752864853372788,1,1,0.05,0.186098312006579,0,0,0,0,1,1.5,10,20,1.59626665871387,10,10,1,0,0,100622,42,0.014142135623731,Gaussian (discarded tail <= 1e-12) / Gaussian (discarded tail <= 1e-12),622,1,2,10000,1,1,1,1,0,0.0458,0.1826,0.0458,0.1826,0.05,0.186098312006579,0.0403459347014957,0.0519514457453942,0.17213645384061,0.193550883354113,0.0403459347014957,0.0519514457453942,0.17213645384061,0.193550883354113,0.999232298054943,1,0.999232298054943,1,1,0,V0,all,0.05,L1,baseline,R1,1,E3_00622_V1
1,0.05,0.0164485362695147,5000,5000,5000,256,1568,-0.000137115217489581,0.0101945349255821,0.0114918951251261,0.0100361957963416,0.0116290103426157,1.1496029818802,1,1,0.05,0.312012786818453,0,0,0,0,1,1.5,10,30,1.73205080756888,10,10,1,0,0,100861,42,0.01,Gaussian (discarded tail <= 1e-12) / Gaussian (discarded tail <= 1e-12),861,1,1,10000,1,1,1,1,0,0.0512,0.3136,0.0512,0.3136,0.05,0.312012786818453,0.0454279633979573,0.057661125867926,0.300887276432859,0.326598922852258,0.0454279633979573,0.057661125867926,0.300887276432859,0.326598922852258,0.999232298054943,1,0.999232298054943,1,1,0,V0,all,0.05,L1,baseline,R0,1,E3_00861_V1
1,0.05,0.0232617430735335,5000,5000,5000,229,1023,-0.000106168373167604,0.0139225107602286,0.0114739481205804,0.0142417174213521,0.011580116493748,0.822275173575198,1,1,0.05,0.203734162463038,0,0,0,0,1,1.5,10,30,1.73205080756888,10,10,1,0,0,100862,42,0.014142135623731,Gaussian (discarded tail <= 1e-12) / Gaussian (discarded tail <= 1e-12),862,1,2,10000,1,1,1,1,0,0.0458,0.2046,0.0458,0.2046,0.05,0.203734162463038,0.0403459347014957,0.0519514457453942,0.193647049605547,0.216006508703592,0.0403459347014957,0.0519514457453942,0.193647049605547,0.216006508703592,0.999232298054943,1,0.999232298054943,1,1,0,V0,all,0.05,L1,baseline,R1,1,E3_00862_V1
1,0.05,0.0164485362695147,5000,5000,5000,236,1884,2.56406812426979e-05,0.0099020311764371,0.0131543072243268,0.00986555958691943,0.0131286665430841,1.32829987778299,1,1,0.05,0.367136758038194,0,0,0,0,1,1.5,10,40,1.95811093399842,10,10,1,0,0,101101,42,0.01,Gaussian (discarded tail <= 1e-12) / Gaussian (discarded tail <= 1e-12),1101,1,1,10000,1,1,1,1,0,0.0472,0.3768,0.0472,0.3768,0.05,0.367136758038194,0.0416615258049748,0.0534337050764689,0.363467665096901,0.390321496662361,0.0416615258049748,0.0534337050764689,0.363467665096901,0.390321496662361,0.999232298054943,1,0.999232298054943,1,1,0,V0,all,0.05,L1,baseline,R0,1,E3_01101_V1
1,0.05,0.0232617430735335,5000,5000,5000,248,1162,9.65675052812279e-05,0.0141236741051884,0.0128142945875455,0.0141056163168439,0.0127177270822643,0.901030404245005,1,1,0.05,0.235211405582594,0,0,0,0,1,1.5,10,40,1.95811093399842,10,10,1,0,0,101102,42,0.014142135623731,Gaussian (discarded tail <= 1e-12) / Gaussian (discarded tail <= 1e-12),1102,1,2,10000,1,1,1,1,0,0.0496,0.2324,0.0496,0.2324,0.05,0.235211405582594,0.0439200857923503,0.0559714601197571,0.220901047325317,0.244309826755677,0.0439200857923503,0.0559714601197571,0.220901047325317,0.244309826755677,0.999232298054943,1,0.999232298054943,1,1,0,V0,all,0.05,L1,baseline,R1,1,E3_01102_V1
1,0.05,0.0164485362695147,5000,5000,5000,243,2333,5.85613014236394e-05,0.0100150503323525,0.0156067055313378,0.0101174420996756,0.0155481442299142,1.54456217475432,1,1,0.05,0.464489377294277,0,0,0,0,1,1.5,10,50,2.33358574029062,10,10,1,0,0,101341,42,0.01,Gaussian (discarded tail <= 1e-12) / Gaussian (discarded tail <= 1e-12),1341,1,1,10000,1,1,1,1,0,0.0486,0.4666,0.0486,0.4666,0.05,0.464489377294277,0.0429785323075291,0.0549145490084684,0.452802843910276,0.480448438579654,0.0429785323075291,0.0549145490084684,0.452802843910276,0.480448438579654,0.999232298054943,1,0.999232298054943,1,1,0,V0,all,0.05,L1,baseline,R0,1,E3_01341_V1
1,0.05,0.0232617430735335,5000,5000,5000,243,1464,-5.99794533914545e-05,0.0139953639252825,0.0156617594517172,0.0141757317347627,0.0157217389051086,1.11613810577036,1,1,0.05,0.292948717417968,0,0,0,0,1,1.5,10,50,2.33358574029062,10,10,1,0,0,101342,42,0.014142135623731,Gaussian (discarded tail <= 1e-12) / Gaussian (discarded tail <= 1e-12),1342,1,2,10000,1,1,1,1,0,0.0486,0.2928,0.0486,0.2928,0.05,0.292948717417968,0.0429785323075291,0.0549145490084684,0.280349867560283,0.305568268125749,0.0429785323075291,0.0549145490084684,0.280349867560283,0.305568268125749,0.999232298054943,1,0.999232298054943,1,1,0,V0,all,0.05,L1,baseline,R1,1,E3_01342_V1
1,0.05,0.0164485362695147,5000,5000,5000,267,3163,2.88163000341784e-05,0.00995319152847274,0.0198774666756687,0.0101013935789157,0.0198486503756345,1.97940853057422,1,1,0.05,0.638760031312336,0,0,0,0,1,1.5,10,60,3,10,10,1,0,0,101581,42,0.01,Gaussian (discarded tail <= 1e-12) / Gaussian (discarded tail <= 1e-12),1581,1,1,10000,1,1,1,1,0,0.0534,0.6326,0.0534,0.6326,0.05,0.638760031312336,0.0475039707136969,0.0599817406636281,0.61914015159557,0.645856253848601,0.0475039707136969,0.0599817406636281,0.61914015159557,0.645856253848601,0.999232298054943,1,0.999232298054943,1,1,0,V0,all,0.05,L1,baseline,R0,1,E3_01581_V1
1,0.05,0.0232617430735335,5000,5000,5000,247,2086,-1.76149915882807e-05,0.0142563322714731,0.0202183191620496,0.0142718874505659,0.0202359341536379,1.41866063446602,1,1,0.05,0.408797219793871,0,0,0,0,1,1.5,10,60,3,10,10,1,0,0,101582,42,0.014142135623731,Gaussian (discarded tail <= 1e-12) / Gaussian (discarded tail <= 1e-12),1582,1,2,10000,1,1,1,1,0,0.0494,0.4172,0.0494,0.4172,0.05,0.408797219793871,0.043731720637967,0.0557601323549184,0.403600978661413,0.430926152780688,0.043731720637967,0.0557601323549184,0.403600978661413,0.430926152780688,0.999232298054943,1,0.999232298054943,1,1,0,V0,all,0.05,L1,baseline,R1,1,E3_01582_V1
1,0.05,0.0164485362695147,5000,5000,5000,245,4497,-7.86839187419812e-05,0.00991641834820439,0.029211524195811,0.0100249617917525,0.029290208114553,2.93758747078171,1,1,0.05,0.899542804294139,0,0,0,0,1,1.5,10,70,4.38570660024463,10,10,1,0,0,101821,42,0.01,Gaussian (discarded tail <= 1e-12) / Gaussian (discarded tail <= 1e-12),1821,1,1,10000,1,1,1,1,0,0.049,0.8994,0.049,0.8994,0.05,0.899542804294139,0.0433550717009474,0.0553373954534942,0.890753391141913,0.907433368544375,0.0433550717009474,0.0553373954534942,0.890753391141913,0.907433368544375,0.999232298054943,1,0.999232298054943,1,1,0,V0,all,0.05,L1,baseline,R0,1,E3_01821_V1
1,0.05,0.0232617430735335,5000,5000,5000,258,3336,6.32505138458706e-05,0.0142432025893918,0.0292919124351343,0.0141829473218218,0.0292286619212885,2.05645832080405,1,1,0.05,0.66370216460166,0,0,0,0,1,1.5,10,70,4.38570660024463,10,10,1,0,0,101822,42,0.014142135623731,Gaussian (discarded tail <= 1e-12) / Gaussian (discarded tail <= 1e-12),1822,1,2,10000,1,1,1,1,0,0.0516,0.6672,0.0516,0.6672,0.05,0.66370216460166,0.0458051930526966,0.0580832820516306,0.654014833207419,0.680128447262153,0.0458051930526966,0.0580832820516306,0.654014833207419,0.680128447262153,0.999232298054943,1,0.999232298054943,1,1,0,V0,all,0.05,L1,baseline,R1,1,E3_01822_V1
1,0.05,0.0164485362695147,5000,5000,5000,240,1259,-4.9538628516307e-05,0.010028234868846,0.00975183558105264,0.00999540685029174,0.00980137420956895,0.978978866563633,1,1,0.05,0.259511022841444,0,0,0,0,1,1.5,10,0,1.5,10,10,1,0.5,0,102061,42,0.01,Gaussian (discarded tail <= 1e-12) / Gaussian (discarded tail <= 1e-12),2061,2,1,10000,1,1,1,1,0,0.048,0.2518,0.048,0.2518,0.05,0.259511022841444,0.042413931418708,0.0542800711396237,0.239962706495223,0.264018380750303,0.042413931418708,0.0542800711396237,0.239962706495223,0.264018380750303,0.999232298054943,1,0.999232298054943,1,1,0,V0,all,0.05,L2-A,mild,R0,2,E3_02061_V1
1,0.05,0.0232617430735335,5000,5000,5000,264,829,0.000145738976733306,0.01400462118244,0.00963881461981213,0.0141621871975913,0.00949307564307883,0.674050604823862,1,1,0.05,0.174187261617932,0,0,0,0,1,1.5,10,0,1.5,10,10,1,0.5,0,102062,42,0.014142135623731,Gaussian (discarded tail <= 1e-12) / Gaussian (discarded tail <= 1e-12),2062,2,2,10000,1,1,1,1,0,0.0528,0.1658,0.0528,0.1658,0.05,0.174187261617932,0.0469374885167706,0.0593491441028885,0.155748949461432,0.176364182518644,0.0469374885167706,0.0593491441028885,0.155748949461432,0.176364182518644,0.999232298054943,1,0.999232298054943,1,1,0,V0,all,0.05,L2-A,mild,R1,2,E3_02062_V1
1,0.05,0.0165749232966604,5000,5000,5000,236,1333,9.56144906114728e-05,0.010044539539182,0.010175910182939,0.0100932210476554,0.0100802956923276,1.00113080545079,1,1,0.05,0.262007109943047,0,0,0,0,1,1.5,10,10,1.52313991782862,10,10.0768378566182,1.00768378566182,0.5,0,102301,42,0.0100768378566182,Gaussian (discarded tail <= 1e-12) / Gaussian (discarded tail <= 1e-12),2301,2,1,10000,1,1,1,1,0,0.0472,0.2666,0.0472,0.2666,0.05,0.262007109943047,0.0416615258049748,0.0534337050764689,0.254526157560216,0.279032205707737,0.0416615258049748,0.0534337050764689,0.254526157560216,0.279032205707737,0.999232298054943,1,0.999232298054943,1,1,0,V0,all,0.05,L2-A,mild,R0,2,E3_02301_V1
1,0.05,0.0234404813214309,5000,5000,5000,266,850,-8.52259416653577e-05,0.0144073938708526,0.00980128036887409,0.0144393974117881,0.00988650631053945,0.68544886877236,1,1,0.05,0.175587243532936,0,0,0,0,1,1.5,10,10,1.52313991782862,10,10.0768378566182,1.00768378566182,0.5,0,102302,42,0.0142508007626641,Gaussian (discarded tail <= 1e-12) / Gaussian (discarded tail <= 1e-12),2302,2,2,10000,1,1,1,1,0,0.0532,0.17,0.0532,0.17,0.05,0.175587243532936,0.0473151188916038,0.0597708995664993,0.159842437433537,0.180664245850201,0.0473151188916038,0.0597708995664993,0.159842437433537,0.180664245850201,0.999232298054943,1,0.999232298054943,1,1,0,V0,all,0.05,L2-A,mild,R1,2,E3_02302_V1
1,0.05,0.0169681442895682,5000,5000,5000,265,1349,0.00010341268058395,0.0103482634357196,0.0106547373060612,0.0104282088325754,0.0105513246254773,1.01569182464043,1,1,0.05,0.269850994890409,0,0,0,0,1,1.5,10,20,1.59626665871387,10,10.3158992457076,1.03158992457076,0.5,0,102541,42,0.0103158992457076,Gaussian (discarded tail <= 1e-12) / Gaussian (discarded tail <= 1e-12),2541,2,1,10000,1,1,1,1,0,0.053,0.2698,0.053,0.2698,0.05,0.269850994890409,0.0471262914493397,0.0595600340895414,0.257677349970905,0.282276100004599,0.0471262914493397,0.0595600340895414,0.257677349970905,0.282276100004599,0.999232298054943,1,0.999232298054943,1,1,0,V0,all,0.05,L2-A,mild,R0,2,E3_02541_V1
1,0.05,0.0239965797826109,5000,5000,5000,228,883,-3.89410419543912e-05,0.0143082720435934,0.0107235051828923,0.0144496982550583,0.0107624462248467,0.748475359796266,1,1,0.05,0.179988373805052,0,0,0,0,1,1.5,10,20,1.59626665871387,10,10.3158992457076,1.03158992457076,0.5,0,102542,42,0.0145888846213541,Gaussian (discarded tail <= 1e-12) / Gaussian (discarded tail <= 1e-12),2542,2,2,10000,1,1,1,1,0,0.0456,0.1766,0.0456,0.1766,0.05,0.179988373805052,0.0401581122081757,0.0517395753194923,0.166279686757437,0.187416862860626,0.0401581122081757,0.0517395753194923,0.166279686757437,0.187416862860626,0.999232298054943,1,0.999232298054943,1,1,0,V0,all,0.05,L2-A,mild,R1,2,E3_02542_V1
1,0.05,0.0176751024977295,5000,5000,5000,237,1410,-0.000153321158932748,0.010696457779973,0.0114208341242853,0.0106415903344546,0.011574155283218,1.08483371658978,1,1,0.05,0.284242648910485,0,0,0,0,1,1.5,10,30,1.73205080756888,10,10.7456993182354,1.07456993182354,0.5,0,102781,42,0.0107456993182354,Gaussian (discarded tail <= 1e-12) / Gaussian (discarded tail <= 1e-12),2781,2,1,10000,1,1,1,1,0,0.0474,0.282,0.0474,0.282,0.05,0.284242648910485,0.0418495843205747,0.053645339480091,0.2696986290137,0.294636089034345,0.0418495843205747,0.053645339480091,0.2696986290137,0.294636089034345,0.999232298054943,1,0.999232298054943,1,1,0,V0,all,0.05,L2-A,mild,R0,2,E3_02781_V1
1,0.05,0.0249963696686236,5000,5000,5000,251,931,-7.4601199347979e-05,0.0151223421425196,0.0115280902820111,0.0150517650393861,0.0116026914813591,0.769047426852313,1,1,0.05,0.188073477463303,0,0,0,0,1,1.5,10,30,1.73205080756888,10,10.7456993182354,1.07456993182354,0.5,0,102782,42,0.0151967137130319,Gaussian (discarded tail <= 1e-12) / Gaussian (discarded tail <= 1e-12),2782,2,2,10000,1,1,1,1,0,0.0502,0.1862,0.0502,0.1862,0.05,0.188073477463303,0.0444853421500697,0.0566052825197037,0.175652597630471,0.197229212110247,0.0444853421500697,0.0566052825197037,0.175652597630471,0.197229212110247,0.999232298054943,1,0.999232298054943,1,1,0,V0,all,0.05,L2-A,mild,R1,2,E3_02782_V1
1,0.05,0.0187931800038774,5000,5000,5000,255,1590,-4.8946461819335e-05,0.0116613872943741,0.0132720497256067,0.0116186028267014,0.013320996187426,1.14441403297715,1,1,0.05,0.30772494575809,0,0,0,0,1,1.5,10,40,1.95811093399842,10,11.4254421767049,1.14254421767049,0.5,0,103021,42,0.0114254421767049,Gaussian (discarded tail <= 1e-12) / Gaussian (discarded tail <= 1e-12),3021,2,1,10000,1,1,1,1,0,0.051,0.318,0.051,0.318,0.05,0.30772494575809,0.0452393871026712,0.0574500092439901,0.305235627473318,0.331043816034683,0.0452393871026712,0.0574500092439901,0.305235627473318,0.331043816034683,0.999232298054943,1,0.999232298054943,1,1,0,V0,all,0.05,L2-A,mild,R0,2,E3_03021_V1
1,0.05,0.0265775700416023,5000,5000,5000,265,1074,-0.000163129573633712,0.0163349637044843,0.0136865323457374,0.0161377262025296,0.0138496619193711,0.852987940894385,1,1,0.05,0.201309532177431,0,0,0,0,1,1.5,10,40,1.95811093399842,10,11.4254421767049,1.14254421767049,0.5,0,103022,42,0.0161580152824057,Gaussian (discarded tail <= 1e-12) / Gaussian (discarded tail <= 1e-12),3022,2,2,10000,1,1,1,1,0,0.053,0.2148,0.053,0.2148,0.05,0.201309532177431,0.0471262914493397,0.0595600340895414,0.203637855258221,0.22640004193124,0.0471262914493397,0.0595600340895414,0.203637855258221,0.22640004193124,0.999232298054943,1,0.999232298054943,1,1,0,V0,all,0.05,L2-A,mild,R1,2,E3_03022_V1
1,0.05,0.0205160386433211,5000,5000,5000,237,1739,-4.73545547179634e-05,0.0124504793598859,0.0156016239854734,0.0124445784772938,0.0156489785401914,1.25719556089677,1,1,0.05,0.345474679684664,0,0,0,0,1,1.5,10,50,2.33358574029062,10,12.4728658569729,1.24728658569729,0.5,0,103261,42,0.0124728658569729,Gaussian (discarded tail <= 1e-12) / Gaussian (discarded tail <= 1e-12),3261,2,1,10000,1,1,1,1,0,0.0474,0.3478,0.0474,0.3478,0.05,0.345474679684664,0.0418495843205747,0.053645339480091,0.33472004742337,0.361113641048706,0.0418495843205747,0.053645339480091,0.33472004742337,0.361113641048706,0.999232298054943,1,0.999232298054943,1,1,0,V0,all,0.05,L2-A,mild,R0,2,E3_03261_V1
1,0.05,0.0290140600955552,5000,5000,5000,240,1090,-0.000152297769808979,0.0176395978400316,0.01563077428288,0.0177132819715949,0.015783072052689,0.892885550223519,1,1,0.05,0.222764850916982,0,0,0,0,1,1.5,10,50,2.33358574029062,10,12.4728658569729,1.24728658569729,0.5,0,103262,42,0.0176392960565914,Gaussian (discarded tail <= 1e-12) / Gaussian (discarded tail <= 1e-12),3262,2,2,10000,1,1,1,1,0,0.048,0.218,0.048,0.218,0.05,0.222764850916982,0.042413931418708,0.0542800711396237,0.206774393122271,0.229658590774741,0.042413931418708,0.0542800711396237,0.206774393122271,0.229658590774741,0.999232298054943,1,0.999232298054943,1,1,0,V0,all,0.05,L2-A,mild,R1,2,E3_03262_V1
1,0.05,0.0232617430735335,5000,5000,5000,242,2008,-0.000321061072621575,0.0142243053862577,0.0199051827382018,0.0140797907371247,0.0202262438108233,1.42919103216392,1,1,0.05,0.408797219793871,0,0,0,0,1,1.5,10,60,3,10,14.1421356237309,1.41421356237309,0.5,0,103501,42,0.0141421356237309,Gaussian (discarded tail <= 1e-12) / Gaussian (discarded tail <= 1e-12),3501,2,1,10000,1,1,1,1,0,0.0484,0.4016,0.0484,0.4016,0.05,0.408797219793871,0.0427903040886361,0.0547030843081395,0.388092542471648,0.415258541271139,0.0427903040886361,0.0547030843081395,0.388092542471648,0.415258541271139,0.999232298054943,1,0.999232298054943,1,1,0,V0,all,0.05,L2-A,mild,R0,2,E3_03501_V1
1,0.05,0.0328970725390295,5000,5000,5000,237,1318,-0.000236306302555866,0.0198348931667923,0.0202825112600984,0.0200558794138453,0.0205188175626542,1.02873428562225,1,1,0.05,0.259511022841444,0,0,0,0,1,1.5,10,60,3,10,14.1421356237309,1.41421356237309,0.5,0,103502,42,0.02,Gaussian (discarded tail <= 1e-12) / Gaussian (discarded tail <= 1e-12),3502,2,2,10000,1,1,1,1,0,0.0474,0.2636,0.0474,0.2636,0.05,0.259511022841444,0.0418495843205747,0.053645339480091,0.251572658814129,0.275990310665494,0.0418495843205747,0.053645339480091,0.251572658814129,0.275990310665494,0.999232298054943,1,0.999232298054943,1,1,0,V0,all,0.05,L2-A,mild,R1,2,E3_03502_V1
1,0.05,0.0281255752935235,5000,5000,5000,230,2601,-0.000216340740435272,0.0169254973884014,0.0288461812267807,0.0171769833394184,0.029062521967216,1.70437640544367,1,1,0.05,0.52593686123236,0,0,0,0,1,1.5,10,70,4.38570660024463,10,17.0991356511465,1.70991356511465,0.5,0,103741,42,0.0170991356511465,Gaussian (discarded tail <= 1e-12) / Gaussian (discarded tail <= 1e-12),3741,2,1,10000,1,1,1,1,0,0.046,0.5202,0.046,0.5202,0.05,0.52593686123236,0.0405337873353779,0.052163286030734,0.506342076676063,0.534026908165356,0.0405337873353779,0.052163286030734,0.506342076676063,0.534026908165356,0.999232298054943,1,0.999232298054943,1,1,0,V0,all,0.05,L2-A,mild,R0,2,E3_03741_V1
1,0.05,0.0397755700296466,5000,5000,5000,238,1691,-0.000232092192890912,0.0240525852387064,0.0298920078019239,0.0239202130243055,0.0301240999948148,1.25587776432483,1,1,0.05,0.331504654145821,0,0,0,0,1,1.5,10,70,4.38570660024463,10,17.0991356511465,1.70991356511465,0.5,0,103742,42,0.0241818295427087,Gaussian (discarded tail <= 1e-12) / Gaussian (discarded tail <= 1e-12),3742,2,2,10000,1,1,1,1,0,0.0476,0.3382,0.0476,0.3382,0.05,0.331504654145821,0.0420376715417821,0.0538569451781056,0.325215321698328,0.351433106651093,0.0420376715417821,0.0538569451781056,0.325215321698328,0.351433106651093,0.999232298054943,1,0.999232298054943,1,1,0,V0,all,0.05,L2-A,mild,R1,2,E3_03742_V1
1,0.05,0.0164485362695147,5000,5000,5000,266,1305,0.00018140839804834,0.0100151030612628,0.00981188901176329,0.0101469908747637,0.00963048061371495,0.955285161228954,1,1,0.05,0.259511022841444,0,0,0,0,1,1.5,10,0,1.5,10,10,1,1,0,103981,42,0.01,Gaussian (discarded tail <= 1e-12) / Gaussian (discarded tail <= 1e-12),3981,3,1,10000,1,1,1,1,0,0.0532,0.261,0.0532,0.261,0.05,0.259511022841444,0.0473151188916038,0.0597708995664993,0.249013548610097,0.273353412919641,0.0473151188916038,0.0597708995664993,0.249013548610097,0.273353412919641,0.999232298054943,1,0.999232298054943,1,1,0,V0,all,0.05,L2-A,moderate,R0,2,E3_03981_V1
1,0.05,0.0232617430735335,5000,5000,5000,248,910,0.000333290035681901,0.0140190728439186,0.0102880690709555,0.0145478398958506,0.00995477903527363,0.696825327417181,1,1,0.05,0.174187261617932,0,0,0,0,1,1.5,10,0,1.5,10,10,1,1,0,103982,42,0.014142135623731,Gaussian (discarded tail <= 1e-12) / Gaussian (discarded tail <= 1e-12),3982,3,2,10000,1,1,1,1,0,0.0496,0.182,0.0496,0.182,0.05,0.174187261617932,0.0439200857923503,0.0559714601197571,0.171550580048694,0.192937678388362,0.0439200857923503,0.0559714601197571,0.171550580048694,0.192937678388362,0.999232298054943,1,0.999232298054943,1,1,0,V0,all,0.05,L2-A,moderate,R1,2,E3_03982_V1
1,0.05,0.0167022814546331,5000,5000,5000,242,1277,0.000120716181589636,0.0101109352215723,0.00985555904996981,0.0102946051401467,0.00973484286838017,0.954098580339642,1,1,0.05,0.259511022841442,0,0,0,0,1,1.5,10,10,1.52313991782862,10,10.1542661188575,1.01542661188575,1,0,104221,42,0.0101542661188575,Gaussian (discarded tail <= 1e-12) / Gaussian (discarded tail <= 1e-12),4221,3,1,10000,1,1,1,1,0,0.0484,0.2554,0.0484,0.2554,0.05,0.259511022841442,0.0427903040886361,0.0547030843081395,0.243503501470865,0.267672058320657,0.0427903040886361,0.0547030843081395,0.243503501470865,0.267672058320657,0.999232298054943,1,0.999232298054943,1,1,0,V0,all,0.05,L2-A,moderate,R0,2,E3_04221_V1
1,0.05,0.0236205929557148,5000,5000,5000,243,855,-0.000160658576045168,0.0143049234148297,0.00989225579512718,0.0143261809120978,0.0100529143711723,0.702237083526509,1,1,0.05,0.174187261617931,0,0,0,0,1,1.5,10,10,1.52313991782862,10,10.1542661188575,1.01542661188575,1,0,104222,42,0.0143603008612338,Gaussian (discarded tail <= 1e-12) / Gaussian (discarded tail <= 1e-12),4222,3,2,10000,1,1,1,1,0,0.0486,0.171,0.0486,0.171,0.05,0.174187261617931,0.0429785323075291,0.0549145490084684,0.16081741923937,0.181687728640477,0.0429785323075291,0.0549145490084684,0.16081741923937,0.181687728640477,0.999232298054943,1,0.999232298054943,1,1,0,V0,all,0.05,L2-A,moderate,R1,2,E3_04222_V1
1,0.05,0.0175041666877814,5000,5000,5000,236,1369,-3.05359944918854e-05,0.0106371817709955,0.0109041720118241,0.0106137318346432,0.010934708006316,1.02910411776465,1,1,0.05,0.259511022841445,0,0,0,0,1,1.5,10,20,1.59626665871387,10,10.6417777247591,1.06417777247591,1,0,104461,42,0.0106417777247591,Gaussian (discarded tail <= 1e-12) / Gaussian (discarded tail <= 1e-12),4461,3,1,10000,1,1,1,1,0,0.0472,0.2738,0.0472,0.2738,0.05,0.259511022841445,0.0416615258049748,0.0534337050764689,0.261617478941297,0.286329829418647,0.0416615258049748,0.0534337050764689,0.261617478941297,0.286329829418647,0.999232298054943,1,0.999232298054943,1,1,0,V0,all,0.05,L2-A,moderate,R0,2,E3_04461_V1
1,0.05,0.0247546299278998,5000,5000,5000,257,859,0.000156163555994999,0.015124352108821,0.0106766491415269,0.014834007664672,0.0105204855855319,0.702307577614507,1,1,0.05,0.174187261617933,0,0,0,0,1,1.5,10,20,1.59626665871387,10,10.6417777247591,1.06417777247591,1,0,104462,42,0.0150497463861142,Gaussian (discarded tail <= 1e-12) / Gaussian (discarded tail <= 1e-12),4462,3,2,10000,1,1,1,1,0,0.0514,0.1718,0.0514,0.1718,0.05,0.174187261617933,0.0456165654284363,0.057872216756669,0.16159749801633,0.182506421540405,0.0456165654284363,0.057872216756669,0.16159749801633,0.182506421540405,0.999232298054943,1,0.999232298054943,1,1,0,V0,all,0.05,L2-A,moderate,R1,2,E3_04462_V1
1,0.05,0.0189931336859593,5000,5000,5000,228,1271,-0.000243278413290223,0.0114134268851502,0.0113758905041445,0.0115352484479432,0.0116191689174347,1.0126079210356,1,1,0.05,0.259511022841444,0,0,0,0,1,1.5,10,30,1.73205080756888,10,11.5470053837925,1.15470053837925,1,0,104701,42,0.0115470053837925,Gaussian (discarded tail <= 1e-12) / Gaussian (discarded tail <= 1e-12),4701,3,1,10000,1,1,1,1,0,0.0456,0.2542,0.0456,0.2542,0.05,0.259511022841444,0.0401581122081757,0.0517395753194923,0.242323115589103,0.266454286687087,0.0401581122081757,0.0517395753194923,0.242323115589103,0.266454286687087,0.999232298054943,1,0.999232298054943,1,1,0,V0,all,0.05,L2-A,moderate,R0,2,E3_04701_V1
1,0.05,0.0268603472506489,5000,5000,5000,258,914,-9.18656943809203e-05,0.0164913598586967,0.0114733775212844,0.0166699485987504,0.0115652432156654,0.697504172372617,1,1,0.05,0.174187261617932,0,0,0,0,1,1.5,10,30,1.73205080756888,10,11.5470053837925,1.15470053837925,1,0,104702,42,0.0163299316185545,Gaussian (discarded tail <= 1e-12) / Gaussian (discarded tail <= 1e-12),4702,3,2,10000,1,1,1,1,0,0.0516,0.1828,0.0516,0.1828,0.05,0.174187261617932,0.0458051930526966,0.0580832820516306,0.172331754707912,0.193755275406032,0.0458051930526966,0.0580832820516306,0.172331754707912,0.193755275406032,0.999232298054943,1,0.999232298054943,1,1,0,V0,all,0.05,L2-A,moderate,R1,2,E3_04702_V1
1,0.05,0.0214720391450709,5000,5000,5000,247,1329,-8.69145395490549e-05,0.0130753475469653,0.013186925887441,0.0132118424260645,0.0132738404269901,1.00989580877706,1,1,0.05,0.259511022841445,0,0,0,0,1,1.5,10,40,1.95811093399842,10,13.0540728933228,1.30540728933228,1,0,104941,42,0.0130540728933228,Gaussian (discarded tail <= 1e-12) / Gaussian (discarded tail <= 1e-12),4941,3,1,10000,1,1,1,1,0,0.0494,0.2658,0.0494,0.2658,0.05,0.259511022841445,0.043731720637967,0.0557601323549184,0.253738487144955,0.278221104446109,0.043731720637967,0.0557601323549184,0.253738487144955,0.278221104446109,0.999232298054943,1,0.999232298054943,1,1,0,V0,all,0.05,L2-A,moderate,R0,2,E3_04941_V1
1,0.05,0.0303660489707653,5000,5000,5000,244,870,2.656887557918e-06,0.0181414518996837,0.0129710075202778,0.0185348096633712,0.0129683506327199,0.707138856561121,1,1,0.05,0.174187261617933,0,0,0,0,1,1.5,10,40,1.95811093399842,10,13.0540728933228,1.30540728933228,1,0,104942,42,0.0184612469299441,Gaussian (discarded tail <= 1e-12) / Gaussian (discarded tail <= 1e-12),4942,3,2,10000,1,1,1,1,0,0.0488,0.174,0.0488,0.174,0.05,0.174187261617933,0.0431667882318987,0.0551259860033208,0.163743138502106,0.184757403166071,0.0431667882318987,0.0551259860033208,0.163743138502106,0.184757403166071,0.999232298054943,1,0.999232298054943,1,1,0,V0,all,0.05,L2-A,moderate,R1,2,E3_04942_V1
1,0.05,0.0255893797914617,5000,5000,5000,261,1312,-0.000383995674676604,0.0158536978321041,0.0155060093187333,0.0156500706131821,0.0158900049934099,1.00874745228372,1,1,0.05,0.259511022841446,0,0,0,0,1,1.5,10,50,2.33358574029062,10,15.5572382686041,1.55572382686041,1,0,105181,42,0.0155572382686041,Gaussian (discarded tail <= 1e-12) / Gaussian (discarded tail <= 1e-12),5181,3,1,10000,1,1,1,1,0,0.0522,0.2624,0.0522,0.2624,0.05,0.259511022841446,0.0463712280942276,0.0587163257677656,0.250391462751664,0.274773349212627,0.0463712280942276,0.0587163257677656,0.250391462751664,0.274773349212627,0.999232298054943,1,0.999232298054943,1,1,0,V0,all,0.05,L2-A,moderate,R0,2,E3_05181_V1
1,0.05,0.0361888479538012,5000,5000,5000,233,913,-0.000516401184189966,0.0218205975021085,0.0160714043401587,0.0218676548428002,0.0165878055243487,0.759370998454192,1,1,0.05,0.174187261617933,0,0,0,0,1,1.5,10,50,2.33358574029062,10,15.5572382686041,1.55572382686041,1,0,105182,42,0.0220012573525297,Gaussian (discarded tail <= 1e-12) / Gaussian (discarded tail <= 1e-12),5182,3,2,10000,1,1,1,1,0,0.0466,0.1826,0.0466,0.1826,0.05,0.174187261617933,0.0410975242290518,0.052798627894726,0.17213645384061,0.193550883354113,0.0410975242290518,0.052798627894726,0.17213645384061,0.193550883354113,0.999232298054943,1,0.999232298054943,1,1,0,V0,all,0.05,L2-A,moderate,R1,2,E3_05182_V1
1,0.05,0.0328970725390295,5000,5000,5000,222,1287,-0.000184200065475886,0.0197054433230065,0.0200092692123224,0.0199207507821162,0.0201934692777983,1.01918297527023,1,1,0.05,0.259511022841444,0,0,0,0,1,1.5,10,60,3,10,20,2,1,0,105421,42,0.02,Gaussian (discarded tail <= 1e-12) / Gaussian (discarded tail <= 1e-12),5421,3,1,10000,1,1,1,1,0,0.0444,0.2574,0.0444,0.2574,0.05,0.259511022841444,0.0390318208814263,0.0504677091309097,0.245471077982608,0.269701411001134,0.0390318208814263,0.0504677091309097,0.245471077982608,0.269701411001134,0.999232298054943,1,0.999232298054943,1,1,0,V0,all,0.05,L2-A,moderate,R0,2,E3_05421_V1
1,0.05,0.046523486147067,5000,5000,5000,274,899,-0.000384562546441736,0.0287813781130625,0.0206918336006865,0.0280464698468155,0.0210763961471283,0.741700933663188,1,1,0.05,0.174187261617932,0,0,0,0,1,1.5,10,60,3,10,20,2,1,0,105422,42,0.0282842712474619,Gaussian (discarded tail <= 1e-12) / Gaussian (discarded tail <= 1e-12),5422,3,2,10000,1,1,1,1,0,0.0548,0.1798,0.0548,0.1798,0.05,0.174187261617932,0.0488266054430001,0.0614569563688788,0.169402748253117,0.190688888072497,0.0488266054430001,0.0614569563688788,0.169402748253117,0.190688888072497,0.999232298054943,1,0.999232298054943,1,1,0,V0,all,0.05,L2-A,moderate,R1,2,E3_05422_V1
1,0.05,0.0480923027210493,5000,5000,5000,220,1257,-0.000513230459394276,0.028953519183545,0.028688645817689,0.0293689800071539,0.0292018762770832,1.00136776698566,1,1,0.05,0.259511022841437,0,0,0,0,1,1.5,10,70,4.38570660024463,10,29.2380440016309,2.92380440016309,1,0,105661,42,0.0292380440016309,Gaussian (discarded tail <= 1e-12) / Gaussian (discarded tail <= 1e-12),5661,3,1,10000,1,1,1,1,0,0.044,0.2514,0.044,0.2514,0.05,0.259511022841437,0.0386566403377335,0.0500435038361586,0.239569352238084,0.263612349168998,0.0386566403377335,0.0500435038361586,0.239569352238084,0.263612349168998,0.999232298054943,1,0.999232298054943,1,1,0,V0,all,0.05,L2-A,moderate,R0,2,E3_05661_V1
1,0.05,0.0680127867538604,5000,5000,5000,262,877,0.000366815194770244,0.0418674183399343,0.029512384119803,0.041905828340073,0.0291455689250328,0.695820372650562,1,1,0.05,0.174187261617928,0,0,0,0,1,1.5,10,70,4.38570660024463,10,29.2380440016309,2.92380440016309,1,0,105662,42,0.0413488383643677,Gaussian (discarded tail <= 1e-12) / Gaussian (discarded tail <= 1e-12),5662,3,2,10000,1,1,1,1,0,0.0524,0.1754,0.0524,0.1754,0.05,0.174187261617928,0.0465599567062765,0.0589272900749386,0.165108866518422,0.186189525584309,0.0465599567062765,0.0589272900749386,0.165108866518422,0.186189525584309,0.999232298054943,1,0.999232298054943,1,1,0,V0,all,0.05,L2-A,moderate,R1,2,E3_05662_V1
1,0.05,0.0164485362695147,5000,5000,5000,255,1280,7.53044908076184e-05,0.0100113769869331,0.00981863520119405,0.00988271876436157,0.00974333071038643,0.979499353529129,1,1,0.05,0.259511022841444,0,0,0,0,1,1.5,10,0,1.5,10,10,1,2,0,105901,42,0.01,Gaussian (discarded tail <= 1e-12) / Gaussian (discarded tail <= 1e-12),5901,4,1,10000,1,1,1,1,0,0.051,0.256,0.051,0.256,0.05,0.259511022841444,0.0452393871026712,0.0574500092439901,0.244093739499606,0.268280899049582,0.0452393871026712,0.0574500092439901,0.244093739499606,0.268280899049582,0.999232298054943,1,0.999232298054943,1,1,0,V0,all,0.05,L2-A,severe,R0,2,E3_05901_V1
1,0.05,0.0232617430735335,5000,5000,5000,235,881,-0.000124424803810871,0.0140407515000611,0.0101894301056711,0.014105231615577,0.010313854909482,0.73288098000375,1,1,0.05,0.174187261617932,0,0,0,0,1,1.5,10,0,1.5,10,10,1,2,0,105902,42,0.014142135623731,Gaussian (discarded tail <= 1e-12) / Gaussian (discarded tail <= 1e-12),5902,4,2,10000,1,1,1,1,0,0.047,0.1762,0.047,0.1762,0.05,0.174187261617932,0.0414734961677938,0.053222041794428,0.165889393317769,0.18700777046185,0.0414734961677938,0.053222041794428,0.165889393317769,0.18700777046185,0.999232298054943,1,0.999232298054943,1,1,0,V0,all,0.05,L2-A,severe,R1,2,E3_05902_V1
1,0.05,0.0169599410682402,5000,5000,5000,267,1254,5.253951678052e-06,0.0103314999870111,0.0100969687400687,0.0103009457020941,0.0100917147883906,0.978236305554949,1,1,0.05,0.254612195607517,0,0,0,0,1,1.5,10,10,1.52313991782862,10,10.3109120412576,1.03109120412576,2,0,106141,42,0.0103109120412576,Gaussian (discarded tail <= 1e-12) / Gaussian (discarded tail <= 1e-12),6141,4,1,10000,1,1,1,1,0,0.0534,0.2508,0.0534,0.2508,0.05,0.254612195607517,0.0475039707136969,0.0599817406636281,0.23897934628272,0.263003276366697,0.0475039707136969,0.0599817406636281,0.23897934628272,0.263003276366697,0.999232298054943,1,0.999232298054943,1,1,0,V0,all,0.05,L2-A,severe,R0,2,E3_06141_V1
1,0.05,0.0239849786757538,5000,5000,5000,247,903,0.000144213273704983,0.0144354623214376,0.0102001590901856,0.0147567647071215,0.0100559458164806,0.688905081828788,1,1,0.05,0.171440186682854,0,0,0,0,1,1.5,10,10,1.52313991782862,10,10.3109120412576,1.03109120412576,2,0,106142,42,0.0145818316491826,Gaussian (discarded tail <= 1e-12) / Gaussian (discarded tail <= 1e-12),6142,4,2,10000,1,1,1,1,0,0.0494,0.1806,0.0494,0.1806,0.05,0.171440186682854,0.043731720637967,0.0557601323549184,0.170183710050268,0.191506697952235,0.043731720637967,0.0557601323549184,0.170183710050268,0.191506697952235,0.999232298054943,1,0.999232298054943,1,1,0,V0,all,0.05,L2-A,severe,R1,2,E3_06142_V1
1,0.05,0.0186275451148503,5000,5000,5000,242,1251,3.0857414479045e-05,0.0111681922391412,0.0108518156146393,0.0114442571818455,0.0108209582001603,0.957008386453825,1,1,0.05,0.240355022396997,0,0,0,0,1,1.5,10,20,1.59626665871387,10,11.3247433143179,1.13247433143179,2,0,106381,42,0.0113247433143179,Gaussian (discarded tail <= 1e-12) / Gaussian (discarded tail <= 1e-12),6381,4,1,10000,1,1,1,1,0,0.0484,0.2502,0.0484,0.2502,0.05,0.240355022396997,0.0427903040886361,0.0547030843081395,0.238389370908422,0.262394172983329,0.0427903040886361,0.0547030843081395,0.238389370908422,0.262394172983329,0.999232298054943,1,0.999232298054943,1,1,0,V0,all,0.05,L2-A,severe,R0,2,E3_06381_V1
1,0.05,0.026343326935138,5000,5000,5000,254,835,-0.000178444188567111,0.0161182613373111,0.010922812881957,0.0162575308408437,0.0111012570705241,0.685768817683387,1,1,0.05,0.1634466733596,0,0,0,0,1,1.5,10,20,1.59626665871387,10,11.3247433143179,1.13247433143179,2,0,106382,42,0.0160156055855025,Gaussian (discarded tail <= 1e-12) / Gaussian (discarded tail <= 1e-12),6382,4,2,10000,1,1,1,1,0,0.0508,0.167,0.0508,0.167,0.05,0.1634466733596,0.0450508366853607,0.0572388667420786,0.156918278568843,0.177593010926566,0.0450508366853607,0.0572388667420786,0.156918278568843,0.177593010926566,0.999232298054943,1,0.999232298054943,1,1,0,V0,all,0.05,L2-A,severe,R1,2,E3_06382_V1
1,0.05,0.0219313816926863,5000,5000,5000,237,1049,-0.000286803332677469,0.0134856424467585,0.0114251517679246,0.0131570514797325,0.011711955100602,0.879120143594291,1,1,0.05,0.218040454969026,0,0,0,0,1,1.5,10,30,1.73205080756888,10,13.3333333333333,1.33333333333333,2,0,106621,42,0.0133333333333333,Gaussian (discarded tail <= 1e-12) / Gaussian (discarded tail <= 1e-12),6621,4,1,10000,1,1,1,1,0,0.0474,0.2098,0.0474,0.2098,0.05,0.218040454969026,0.0418495843205747,0.053645339480091,0.198739068628475,0.221306505580436,0.0418495843205747,0.053645339480091,0.198739068628475,0.221306505580436,0.999232298054943,1,0.999232298054943,1,1,0,V0,all,0.05,L2-A,severe,R0,2,E3_06621_V1
1,0.05,0.031015657431378,5000,5000,5000,285,768,0.00055328267555429,0.0189867529470925,0.0120800059292436,0.0185846887869392,0.0115267232536893,0.613554485421184,1,1,0.05,0.150923377172557,0,0,0,0,1,1.5,10,30,1.73205080756888,10,13.3333333333333,1.33333333333333,2,0,106622,42,0.0188561808316413,Gaussian (discarded tail <= 1e-12) / Gaussian (discarded tail <= 1e-12),6622,4,2,10000,1,1,1,1,0,0.057,0.1536,0.057,0.1536,0.05,0.150923377172557,0.0509073312952628,0.0637728526280579,0.143872064970305,0.163859798937231,0.0509073312952628,0.0637728526280579,0.143872064970305,0.163859798937231,0.999232298054943,1,0.999232298054943,1,1,0,V0,all,0.05,L2-A,severe,R1,2,E3_06622_V1
1,0.05,0.0280297564168036,5000,5000,5000,267,945,-0.000102808308601867,0.0172798731757176,0.0129465943594159,0.016861019073491,0.0130494026680178,0.764386626288166,1,1,0.05,0.189752372958874,0,0,0,0,1,1.5,10,40,1.95811093399842,10,17.0408819104185,1.70408819104185,2,0,106861,42,0.0170408819104185,Gaussian (discarded tail <= 1e-12) / Gaussian (discarded tail <= 1e-12),6861,4,1,10000,1,1,1,1,0,0.0534,0.189,0.0534,0.189,0.05,0.189752372958874,0.0475039707136969,0.0599817406636281,0.178388428557204,0.200089082052621,0.0475039707136969,0.0599817406636281,0.178388428557204,0.200089082052621,0.999232298054943,1,0.999232298054943,1,1,0,V0,all,0.05,L2-A,severe,R0,2,E3_06861_V1
1,0.05,0.0396400616746579,5000,5000,5000,264,631,-7.00126948237447e-05,0.0245363880197462,0.0125102263935922,0.0236584694696177,0.0125802390884159,0.521970726915591,1,1,0.05,0.134974848357895,0,0,0,0,1,1.5,10,40,1.95811093399842,10,17.0408819104185,1.70408819104185,2,0,106862,42,0.0240994463125121,Gaussian (discarded tail <= 1e-12) / Gaussian (discarded tail <= 1e-12),6862,4,2,10000,1,1,1,1,0,0.0528,0.1262,0.0528,0.1262,0.05,0.134974848357895,0.0469374885167706,0.0593491441028885,0.117281556808692,0.135692377165432,0.0469374885167706,0.0593491441028885,0.117281556808692,0.135692377165432,0.999232298054943,1,0.999232298054943,1,1,0,V0,all,0.05,L2-A,severe,R1,2,E3_06862_V1
1,0.05,0.0398100078561574,5000,5000,5000,244,758,-9.38448946663949e-05,0.0242060543955462,0.0157604865258773,0.023829924622543,0.0158543314205437,0.66008211929184,1,1,0.05,0.158155854653854,0,0,0,0,1,1.5,10,50,2.33358574029062,10,24.2027662546121,2.42027662546121,2,0,107101,42,0.0242027662546121,Gaussian (discarded tail <= 1e-12) / Gaussian (discarded tail <= 1e-12),7101,4,1,10000,1,1,1,1,0,0.0488,0.1516,0.0488,0.1516,0.05,0.158155854653854,0.0431667882318987,0.0551259860033208,0.141927075129799,0.161807859585517,0.0431667882318987,0.0551259860033208,0.141927075129799,0.161807859585517,0.999232298054943,1,0.999232298054943,1,1,0,V0,all,0.05,L2-A,severe,R0,2,E3_07101_V1
1,0.05,0.0562998530283572,5000,5000,5000,258,578,0.000186365275871197,0.0344479424366963,0.0153924628380115,0.034433390616195,0.0152060975621403,0.441515764833891,1,1,0.05,0.116957541895385,0,0,0,0,1,1.5,10,50,2.33358574029062,10,24.2027662546121,2.42027662546121,2,0,107102,42,0.0342278802842183,Gaussian (discarded tail <= 1e-12) / Gaussian (discarded tail <= 1e-12),7102,4,2,10000,1,1,1,1,0,0.0516,0.1156,0.0516,0.1156,0.05,0.116957541895385,0.0458051930526966,0.0580832820516306,0.107030887001438,0.124759322253922,0.0458051930526966,0.0580832820516306,0.107030887001438,0.124759322253922,0.999232298054943,1,0.999232298054943,1,1,0,V0,all,0.05,L2-A,severe,R1,2,E3_07102_V1
1,0.05,0.0657941450780589,5000,5000,5000,262,626,-0.000261324601326608,0.0397243745602605,0.0201634383958715,0.0396889757514056,0.0204247629971981,0.514391116553442,1,1,0.05,0.12613489819343,0,0,0,0,1,1.5,10,60,3,10,40,4,2,0,107341,42,0.04,Gaussian (discarded tail <= 1e-12) / Gaussian (discarded tail <= 1e-12),7341,4,1,10000,1,1,1,1,0,0.0524,0.1252,0.0524,0.1252,0.05,0.12613489819343,0.0465599567062765,0.0589272900749386,0.116313569000752,0.134661900377263,0.0465599567062765,0.0589272900749386,0.116313569000752,0.134661900377263,0.999232298054943,1,0.999232298054943,1,1,0,V0,all,0.05,L2-A,severe,R0,2,E3_07341_V1
1,0.05,0.0930469722941339,5000,5000,5000,217,481,-0.000327289343270968,0.0553135083888986,0.0188093968089004,0.0563458399723944,0.0191366861521713,0.342754433266837,1,1,0.05,0.098299794357987,0,0,0,0,1,1.5,10,60,3,10,40,4,2,0,107342,42,0.0565685424949238,Gaussian (discarded tail <= 1e-12) / Gaussian (discarded tail <= 1e-12),7342,4,2,10000,1,1,1,1,0,0.0434,0.0962,0.0434,0.0962,0.05,0.098299794357987,0.0380941093753608,0.0494069560408654,0.088334157152011,0.104685838938817,0.0380941093753608,0.0494069560408654,0.088334157152011,0.104685838938817,0.999232298054943,1,0.999232298054943,1,1,0,V0,all,0.05,L2-A,severe,R1,2,E3_07342_V1
1,0.05,0.140612486309779,5000,5000,5000,241,482,-0.00124023166490231,0.0856376727914481,0.0292120461449037,0.0848393201173709,0.030452277809806,0.357255760693238,1,1,0.05,0.0963158083426606,0,0,0,0,1,1.5,10,70,4.38570660024463,10,85.4863217041303,8.54863217041303,2,0,107581,42,0.0854863217041303,Gaussian (discarded tail <= 1e-12) / Gaussian (discarded tail <= 1e-12),7581,4,1,10000,1,1,1,1,0,0.0482,0.0964,0.0482,0.0964,0.05,0.0963158083426606,0.0426021037376601,0.0544915917398936,0.0885264315462735,0.104893257463777,0.0426021037376601,0.0544915917398936,0.0885264315462735,0.104893257463777,0.999232298054943,1,0.999232298054943,1,1,0,V0,all,0.05,L2-A,severe,R0,2,E3_07581_V1
1,0.05,0.198856085178291,5000,5000,5000,259,398,0.00292127560738591,0.121080626780475,0.0297614271123282,0.119194861204034,0.0268401515049423,0.223404602256667,1,1,0.05,0.0803070978194832,0,0,0,0,1,1.5,10,70,4.38570660024463,10,85.4863217041303,8.54863217041303,2,0,107582,42,0.120895915551371,Gaussian (discarded tail <= 1e-12) / Gaussian (discarded tail <= 1e-12),7582,4,2,10000,1,1,1,1,0,0.0518,0.0796,0.0518,0.0796,0.05,0.0803070978194832,0.045993846130679,0.0582943218928702,0.0724161478096428,0.0874293359857613,0.045993846130679,0.0582943218928702,0.0724161478096428,0.0874293359857613,0.999232298054943,1,0.999232298054943,1,1,0,V0,all,0.05,L2-A,severe,R1,2,E3_07582_V1
1,0.05,0.0164485362695147,5000,5000,5000,258,1279,-0.000119405576166962,0.0098681188311737,0.00992025413885664,0.0102071623668882,0.0100396597150236,1.00005854373697,1,1,0.05,0.259511022841444,0,0,0,0,1,1.5,10,0,1.5,10,10,1,0,0.5,107821,42,0.01,Gaussian (discarded tail <= 1e-12) / Gaussian (discarded tail <= 1e-12),7821,5,1,10000,1,1,1,1,0,0.0516,0.2558,0.0516,0.2558,0.05,0.259511022841444,0.0458051930526966,0.0580832820516306,0.243896990157049,0.268077955472917,0.0458051930526966,0.0580832820516306,0.243896990157049,0.268077955472917,0.999232298054943,1,0.999232298054943,1,1,0,V0,all,0.05,L2-B,mild,R0,2,E3_07821_V1
1,0.05,0.0232617430735335,5000,5000,5000,257,858,0.000140312493371072,0.014144455305451,0.0100356766116849,0.0141805220133516,0.00989536411831388,0.698701784300066,1,1,0.05,0.174187261617932,0,0,0,0,1,1.5,10,0,1.5,10,10,1,0,0.5,107822,42,0.014142135623731,Gaussian (discarded tail <= 1e-12) / Gaussian (discarded tail <= 1e-12),7822,5,2,10000,1,1,1,1,0,0.0514,0.1716,0.0514,0.1716,0.05,0.174187261617932,0.0456165654284363,0.057872216756669,0.161402470573186,0.182301756064327,0.0456165654284363,0.057872216756669,0.161402470573186,0.182301756064327,0.999232298054943,1,0.999232298054943,1,1,0,V0,all,0.05,L2-B,mild,R1,2,E3_07822_V1
1,0.05,0.0164485362695147,5000,5000,5000,243,1318,-2.19266486467755e-06,0.00994377592951122,0.0103272806996753,0.00984266468638661,0.0103294733645399,1.04408253094372,1,1,0.05,0.264534768208324,0,0,0,0,1,1.5,10,10,1.52313991782862,10,10,1,0,0.5,108061,42,0.01,Gaussian (discarded tail <= 1e-12) / Gaussian (discarded tail <= 1e-12),8061,5,1,10000,1,1,1,1,0,0.0486,0.2636,0.0486,0.2636,0.05,0.264534768208324,0.0429785323075291,0.0549145490084684,0.251572658814129,0.275990310665494,0.0429785323075291,0.0549145490084684,0.251572658814129,0.275990310665494,0.999232298054943,1,0.999232298054943,1,1,0,V0,all,0.05,L2-B,mild,R0,2,E3_08061_V1
1,0.05,0.0232617430735335,5000,5000,5000,272,835,-3.04910192115484e-05,0.0143200108668569,0.0100445802793051,0.0140865846281953,0.0100750712985166,0.709323379546837,1,1,0.05,0.177005174328685,0,0,0,0,1,1.5,10,10,1.52313991782862,10,10,1,0,0.5,108062,42,0.014142135623731,Gaussian (discarded tail <= 1e-12) / Gaussian (discarded tail <= 1e-12),8062,5,2,10000,1,1,1,1,0,0.0544,0.167,0.0544,0.167,0.05,0.177005174328685,0.0484485910594409,0.061035584913994,0.156918278568843,0.177593010926566,0.0484485910594409,0.061035584913994,0.156918278568843,0.177593010926566,0.999232298054943,1,0.999232298054943,1,1,0,V0,all,0.05,L2-B,mild,R1,2,E3_08062_V1
1,0.05,0.0164485362695147,5000,5000,5000,242,1427,0.000328111141212896,0.00985769494334197,0.0106714069308585,0.00991888812812034,0.0103432957896456,1.04600943834525,1,1,0.05,0.280729469000847,0,0,0,0,1,1.5,10,20,1.59626665871387,10,10,1,0,0.5,108301,42,0.01,Gaussian (discarded tail <= 1e-12) / Gaussian (discarded tail <= 1e-12),8301,5,1,10000,1,1,1,1,0,0.0484,0.2854,0.0484,0.2854,0.05,0.280729469000847,0.0427903040886361,0.0547030843081395,0.273050855441041,0.298078642233778,0.0427903040886361,0.0547030843081395,0.273050855441041,0.298078642233778,0.999232298054943,1,0.999232298054943,1,1,0,V0,all,0.05,L2-B,mild,R0,2,E3_08301_V1
1,0.05,0.0232617430735335,5000,5000,5000,247,980,9.91014726116678e-05,0.0141651463269337,0.0105925920345561,0.0144966431423484,0.0104934905619445,0.732179600799879,1,1,0.05,0.186098312006579,0,0,0,0,1,1.5,10,20,1.59626665871387,10,10,1,0,0.5,108302,42,0.014142135623731,Gaussian (discarded tail <= 1e-12) / Gaussian (discarded tail <= 1e-12),8302,5,2,10000,1,1,1,1,0,0.0494,0.196,0.0494,0.196,0.05,0.186098312006579,0.043731720637967,0.0557601323549184,0.185231926479165,0.20723483630343,0.043731720637967,0.0557601323549184,0.185231926479165,0.20723483630343,0.999232298054943,1,0.999232298054943,1,1,0,V0,all,0.05,L2-B,mild,R1,2,E3_08302_V1
1,0.05,0.0171138444040539,5000,5000,5000,253,1447,-4.20760774614489e-05,0.0104877787660754,0.0114707819574338,0.0103189681733977,0.0115128580348953,1.10661019428157,1,1,0.05,0.296310209180631,0,0,0,0,1,1.5,10,30,1.73205080756888,10,10.4044786257195,1.04044786257195,0,0.5,108541,42,0.0104044786257195,Gaussian (discarded tail <= 1e-12) / Gaussian (discarded tail <= 1e-12),8541,5,1,10000,1,1,1,1,0,0.0506,0.2894,0.0506,0.2894,0.05,0.296310209180631,0.0448623122901981,0.0570276982180192,0.276995762503506,0.302127593555753,0.0448623122901981,0.0570276982180192,0.276995762503506,0.302127593555753,0.999232298054943,1,0.999232298054943,1,1,0,V0,all,0.05,L2-B,mild,R0,2,E3_08541_V1
1,0.05,0.0242026308605559,5000,5000,5000,249,962,-0.000105019822415138,0.014963648326493,0.0113927339502599,0.0148448218996469,0.011497753772675,0.771435926237584,1,1,0.05,0.194867317438658,0,0,0,0,1,1.5,10,30,1.73205080756888,10,10.4044786257195,1.04044786257195,0,0.5,108542,42,0.0147141547819136,Gaussian (discarded tail <= 1e-12) / Gaussian (discarded tail <= 1e-12),8542,5,2,10000,1,1,1,1,0,0.0498,0.1924,0.0498,0.1924,0.05,0.194867317438658,0.0441084778641927,0.0561827609671367,0.181711722369603,0.203560567866996,0.0441084778641927,0.0561827609671367,0.181711722369603,0.203560567866996,0.999232298054943,1,0.999232298054943,1,1,0,V0,all,0.05,L2-B,mild,R1,2,E3_08542_V1
1,0.05,0.0181964182943239,5000,5000,5000,234,1582,-0.000164964835795843,0.0111272135811767,0.0128249029606794,0.0110456534783096,0.0129898677964752,1.17168247870007,1,1,0.05,0.321023366512241,0,0,0,0,1,1.5,10,40,1.95811093399842,10,11.0626368183585,1.10626368183585,0,0.5,108781,42,0.0110626368183585,Gaussian (discarded tail <= 1e-12) / Gaussian (discarded tail <= 1e-12),8781,5,1,10000,1,1,1,1,0,0.0468,0.3164,0.0468,0.3164,0.05,0.321023366512241,0.0412854955836611,0.0530103494593387,0.303654254650019,0.329427645504206,0.0412854955836611,0.0530103494593387,0.303654254650019,0.329427645504206,0.999232298054943,1,0.999232298054943,1,1,0,V0,all,0.05,L2-B,mild,R0,2,E3_08781_V1
1,0.05,0.0257336215384467,5000,5000,5000,258,1071,9.27818767796024e-05,0.0156884462069591,0.0134845783842918,0.0156155260771888,0.0133917965075122,0.855594941932939,1,1,0.05,0.208838696788069,0,0,0,0,1,1.5,10,40,1.95811093399842,10,11.0626368183585,1.10626368183585,0,0.5,108782,42,0.0156449310241305,Gaussian (discarded tail <= 1e-12) / Gaussian (discarded tail <= 1e-12),8782,5,2,10000,1,1,1,1,0,0.0516,0.2142,0.0516,0.2142,0.05,0.208838696788069,0.0458051930526966,0.0580832820516306,0.203049867766708,0.225788950665087,0.0458051930526966,0.0580832820516306,0.203049867766708,0.225788950665087,0.999232298054943,1,0.999232298054943,1,1,0,V0,all,0.05,L2-B,mild,R1,2,E3_08782_V1
1,0.05,0.0198645689989326,5000,5000,5000,235,1768,-0.000300213127813226,0.0122285923175528,0.015324228781806,0.0122829526968677,0.0156244419096192,1.27486076271117,1,1,0.05,0.360672585339179,0,0,0,0,1,1.5,10,50,2.33358574029062,10,12.0768004358838,1.20768004358838,0,0.5,109021,42,0.0120768004358838,Gaussian (discarded tail <= 1e-12) / Gaussian (discarded tail <= 1e-12),9021,5,1,10000,1,1,1,1,0,0.047,0.3536,0.047,0.3536,0.05,0.360672585339179,0.0414734961677938,0.053222041794428,0.340465354422521,0.366959428706992,0.0414734961677938,0.053222041794428,0.340465354422521,0.366959428706992,0.999232298054943,1,0.999232298054943,1,1,0,V0,all,0.05,L2-B,mild,R0,2,E3_09021_V1
1,0.05,0.0280927428889867,5000,5000,5000,260,1202,0.000192253934669776,0.0170398230597561,0.0160192043586793,0.017291970483637,0.0158269504240095,0.921974761578632,1,1,0.05,0.231485249582777,0,0,0,0,1,1.5,10,50,2.33358574029062,10,12.0768004358838,1.20768004358838,0,0.5,109022,42,0.0170791749665002,Gaussian (discarded tail <= 1e-12) / Gaussian (discarded tail <= 1e-12),9022,5,2,10000,1,1,1,1,0,0.052,0.2404,0.052,0.2404,0.05,0.231485249582777,0.0461825245236588,0.0585053364191124,0.228757500264697,0.252441090585177,0.0461825245236588,0.0585053364191124,0.228757500264697,0.252441090585177,0.999232298054943,1,0.999232298054943,1,1,0,V0,all,0.05,L2-B,mild,R1,2,E3_09022_V1
1,0.05,0.0225230858818877,5000,5000,5000,244,2135,-9.03169396023672e-05,0.0136647629366052,0.0202476576411631,0.0137134116128504,0.0203379745807655,1.48570478548787,1,1,0.05,0.426904690969235,0,0,0,0,1,1.5,10,60,3,10,13.6930639376292,1.36930639376292,0,0.5,109261,42,0.0136930639376292,Gaussian (discarded tail <= 1e-12) / Gaussian (discarded tail <= 1e-12),9261,5,1,10000,1,1,1,1,0,0.0488,0.427,0.0488,0.427,0.05,0.426904690969235,0.0431667882318987,0.0551259860033208,0.413350658506684,0.440761425977294,0.0431667882318987,0.0551259860033208,0.413350658506684,0.440761425977294,0.999232298054943,1,0.999232298054943,1,1,0,V0,all,0.05,L2-B,mild,R0,2,E3_09261_V1
1,0.05,0.0318524535206596,5000,5000,5000,259,1370,0.000430486891121479,0.0195470488868687,0.0201932276518705,0.0195020980769122,0.0197627407607491,1.0121976638921,1,1,0.0500000000000001,0.270249669649396,0,0,0,0,1,1.5,10,60,3,10,13.6930639376292,1.36930639376292,0,0.5,109262,42,0.0193649167310371,Gaussian (discarded tail <= 1e-12) / Gaussian (discarded tail <= 1e-12),9262,5,2,10000,1,1,1,1,0,0.0518,0.274,0.0518,0.274,0.0500000000000001,0.270249669649396,0.045993846130679,0.0582943218928702,0.261814518311313,0.286532482967852,0.045993846130679,0.0582943218928702,0.261814518311313,0.286532482967852,0.999232298054943,1,0.999232298054943,1,1,0,V0,all,0.05,L2-B,mild,R1,2,E3_09262_V1
1,0.05,0.0272324711785798,5000,5000,5000,258,2762,0.000175412411914437,0.0167020078570301,0.0293950871337772,0.0167712915589897,0.0292196747218628,1.74584595131243,1,1,0.05,0.548208940120473,0,0,0,0,1,1.5,10,70,4.38570660024463,10,16.556166902858,1.6556166902858,0,0.5,109501,42,0.016556166902858,Gaussian (discarded tail <= 1e-12) / Gaussian (discarded tail <= 1e-12),9501,5,1,10000,1,1,1,1,0,0.0516,0.5524,0.0516,0.5524,0.05,0.548208940120473,0.0458051930526966,0.0580832820516306,0.538582284285986,0.566137260550172,0.0458051930526966,0.0580832820516306,0.538582284285986,0.566137260550172,0.999232298054943,1,0.999232298054943,1,1,0,V0,all,0.05,L2-B,mild,R0,2,E3_09501_V1
1,0.05,0.038512530077682,5000,5000,5000,229,1704,-0.000744965394516543,0.0233952277618852,0.0291035307488628,0.0235768532111558,0.0298484961433794,1.27089421602379,1,1,0.05,0.346012191933926,0,0,0,0,1,1.5,10,70,4.38570660024463,10,16.556166902858,1.6556166902858,0,0.5,109502,42,0.0234139557749343,Gaussian (discarded tail <= 1e-12) / Gaussian (discarded tail <= 1e-12),9502,5,2,10000,1,1,1,1,0,0.0458,0.3408,0.0458,0.3408,0.05,0.346012191933926,0.0403459347014957,0.0519514457453942,0.327788928610638,0.354055507688669,0.0403459347014957,0.0519514457453942,0.327788928610638,0.354055507688669,0.999232298054943,1,0.999232298054943,1,1,0,V0,all,0.05,L2-B,mild,R1,2,E3_09502_V1
1,0.05,0.0164485362695147,5000,5000,5000,246,1280,7.39894112023124e-05,0.00997863119978711,0.00998160010683364,0.00994204654827902,0.00990761069563133,0.994704508834077,1,1,0.05,0.259511022841444,0,0,0,0,1,1.5,10,0,1.5,10,10,1,0,1,109741,42,0.01,Gaussian (discarded tail <= 1e-12) / Gaussian (discarded tail <= 1e-12),9741,6,1,10000,1,1,1,1,0,0.0492,0.256,0.0492,0.256,0.05,0.259511022841444,0.0435433825554971,0.0555487775181664,0.244093739499606,0.268280899049582,0.0435433825554971,0.0555487775181664,0.244093739499606,0.268280899049582,0.999232298054943,1,0.999232298054943,1,1,0,V0,all,0.05,L2-B,moderate,R0,2,E3_09741_V1
1,0.05,0.0232617430735335,5000,5000,5000,258,902,0.000187758579615581,0.014115545560457,0.0101350491812753,0.0141244499001359,0.00994729060165975,0.704482415449413,1,1,0.05,0.174187261617932,0,0,0,0,1,1.5,10,0,1.5,10,10,1,0,1,109742,42,0.014142135623731,Gaussian (discarded tail <= 1e-12) / Gaussian (discarded tail <= 1e-12),9742,6,2,10000,1,1,1,1,0,0.0516,0.1804,0.0516,0.1804,0.05,0.174187261617932,0.0458051930526966,0.0580832820516306,0.169988462295871,0.191302252787409,0.0458051930526966,0.0580832820516306,0.169988462295871,0.191302252787409,0.999232298054943,1,0.999232298054943,1,1,0,V0,all,0.05,L2-B,moderate,R1,2,E3_09742_V1
1,0.05,0.0164485362695147,5000,5000,5000,259,1339,-1.33690850898145e-05,0.0100261385624766,0.0103635201008292,0.0101125176262386,0.010376889185919,1.03053487146348,1,1,0.05,0.264534768208324,0,0,0,0,1,1.5,10,10,1.52313991782862,10,10,1,0,1,109981,42,0.01,Gaussian (discarded tail <= 1e-12) / Gaussian (discarded tail <= 1e-12),9981,6,1,10000,1,1,1,1,0,0.0518,0.2678,0.0518,0.2678,0.05,0.264534768208324,0.045993846130679,0.0582943218928702,0.255707759175629,0.280248761607655,0.045993846130679,0.0582943218928702,0.255707759175629,0.280248761607655,0.999232298054943,1,0.999232298054943,1,1,0,V0,all,0.05,L2-B,moderate,R0,2,E3_09981_V1
1,0.05,0.0232617430735335,5000,5000,5000,277,909,0.000193095647945205,0.0142828582910895,0.0100726734145627,0.0142313695691635,0.00987957776661747,0.692956632616665,1,1,0.05,0.177005174328685,0,0,0,0,1,1.5,10,10,1.52313991782862,10,10,1,0,1,109982,42,0.014142135623731,Gaussian (discarded tail <= 1e-12) / Gaussian (discarded tail <= 1e-12),9982,6,2,10000,1,1,1,1,0,0.0554,0.1818,0.0554,0.1818,0.05,0.177005174328685,0.0493938020932845,0.0620888384762603,0.171355298408515,0.192733267109319,0.0493938020932845,0.0620888384762603,0.171355298408515,0.192733267109319,0.999232298054943,1,0.999232298054943,1,1,0,V0,all,0.05,L2-B,moderate,R1,2,E3_09982_V1
1,0.05,0.0164485362695147,5000,5000,5000,267,1430,-2.82350889400359e-05,0.0101246171674618,0.0106097554193907,0.0101678974344191,0.0106379905083308,1.04846210747612,1,1,0.05,0.280729469000847,0,0,0,0,1,1.5,10,20,1.59626665871387,10,10,1,0,1,110221,42,0.01,Gaussian (discarded tail <= 1e-12) / Gaussian (discarded tail <= 1e-12),10221,6,1,10000,1,1,1,1,0,0.0534,0.286,0.0534,0.286,0.05,0.280729469000847,0.0475039707136969,0.0599817406636281,0.273642515234494,0.298686061197991,0.0475039707136969,0.0599817406636281,0.273642515234494,0.298686061197991,0.999232298054943,1,0.999232298054943,1,1,0,V0,all,0.05,L2-B,moderate,R0,2,E3_10221_V1
1,0.05,0.0232617430735335,5000,5000,5000,255,915,0.000430363741173952,0.0139667011810699,0.0107327379139566,0.0140645250571853,0.0103023741727827,0.735059633164954,1,1,0.05,0.186098312006579,0,0,0,0,1,1.5,10,20,1.59626665871387,10,10,1,0,1,110222,42,0.014142135623731,Gaussian (discarded tail <= 1e-12) / Gaussian (discarded tail <= 1e-12),10222,6,2,10000,1,1,1,1,0,0.051,0.183,0.051,0.183,0.05,0.186098312006579,0.0452393871026712,0.0574500092439901,0.172527060366691,0.193959662666476,0.0452393871026712,0.0574500092439901,0.172527060366691,0.193959662666476,0.999232298054943,1,0.999232298054943,1,1,0,V0,all,0.05,L2-B,moderate,R1,2,E3_10222_V1
1,0.05,0.0178060628305868,5000,5000,5000,280,1403,0.000187304740420645,0.0110106023752761,0.0117300462080511,0.0107321537179655,0.0115427414676305,1.06166807852856,1,1,0.05,0.281568950726486,0,0,0,0,1,1.5,10,30,1.73205080756888,10,10.8253175473055,1.08253175473055,0,1,110461,42,0.0108253175473055,Gaussian (discarded tail <= 1e-12) / Gaussian (discarded tail <= 1e-12),10461,6,1,10000,1,1,1,1,0,0.056,0.2806,0.056,0.2806,0.05,0.281568950726486,0.0499612059948101,0.0627205133324006,0.268318555132173,0.293218312481318,0.0499612059948101,0.0627205133324006,0.268318555132173,0.293218312481318,0.999232298054943,1,0.999232298054943,1,1,0,V0,all,0.05,L2-B,moderate,R0,2,E3_10461_V1
1,0.05,0.0251815755474834,5000,5000,5000,266,926,0.000157804211093868,0.0153861443069183,0.0111981722581726,0.0153699118418333,0.0110403680470788,0.717931223432495,1,1,0.05,0.186570183969615,0,0,0,0,1,1.5,10,30,1.73205080756888,10,10.8253175473055,1.08253175473055,0,1,110462,42,0.0153093108923949,Gaussian (discarded tail <= 1e-12) / Gaussian (discarded tail <= 1e-12),10462,6,2,10000,1,1,1,1,0,0.0532,0.1852,0.0532,0.1852,0.05,0.186570183969615,0.0473151188916038,0.0597708995664993,0.1746757371213,0.196207608023308,0.0473151188916038,0.0597708995664993,0.1746757371213,0.196207608023308,0.999232298054943,1,0.999232298054943,1,1,0,V0,all,0.05,L2-B,moderate,R1,2,E3_10462_V1
1,0.05,0.020130036698504,5000,5000,5000,222,1381,-0.000161671705783825,0.0120338662657781,0.0130300722317221,0.0121058676106377,0.0131917439375059,1.09294371890367,1,1,0.05,0.281568950726488,0,0,0,0,1,1.5,10,40,1.95811093399842,10,12.2381933374901,1.22381933374901,0,1,110701,42,0.0122381933374901,Gaussian (discarded tail <= 1e-12) / Gaussian (discarded tail <= 1e-12),10701,6,1,10000,1,1,1,1,0,0.0444,0.2762,0.0444,0.2762,0.05,0.281568950726488,0.0390318208814263,0.0504677091309097,0.263982156812542,0.288761466578065,0.0390318208814263,0.0504677091309097,0.263982156812542,0.288761466578065,0.999232298054943,1,0.999232298054943,1,1,0,V0,all,0.05,L2-B,moderate,R0,2,E3_10701_V1
1,0.05,0.0284681709100924,5000,5000,5000,272,919,-0.000205385879240611,0.0174207238061062,0.0131659904488916,0.0171846403220969,0.0133713763281322,0.772774135515186,1,1,0.05,0.186570183969616,0,0,0,0,1,1.5,10,40,1.95811093399842,10,12.2381933374901,1.22381933374901,0,1,110702,42,0.0173074189968226,Gaussian (discarded tail <= 1e-12) / Gaussian (discarded tail <= 1e-12),10702,6,2,10000,1,1,1,1,0,0.0544,0.1838,0.0544,0.1838,0.05,0.186570183969616,0.0484485910594409,0.061035584913994,0.173308330795051,0.194777163915004,0.0484485910594409,0.061035584913994,0.173308330795051,0.194777163915004,0.999232298054943,1,0.999232298054943,1,1,0,V0,all,0.05,L2-B,moderate,R1,2,E3_10702_V1
1,0.05,0.0239900435544954,5000,5000,5000,244,1341,7.69939287773235e-05,0.0145013492960639,0.0153988613837038,0.0143928502601949,0.0153218674549264,1.06054223127087,1,1,0.05,0.281568950726489,0,0,0,0,1,1.5,10,50,2.33358574029062,10,14.5849108768164,1.45849108768164,0,1,110941,42,0.0145849108768164,Gaussian (discarded tail <= 1e-12) / Gaussian (discarded tail <= 1e-12),10941,6,1,10000,1,1,1,1,0,0.0488,0.2682,0.0488,0.2682,0.05,0.281568950726489,0.0431667882318987,0.0551259860033208,0.256101651905848,0.28065425471588,0.0431667882318987,0.0551259860033208,0.256101651905848,0.28065425471588,0.999232298054943,1,0.999232298054943,1,1,0,V0,all,0.05,L2-B,moderate,R0,2,E3_10941_V1
1,0.05,0.0339270449566886,5000,5000,5000,268,945,-5.60176255651569e-05,0.0209012585703768,0.0154191593283279,0.020737311903636,0.0154751769538931,0.743303952267802,1,1,0.05,0.186570183969616,0,0,0,0,1,1.5,10,50,2.33358574029062,10,14.5849108768164,1.45849108768164,0,1,110942,42,0.0206261787679966,Gaussian (discarded tail <= 1e-12) / Gaussian (discarded tail <= 1e-12),10942,6,2,10000,1,1,1,1,0,0.0536,0.189,0.0536,0.189,0.05,0.186570183969616,0.0476928467869534,0.0601925575095936,0.178388428557204,0.200089082052621,0.0476928467869534,0.0601925575095936,0.178388428557204,0.200089082052621,0.999232298054943,1,0.999232298054943,1,1,0,V0,all,0.05,L2-B,moderate,R1,2,E3_10942_V1
1,0.05,0.0308410055053401,5000,5000,5000,266,1410,0.000301639525859076,0.0187063272232219,0.0199014828140499,0.0188165479759603,0.0195998432881909,1.04468320331127,1,1,0.05,0.281568950726487,0,0,0,0,1,1.5,10,60,3,10,18.75,1.875,0,1,111181,42,0.01875,Gaussian (discarded tail <= 1e-12) / Gaussian (discarded tail <= 1e-12),11181,6,1,10000,1,1,1,1,0,0.0532,0.282,0.0532,0.282,0.05,0.281568950726487,0.0473151188916038,0.0597708995664993,0.2696986290137,0.294636089034345,0.0473151188916038,0.0597708995664993,0.2696986290137,0.294636089034345,0.999232298054943,1,0.999232298054943,1,1,0,V0,all,0.05,L2-B,moderate,R0,2,E3_11181_V1
1,0.05,0.0436157682628753,5000,5000,5000,227,921,-0.000325450860577089,0.026299442183247,0.0205581869426385,0.0261094193244867,0.0208836378032156,0.796945399419247,1,1,0.05,0.186570183969615,0,0,0,0,1,1.5,10,60,3,10,18.75,1.875,0,1,111182,42,0.0265165042944955,Gaussian (discarded tail <= 1e-12) / Gaussian (discarded tail <= 1e-12),11182,6,2,10000,1,1,1,1,0,0.0454,0.1842,0.0454,0.1842,0.05,0.186570183969615,0.0399703200435625,0.0515276745648835,0.173698994600583,0.195185885947915,0.0399703200435625,0.0515276745648835,0.173698994600583,0.195185885947915,0.999232298054943,1,0.999232298054943,1,1,0,V0,all,0.05,L2-B,moderate,R1,2,E3_11182_V1
1,0.05,0.0450865338009837,5000,5000,5000,252,1430,0.000104185963110554,0.0274366144613399,0.0292717181976128,0.0273242397122627,0.0291675322345023,1.06526719719607,1,1,0.05,0.281568950726478,0,0,0,0,1,1.5,10,70,4.38570660024463,10,27.4106662515289,2.74106662515289,0,1,111421,42,0.0274106662515289,Gaussian (discarded tail <= 1e-12) / Gaussian (discarded tail <= 1e-12),11421,6,1,10000,1,1,1,1,0,0.0504,0.286,0.0504,0.286,0.05,0.281568950726478,0.0446738140627647,0.0568165035262307,0.273642515234494,0.298686061197991,0.0446738140627647,0.0568165035262307,0.273642515234494,0.298686061197991,0.999232298054943,1,0.999232298054943,1,1,0,V0,all,0.05,L2-B,moderate,R0,2,E3_11421_V1
1,0.05,0.0637619875817441,5000,5000,5000,255,900,-6.07234974885081e-05,0.0388922331620064,0.0290279622334052,0.0386205494705602,0.0290886857308937,0.750547356582108,1,1,0.05,0.186570183969611,0,0,0,0,1,1.5,10,70,4.38570660024463,10,27.4106662515289,2.74106662515289,0,1,111422,42,0.0387645359665947,Gaussian (discarded tail <= 1e-12) / Gaussian (discarded tail <= 1e-12),11422,6,2,10000,1,1,1,1,0,0.051,0.18,0.051,0.18,0.05,0.186570183969611,0.0452393871026712,0.0574500092439901,0.169597981390976,0.190893347853861,0.0452393871026712,0.0574500092439901,0.169597981390976,0.190893347853861,0.999232298054943,1,0.999232298054943,1,1,0,V0,all,0.05,L2-B,moderate,R1,2,E3_11422_V1
1,0.05,0.0164485362695147,5000,5000,5000,277,1335,3.04264298506129e-05,0.0101392521259058,0.00998552936657693,0.0101050427473104,0.00995510293672631,0.983495724164201,1,1,0.05,0.259511022841444,0,0,0,0,1,1.5,10,0,1.5,10,10,1,0,2,111661,42,0.01,Gaussian (discarded tail <= 1e-12) / Gaussian (discarded tail <= 1e-12),11661,7,1,10000,1,1,1,1,0,0.0554,0.267,0.0554,0.267,0.05,0.259511022841444,0.0493938020932845,0.0620888384762603,0.254920011984638,0.279437737121759,0.0493938020932845,0.0620888384762603,0.254920011984638,0.279437737121759,0.999232298054943,1,0.999232298054943,1,1,0,V0,all,0.05,L2-B,severe,R0,2,E3_11661_V1
1,0.05,0.0232617430735335,5000,5000,5000,254,840,0.000140137413552241,0.0139990811624339,0.00978770739096982,0.0140562506242636,0.00964756997741758,0.687751620307143,1,1,0.05,0.174187261617932,0,0,0,0,1,1.5,10,0,1.5,10,10,1,0,2,111662,42,0.014142135623731,Gaussian (discarded tail <= 1e-12) / Gaussian (discarded tail <= 1e-12),11662,7,2,10000,1,1,1,1,0,0.0508,0.168,0.0508,0.168,0.05,0.174187261617932,0.0450508366853607,0.0572388667420786,0.157892866170414,0.178616887921104,0.0450508366853607,0.0572388667420786,0.157892866170414,0.178616887921104,0.999232298054943,1,0.999232298054943,1,1,0,V0,all,0.05,L2-B,severe,R1,2,E3_11662_V1
1,0.05,0.0164485362695147,5000,5000,5000,248,1358,-9.3742173175488e-05,0.010050781350167,0.0102555986017251,0.0100028714376841,0.0103493407749006,1.03216220494767,1,1,0.05,0.264534768208324,0,0,0,0,1,1.5,10,10,1.52313991782862,10,10,1,0,2,111901,42,0.01,Gaussian (discarded tail <= 1e-12) / Gaussian (discarded tail <= 1e-12),11901,7,1,10000,1,1,1,1,0,0.0496,0.2716,0.0496,0.2716,0.05,0.264534768208324,0.0439200857923503,0.0559714601197571,0.259450252378274,0.284100433870228,0.0439200857923503,0.0559714601197571,0.259450252378274,0.284100433870228,0.999232298054943,1,0.999232298054943,1,1,0,V0,all,0.05,L2-B,severe,R0,2,E3_11901_V1
1,0.05,0.0232617430735335,5000,5000,5000,235,899,-0.000268931651533497,0.0139705899742891,0.0101320239127644,0.0141832711954251,0.0104009555642979,0.738844220369613,1,1,0.05,0.177005174328685,0,0,0,0,1,1.5,10,10,1.52313991782862,10,10,1,0,2,111902,42,0.014142135623731,Gaussian (discarded tail <= 1e-12) / Gaussian (discarded tail <= 1e-12),11902,7,2,10000,1,1,1,1,0,0.047,0.1798,0.047,0.1798,0.05,0.177005174328685,0.0414734961677938,0.053222041794428,0.169402748253117,0.190688888072497,0.0414734961677938,0.053222041794428,0.169402748253117,0.190688888072497,0.999232298054943,1,0.999232298054943,1,1,0,V0,all,0.05,L2-B,severe,R1,2,E3_11902_V1
1,0.05,0.0164485362695147,5000,5000,5000,260,1361,-7.641596207406e-05,0.0102503919541491,0.0103250919525093,0.0101030821141875,0.0104015079145833,1.02205996497165,1,1,0.05,0.280729469000847,0,0,0,0,1,1.5,10,20,1.59626665871387,10,10,1,0,2,112141,42,0.01,Gaussian (discarded tail <= 1e-12) / Gaussian (discarded tail <= 1e-12),12141,7,1,10000,1,1,1,1,0,0.052,0.2722,0.052,0.2722,0.05,0.280729469000847,0.0461825245236588,0.0585053364191124,0.260041276544094,0.284708488462074,0.0461825245236588,0.0585053364191124,0.260041276544094,0.284708488462074,0.999232298054943,1,0.999232298054943,1,1,0,V0,all,0.05,L2-B,severe,R0,2,E3_12141_V1
1,0.05,0.0232617430735335,5000,5000,5000,236,912,-0.000244178699011635,0.0141026594842662,0.0104237887479643,0.0141686916624585,0.0106679674469759,0.75468188932911,1,1,0.05,0.186098312006579,0,0,0,0,1,1.5,10,20,1.59626665871387,10,10,1,0,2,112142,42,0.014142135623731,Gaussian (discarded tail <= 1e-12) / Gaussian (discarded tail <= 1e-12),12142,7,2,10000,1,1,1,1,0,0.0472,0.1824,0.0472,0.1824,0.05,0.186098312006579,0.0416615258049748,0.0534337050764689,0.171941157770888,0.193346486504612,0.0416615258049748,0.0534337050764689,0.171941157770888,0.193346486504612,0.999232298054943,1,0.999232298054943,1,1,0,V0,all,0.05,L2-B,severe,R1,2,E3_12142_V1
1,0.05,0.0192756284408376,5000,5000,5000,276,1239,2.1148406019287e-05,0.0118079914154077,0.0115649060144428,0.0117996850005004,0.0115437576084235,0.977966377587757,1,1,0.05,0.254784430549114,0,0,0,0,1,1.5,10,30,1.73205080756888,10,11.71875,1.171875,0,2,112381,42,0.01171875,Gaussian (discarded tail <= 1e-12) / Gaussian (discarded tail <= 1e-12),12381,7,1,10000,1,1,1,1,0,0.0552,0.2478,0.0552,0.2478,0.05,0.254784430549114,0.0492047133589802,0.0618782342913426,0.236029776692219,0.259957452168868,0.0492047133589802,0.0618782342913426,0.236029776692219,0.259957452168868,0.999232298054943,1,0.999232298054943,1,1,0,V0,all,0.05,L2-B,severe,R0,2,E3_12381_V1
1,0.05,0.0272598551642971,5000,5000,5000,249,870,-0.000106806668442052,0.0166466584062597,0.0114472722360652,0.0164855856566789,0.0115540789045072,0.697443997381582,1,1,0.05,0.171536760049185,0,0,0,0,1,1.5,10,30,1.73205080756888,10,11.71875,1.171875,0,2,112382,42,0.0165728151840597,Gaussian (discarded tail <= 1e-12) / Gaussian (discarded tail <= 1e-12),12382,7,2,10000,1,1,1,1,0,0.0498,0.174,0.0498,0.174,0.05,0.171536760049185,0.0441084778641927,0.0561827609671367,0.163743138502106,0.184757403166071,0.0441084778641927,0.0561827609671367,0.163743138502106,0.184757403166071,0.999232298054943,1,0.999232298054943,1,1,0,V0,all,0.05,L2-B,severe,R1,2,E3_12382_V1
1,0.05,0.0246355281007063,5000,5000,5000,268,1090,0.000137312085859991,0.0150743515182068,0.0128415078545676,0.015217760811483,0.0127041957687076,0.838769727561067,1,1,0.05,0.219682698785466,0,0,0,0,1,1.5,10,40,1.95811093399842,10,14.9773376165787,1.49773376165787,0,2,112621,42,0.0149773376165787,Gaussian (discarded tail <= 1e-12) / Gaussian (discarded tail <= 1e-12),12621,7,1,10000,1,1,1,1,0,0.0536,0.218,0.0536,0.218,0.05,0.219682698785466,0.0476928467869534,0.0601925575095936,0.206774393122271,0.229658590774741,0.0476928467869534,0.0601925575095936,0.206774393122271,0.229658590774741,0.999232298054943,1,0.999232298054943,1,1,0,V0,all,0.05,L2-B,severe,R0,2,E3_12621_V1
1,0.05,0.0348398979562423,5000,5000,5000,255,739,2.45696836042557e-05,0.0213443168859611,0.0133828659551608,0.0208384405127434,0.0133582962715566,0.63330785395352,1,1,0.05,0.151846156432991,0,0,0,0,1,1.5,10,40,1.95811093399842,10,14.9773376165787,1.49773376165787,0,2,112622,42,0.0211811539856064,Gaussian (discarded tail <= 1e-12) / Gaussian (discarded tail <= 1e-12),12622,7,2,10000,1,1,1,1,0,0.051,0.1478,0.051,0.1478,0.05,0.151846156432991,0.0452393871026712,0.0574500092439901,0.138233254496427,0.157907514753671,0.0452393871026712,0.0574500092439901,0.138233254496427,0.157907514753671,0.999232298054943,1,0.999232298054943,1,1,0,V0,all,0.05,L2-B,severe,R1,2,E3_12622_V1
1,0.05,0.0349892647173258,5000,5000,5000,273,964,0.000223637546731647,0.0213786356223471,0.016033618035573,0.0218579075389658,0.0158099804888413,0.731279982168359,1,1,0.05,0.180488721032889,0,0,0,0,1,1.5,10,50,2.33358574029062,10,21.2719625284676,2.12719625284676,0,2,112861,42,0.0212719625284676,Gaussian (discarded tail <= 1e-12) / Gaussian (discarded tail <= 1e-12),12861,7,1,10000,1,1,1,1,0,0.0546,0.1928,0.0546,0.1928,0.05,0.180488721032889,0.0486375864994605,0.0612462823931964,0.182102784451373,0.20396889162367,0.0486375864994605,0.0612462823931964,0.182102784451373,0.20396889162367,0.999232298054943,1,0.999232298054943,1,1,0,V0,all,0.05,L2-B,severe,R0,2,E3_12861_V1
1,0.05,0.0494822927007046,5000,5000,5000,266,668,0.000693231852632072,0.0302442469540027,0.0156336989111456,0.0305053368021059,0.0149404670585135,0.491866055799997,1,1,0.05,0.129720896914931,0,0,0,0,1,1.5,10,50,2.33358574029062,10,21.2719625284676,2.12719625284676,0,2,112862,42,0.0300830979060512,Gaussian (discarded tail <= 1e-12) / Gaussian (discarded tail <= 1e-12),12862,7,2,10000,1,1,1,1,0,0.0532,0.1336,0.0532,0.1336,0.05,0.129720896914931,0.0473151188916038,0.0597708995664993,0.124450410086368,0.14331216189897,0.0473151188916038,0.0597708995664993,0.124450410086368,0.14331216189897,0.999232298054943,1,0.999232298054943,1,1,0,V0,all,0.05,L2-B,severe,R1,2,E3_12862_V1
1,0.05,0.0578268853225127,5000,5000,5000,279,688,0.000442061556784752,0.0356033140761387,0.0202422680201195,0.0353732425703236,0.0198002064633347,0.557933587516872,1,1,0.05,0.140971513471262,0,0,0,0,1,1.5,10,60,3,10,35.15625,3.515625,0,2,113101,42,0.03515625,Gaussian (discarded tail <= 1e-12) / Gaussian (discarded tail <= 1e-12),13101,7,1,10000,1,1,1,1,0,0.0558,0.1376,0.0558,0.1376,0.05,0.140971513471262,0.0497720485271196,0.0625099778808691,0.128329513338579,0.147426917031198,0.0497720485271196,0.0625099778808691,0.128329513338579,0.147426917031198,0.999232298054943,1,0.999232298054943,1,1,0,V0,all,0.05,L2-B,severe,R0,2,E3_13101_V1
1,0.05,0.0817795654928911,5000,5000,5000,286,529,0.00117218643179156,0.0500020341331923,0.021474582408951,0.0492913835870676,0.0203023959771594,0.408926925489132,1,1,0.05,0.107009766723146,0,0,0,0,1,1.5,10,60,3,10,35.15625,3.515625,0,2,113102,42,0.0497184455521791,Gaussian (discarded tail <= 1e-12) / Gaussian (discarded tail <= 1e-12),13102,7,2,10000,1,1,1,1,0,0.0572,0.1058,0.0572,0.1058,0.05,0.107009766723146,0.0510966231678006,0.063983253674742,0.0975749631064167,0.114630293107066,0.0510966231678006,0.063983253674742,0.0975749631064167,0.114630293107066,0.999232298054943,1,0.999232298054943,1,1,0,V0,all,0.05,L2-B,severe,R1,2,E3_13102_V1
1,0.05,0.123585193045704,5000,5000,5000,256,523,-0.00105253178515892,0.0746222725104997,0.0287701208928968,0.0748080632913388,0.0298226526780557,0.399150941704033,1,1,0.05,0.104610437677789,0,0,0,0,1,1.5,10,70,4.38570660024463,10,75.1344624352707,7.51344624352708,0,2,113341,42,0.0751344624352707,Gaussian (discarded tail <= 1e-12) / Gaussian (discarded tail <= 1e-12),13341,7,1,10000,1,1,1,1,0,0.0512,0.1046,0.0512,0.1046,0.05,0.104610437677789,0.0454279633979573,0.057661125867926,0.0964186088161597,0.113388489881991,0.0454279633979573,0.057661125867926,0.0964186088161597,0.113388489881991,0.999232298054943,1,0.999232298054943,1,1,0,V0,all,0.05,L2-B,severe,R0,2,E3_13341_V1
1,0.05,0.174775856113732,5000,5000,5000,243,459,-0.000769640960870773,0.105185032481956,0.0290115173123868,0.107440926392878,0.0297811582732576,0.280111444612902,1,1,0.05,0.0853921533578938,0,0,0,0,1,1.5,10,70,4.38570660024463,10,75.1344624352707,7.51344624352708,0,2,113342,42,0.106256175777572,Gaussian (discarded tail <= 1e-12) / Gaussian (discarded tail <= 1e-12),13342,7,2,10000,1,1,1,1,0,0.0486,0.0918,0.0486,0.0918,0.05,0.0853921533578938,0.0429785323075291,0.0549145490084684,0.0841069013981498,0.100119850469795,0.0429785323075291,0.0549145490084684,0.0841069013981498,0.100119850469795,0.999232298054943,1,0.999232298054943,1,1,0,V0,all,0.05,L2-B,severe,R1,2,E3_13342_V1
1,0.05,0.0164485362695147,5000,5000,5000,241,1304,-0.000117430780718212,0.00997859808474795,0.0100372619574746,0.0100160715232435,0.0101546927381928,1.01573820453706,1,1,0.05,0.259511022841444,0,0,0,0,1,1.5,10,0,1.5,10,10,1,0.5,0.5,113581,42,0.01,Gaussian (discarded tail <= 1e-12) / Gaussian (discarded tail <= 1e-12),13581,8,1,10000,1,1,1,1,0,0.0482,0.2608,0.0482,0.2608,0.05,0.259511022841444,0.0426021037376601,0.0544915917398936,0.248816716782536,0.273150551827979,0.0426021037376601,0.0544915917398936,0.248816716782536,0.273150551827979,0.999232298054943,1,0.999232298054943,1,1,0,V0,all,0.05,L2-C,mild,R0,2,E3_13581_V1
1,0.05,0.0232617430735335,5000,5000,5000,252,895,-0.000225459203999108,0.0140435267528074,0.00986358009377296,0.0144108463548907,0.0100890392977721,0.709078968267471,1,1,0.05,0.174187261617932,0,0,0,0,1,1.5,10,0,1.5,10,10,1,0.5,0.5,113582,42,0.014142135623731,Gaussian (discarded tail <= 1e-12) / Gaussian (discarded tail <= 1e-12),13582,8,2,10000,1,1,1,1,0,0.0504,0.179,0.0504,0.179,0.05,0.174187261617932,0.0446738140627647,0.0568165035262307,0.168621864613904,0.189871000034823,0.0446738140627647,0.0568165035262307,0.168621864613904,0.189871000034823,0.999232298054943,1,0.999232298054943,1,1,0,V0,all,0.05,L2-C,mild,R1,2,E3_13582_V1
1,0.05,0.0165749232966604,5000,5000,5000,266,1319,-0.000109102735453707,0.0101195797288035,0.0101691267989295,0.0100950227801154,0.0102782295343832,1.01691061654171,1,1,0.05,0.262007109943047,0,0,0,0,1,1.5,10,10,1.52313991782862,10,10.0768378566182,1.00768378566182,0.5,0.5,113821,42,0.0100768378566182,Gaussian (discarded tail <= 1e-12) / Gaussian (discarded tail <= 1e-12),13821,8,1,10000,1,1,1,1,0,0.0532,0.2638,0.0532,0.2638,0.05,0.262007109943047,0.0473151188916038,0.0597708995664993,0.251769536164925,0.27619312623392,0.0473151188916038,0.0597708995664993,0.251769536164925,0.27619312623392,0.999232298054943,1,0.999232298054943,1,1,0,V0,all,0.05,L2-C,mild,R0,2,E3_13821_V1
1,0.05,0.0234404813214309,5000,5000,5000,222,850,-0.000240648740311466,0.0140876904496993,0.0100303348755472,0.0141765188131639,0.0102709836158587,0.726780133625824,1,1,0.05,0.175587243532936,0,0,0,0,1,1.5,10,10,1.52313991782862,10,10.0768378566182,1.00768378566182,0.5,0.5,113822,42,0.0142508007626641,Gaussian (discarded tail <= 1e-12) / Gaussian (discarded tail <= 1e-12),13822,8,2,10000,1,1,1,1,0,0.0444,0.17,0.0444,0.17,0.05,0.175587243532936,0.0390318208814263,0.0504677091309097,0.159842437433537,0.180664245850201,0.0390318208814263,0.0504677091309097,0.159842437433537,0.180664245850201,0.999232298054943,1,0.999232298054943,1,1,0,V0,all,0.05,L2-C,mild,R1,2,E3_13822_V1
1,0.05,0.0169681442895682,5000,5000,5000,254,1288,-3.81352798942624e-05,0.0104568620335404,0.0103193533952492,0.0103308238363135,0.0103574886751435,0.996484011479711,1,1,0.05,0.269850994890409,0,0,0,0,1,1.5,10,20,1.59626665871387,10,10.3158992457076,1.03158992457076,0.5,0.5,114061,42,0.0103158992457076,Gaussian (discarded tail <= 1e-12) / Gaussian (discarded tail <= 1e-12),14061,8,1,10000,1,1,1,1,0,0.0508,0.2576,0.0508,0.2576,0.05,0.269850994890409,0.0450508366853607,0.0572388667420786,0.245667853890453,0.269904328012511,0.0450508366853607,0.0572388667420786,0.245667853890453,0.269904328012511,0.999232298054943,1,0.999232298054943,1,1,0,V0,all,0.05,L2-C,mild,R0,2,E3_14061_V1
1,0.05,0.0239965797826109,5000,5000,5000,237,894,-0.000159295846358968,0.0143351649257476,0.010459755697388,0.0145897625633992,0.010619051543747,0.734220696917136,1,1,0.05,0.179988373805052,0,0,0,0,1,1.5,10,20,1.59626665871387,10,10.3158992457076,1.03158992457076,0.5,0.5,114062,42,0.0145888846213541,Gaussian (discarded tail <= 1e-12) / Gaussian (discarded tail <= 1e-12),14062,8,2,10000,1,1,1,1,0,0.0474,0.1788,0.0474,0.1788,0.05,0.179988373805052,0.0418495843205747,0.053645339480091,0.168426655964112,0.189666515765393,0.0418495843205747,0.053645339480091,0.168426655964112,0.189666515765393,0.999232298054943,1,0.999232298054943,1,1,0,V0,all,0.05,L2-C,mild,R1,2,E3_14062_V1
1,0.05,0.0183900226145029,5000,5000,5000,251,1325,-4.50047107008118e-05,0.0111636370945027,0.0113679760043603,0.0113398731950795,0.0114129807150611,1.01429782217534,1,1,0.05,0.270249669649395,0,0,0,0,1,1.5,10,30,1.73205080756888,10,11.180339887499,1.11803398874989,0.5,0.5,114301,42,0.011180339887499,Gaussian (discarded tail <= 1e-12) / Gaussian (discarded tail <= 1e-12),14301,8,1,10000,1,1,1,1,0,0.0502,0.265,0.0502,0.265,0.05,0.270249669649395,0.0444853421500697,0.0566052825197037,0.252950868097267,0.27740995181691,0.0444853421500697,0.0566052825197037,0.252950868097267,0.27740995181691,0.999232298054943,1,0.999232298054943,1,1,0,V0,all,0.05,L2-C,mild,R0,2,E3_14301_V1
1,0.05,0.0260074193937779,5000,5000,5000,264,945,0.000302654103178217,0.0158066693441948,0.011723127835432,0.0159813008243155,0.0114204737322538,0.71852976711444,1,1,0.05,0.180212151246688,0,0,0,0,1,1.5,10,30,1.73205080756888,10,11.180339887499,1.11803398874989,0.5,0.5,114302,42,0.0158113883008419,Gaussian (discarded tail <= 1e-12) / Gaussian (discarded tail <= 1e-12),14302,8,2,10000,1,1,1,1,0,0.0528,0.189,0.0528,0.189,0.05,0.180212151246688,0.0469374885167706,0.0593491441028885,0.178388428557204,0.200089082052621,0.0469374885167706,0.0593491441028885,0.178388428557204,0.200089082052621,0.999232298054943,1,0.999232298054943,1,1,0,V0,all,0.05,L2-C,mild,R1,2,E3_14302_V1
1,0.05,0.0207902125044933,5000,5000,5000,264,1340,2.46501587674672e-05,0.012734755465205,0.0129071094074514,0.0125923931083743,0.0128824592486839,1.0172685413615,1,1,0.05,0.270249669649397,0,0,0,0,1,1.5,10,40,1.95811093399842,10,12.6395517290042,1.26395517290042,0.5,0.5,114541,42,0.0126395517290042,Gaussian (discarded tail <= 1e-12) / Gaussian (discarded tail <= 1e-12),14541,8,1,10000,1,1,1,1,0,0.0528,0.268,0.0528,0.268,0.05,0.270249669649397,0.0469374885167706,0.0593491441028885,0.255904703948065,0.280451509754442,0.0469374885167706,0.0593491441028885,0.255904703948065,0.280451509754442,0.999232298054943,1,0.999232298054943,1,1,0,V0,all,0.05,L2-C,mild,R0,2,E3_14541_V1
1,0.05,0.0294018004884732,5000,5000,5000,255,887,0.000121507098467172,0.0179901417559882,0.0130454582831005,0.0176132127272559,0.0129239511846333,0.725955582528413,1,1,0.05,0.180212151246689,0,0,0,0,1,1.5,10,40,1.95811093399842,10,12.6395517290042,1.26395517290042,0.5,0.5,114542,42,0.0178750254774741,Gaussian (discarded tail <= 1e-12) / Gaussian (discarded tail <= 1e-12),14542,8,2,10000,1,1,1,1,0,0.051,0.1774,0.051,0.1774,0.05,0.180212151246689,0.0452393871026712,0.0574500092439901,0.167060333450066,0.188234987844885,0.0452393871026712,0.0574500092439901,0.167060333450066,0.188234987844885,0.999232298054943,1,0.999232298054943,1,1,0,V0,all,0.05,L2-C,mild,R1,2,E3_14542_V1
1,0.05,0.024776810443027,5000,5000,5000,245,1345,3.88027433640853e-05,0.0150911569524307,0.015494914795822,0.0149611690792363,0.0154561120524579,1.028603739648,1,1,0.05,0.270249669649398,0,0,0,0,1,1.5,10,50,2.33358574029062,10,15.0632311818211,1.50632311818211,0.5,0.5,114781,42,0.0150632311818211,Gaussian (discarded tail <= 1e-12) / Gaussian (discarded tail <= 1e-12),14781,8,1,10000,1,1,1,1,0,0.049,0.269,0.049,0.269,0.05,0.270249669649398,0.0433550717009474,0.0553373954534942,0.256889475545412,0.281465202753205,0.0433550717009474,0.0553373954534942,0.256889475545412,0.281465202753205,0.999232298054943,1,0.999232298054943,1,1,0,V0,all,0.05,L2-C,mild,R0,2,E3_14781_V1
1,0.05,0.0350397013608761,5000,5000,5000,281,917,0.000839277674200739,0.0215644905891447,0.0160991107426342,0.0214275979294872,0.0152598330684334,0.709886690189615,1,1,0.05,0.18021215124669,0,0,0,0,1,1.5,10,50,2.33358574029062,10,15.0632311818211,1.50632311818211,0.5,0.5,114782,42,0.0213026258304927,Gaussian (discarded tail <= 1e-12) / Gaussian (discarded tail <= 1e-12),14782,8,2,10000,1,1,1,1,0,0.0562,0.1834,0.0562,0.1834,0.05,0.18021215124669,0.0501503861434922,0.0629310261029405,0.17291768603434,0.194368422837271,0.0501503861434922,0.0629310261029405,0.17291768603434,0.194368422837271,0.999232298054943,1,0.999232298054943,1,1,0,V0,all,0.05,L2-C,mild,R1,2,E3_14782_V1
1,0.05,0.0318524535206596,5000,5000,5000,283,1348,0.000159998940147552,0.0196898918313001,0.0200855448276708,0.0191460993420111,0.0199255458875233,1.02603756117602,1,1,0.05,0.270249669649396,0,0,0,0,1,1.5,10,60,3,10,19.3649167310371,1.93649167310371,0.5,0.5,115021,42,0.0193649167310371,Gaussian (discarded tail <= 1e-12) / Gaussian (discarded tail <= 1e-12),15021,8,1,10000,1,1,1,1,0,0.0566,0.2696,0.0566,0.2696,0.05,0.270249669649396,0.0505288140312871,0.0633519840535895,0.257480376611162,0.28207338044512,0.0505288140312871,0.0633519840535895,0.257480376611162,0.28207338044512,0.999232298054943,1,0.999232298054943,1,1,0,V0,all,0.05,L2-C,mild,R0,2,E3_15021_V1
1,0.05,0.0450461717637754,5000,5000,5000,252,915,0.000214463271232545,0.0274720755254103,0.0201084517327192,0.0272938588324887,0.0198939884614867,0.726505750766398,1,1,0.05,0.180212151246689,0,0,0,0,1,1.5,10,60,3,10,19.3649167310371,1.93649167310371,0.5,0.5,115022,42,0.0273861278752583,Gaussian (discarded tail <= 1e-12) / Gaussian (discarded tail <= 1e-12),15022,8,2,10000,1,1,1,1,0,0.0504,0.183,0.0504,0.183,0.05,0.180212151246689,0.0446738140627647,0.0568165035262307,0.172527060366691,0.193959662666476,0.0446738140627647,0.0568165035262307,0.172527060366691,0.193959662666476,0.999232298054943,1,0.999232298054943,1,1,0,V0,all,0.05,L2-C,mild,R1,2,E3_15022_V1
1,0.05,0.0465651718798474,5000,5000,5000,284,1404,0.000258715477525368,0.0284060553974779,0.0294852428372961,0.028053274052288,0.0292265273597708,1.03529238197128,1,1,0.05,0.270249669649388,0,0,0,0,1,1.5,10,70,4.38570660024463,10,28.309614373499,2.8309614373499,0.5,0.5,115261,42,0.028309614373499,Gaussian (discarded tail <= 1e-12) / Gaussian (discarded tail <= 1e-12),15261,8,1,10000,1,1,1,1,0,0.0568,0.2808,0.0568,0.2808,0.05,0.270249669649388,0.0507180615465955,0.0635624294575031,0.268515699404263,0.29342086112845,0.0507180615465955,0.0635624294575031,0.268515699404263,0.29342086112845,0.999232298054943,1,0.999232298054943,1,1,0,V0,all,0.05,L2-C,mild,R0,2,E3_15261_V1
1,0.05,0.0658530976067144,5000,5000,5000,239,880,-3.60453528649281e-05,0.0396224436665708,0.0294671470686648,0.0399175671655847,0.0295031924215297,0.741840214280869,1,1,0.05,0.180212151246684,0,0,0,0,1,1.5,10,70,4.38570660024463,10,28.309614373499,2.8309614373499,0.5,0.5,115262,42,0.0400358405925546,Gaussian (discarded tail <= 1e-12) / Gaussian (discarded tail <= 1e-12),15262,8,2,10000,1,1,1,1,0,0.0478,0.176,0.0478,0.176,0.05,0.180212151246684,0.0422257872975776,0.054068522341532,0.165694254097883,0.186803216762514,0.0422257872975776,0.054068522341532,0.165694254097883,0.186803216762514,0.999232298054943,1,0.999232298054943,1,1,0,V0,all,0.05,L2-C,mild,R1,2,E3_15262_V1
1,0.05,0.0164485362695147,5000,5000,5000,255,1239,-4.71300401662956e-05,0.0100839685785148,0.00976926651579232,0.0100429610761151,0.00981639655595861,0.975446960828294,1,1,0.05,0.259511022841444,0,0,0,0,1,1.5,10,0,1.5,10,10,1,1,1,115501,42,0.01,Gaussian (discarded tail <= 1e-12) / Gaussian (discarded tail <= 1e-12),15501,9,1,10000,1,1,1,1,0,0.051,0.2478,0.051,0.2478,0.05,0.259511022841444,0.0452393871026712,0.0574500092439901,0.236029776692219,0.259957452168868,0.0452393871026712,0.0574500092439901,0.236029776692219,0.259957452168868,0.999232298054943,1,0.999232298054943,1,1,0,V0,all,0.05,L2-C,moderate,R0,2,E3_15501_V1
1,0.05,0.0232617430735335,5000,5000,5000,253,845,0.000323223812297373,0.0140049686837502,0.00967708398921917,0.0141995034075234,0.0093538601769218,0.663273374529757,1,1,0.05,0.174187261617932,0,0,0,0,1,1.5,10,0,1.5,10,10,1,1,1,115502,42,0.014142135623731,Gaussian (discarded tail <= 1e-12) / Gaussian (discarded tail <= 1e-12),15502,9,2,10000,1,1,1,1,0,0.0506,0.169,0.0506,0.169,0.05,0.174187261617932,0.0448623122901981,0.0570276982180192,0.158867586103553,0.179640632584075,0.0448623122901981,0.0570276982180192,0.158867586103553,0.179640632584075,0.999232298054943,1,0.999232298054943,1,1,0,V0,all,0.05,L2-C,moderate,R1,2,E3_15502_V1
1,0.05,0.0167022814546331,5000,5000,5000,241,1231,3.5875502729847e-05,0.010028547272105,0.00990387429192679,0.0100529570458141,0.00986799878919694,0.982794051966428,1,1,0.05,0.259511022841442,0,0,0,0,1,1.5,10,10,1.52313991782862,10,10.1542661188575,1.01542661188575,1,1,115741,42,0.0101542661188575,Gaussian (discarded tail <= 1e-12) / Gaussian (discarded tail <= 1e-12),15741,9,1,10000,1,1,1,1,0,0.0482,0.2462,0.0482,0.2462,0.05,0.259511022841442,0.0426021037376601,0.0544915917398936,0.234456988713453,0.258332696793858,0.0426021037376601,0.0544915917398936,0.234456988713453,0.258332696793858,0.999232298054943,1,0.999232298054943,1,1,0,V0,all,0.05,L2-C,moderate,R0,2,E3_15741_V1
1,0.05,0.0236205929557148,5000,5000,5000,230,879,3.55555030129441e-05,0.0142539945521278,0.0101617929824528,0.0145630861596292,0.0101262374794399,0.702753699132793,1,1,0.05,0.174187261617931,0,0,0,0,1,1.5,10,10,1.52313991782862,10,10.1542661188575,1.01542661188575,1,1,115742,42,0.0143603008612338,Gaussian (discarded tail <= 1e-12) / Gaussian (discarded tail <= 1e-12),15742,9,2,10000,1,1,1,1,0,0.046,0.1758,0.046,0.1758,0.05,0.174187261617931,0.0405337873353779,0.052163286030734,0.165499119886883,0.186598658054292,0.0405337873353779,0.052163286030734,0.165499119886883,0.186598658054292,0.999232298054943,1,0.999232298054943,1,1,0,V0,all,0.05,L2-C,moderate,R1,2,E3_15742_V1
1,0.05,0.0175041666877814,5000,5000,5000,230,1264,-0.00020519310768842,0.0107005983683819,0.0105977027043581,0.0105412863154999,0.0108028958120465,1.01710297011051,1,1,0.05,0.259511022841445,0,0,0,0,1,1.5,10,20,1.59626665871387,10,10.6417777247591,1.06417777247591,1,1,115981,42,0.0106417777247591,Gaussian (discarded tail <= 1e-12) / Gaussian (discarded tail <= 1e-12),15981,9,1,10000,1,1,1,1,0,0.046,0.2528,0.046,0.2528,0.05,0.259511022841445,0.0405337873353779,0.052163286030734,0.240946151319471,0.265033400522165,0.0405337873353779,0.052163286030734,0.240946151319471,0.265033400522165,0.999232298054943,1,0.999232298054943,1,1,0,V0,all,0.05,L2-C,moderate,R0,2,E3_15981_V1
1,0.05,0.0247546299278998,5000,5000,5000,253,892,-4.28695400411581e-05,0.0150105110918522,0.0105980996416519,0.0153421672474852,0.010640969181693,0.701113350610116,1,1,0.05,0.174187261617933,0,0,0,0,1,1.5,10,20,1.59626665871387,10,10.6417777247591,1.06417777247591,1,1,115982,42,0.0150497463861142,Gaussian (discarded tail <= 1e-12) / Gaussian (discarded tail <= 1e-12),15982,9,2,10000,1,1,1,1,0,0.0506,0.1784,0.0506,0.1784,0.05,0.174187261617933,0.0448623122901981,0.0570276982180192,0.168036253421531,0.18925753246953,0.0448623122901981,0.0570276982180192,0.168036253421531,0.18925753246953,0.999232298054943,1,0.999232298054943,1,1,0,V0,all,0.05,L2-C,moderate,R1,2,E3_15982_V1
1,0.05,0.0205606703368934,5000,5000,5000,241,1142,8.41647581140879e-06,0.0124414921487013,0.0113044285243624,0.0125194818535548,0.0112960120485509,0.90508943364848,1,1,0.05,0.235426088414852,0,0,0,0,1,1.5,10,30,1.73205080756888,10,12.5,1.25,1,1,116221,42,0.0125,Gaussian (discarded tail <= 1e-12) / Gaussian (discarded tail <= 1e-12),16221,9,1,10000,1,1,1,1,0,0.0482,0.2284,0.0482,0.2284,0.05,0.235426088414852,0.0426021037376601,0.0544915917398936,0.216975011804744,0.240242003891811,0.0426021037376601,0.0544915917398936,0.216975011804744,0.240242003891811,0.999232298054943,1,0.999232298054943,1,1,0,V0,all,0.05,L2-C,moderate,R0,2,E3_16221_V1
1,0.05,0.0290771788419169,5000,5000,5000,239,825,0.000182500352068984,0.017408935869371,0.0116759880903214,0.0176161844286862,0.0114934877382525,0.656288197588502,1,1,0.05,0.160682592467169,0,0,0,0,1,1.5,10,30,1.73205080756888,10,12.5,1.25,1,1,116222,42,0.0176776695296637,Gaussian (discarded tail <= 1e-12) / Gaussian (discarded tail <= 1e-12),16222,9,2,10000,1,1,1,1,0,0.0478,0.165,0.0478,0.165,0.05,0.160682592467169,0.0422257872975776,0.054068522341532,0.154969504169594,0.175544856133594,0.0422257872975776,0.054068522341532,0.154969504169594,0.175544856133594,0.999232298054943,1,0.999232298054943,1,1,0,V0,all,0.05,L2-C,moderate,R1,2,E3_16222_V1
1,0.05,0.0262778966407533,5000,5000,5000,248,1034,0.00015091271345174,0.0156041908046955,0.0132707394389539,0.0157533590697966,0.0131198267255021,0.836779552939241,1,1,0.05,0.203909006637899,0,0,0,0,1,1.5,10,40,1.95811093399842,10,15.9758267910173,1.59758267910173,1,1,116461,42,0.0159758267910173,Gaussian (discarded tail <= 1e-12) / Gaussian (discarded tail <= 1e-12),16461,9,1,10000,1,1,1,1,0,0.0496,0.2068,0.0496,0.2068,0.05,0.203909006637899,0.0439200857923503,0.0559714601197571,0.195801022221821,0.218249158198761,0.0439200857923503,0.0559714601197571,0.195801022221821,0.218249158198761,0.999232298054943,1,0.999232298054943,1,1,0,V0,all,0.05,L2-C,moderate,R0,2,E3_16461_V1
1,0.05,0.0371625578199918,5000,5000,5000,266,722,-2.845059695206e-05,0.0229373889757362,0.0132235066724694,0.0226925702031175,0.0132519572694215,0.580836221338005,1,1,0.05,0.142970853129625,0,0,0,0,1,1.5,10,40,1.95811093399842,10,15.9758267910173,1.59758267910173,1,1,116462,42,0.0225932309179801,Gaussian (discarded tail <= 1e-12) / Gaussian (discarded tail <= 1e-12),16462,9,2,10000,1,1,1,1,0,0.0532,0.1444,0.0532,0.1444,0.05,0.142970853129625,0.0473151188916038,0.0597708995664993,0.134930148338256,0.154415841285068,0.0473151188916038,0.0597708995664993,0.134930148338256,0.154415841285068,0.999232298054943,1,0.999232298054943,1,1,0,V0,all,0.05,L2-C,moderate,R1,2,E3_16462_V1
1,0.05,0.0373218823651475,5000,5000,5000,238,862,-0.000128319146980563,0.0226727995000855,0.0154036524483875,0.0227478455500399,0.0155319715953681,0.683915887931213,1,1,0.05,0.168725597951231,0,0,0,0,1,1.5,10,50,2.33358574029062,10,22.6900933636988,2.26900933636988,1,1,116701,42,0.0226900933636988,Gaussian (discarded tail <= 1e-12) / Gaussian (discarded tail <= 1e-12),16701,9,1,10000,1,1,1,1,0,0.0476,0.1724,0.0476,0.1724,0.05,0.168725597951231,0.0420376715417821,0.0538569451781056,0.162182611241505,0.183120387072896,0.0420376715417821,0.0538569451781056,0.162182611241505,0.183120387072896,0.999232298054943,1,0.999232298054943,1,1,0,V0,all,0.05,L2-C,moderate,R0,2,E3_16701_V1
1,0.05,0.0527811122140849,5000,5000,5000,246,621,-0.000751765610431616,0.0319618934810314,0.0158203952247,0.0320279212236191,0.0165721608351316,0.51796218161777,1,1,0.05,0.123017715702323,0,0,0,0,1,1.5,10,50,2.33358574029062,10,22.6900933636988,2.26900933636988,1,1,116702,42,0.0320886377664546,Gaussian (discarded tail <= 1e-12) / Gaussian (discarded tail <= 1e-12),16702,9,2,10000,1,1,1,1,0,0.0492,0.1242,0.0492,0.1242,0.05,0.123017715702323,0.0435433825554971,0.0555487775181664,0.115345771870264,0.133631232911641,0.0435433825554971,0.0555487775181664,0.115345771870264,0.133631232911641,0.999232298054943,1,0.999232298054943,1,1,0,V0,all,0.05,L2-C,moderate,R1,2,E3_16702_V1
1,0.05,0.0616820110106802,5000,5000,5000,238,671,0.00017868223464266,0.0371793337578493,0.0211469629899024,0.0370633265736236,0.0209682807552597,0.564857322307882,1,1,0.05,0.133172229927766,0,0,0,0,1,1.5,10,60,3,10,37.5,3.75,1,1,116941,42,0.0375,Gaussian (discarded tail <= 1e-12) / Gaussian (discarded tail <= 1e-12),16941,9,1,10000,1,1,1,1,0,0.0476,0.1342,0.0476,0.1342,0.05,0.133172229927766,0.0420376715417821,0.0538569451781056,0.125032099094476,0.143929551648528,0.0420376715417821,0.0538569451781056,0.125032099094476,0.143929551648528,0.999232298054943,1,0.999232298054943,1,1,0,V0,all,0.05,L2-C,moderate,R0,2,E3_16941_V1
1,0.05,0.0872315365257506,5000,5000,5000,224,483,0.000277544425253904,0.0523089160882975,0.0194109340119275,0.0527817270980973,0.0191333895866736,0.36412748772461,1,1,0.05,0.102447191930942,0,0,0,0,1,1.5,10,60,3,10,37.5,3.75,1,1,116942,42,0.0530330085889911,Gaussian (discarded tail <= 1e-12) / Gaussian (discarded tail <= 1e-12),16942,9,2,10000,1,1,1,1,0,0.0448,0.0966,0.0448,0.0966,0.05,0.102447191930942,0.0394071274343464,0.0508917884164337,0.088718716686586,0.105100665242686,0.0394071274343464,0.0508917884164337,0.088718716686586,0.105100665242686,0.999232298054943,1,0.999232298054943,1,1,0,V0,all,0.05,L2-C,moderate,R1,2,E3_16942_V1
1,0.05,0.131824205915418,5000,5000,5000,259,550,0.00270749256502902,0.0810932833132121,0.0313534324371198,0.081426825089019,0.0286459398720908,0.352521048943995,1,1,0.05,0.100266916204615,0,0,0,0,1,1.5,10,70,4.38570660024463,10,80.1434265976222,8.01434265976222,1,1,117181,42,0.0801434265976222,Gaussian (discarded tail <= 1e-12) / Gaussian (discarded tail <= 1e-12),17181,9,1,10000,1,1,1,1,0,0.0518,0.11,0.0518,0.11,0.05,0.100266916204615,0.045993846130679,0.0582943218928702,0.101624862673781,0.118973944843364,0.045993846130679,0.0582943218928702,0.101624862673781,0.118973944843364,0.999232298054943,1,0.999232298054943,1,1,0,V0,all,0.05,L2-C,moderate,R0,2,E3_17181_V1
1,0.05,0.186427579854648,5000,5000,5000,254,396,5.0399215636002e-06,0.112930861078058,0.0273208899707162,0.111774967978691,0.0273158500491526,0.24312220798446,1,1,0.05,0.0827382820312039,0,0,0,0,1,1.5,10,70,4.38570660024463,10,80.1434265976222,8.01434265976222,1,1,117182,42,0.11333992082941,Gaussian (discarded tail <= 1e-12) / Gaussian (discarded tail <= 1e-12),17182,9,2,10000,1,1,1,1,0,0.0508,0.0792,0.0508,0.0792,0.05,0.0827382820312039,0.0450508366853607,0.0572388667420786,0.0720336673776816,0.0870124305792785,0.0450508366853607,0.0572388667420786,0.0720336673776816,0.0870124305792785,0.999232298054943,1,0.999232298054943,1,1,0,V0,all,0.05,L2-C,moderate,R1,2,E3_17182_V1
1,0.05,0.0164485362695147,5000,5000,5000,246,1301,-4.98055924338868e-05,0.0100497336451501,0.0100986311121668,0.00989229754279516,0.0101484367046006,1.01776196893446,1,1,0.05,0.259511022841444,0,0,0,0,1,1.5,10,0,1.5,10,10,1,2,2,117421,42,0.01,Gaussian (discarded tail <= 1e-12) / Gaussian (discarded tail <= 1e-12),17421,10,1,10000,1,1,1,1,0,0.0492,0.2602,0.0492,0.2602,0.05,0.259511022841444,0.0435433825554971,0.0555487775181664,0.248226240927895,0.272541948924955,0.0435433825554971,0.0555487775181664,0.248226240927895,0.272541948924955,0.999232298054943,1,0.999232298054943,1,1,0,V0,all,0.05,L2-C,severe,R0,2,E3_17421_V1
1,0.05,0.0232617430735335,5000,5000,5000,231,887,-0.000112793639749674,0.0141630316446116,0.0103436892817544,0.0139846038119513,0.010456482921504,0.74295923421523,1,1,0.05,0.174187261617932,0,0,0,0,1,1.5,10,0,1.5,10,10,1,2,2,117422,42,0.014142135623731,Gaussian (discarded tail <= 1e-12) / Gaussian (discarded tail <= 1e-12),17422,10,2,10000,1,1,1,1,0,0.0462,0.1774,0.0462,0.1774,0.05,0.174187261617932,0.0407216699236964,0.0523750963616375,0.167060333450066,0.188234987844885,0.0407216699236964,0.0523750963616375,0.167060333450066,0.188234987844885,0.999232298054943,1,0.999232298054943,1,1,0,V0,all,0.05,L2-C,severe,R1,2,E3_17422_V1
1,0.05,0.0169599410682402,5000,5000,5000,238,1236,0.000191549498629605,0.0102857543720903,0.0100401276067938,0.0102840088300456,0.00984857810816423,0.957578167130387,1,1,0.05,0.254612195607517,0,0,0,0,1,1.5,10,10,1.52313991782862,10,10.3109120412576,1.03109120412576,2,2,117661,42,0.0103109120412576,Gaussian (discarded tail <= 1e-12) / Gaussian (discarded tail <= 1e-12),17661,10,1,10000,1,1,1,1,0,0.0476,0.2472,0.0476,0.2472,0.05,0.254612195607517,0.0420376715417821,0.0538569451781056,0.235439955330143,0.259348194773278,0.0420376715417821,0.0538569451781056,0.235439955330143,0.259348194773278,0.999232298054943,1,0.999232298054943,1,1,0,V0,all,0.05,L2-C,severe,R0,2,E3_17661_V1
1,0.05,0.0239849786757538,5000,5000,5000,251,890,0.000248820871908342,0.0146194108056727,0.0101439743820892,0.0147180636086389,0.00989515351018082,0.674570511783813,1,1,0.05,0.171440186682854,0,0,0,0,1,1.5,10,10,1.52313991782862,10,10.3109120412576,1.03109120412576,2,2,117662,42,0.0145818316491826,Gaussian (discarded tail <= 1e-12) / Gaussian (discarded tail <= 1e-12),17662,10,2,10000,1,1,1,1,0,0.0502,0.178,0.0502,0.178,0.05,0.171440186682854,0.0444853421500697,0.0566052825197037,0.167645870598072,0.188848529454545,0.0444853421500697,0.0566052825197037,0.167645870598072,0.188848529454545,0.999232298054943,1,0.999232298054943,1,1,0,V0,all,0.05,L2-C,severe,R1,2,E3_17662_V1
1,0.05,0.0186275451148503,5000,5000,5000,257,1291,0.000112762495836202,0.0113114399546194,0.0110221548424972,0.0113647915247344,0.010909392346661,0.962184758304398,1,1,0.05,0.240355022396997,0,0,0,0,1,1.5,10,20,1.59626665871387,10,11.3247433143179,1.13247433143179,2,2,117901,42,0.0113247433143179,Gaussian (discarded tail <= 1e-12) / Gaussian (discarded tail <= 1e-12),17901,10,1,10000,1,1,1,1,0,0.0514,0.2582,0.0514,0.2582,0.05,0.240355022396997,0.0456165654284363,0.057872216756669,0.246258201459623,0.270513059201007,0.0456165654284363,0.057872216756669,0.246258201459623,0.270513059201007,0.999232298054943,1,0.999232298054943,1,1,0,V0,all,0.05,L2-C,severe,R0,2,E3_17901_V1
1,0.05,0.026343326935138,5000,5000,5000,258,783,7.91207349196207e-05,0.0160227835620767,0.0102280733647365,0.0160044813544446,0.0101489526298169,0.633769446072475,1,1,0.05,0.1634466733596,0,0,0,0,1,1.5,10,20,1.59626665871387,10,11.3247433143179,1.13247433143179,2,2,117902,42,0.0160156055855025,Gaussian (discarded tail <= 1e-12) / Gaussian (discarded tail <= 1e-12),17902,10,2,10000,1,1,1,1,0,0.0516,0.1566,0.0516,0.1566,0.05,0.1634466733596,0.0458051930526966,0.0580832820516306,0.146790653118106,0.16693660457776,0.0458051930526966,0.0580832820516306,0.146790653118106,0.16693660457776,0.999232298054943,1,0.999232298054943,1,1,0,V0,all,0.05,L2-C,severe,R1,2,E3_17902_V1
1,0.05,0.0257008379211168,5000,5000,5000,238,895,-9.96919854034124e-05,0.0152731133700855,0.0114571762613104,0.0155876382144456,0.0115568682467139,0.748929788471795,1,1,0.05,0.182508874718644,0,0,0,0,1,1.5,10,30,1.73205080756888,10,15.625,1.5625,2,2,118141,42,0.015625,Gaussian (discarded tail <= 1e-12) / Gaussian (discarded tail <= 1e-12),18141,10,1,10000,1,1,1,1,0,0.0476,0.179,0.0476,0.179,0.05,0.182508874718644,0.0420376715417821,0.0538569451781056,0.168621864613904,0.189871000034823,0.0420376715417821,0.0538569451781056,0.168621864613904,0.189871000034823,0.999232298054943,1,0.999232298054943,1,1,0,V0,all,0.05,L2-C,severe,R0,2,E3_18141_V1
1,0.05,0.0363464735523961,5000,5000,5000,244,644,-9.79032504958032e-05,0.0220881312889166,0.011621253286626,0.0220518725189761,0.0117191565371218,0.530999165029948,1,1,0.05,0.130868342457329,0,0,0,0,1,1.5,10,30,1.73205080756888,10,15.625,1.5625,2,2,118142,42,0.0220970869120796,Gaussian (discarded tail <= 1e-12) / Gaussian (discarded tail <= 1e-12),18142,10,2,10000,1,1,1,1,0,0.0488,0.1288,0.0488,0.1288,0.05,0.130868342457329,0.0431667882318987,0.0551259860033208,0.119799203701453,0.138370738222557,0.0431667882318987,0.0551259860033208,0.119799203701453,0.138370738222557,0.999232298054943,1,0.999232298054943,1,1,0,V0,all,0.05,L2-C,severe,R1,2,E3_18142_V1
1,0.05,0.0419811125164931,5000,5000,5000,263,680,0.000227267094159005,0.0256756849407594,0.0130998907582838,0.0255154960898885,0.0128726236641248,0.502921025873543,1,1,0.05,0.128526391056008,0,0,0,0,1,1.5,10,40,1.95811093399842,10,25.5227041656587,2.55227041656587,2,2,118381,42,0.0255227041656587,Gaussian (discarded tail <= 1e-12) / Gaussian (discarded tail <= 1e-12),18381,10,1,10000,1,1,1,1,0,0.0526,0.136,0.0526,0.136,0.05,0.128526391056008,0.0467487102249782,0.0591382294754589,0.126777541696987,0.145781345319015,0.0467487102249782,0.0591382294754589,0.126777541696987,0.145781345319015,0.999232298054943,1,0.999232298054943,1,1,0,V0,all,0.05,L2-C,severe,R0,2,E3_18381_V1
1,0.05,0.0593702586843355,5000,5000,5000,243,538,0.000211700093750545,0.0359467287169115,0.0147173649769986,0.0360769274098253,0.0145056648832481,0.402802133692538,1,1,0.05,0.0997126886562695,0,0,0,0,1,1.5,10,40,1.95811093399842,10,25.5227041656587,2.55227041656587,2,2,118382,42,0.0360945543795108,Gaussian (discarded tail <= 1e-12) / Gaussian (discarded tail <= 1e-12),18382,10,2,10000,1,1,1,1,0,0.0486,0.1076,0.0486,0.1076,0.05,0.0997126886562695,0.0429785323075291,0.0549145490084684,0.0993101339918606,0.11649235849462,0.0429785323075291,0.0549145490084684,0.0993101339918606,0.11649235849462,0.999232298054943,1,0.999232298054943,1,1,0,V0,all,0.05,L2-C,severe,R1,2,E3_18382_V1
1,0.05,0.0846836995374182,5000,5000,5000,228,432,-0.000871390885913864,0.0510040981522948,0.0162744102110737,0.0506210104327377,0.0171458010969876,0.337429981940501,1,1,0.05,0.0896881876744293,0,0,0,0,1,1.5,10,50,2.33358574029062,10,51.4840336853369,5.14840336853369,2,2,118621,42,0.0514840336853369,Gaussian (discarded tail <= 1e-12) / Gaussian (discarded tail <= 1e-12),18621,10,1,10000,1,1,1,1,0,0.0456,0.0864,0.0456,0.0864,0.05,0.0896881876744293,0.0401581122081757,0.0517395753194923,0.0789265393232595,0.0945085037256918,0.0401581122081757,0.0517395753194923,0.0789265393232595,0.0945085037256918,0.999232298054943,1,0.999232298054943,1,1,0,V0,all,0.05,L2-C,severe,R0,2,E3_18621_V1
1,0.05,0.119760836397745,5000,5000,5000,233,384,0.0001427647431274,0.0723448181235589,0.0167544752797257,0.07279915367985,0.0166117105365983,0.228898643831398,1,1,0.05,0.0761888953350382,0,0,0,0,1,1.5,10,50,2.33358574029062,10,51.4840336853369,5.14840336853369,2,2,118622,42,0.0728094186834767,Gaussian (discarded tail <= 1e-12) / Gaussian (discarded tail <= 1e-12),18622,10,2,10000,1,1,1,1,0,0.0466,0.0768,0.0466,0.0768,0.05,0.0761888953350382,0.0410975242290518,0.052798627894726,0.0697399761946566,0.0845098067316397,0.0410975242290518,0.052798627894726,0.0697399761946566,0.0845098067316397,0.999232298054943,1,0.999232298054943,1,1,0,V0,all,0.05,L2-C,severe,R1,2,E3_18622_V1
1,0.05,0.231307541290051,5000,5000,5000,225,321,-0.000905646490107189,0.138732334562523,0.0188559747786736,0.141947879559647,0.0197616212687808,0.140803117475274,1,1,0.05,0.0664670601762945,0,0,0,0,1,1.5,10,60,3,10,140.625,14.0625,2,2,118861,42,0.140625,Gaussian (discarded tail <= 1e-12) / Gaussian (discarded tail <= 1e-12),18861,10,1,10000,1,1,1,1,0,0.045,0.0642,0.045,0.0642,0.05,0.0664670601762945,0.0395948274633155,0.0511037813066865,0.0577349904594066,0.0713341385559052,0.0395948274633155,0.0511037813066865,0.0577349904594066,0.0713341385559052,0.999232298054943,1,0.999232298054943,1,1,0,V0,all,0.05,L2-C,severe,R0,2,E3_18861_V1
1,0.05,0.327118261971565,5000,5000,5000,225,322,-0.00528184443631892,0.198942095729879,0.0202769071599981,0.200835733114834,0.0255587515963171,0.127863343246412,1,1,0.05,0.0612593703891363,0,0,0,0,1,1.5,10,60,3,10,140.625,14.0625,2,2,118862,42,0.198873782208716,Gaussian (discarded tail <= 1e-12) / Gaussian (discarded tail <= 1e-12),18862,10,2,10000,1,1,1,1,0,0.045,0.0644,0.045,0.0644,0.05,0.0612593703891363,0.0395948274633155,0.0511037813066865,0.0579250130777428,0.071543808856791,0.0395948274633155,0.0511037813066865,0.0579250130777428,0.071543808856791,0.999232298054943,1,0.999232298054943,1,1,0,V0,all,0.05,L2-C,severe,R1,2,E3_18862_V1
1,0.05,1.05648435705721,5000,5000,5000,254,292,-0.00470955921014432,0.634873356676579,0.0371723955826766,0.65008481312303,0.0418819547928209,0.0651834766403869,0.9999999999957,0.9999999999941,0.0499999999956995,0.0548733650298549,0,0,0,0,1,1.5,10,70,4.38570660024463,10,642.296882680845,64.2296882680845,2,2,119101,42,0.642296882680845,positive-range exact R0 / positive-range exact R0,19101,10,1,10000,1,1,1,1,0,0.0508,0.0584,0.0508,0.0584,0.0499999999959145,0.0548733650301787,0.0450508366853607,0.0572388667420786,0.0522328329905503,0.0652452013673242,0.0450508366853607,0.0572388667420786,0.0522328329905503,0.0652452013673242,0.999232298054943,1,0.999232298054943,1,1,0,V0,all,0.05,L2-C,severe,R0,2,E3_19101_V1
1,0.05,1.49409450618533,5000,5000,5000,251,299,-0.00284291352898752,0.919288300072354,0.0286041300308788,0.924452347125998,0.0314470435598663,0.0341120864920144,0.999999999991399,0.9999999999898,0.0499999999956994,0.0534086143506508,0,0,0,0,1,1.5,10,70,4.38570660024463,10,642.296882680845,64.2296882680845,2,2,119102,42,0.908344962557212,positive-range quadrature R1 / positive-range quadrature R1,19102,10,2,10000,1,1,1,1,0,0.0502,0.0598,0.0502,0.0598,0.0499999999961295,0.0534086143511956,0.0444853421500697,0.0566052825197037,0.05355938263636,0.0667165021560683,0.0444853421500697,0.0566052825197037,0.05355938263636,0.0667165021560683,0.999232298054943,1,0.999232298054943,1,1,0,V0,all,0.05,L2-C,severe,R1,2,E3_19102_V1
