scenario_id,reference_mode,H_m,thickness_mm,angle_deg,sigma_mm,master_seed,stream_id,geometry_source,N,mean_dry,std_dry,mean_ice,std_ice,separation,d_prime,sigma_score_theory_m,separation_theory_m,d_prime_theory,pfa_target,threshold,false_alarm_count,detection_count,P_FA_mc,P_D_mc,P_FA_theory,P_D_theory,pfa_ci_low,pfa_ci_high,ci_low,ci_high,pfa_theory_in_ci,pd_theory_in_ci,invalid_count
L1_001_R0,R0,1.6,0,0,2.5,42,1,Simulink standard-block model,1000,0.000187290622293891,0.00253175616497728,-0.000136854665654741,0.00259630210325662,0.000324145287948632,0.126410269618988,0.0025,0,0,0.01,0.0058158696851021,13,3,0.013,0.003,0.01,0.01,0.00761282038935102,0.0221144423755797,0.00102078388113862,0.00878301405350318,1,0,0
L1_001_R0,R0,1.6,0,0,2.5,42,1,Simulink standard-block model,1000,0.000187290622293891,0.00253175616497728,-0.000136854665654741,0.00259630210325662,0.000324145287948632,0.126410269618988,0.0025,0,0,0.05,0.00411213406737868,63,53,0.063,0.053,0.05,0.05,0.0495496632117291,0.0797949237046461,0.0407465052485945,0.0686746168374918,1,1,0
L1_001_R0,R0,1.6,0,0,2.5,42,1,Simulink standard-block model,1000,0.000187290622293891,0.00253175616497728,-0.000136854665654741,0.00259630210325662,0.000324145287948632,0.126410269618988,0.0025,0,0,0.1,0.0032038789138615,116,104,0.116,0.104,0.1,0.1,0.0976056770396338,0.137333273477273,0.0865710280982681,0.124459764622292,1,1,0
L1_002_R1,R1,1.6,0,0,2.5,42,2,Simulink standard-block model,1000,0.000152057820535987,0.00347940830786233,-5.48705207871691e-05,0.00361800041204049,0.000206928341323156,0.0582998412297076,0.00353553390593274,0,0,0.01,0.00822488178566593,15,10,0.015,0.01,0.01,0.01,0.00911097880408167,0.0246009769269068,0.00544075444552925,0.0183094688703148,1,1,0
L1_002_R1,R1,1.6,0,0,2.5,42,2,Simulink standard-block model,1000,0.000152057820535987,0.00347940830786233,-5.48705207871691e-05,0.00361800041204049,0.000206928341323156,0.0582998412297076,0.00353553390593274,0,0,0.05,0.00581543576838337,59,57,0.059,0.057,0.05,0.05,0.0460142982128005,0.0753609027714592,0.0442534403587159,0.0731370676594859,1,1,0
L1_002_R1,R1,1.6,0,0,2.5,42,2,Simulink standard-block model,1000,0.000152057820535987,0.00347940830786233,-5.48705207871691e-05,0.00361800041204049,0.000206928341323156,0.0582998412297076,0.00353553390593274,0,0,0.1,0.00453096901218412,115,92,0.115,0.092,0.1,0.1,0.0966834317874378,0.13626317224644,0.0756138995679689,0.111508735356244,1,1,0
L1_003_R0,R0,1.6,0,0,5,42,3,Simulink standard-block model,1000,9.92257334124536e-05,0.00500286741326765,-8.45664410814013e-05,0.00470049709225594,0.000183792174493855,0.0378637750368175,0.005,0,0,0.01,0.0116317393702042,12,5,0.012,0.005,0.01,0.01,0.00687764780640352,0.0208572684754983,0.00213753552732446,0.0116509553733751,1,1,0
L1_003_R0,R0,1.6,0,0,5,42,3,Simulink standard-block model,1000,9.92257334124536e-05,0.00500286741326765,-8.45664410814013e-05,0.00470049709225594,0.000183792174493855,0.0378637750368175,0.005,0,0,0.05,0.00822426813475736,49,42,0.049,0.042,0.05,0.05,0.0372610346473606,0.0641907015066101,0.0312208855461654,0.0562844252266031,1,1,0
L1_003_R0,R0,1.6,0,0,5,42,3,Simulink standard-block model,1000,9.92257334124536e-05,0.00500286741326765,-8.45664410814013e-05,0.00470049709225594,0.000183792174493855,0.0378637750368175,0.005,0,0,0.1,0.006407757827723,102,91,0.102,0.091,0.1,0.1,0.0847391351848472,0.122306964569655,0.0747047043716441,0.11042558406954,1,1,0
L1_004_R1,R1,1.6,0,0,5,42,4,Simulink standard-block model,1000,-2.37472782031471e-05,0.00710576963848696,0.000107268765627911,0.00719785939222584,0.000131016043831058,0.018318893518779,0.00707106781186548,0,0,0.01,0.0164497635713319,10,15,0.01,0.015,0.01,0.01,0.00544075444552925,0.0183094688703148,0.00911097880408167,0.0246009769269068,1,1,0
L1_004_R1,R1,1.6,0,0,5,42,4,Simulink standard-block model,1000,-2.37472782031471e-05,0.00710576963848696,0.000107268765627911,0.00719785939222584,0.000131016043831058,0.018318893518779,0.00707106781186548,0,0,0.05,0.0116308715367667,56,52,0.056,0.052,0.05,0.05,0.043374813385442,0.072023348149731,0.0398730362837774,0.06755573931928,1,1,0
L1_004_R1,R1,1.6,0,0,5,42,4,Simulink standard-block model,1000,-2.37472782031471e-05,0.00710576963848696,0.000107268765627911,0.00719785939222584,0.000131016043831058,0.018318893518779,0.00707106781186548,0,0,0.1,0.00906193802436823,106,102,0.106,0.102,0.1,0.1,0.0884050668630515,0.126610418823566,0.0847391351848472,0.122306964569655,1,1,0
L1_005_R0,R0,1.6,0,0,10,42,5,Simulink standard-block model,1000,0.000459251993531787,0.0101459069081274,2.57449212037635e-05,0.0102730781483832,0.000433507072328024,0.0424603538032872,0.01,0,0,0.01,0.0232634787404084,11,19,0.011,0.019,0.01,0.01,0.00615317409808664,0.0195893957007863,0.0121968857507909,0.0294844559123131,1,0,0
L1_005_R0,R0,1.6,0,0,10,42,5,Simulink standard-block model,1000,0.000459251993531787,0.0101459069081274,2.57449212037635e-05,0.0102730781483832,0.000433507072328024,0.0424603538032872,0.01,0,0,0.05,0.0164485362695147,50,54,0.05,0.054,0.05,0.05,0.0381302623927488,0.0653138202442508,0.0416213137230627,0.0697921548460524,1,1,0
L1_005_R0,R0,1.6,0,0,10,42,5,Simulink standard-block model,1000,0.000459251993531787,0.0101459069081274,2.57449212037635e-05,0.0102730781483832,0.000433507072328024,0.0424603538032872,0.01,0,0,0.1,0.012815515655446,109,103,0.109,0.103,0.1,0.1,0.0911600333845138,0.12983249175119,0.0856548100050872,0.123383636232444,1,1,0
L1_006_R1,R1,1.6,0,0,10,42,6,Simulink standard-block model,1000,-0.000634328432358916,0.0144383078100902,0.000133566783362301,0.0140256881668275,0.000767895215721216,0.0539498773419874,0.014142135623731,0,0,0.01,0.0328995271426637,10,12,0.01,0.012,0.01,0.01,0.00544075444552925,0.0183094688703148,0.00687764780640352,0.0208572684754983,1,1,0
L1_006_R1,R1,1.6,0,0,10,42,6,Simulink standard-block model,1000,-0.000634328432358916,0.0144383078100902,0.000133566783362301,0.0140256881668275,0.000767895215721216,0.0539498773419874,0.014142135623731,0,0,0.05,0.0232617430735335,48,49,0.048,0.049,0.05,0.05,0.0363933010208079,0.0630660886501339,0.0372610346473606,0.0641907015066101,1,1,0
L1_006_R1,R1,1.6,0,0,10,42,6,Simulink standard-block model,1000,-0.000634328432358916,0.0144383078100902,0.000133566783362301,0.0140256881668275,0.000767895215721216,0.0539498773419874,0.014142135623731,0,0,0.1,0.0181238760487365,102,84,0.102,0.084,0.1,0.1,0.0847391351848472,0.122306964569655,0.0683588136777643,0.102825049382218,1,1,0
L1_007_R0,R0,1.6,0,0,20,42,7,Simulink standard-block model,1000,-0.000625595087317309,0.0192795263272189,0.000541516125099007,0.020464834433293,0.00116711121241632,0.0587048076537747,0.02,0,0,0.01,0.0465269574808168,8,13,0.008,0.013,0.01,0.01,0.0040591958188061,0.0157063345309801,0.00761282038935102,0.0221144423755797,1,1,0
L1_007_R0,R0,1.6,0,0,20,42,7,Simulink standard-block model,1000,-0.000625595087317309,0.0192795263272189,0.000541516125099007,0.020464834433293,0.00116711121241632,0.0587048076537747,0.02,0,0,0.05,0.0328970725390295,35,61,0.035,0.061,0.05,0.05,0.0252722630171129,0.0482866223744533,0.0477797751260337,0.0775801188242837,0,1,0
L1_007_R0,R0,1.6,0,0,20,42,7,Simulink standard-block model,1000,-0.000625595087317309,0.0192795263272189,0.000541516125099007,0.020464834433293,0.00116711121241632,0.0587048076537747,0.02,0,0,0.1,0.025631031310892,82,111,0.082,0.111,0.1,0.1,0.0665519534202195,0.100647216673705,0.0929992104582496,0.131978007643512,1,1,0
L1_008_R1,R1,1.6,0,0,20,42,8,Simulink standard-block model,1000,-0.000892899042899339,0.0285386998552464,-0.000464932927592274,0.0283554736270836,0.000427966115307065,0.0150442082137475,0.0282842712474619,0,0,0.01,0.0657990542853275,7,11,0.007,0.011,0.01,0.01,0.00339486840099076,0.0143783154657666,0.00615317409808664,0.0195893957007863,1,1,0
L1_008_R1,R1,1.6,0,0,20,42,8,Simulink standard-block model,1000,-0.000892899042899339,0.0285386998552464,-0.000464932927592274,0.0283554736270836,0.000427966115307065,0.0150442082137475,0.0282842712474619,0,0,0.05,0.046523486147067,47,51,0.047,0.051,0.05,0.05,0.0355271051063845,0.0619399380815285,0.0390009427752668,0.0664354863447617,1,1,0
L1_008_R1,R1,1.6,0,0,20,42,8,Simulink standard-block model,1000,-0.000892899042899339,0.0285386998552464,-0.000464932927592274,0.0283554736270836,0.000427966115307065,0.0150442082137475,0.0282842712474619,0,0,0.1,0.0362477520974729,99,91,0.099,0.091,0.1,0.1,0.0819954413686654,0.11907361893675,0.0747047043716441,0.11042558406954,1,1,0
L1_009_R0,R0,1.6,0,10,2.5,42,9,Simulink standard-block model,1000,-0.000147100855066066,0.00250883471799474,0.000140749538237489,0.00247002873041533,0.000287850393303554,0.115625444808686,0.0025,0,0,0.01,0.0058158696851021,14,15,0.014,0.015,0.01,0.01,0.00835757513042392,0.0233620341175357,0.00911097880408167,0.0246009769269068,1,1,0
L1_009_R0,R0,1.6,0,10,2.5,42,9,Simulink standard-block model,1000,-0.000147100855066066,0.00250883471799474,0.000140749538237489,0.00247002873041533,0.000287850393303554,0.115625444808686,0.0025,0,0,0.05,0.00411213406737868,41,47,0.041,0.047,0.05,0.05,0.0303649710820983,0.0551479932076413,0.0355271051063845,0.0619399380815285,1,1,0
L1_009_R0,R0,1.6,0,10,2.5,42,9,Simulink standard-block model,1000,-0.000147100855066066,0.00250883471799474,0.000140749538237489,0.00247002873041533,0.000287850393303554,0.115625444808686,0.0025,0,0,0.1,0.0032038789138615,87,108,0.087,0.108,0.1,0.1,0.071074421452375,0.106086481056694,0.0902411985625519,0.128758980090123,1,1,0
L1_010_R1,R1,1.6,0,10,2.5,42,10,Simulink standard-block model,1000,0.000110474924548541,0.00353880256326026,-5.14017674939797e-05,0.00353910902208006,0.000161876692042521,0.0457413715723892,0.00353553390593274,0,0,0.01,0.00822488178566593,14,9,0.014,0.009,0.01,0.01,0.00835757513042392,0.0233620341175357,0.00474206066747706,0.0170158161653381,1,1,0
L1_010_R1,R1,1.6,0,10,2.5,42,10,Simulink standard-block model,1000,0.000110474924548541,0.00353880256326026,-5.14017674939797e-05,0.00353910902208006,0.000161876692042521,0.0457413715723892,0.00353553390593274,0,0,0.05,0.00581543576838337,48,53,0.048,0.053,0.05,0.05,0.0363933010208079,0.0630660886501339,0.0407465052485945,0.0686746168374918,1,1,0
L1_010_R1,R1,1.6,0,10,2.5,42,10,Simulink standard-block model,1000,0.000110474924548541,0.00353880256326026,-5.14017674939797e-05,0.00353910902208006,0.000161876692042521,0.0457413715723892,0.00353553390593274,0,0,0.1,0.00453096901218412,99,100,0.099,0.1,0.1,0.1,0.0819954413686654,0.11907361893675,0.0829094435930957,0.120151963195348,1,1,0
L1_011_R0,R0,1.6,0,10,5,42,11,Simulink standard-block model,1000,-0.000218928086962987,0.00499584437170041,7.17497346664611e-05,0.00498578465991633,0.000290677821629449,0.0582425319729208,0.005,0,0,0.01,0.0116317393702042,12,16,0.012,0.016,0.01,0.01,0.00687764780640352,0.0208572684754983,0.00987224200227739,0.02583206021174,1,1,0
L1_011_R0,R0,1.6,0,10,5,42,11,Simulink standard-block model,1000,-0.000218928086962987,0.00499584437170041,7.17497346664611e-05,0.00498578465991633,0.000290677821629449,0.0582425319729208,0.005,0,0,0.05,0.00822426813475736,42,55,0.042,0.055,0.05,0.05,0.0312208855461654,0.0562844252266031,0.0424974273747684,0.0709083876773756,1,1,0
L1_011_R0,R0,1.6,0,10,5,42,11,Simulink standard-block model,1000,-0.000218928086962987,0.00499584437170041,7.17497346664611e-05,0.00498578465991633,0.000290677821629449,0.0582425319729208,0.005,0,0,0.1,0.006407757827723,102,102,0.102,0.102,0.1,0.1,0.0847391351848472,0.122306964569655,0.0847391351848472,0.122306964569655,1,1,0
L1_012_R1,R1,1.6,0,10,5,42,12,Simulink standard-block model,1000,0.000240611791212555,0.00697598327997604,-0.000224513223354835,0.00709141950914858,0.00046512501456739,0.0661258317790606,0.00707106781186548,0,0,0.01,0.0164497635713319,14,9,0.014,0.009,0.01,0.01,0.00835757513042392,0.0233620341175357,0.00474206066747706,0.0170158161653381,1,1,0
L1_012_R1,R1,1.6,0,10,5,42,12,Simulink standard-block model,1000,0.000240611791212555,0.00697598327997604,-0.000224513223354835,0.00709141950914858,0.00046512501456739,0.0661258317790606,0.00707106781186548,0,0,0.05,0.0116308715367667,48,53,0.048,0.053,0.05,0.05,0.0363933010208079,0.0630660886501339,0.0407465052485945,0.0686746168374918,1,1,0
L1_012_R1,R1,1.6,0,10,5,42,12,Simulink standard-block model,1000,0.000240611791212555,0.00697598327997604,-0.000224513223354835,0.00709141950914858,0.00046512501456739,0.0661258317790606,0.00707106781186548,0,0,0.1,0.00906193802436823,106,101,0.106,0.101,0.1,0.1,0.0884050668630515,0.126610418823566,0.0838240106523991,0.121229742619074,1,1,0
L1_013_R0,R0,1.6,0,10,10,42,13,Simulink standard-block model,1000,0.000384703622590598,0.00985748829557973,-0.000157519333769291,0.00967982212114977,0.000542222956359889,0.0555041125503479,0.01,0,0,0.01,0.0232634787404084,10,10,0.01,0.01,0.01,0.01,0.00544075444552925,0.0183094688703148,0.00544075444552925,0.0183094688703148,1,1,0
L1_013_R0,R0,1.6,0,10,10,42,13,Simulink standard-block model,1000,0.000384703622590598,0.00985748829557973,-0.000157519333769291,0.00967982212114977,0.000542222956359889,0.0555041125503479,0.01,0,0,0.05,0.0164485362695147,61,49,0.061,0.049,0.05,0.05,0.0477797751260337,0.0775801188242837,0.0372610346473606,0.0641907015066101,1,1,0
L1_013_R0,R0,1.6,0,10,10,42,13,Simulink standard-block model,1000,0.000384703622590598,0.00985748829557973,-0.000157519333769291,0.00967982212114977,0.000542222956359889,0.0555041125503479,0.01,0,0,0.1,0.012815515655446,101,99,0.101,0.099,0.1,0.1,0.0838240106523991,0.121229742619074,0.0819954413686654,0.11907361893675,1,1,0
L1_014_R1,R1,1.6,0,10,10,42,14,Simulink standard-block model,1000,0.000898376075087756,0.0138977547053089,-0.000137131339159839,0.0142212203858994,0.0010355074142476,0.0736469877352915,0.014142135623731,0,0,0.01,0.0328995271426637,5,10,0.005,0.01,0.01,0.01,0.00213753552732446,0.0116509553733751,0.00544075444552925,0.0183094688703148,1,1,0
L1_014_R1,R1,1.6,0,10,10,42,14,Simulink standard-block model,1000,0.000898376075087756,0.0138977547053089,-0.000137131339159839,0.0142212203858994,0.0010355074142476,0.0736469877352915,0.014142135623731,0,0,0.05,0.0232617430735335,48,50,0.048,0.05,0.05,0.05,0.0363933010208079,0.0630660886501339,0.0381302623927488,0.0653138202442508,1,1,0
L1_014_R1,R1,1.6,0,10,10,42,14,Simulink standard-block model,1000,0.000898376075087756,0.0138977547053089,-0.000137131339159839,0.0142212203858994,0.0010355074142476,0.0736469877352915,0.014142135623731,0,0,0.1,0.0181238760487365,112,101,0.112,0.101,0.1,0.1,0.0939195409088811,0.13305002367591,0.0838240106523991,0.121229742619074,1,1,0
L1_015_R0,R0,1.6,0,10,20,42,15,Simulink standard-block model,1000,-0.000300207372941071,0.0202390547863366,-0.000510970321866914,0.020414819837918,0.000210762948925843,0.010368555572449,0.02,0,0,0.01,0.0465269574808168,9,19,0.009,0.019,0.01,0.01,0.00474206066747706,0.0170158161653381,0.0121968857507909,0.0294844559123131,1,0,0
L1_015_R0,R0,1.6,0,10,20,42,15,Simulink standard-block model,1000,-0.000300207372941071,0.0202390547863366,-0.000510970321866914,0.020414819837918,0.000210762948925843,0.010368555572449,0.02,0,0,0.05,0.0328970725390295,56,56,0.056,0.056,0.05,0.05,0.043374813385442,0.072023348149731,0.043374813385442,0.072023348149731,1,1,0
L1_015_R0,R0,1.6,0,10,20,42,15,Simulink standard-block model,1000,-0.000300207372941071,0.0202390547863366,-0.000510970321866914,0.020414819837918,0.000210762948925843,0.010368555572449,0.02,0,0,0.1,0.025631031310892,110,101,0.11,0.101,0.1,0.1,0.0920793726718571,0.130905498946876,0.0838240106523991,0.121229742619074,1,1,0
L1_016_R1,R1,1.6,0,10,20,42,16,Simulink standard-block model,1000,0.00198766860219228,0.0282089078762016,-0.000313303365401432,0.0285168959876808,0.00230097196759371,0.0811249165959629,0.0282842712474619,0,0,0.01,0.0657990542853275,12,10,0.012,0.01,0.01,0.01,0.00687764780640352,0.0208572684754983,0.00544075444552925,0.0183094688703148,1,1,0
L1_016_R1,R1,1.6,0,10,20,42,16,Simulink standard-block model,1000,0.00198766860219228,0.0282089078762016,-0.000313303365401432,0.0285168959876808,0.00230097196759371,0.0811249165959629,0.0282842712474619,0,0,0.05,0.046523486147067,59,49,0.059,0.049,0.05,0.05,0.0460142982128005,0.0753609027714592,0.0372610346473606,0.0641907015066101,1,1,0
L1_016_R1,R1,1.6,0,10,20,42,16,Simulink standard-block model,1000,0.00198766860219228,0.0282089078762016,-0.000313303365401432,0.0285168959876808,0.00230097196759371,0.0811249165959629,0.0282842712474619,0,0,0.1,0.0362477520974729,111,94,0.111,0.094,0.1,0.1,0.0929992104582496,0.131978007643512,0.0774341735737637,0.113673154316507,1,1,0
L1_017_R0,R0,1.6,0,20,2.5,42,17,Simulink standard-block model,1000,-2.77147775706732e-06,0.00241330229762278,-5.80411625137225e-05,0.00246608408694805,5.52696847566552e-05,0.0226530334026976,0.0025,0,0,0.01,0.0058158696851021,7,13,0.007,0.013,0.01,0.01,0.00339486840099076,0.0143783154657666,0.00761282038935102,0.0221144423755797,1,1,0
L1_017_R0,R0,1.6,0,20,2.5,42,17,Simulink standard-block model,1000,-2.77147775706732e-06,0.00241330229762278,-5.80411625137225e-05,0.00246608408694805,5.52696847566552e-05,0.0226530334026976,0.0025,0,0,0.05,0.00411213406737868,50,56,0.05,0.056,0.05,0.05,0.0381302623927488,0.0653138202442508,0.043374813385442,0.072023348149731,1,1,0
L1_017_R0,R0,1.6,0,20,2.5,42,17,Simulink standard-block model,1000,-2.77147775706732e-06,0.00241330229762278,-5.80411625137225e-05,0.00246608408694805,5.52696847566552e-05,0.0226530334026976,0.0025,0,0,0.1,0.0032038789138615,106,84,0.106,0.084,0.1,0.1,0.0884050668630515,0.126610418823566,0.0683588136777643,0.102825049382218,1,1,0
L1_018_R1,R1,1.6,0,20,2.5,42,18,Simulink standard-block model,1000,-7.70646351050903e-05,0.00354050222040533,2.12560165467046e-05,0.00355849010507885,9.83206516517949e-05,0.0276998006232511,0.00353553390593274,0,0,0.01,0.00822488178566593,12,10,0.012,0.01,0.01,0.01,0.00687764780640352,0.0208572684754983,0.00544075444552925,0.0183094688703148,1,1,0
L1_018_R1,R1,1.6,0,20,2.5,42,18,Simulink standard-block model,1000,-7.70646351050903e-05,0.00354050222040533,2.12560165467046e-05,0.00355849010507885,9.83206516517949e-05,0.0276998006232511,0.00353553390593274,0,0,0.05,0.00581543576838337,49,52,0.049,0.052,0.05,0.05,0.0372610346473606,0.0641907015066101,0.0398730362837774,0.06755573931928,1,1,0
L1_018_R1,R1,1.6,0,20,2.5,42,18,Simulink standard-block model,1000,-7.70646351050903e-05,0.00354050222040533,2.12560165467046e-05,0.00355849010507885,9.83206516517949e-05,0.0276998006232511,0.00353553390593274,0,0,0.1,0.00453096901218412,96,104,0.096,0.104,0.1,0.1,0.0792569000983968,0.115835120757932,0.0865710280982681,0.124459764622292,1,1,0
L1_019_R0,R0,1.6,0,20,5,42,19,Simulink standard-block model,1000,0.000121874238350363,0.0049760528171625,-4.53258435399628e-05,0.0050118173780124,0.000167200081890326,0.0334804130817023,0.005,0,0,0.01,0.0116317393702042,9,14,0.009,0.014,0.01,0.01,0.00474206066747706,0.0170158161653381,0.00835757513042392,0.0233620341175357,1,1,0
L1_019_R0,R0,1.6,0,20,5,42,19,Simulink standard-block model,1000,0.000121874238350363,0.0049760528171625,-4.53258435399628e-05,0.0050118173780124,0.000167200081890326,0.0334804130817023,0.005,0,0,0.05,0.00822426813475736,53,38,0.053,0.038,0.05,0.05,0.0407465052485945,0.0686746168374918,0.0278090045093026,0.0517269203313503,1,1,0
L1_019_R0,R0,1.6,0,20,5,42,19,Simulink standard-block model,1000,0.000121874238350363,0.0049760528171625,-4.53258435399628e-05,0.0050118173780124,0.000167200081890326,0.0334804130817023,0.005,0,0,0.1,0.006407757827723,102,106,0.102,0.106,0.1,0.1,0.0847391351848472,0.122306964569655,0.0884050668630515,0.126610418823566,1,1,0
L1_020_R1,R1,1.6,0,20,5,42,20,Simulink standard-block model,1000,-0.000224550360695681,0.00715504427097394,-0.000223319714424406,0.00757650290324538,1.23064627127522e-06,0.000167007976836627,0.00707106781186548,0,0,0.01,0.0164497635713319,11,12,0.011,0.012,0.01,0.01,0.00615317409808664,0.0195893957007863,0.00687764780640352,0.0208572684754983,1,1,0
L1_020_R1,R1,1.6,0,20,5,42,20,Simulink standard-block model,1000,-0.000224550360695681,0.00715504427097394,-0.000223319714424406,0.00757650290324538,1.23064627127522e-06,0.000167007976836627,0.00707106781186548,0,0,0.05,0.0116308715367667,49,54,0.049,0.054,0.05,0.05,0.0372610346473606,0.0641907015066101,0.0416213137230627,0.0697921548460524,1,1,0
L1_020_R1,R1,1.6,0,20,5,42,20,Simulink standard-block model,1000,-0.000224550360695681,0.00715504427097394,-0.000223319714424406,0.00757650290324538,1.23064627127522e-06,0.000167007976836627,0.00707106781186548,0,0,0.1,0.00906193802436823,90,113,0.09,0.113,0.1,0.1,0.0737961493150831,0.109341792643072,0.0948403583164347,0.134121552751385,1,1,0
L1_021_R0,R0,1.6,0,20,10,42,21,Simulink standard-block model,1000,9.29520513507343e-06,0.010319946962406,7.66064267029329e-05,0.00954332419665719,6.73112215678595e-05,0.00677228146686895,0.01,0,0,0.01,0.0232634787404084,12,11,0.012,0.011,0.01,0.01,0.00687764780640352,0.0208572684754983,0.00615317409808664,0.0195893957007863,1,1,0
L1_021_R0,R0,1.6,0,20,10,42,21,Simulink standard-block model,1000,9.29520513507343e-06,0.010319946962406,7.66064267029329e-05,0.00954332419665719,6.73112215678595e-05,0.00677228146686895,0.01,0,0,0.05,0.0164485362695147,52,45,0.052,0.045,0.05,0.05,0.0398730362837774,0.06755573931928,0.0337995122856317,0.0596828379362235,1,1,0
L1_021_R0,R0,1.6,0,20,10,42,21,Simulink standard-block model,1000,9.29520513507343e-06,0.010319946962406,7.66064267029329e-05,0.00954332419665719,6.73112215678595e-05,0.00677228146686895,0.01,0,0,0.1,0.012815515655446,108,91,0.108,0.091,0.1,0.1,0.0902411985625519,0.128758980090123,0.0747047043716441,0.11042558406954,1,1,0
L1_022_R1,R1,1.6,0,20,10,42,22,Simulink standard-block model,1000,0.000249374386061021,0.0143014794695021,-0.000708508669180819,0.0149141543992881,0.00095788305524184,0.0655589060936378,0.014142135623731,0,0,0.01,0.0328995271426637,8,19,0.008,0.019,0.01,0.01,0.0040591958188061,0.0157063345309801,0.0121968857507909,0.0294844559123131,1,0,0
L1_022_R1,R1,1.6,0,20,10,42,22,Simulink standard-block model,1000,0.000249374386061021,0.0143014794695021,-0.000708508669180819,0.0149141543992881,0.00095788305524184,0.0655589060936378,0.014142135623731,0,0,0.05,0.0232617430735335,56,59,0.056,0.059,0.05,0.05,0.043374813385442,0.072023348149731,0.0460142982128005,0.0753609027714592,1,1,0
L1_022_R1,R1,1.6,0,20,10,42,22,Simulink standard-block model,1000,0.000249374386061021,0.0143014794695021,-0.000708508669180819,0.0149141543992881,0.00095788305524184,0.0655589060936378,0.014142135623731,0,0,0.1,0.0181238760487365,106,114,0.106,0.114,0.1,0.1,0.0884050668630515,0.126610418823566,0.0957616570972169,0.135192600453632,1,1,0
L1_023_R0,R0,1.6,0,20,20,42,23,Simulink standard-block model,1000,-0.000115794263505635,0.0209339806887525,-0.000626137297689267,0.0198713886999014,0.000510343034183631,0.0250050469386424,0.02,0,0,0.01,0.0465269574808168,17,10,0.017,0.01,0.01,0.01,0.0106406898568163,0.0270559588402299,0.00544075444552925,0.0183094688703148,0,1,0
L1_023_R0,R0,1.6,0,20,20,42,23,Simulink standard-block model,1000,-0.000115794263505635,0.0209339806887525,-0.000626137297689267,0.0198713886999014,0.000510343034183631,0.0250050469386424,0.02,0,0,0.05,0.0328970725390295,54,46,0.054,0.046,0.05,0.05,0.0416213137230627,0.0697921548460524,0.034662492763265,0.0608122039416191,1,1,0
L1_023_R0,R0,1.6,0,20,20,42,23,Simulink standard-block model,1000,-0.000115794263505635,0.0209339806887525,-0.000626137297689267,0.0198713886999014,0.000510343034183631,0.0250050469386424,0.02,0,0,0.1,0.025631031310892,106,106,0.106,0.106,0.1,0.1,0.0884050668630515,0.126610418823566,0.0884050668630515,0.126610418823566,1,1,0
L1_024_R1,R1,1.6,0,20,20,42,24,Simulink standard-block model,1000,0.000752126603006,0.0287228848491187,-3.681057534433e-05,0.0271250946840508,0.00078893717835033,0.0282414692925462,0.0282842712474619,0,0,0.01,0.0657990542853275,13,9,0.013,0.009,0.01,0.01,0.00761282038935102,0.0221144423755797,0.00474206066747706,0.0170158161653381,1,1,0
L1_024_R1,R1,1.6,0,20,20,42,24,Simulink standard-block model,1000,0.000752126603006,0.0287228848491187,-3.681057534433e-05,0.0271250946840508,0.00078893717835033,0.0282414692925462,0.0282842712474619,0,0,0.05,0.046523486147067,50,36,0.05,0.036,0.05,0.05,0.0381302623927488,0.0653138202442508,0.0261155714073873,0.0494356604672078,1,0,0
L1_024_R1,R1,1.6,0,20,20,42,24,Simulink standard-block model,1000,0.000752126603006,0.0287228848491187,-3.681057534433e-05,0.0271250946840508,0.00078893717835033,0.0282414692925462,0.0282842712474619,0,0,0.1,0.0362477520974729,106,81,0.106,0.081,0.1,0.1,0.0884050668630515,0.126610418823566,0.0656496215412003,0.0995572020696949,1,0,0
L1_025_R0,R0,1.6,0,30,2.5,42,25,Simulink standard-block model,1000,6.212559692231e-05,0.00246610538877907,-2.01185275826874e-05,0.00253176008720215,8.22441245049974e-05,0.0329088605645943,0.0025,0,0,0.01,0.0058158696851021,7,7,0.007,0.007,0.01,0.01,0.00339486840099076,0.0143783154657666,0.00339486840099076,0.0143783154657666,1,1,0
L1_025_R0,R0,1.6,0,30,2.5,42,25,Simulink standard-block model,1000,6.212559692231e-05,0.00246610538877907,-2.01185275826874e-05,0.00253176008720215,8.22441245049974e-05,0.0329088605645943,0.0025,0,0,0.05,0.00411213406737868,51,52,0.051,0.052,0.05,0.05,0.0390009427752668,0.0664354863447617,0.0398730362837774,0.06755573931928,1,1,0
L1_025_R0,R0,1.6,0,30,2.5,42,25,Simulink standard-block model,1000,6.212559692231e-05,0.00246610538877907,-2.01185275826874e-05,0.00253176008720215,8.22441245049974e-05,0.0329088605645943,0.0025,0,0,0.1,0.0032038789138615,102,100,0.102,0.1,0.1,0.1,0.0847391351848472,0.122306964569655,0.0829094435930957,0.120151963195348,1,1,0
L1_026_R1,R1,1.6,0,30,2.5,42,26,Simulink standard-block model,1000,-0.000123125840886236,0.00358454906055222,-0.000169832054225799,0.0035048783149164,4.67062133395626e-05,0.013175468719129,0.00353553390593274,0,0,0.01,0.00822488178566593,9,6,0.009,0.006,0.01,0.01,0.00474206066747706,0.0170158161653381,0.00275266914187637,0.0130281682418521,1,1,0
L1_026_R1,R1,1.6,0,30,2.5,42,26,Simulink standard-block model,1000,-0.000123125840886236,0.00358454906055222,-0.000169832054225799,0.0035048783149164,4.67062133395626e-05,0.013175468719129,0.00353553390593274,0,0,0.05,0.00581543576838337,51,42,0.051,0.042,0.05,0.05,0.0390009427752668,0.0664354863447617,0.0312208855461654,0.0562844252266031,1,1,0
L1_026_R1,R1,1.6,0,30,2.5,42,26,Simulink standard-block model,1000,-0.000123125840886236,0.00358454906055222,-0.000169832054225799,0.0035048783149164,4.67062133395626e-05,0.013175468719129,0.00353553390593274,0,0,0.1,0.00453096901218412,99,87,0.099,0.087,0.1,0.1,0.0819954413686654,0.11907361893675,0.071074421452375,0.106086481056694,1,1,0
L1_027_R0,R0,1.6,0,30,5,42,27,Simulink standard-block model,1000,0.000124150312896208,0.00504634461849919,4.71859202019391e-05,0.00506990099978255,7.69643926942691e-05,0.0152159579629973,0.005,0,0,0.01,0.0116317393702042,14,8,0.014,0.008,0.01,0.01,0.00835757513042392,0.0233620341175357,0.0040591958188061,0.0157063345309801,1,1,0
L1_027_R0,R0,1.6,0,30,5,42,27,Simulink standard-block model,1000,0.000124150312896208,0.00504634461849919,4.71859202019391e-05,0.00506990099978255,7.69643926942691e-05,0.0152159579629973,0.005,0,0,0.05,0.00822426813475736,56,53,0.056,0.053,0.05,0.05,0.043374813385442,0.072023348149731,0.0407465052485945,0.0686746168374918,1,1,0
L1_027_R0,R0,1.6,0,30,5,42,27,Simulink standard-block model,1000,0.000124150312896208,0.00504634461849919,4.71859202019391e-05,0.00506990099978255,7.69643926942691e-05,0.0152159579629973,0.005,0,0,0.1,0.006407757827723,111,105,0.111,0.105,0.1,0.1,0.0929992104582496,0.131978007643512,0.0874877826144168,0.125535356589172,1,1,0
L1_028_R1,R1,1.6,0,30,5,42,28,Simulink standard-block model,1000,0.000179139696758266,0.00696412006436482,8.0094873148681e-05,0.00688981240978029,9.90448236095849e-05,0.0142982361329302,0.00707106781186548,0,0,0.01,0.0164497635713319,17,8,0.017,0.008,0.01,0.01,0.0106406898568163,0.0270559588402299,0.0040591958188061,0.0157063345309801,0,1,0
L1_028_R1,R1,1.6,0,30,5,42,28,Simulink standard-block model,1000,0.000179139696758266,0.00696412006436482,8.0094873148681e-05,0.00688981240978029,9.90448236095849e-05,0.0142982361329302,0.00707106781186548,0,0,0.05,0.0116308715367667,46,52,0.046,0.052,0.05,0.05,0.034662492763265,0.0608122039416191,0.0398730362837774,0.06755573931928,1,1,0
L1_028_R1,R1,1.6,0,30,5,42,28,Simulink standard-block model,1000,0.000179139696758266,0.00696412006436482,8.0094873148681e-05,0.00688981240978029,9.90448236095849e-05,0.0142982361329302,0.00707106781186548,0,0,0.1,0.00906193802436823,103,96,0.103,0.096,0.1,0.1,0.0856548100050872,0.123383636232444,0.0792569000983968,0.115835120757932,1,1,0
L1_029_R0,R0,1.6,0,30,10,42,29,Simulink standard-block model,1000,-0.000184137653752072,0.0103996654621844,-0.000264642262223287,0.00986283363847072,8.05046084712147e-05,0.00794338041449746,0.01,0,0,0.01,0.0232634787404084,9,7,0.009,0.007,0.01,0.01,0.00474206066747706,0.0170158161653381,0.00339486840099076,0.0143783154657666,1,1,0
L1_029_R0,R0,1.6,0,30,10,42,29,Simulink standard-block model,1000,-0.000184137653752072,0.0103996654621844,-0.000264642262223287,0.00986283363847072,8.05046084712147e-05,0.00794338041449746,0.01,0,0,0.05,0.0164485362695147,47,44,0.047,0.044,0.05,0.05,0.0355271051063845,0.0619399380815285,0.0329382145884185,0.0585517891504078,1,1,0
L1_029_R0,R0,1.6,0,30,10,42,29,Simulink standard-block model,1000,-0.000184137653752072,0.0103996654621844,-0.000264642262223287,0.00986283363847072,8.05046084712147e-05,0.00794338041449746,0.01,0,0,0.1,0.012815515655446,108,80,0.108,0.08,0.1,0.1,0.0902411985625519,0.128758980090123,0.0647480380983639,0.0984664390295024,1,0,0
L1_030_R1,R1,1.6,0,30,10,42,30,Simulink standard-block model,1000,-0.000154215428865554,0.0149037261280677,-0.000259957847026181,0.0140938808166625,0.000105742418160627,0.00729033980837778,0.014142135623731,0,0,0.01,0.0328995271426637,8,12,0.008,0.012,0.01,0.01,0.0040591958188061,0.0157063345309801,0.00687764780640352,0.0208572684754983,1,1,0
L1_030_R1,R1,1.6,0,30,10,42,30,Simulink standard-block model,1000,-0.000154215428865554,0.0149037261280677,-0.000259957847026181,0.0140938808166625,0.000105742418160627,0.00729033980837778,0.014142135623731,0,0,0.05,0.0232617430735335,56,49,0.056,0.049,0.05,0.05,0.043374813385442,0.072023348149731,0.0372610346473606,0.0641907015066101,1,1,0
L1_030_R1,R1,1.6,0,30,10,42,30,Simulink standard-block model,1000,-0.000154215428865554,0.0149037261280677,-0.000259957847026181,0.0140938808166625,0.000105742418160627,0.00729033980837778,0.014142135623731,0,0,0.1,0.0181238760487365,110,97,0.11,0.097,0.1,0.1,0.0920793726718571,0.130905498946876,0.080169161790323,0.116915205549034,1,1,0
L1_031_R0,R0,1.6,0,30,20,42,31,Simulink standard-block model,1000,0.00071239493402764,0.0198016241245899,9.3532221080745e-05,0.02081714856803,0.000618862712946895,0.0304622393521881,0.02,0,0,0.01,0.0465269574808168,12,15,0.012,0.015,0.01,0.01,0.00687764780640352,0.0208572684754983,0.00911097880408167,0.0246009769269068,1,1,0
L1_031_R0,R0,1.6,0,30,20,42,31,Simulink standard-block model,1000,0.00071239493402764,0.0198016241245899,9.3532221080745e-05,0.02081714856803,0.000618862712946895,0.0304622393521881,0.02,0,0,0.05,0.0328970725390295,48,61,0.048,0.061,0.05,0.05,0.0363933010208079,0.0630660886501339,0.0477797751260337,0.0775801188242837,1,1,0
L1_031_R0,R0,1.6,0,30,20,42,31,Simulink standard-block model,1000,0.00071239493402764,0.0198016241245899,9.3532221080745e-05,0.02081714856803,0.000618862712946895,0.0304622393521881,0.02,0,0,0.1,0.025631031310892,101,103,0.101,0.103,0.1,0.1,0.0838240106523991,0.121229742619074,0.0856548100050872,0.123383636232444,1,1,0
L1_032_R1,R1,1.6,0,30,20,42,32,Simulink standard-block model,1000,-0.000879460470307375,0.028616291621978,0.000359399738675917,0.0275973301566522,0.00123886020898329,0.0440696290929169,0.0282842712474619,0,0,0.01,0.0657990542853275,13,6,0.013,0.006,0.01,0.01,0.00761282038935102,0.0221144423755797,0.00275266914187637,0.0130281682418521,1,1,0
L1_032_R1,R1,1.6,0,30,20,42,32,Simulink standard-block model,1000,-0.000879460470307375,0.028616291621978,0.000359399738675917,0.0275973301566522,0.00123886020898329,0.0440696290929169,0.0282842712474619,0,0,0.05,0.046523486147067,55,50,0.055,0.05,0.05,0.05,0.0424974273747684,0.0709083876773756,0.0381302623927488,0.0653138202442508,1,1,0
L1_032_R1,R1,1.6,0,30,20,42,32,Simulink standard-block model,1000,-0.000879460470307375,0.028616291621978,0.000359399738675917,0.0275973301566522,0.00123886020898329,0.0440696290929169,0.0282842712474619,0,0,0.1,0.0362477520974729,100,96,0.1,0.096,0.1,0.1,0.0829094435930957,0.120151963195348,0.0792569000983968,0.115835120757932,1,1,0
L1_033_R0,R0,1.6,0,40,2.5,42,33,Simulink standard-block model,1000,-3.11585546768396e-05,0.002472916249203,8.44008885097294e-05,0.00260819043233484,0.000115559443186569,0.0454698233700683,0.0025,0,0,0.01,0.0058158696851021,9,13,0.009,0.013,0.01,0.01,0.00474206066747706,0.0170158161653381,0.00761282038935102,0.0221144423755797,1,1,0
L1_033_R0,R0,1.6,0,40,2.5,42,33,Simulink standard-block model,1000,-3.11585546768396e-05,0.002472916249203,8.44008885097294e-05,0.00260819043233484,0.000115559443186569,0.0454698233700683,0.0025,0,0,0.05,0.00411213406737868,46,60,0.046,0.06,0.05,0.05,0.034662492763265,0.0608122039416191,0.046896472675932,0.0764710747913565,1,1,0
L1_033_R0,R0,1.6,0,40,2.5,42,33,Simulink standard-block model,1000,-3.11585546768396e-05,0.002472916249203,8.44008885097294e-05,0.00260819043233484,0.000115559443186569,0.0454698233700683,0.0025,0,0,0.1,0.0032038789138615,95,129,0.095,0.129,0.1,0.1,0.0783452345790474,0.114754439794252,0.109635445294505,0.151204009501777,1,0,0
L1_034_R1,R1,1.6,0,40,2.5,42,34,Simulink standard-block model,1000,-0.000119970101276103,0.00367153040009497,-0.000105937835826427,0.00341871171230413,1.40322654496763e-05,0.00395567686575683,0.00353553390593274,0,0,0.01,0.00822488178566593,9,5,0.009,0.005,0.01,0.01,0.00474206066747706,0.0170158161653381,0.00213753552732446,0.0116509553733751,1,1,0
L1_034_R1,R1,1.6,0,40,2.5,42,34,Simulink standard-block model,1000,-0.000119970101276103,0.00367153040009497,-0.000105937835826427,0.00341871171230413,1.40322654496763e-05,0.00395567686575683,0.00353553390593274,0,0,0.05,0.00581543576838337,48,41,0.048,0.041,0.05,0.05,0.0363933010208079,0.0630660886501339,0.0303649710820983,0.0551479932076413,1,1,0
L1_034_R1,R1,1.6,0,40,2.5,42,34,Simulink standard-block model,1000,-0.000119970101276103,0.00367153040009497,-0.000105937835826427,0.00341871171230413,1.40322654496763e-05,0.00395567686575683,0.00353553390593274,0,0,0.1,0.00453096901218412,98,87,0.098,0.087,0.1,0.1,0.0810820115233503,0.117994702299036,0.071074421452375,0.106086481056694,1,1,0
L1_035_R0,R0,1.6,0,40,5,42,35,Simulink standard-block model,1000,-0.000348982070494664,0.00487218351411284,-0.00020940130960434,0.00498089203606782,0.000139580760890325,0.0283307005304346,0.005,0,0,0.01,0.0116317393702042,10,5,0.01,0.005,0.01,0.01,0.00544075444552925,0.0183094688703148,0.00213753552732446,0.0116509553733751,1,1,0
L1_035_R0,R0,1.6,0,40,5,42,35,Simulink standard-block model,1000,-0.000348982070494664,0.00487218351411284,-0.00020940130960434,0.00498089203606782,0.000139580760890325,0.0283307005304346,0.005,0,0,0.05,0.00822426813475736,36,50,0.036,0.05,0.05,0.05,0.0261155714073873,0.0494356604672078,0.0381302623927488,0.0653138202442508,0,1,0
L1_035_R0,R0,1.6,0,40,5,42,35,Simulink standard-block model,1000,-0.000348982070494664,0.00487218351411284,-0.00020940130960434,0.00498089203606782,0.000139580760890325,0.0283307005304346,0.005,0,0,0.1,0.006407757827723,89,86,0.089,0.086,0.1,0.1,0.0728882439130074,0.108257351562119,0.0701685247757604,0.105000031250279,1,1,0
L1_036_R1,R1,1.6,0,40,5,42,36,Simulink standard-block model,1000,-0.000352299530601546,0.00699625464797646,0.000261925656755307,0.00701500556227806,0.000614225187356853,0.0876758590031523,0.00707106781186548,0,0,0.01,0.0164497635713319,8,9,0.008,0.009,0.01,0.01,0.0040591958188061,0.0157063345309801,0.00474206066747706,0.0170158161653381,1,1,0
L1_036_R1,R1,1.6,0,40,5,42,36,Simulink standard-block model,1000,-0.000352299530601546,0.00699625464797646,0.000261925656755307,0.00701500556227806,0.000614225187356853,0.0876758590031523,0.00707106781186548,0,0,0.05,0.0116308715367667,43,57,0.043,0.057,0.05,0.05,0.0320786534117134,0.057419003844084,0.0442534403587159,0.0731370676594859,1,1,0
L1_036_R1,R1,1.6,0,40,5,42,36,Simulink standard-block model,1000,-0.000352299530601546,0.00699625464797646,0.000261925656755307,0.00701500556227806,0.000614225187356853,0.0876758590031523,0.00707106781186548,0,0,0.1,0.00906193802436823,94,106,0.094,0.106,0.1,0.1,0.0774341735737637,0.113673154316507,0.0884050668630515,0.126610418823566,1,1,0
L1_037_R0,R0,1.6,0,40,10,42,37,Simulink standard-block model,1000,0.000370230424099239,0.00982843987381224,-0.000153040002854372,0.00987416489381479,0.000523270426953611,0.0531167349680322,0.01,0,0,0.01,0.0232634787404084,5,6,0.005,0.006,0.01,0.01,0.00213753552732446,0.0116509553733751,0.00275266914187637,0.0130281682418521,1,1,0
L1_037_R0,R0,1.6,0,40,10,42,37,Simulink standard-block model,1000,0.000370230424099239,0.00982843987381224,-0.000153040002854372,0.00987416489381479,0.000523270426953611,0.0531167349680322,0.01,0,0,0.05,0.0164485362695147,51,39,0.051,0.039,0.05,0.05,0.0390009427752668,0.0664354863447617,0.0286589609041805,0.0528693104195014,1,1,0
L1_037_R0,R0,1.6,0,40,10,42,37,Simulink standard-block model,1000,0.000370230424099239,0.00982843987381224,-0.000153040002854372,0.00987416489381479,0.000523270426953611,0.0531167349680322,0.01,0,0,0.1,0.012815515655446,107,90,0.107,0.09,0.1,0.1,0.08932287430802,0.127684957861626,0.0737961493150831,0.109341792643072,1,1,0
L1_038_R1,R1,1.6,0,40,10,42,38,Simulink standard-block model,1000,7.73285794644041e-06,0.0141320730783055,9.25241820405547e-05,0.0139386803001752,8.47913240941143e-05,0.00604111408893135,0.014142135623731,0,0,0.01,0.0328995271426637,7,7,0.007,0.007,0.01,0.01,0.00339486840099076,0.0143783154657666,0.00339486840099076,0.0143783154657666,1,1,0
L1_038_R1,R1,1.6,0,40,10,42,38,Simulink standard-block model,1000,7.73285794644041e-06,0.0141320730783055,9.25241820405547e-05,0.0139386803001752,8.47913240941143e-05,0.00604111408893135,0.014142135623731,0,0,0.05,0.0232617430735335,44,43,0.044,0.043,0.05,0.05,0.0329382145884185,0.0585517891504078,0.0320786534117134,0.057419003844084,1,1,0
L1_038_R1,R1,1.6,0,40,10,42,38,Simulink standard-block model,1000,7.73285794644041e-06,0.0141320730783055,9.25241820405547e-05,0.0139386803001752,8.47913240941143e-05,0.00604111408893135,0.014142135623731,0,0,0.1,0.0181238760487365,96,108,0.096,0.108,0.1,0.1,0.0792569000983968,0.115835120757932,0.0902411985625519,0.128758980090123,1,1,0
L1_039_R0,R0,1.6,0,40,20,42,39,Simulink standard-block model,1000,-0.000154050715186835,0.0198130289453948,0.000303919759846335,0.0202467746398407,0.00045797047503317,0.0228629993962294,0.02,0,0,0.01,0.0465269574808168,5,10,0.005,0.01,0.01,0.01,0.00213753552732446,0.0116509553733751,0.00544075444552925,0.0183094688703148,1,1,0
L1_039_R0,R0,1.6,0,40,20,42,39,Simulink standard-block model,1000,-0.000154050715186835,0.0198130289453948,0.000303919759846335,0.0202467746398407,0.00045797047503317,0.0228629993962294,0.02,0,0,0.05,0.0328970725390295,41,53,0.041,0.053,0.05,0.05,0.0303649710820983,0.0551479932076413,0.0407465052485945,0.0686746168374918,1,1,0
L1_039_R0,R0,1.6,0,40,20,42,39,Simulink standard-block model,1000,-0.000154050715186835,0.0198130289453948,0.000303919759846335,0.0202467746398407,0.00045797047503317,0.0228629993962294,0.02,0,0,0.1,0.025631031310892,92,110,0.092,0.11,0.1,0.1,0.0756138995679689,0.111508735356244,0.0920793726718571,0.130905498946876,1,1,0
L1_040_R1,R1,1.6,0,40,20,42,40,Simulink standard-block model,1000,0.000316602629319759,0.0274560131908492,0.000240476525200192,0.028554713377676,7.61261041195667e-05,0.00271774593863759,0.0282842712474619,0,0,0.01,0.0657990542853275,12,10,0.012,0.01,0.01,0.01,0.00687764780640352,0.0208572684754983,0.00544075444552925,0.0183094688703148,1,1,0
L1_040_R1,R1,1.6,0,40,20,42,40,Simulink standard-block model,1000,0.000316602629319759,0.0274560131908492,0.000240476525200192,0.028554713377676,7.61261041195667e-05,0.00271774593863759,0.0282842712474619,0,0,0.05,0.046523486147067,42,52,0.042,0.052,0.05,0.05,0.0312208855461654,0.0562844252266031,0.0398730362837774,0.06755573931928,1,1,0
L1_040_R1,R1,1.6,0,40,20,42,40,Simulink standard-block model,1000,0.000316602629319759,0.0274560131908492,0.000240476525200192,0.028554713377676,7.61261041195667e-05,0.00271774593863759,0.0282842712474619,0,0,0.1,0.0362477520974729,83,95,0.083,0.095,0.1,0.1,0.0674550214428993,0.101736495134054,0.0783452345790474,0.114754439794252,1,1,0
L1_041_R0,R0,1.6,0,50,2.5,42,41,Simulink standard-block model,1000,-5.42107846436646e-05,0.00254061784796669,1.1462606032524e-05,0.00250217553860064,6.56733906761886e-05,0.0260456764621525,0.0025,0,0,0.01,0.0058158696851021,8,9,0.008,0.009,0.01,0.01,0.0040591958188061,0.0157063345309801,0.00474206066747706,0.0170158161653381,1,1,0
L1_041_R0,R0,1.6,0,50,2.5,42,41,Simulink standard-block model,1000,-5.42107846436646e-05,0.00254061784796669,1.1462606032524e-05,0.00250217553860064,6.56733906761886e-05,0.0260456764621525,0.0025,0,0,0.05,0.00411213406737868,46,44,0.046,0.044,0.05,0.05,0.034662492763265,0.0608122039416191,0.0329382145884185,0.0585517891504078,1,1,0
L1_041_R0,R0,1.6,0,50,2.5,42,41,Simulink standard-block model,1000,-5.42107846436646e-05,0.00254061784796669,1.1462606032524e-05,0.00250217553860064,6.56733906761886e-05,0.0260456764621525,0.0025,0,0,0.1,0.0032038789138615,99,108,0.099,0.108,0.1,0.1,0.0819954413686654,0.11907361893675,0.0902411985625519,0.128758980090123,1,1,0
L1_042_R1,R1,1.6,0,50,2.5,42,42,Simulink standard-block model,1000,7.8156750326797e-05,0.00357450563640424,0.00020203846795415,0.00347935799898723,0.000123881717627353,0.0351213053419213,0.00353553390593274,0,0,0.01,0.00822488178566593,11,10,0.011,0.01,0.01,0.01,0.00615317409808664,0.0195893957007863,0.00544075444552925,0.0183094688703148,1,1,0
L1_042_R1,R1,1.6,0,50,2.5,42,42,Simulink standard-block model,1000,7.8156750326797e-05,0.00357450563640424,0.00020203846795415,0.00347935799898723,0.000123881717627353,0.0351213053419213,0.00353553390593274,0,0,0.05,0.00581543576838337,61,55,0.061,0.055,0.05,0.05,0.0477797751260337,0.0775801188242837,0.0424974273747684,0.0709083876773756,1,1,0
L1_042_R1,R1,1.6,0,50,2.5,42,42,Simulink standard-block model,1000,7.8156750326797e-05,0.00357450563640424,0.00020203846795415,0.00347935799898723,0.000123881717627353,0.0351213053419213,0.00353553390593274,0,0,0.1,0.00453096901218412,103,104,0.103,0.104,0.1,0.1,0.0856548100050872,0.123383636232444,0.0865710280982681,0.124459764622292,1,1,0
L1_043_R0,R0,1.6,0,50,5,42,43,Simulink standard-block model,1000,-0.000111986629679805,0.00491335144085451,-0.0001394563603251,0.00505061945787552,2.74697306452954e-05,0.00551328873847655,0.005,0,0,0.01,0.0116317393702042,7,11,0.007,0.011,0.01,0.01,0.00339486840099076,0.0143783154657666,0.00615317409808664,0.0195893957007863,1,1,0
L1_043_R0,R0,1.6,0,50,5,42,43,Simulink standard-block model,1000,-0.000111986629679805,0.00491335144085451,-0.0001394563603251,0.00505061945787552,2.74697306452954e-05,0.00551328873847655,0.005,0,0,0.05,0.00822426813475736,40,48,0.04,0.048,0.05,0.05,0.0295109736854528,0.054009644121258,0.0363933010208079,0.0630660886501339,1,1,0
L1_043_R0,R0,1.6,0,50,5,42,43,Simulink standard-block model,1000,-0.000111986629679805,0.00491335144085451,-0.0001394563603251,0.00505061945787552,2.74697306452954e-05,0.00551328873847655,0.005,0,0,0.1,0.006407757827723,83,103,0.083,0.103,0.1,0.1,0.0674550214428993,0.101736495134054,0.0856548100050872,0.123383636232444,1,1,0
L1_044_R1,R1,1.6,0,50,5,42,44,Simulink standard-block model,1000,-9.09661373665393e-06,0.00684425728670918,0.000141439997909925,0.00711365565890855,0.000150536611646579,0.0215660580712537,0.00707106781186548,0,0,0.01,0.0164497635713319,6,16,0.006,0.016,0.01,0.01,0.00275266914187637,0.0130281682418521,0.00987224200227739,0.02583206021174,1,1,0
L1_044_R1,R1,1.6,0,50,5,42,44,Simulink standard-block model,1000,-9.09661373665393e-06,0.00684425728670918,0.000141439997909925,0.00711365565890855,0.000150536611646579,0.0215660580712537,0.00707106781186548,0,0,0.05,0.0116308715367667,45,52,0.045,0.052,0.05,0.05,0.0337995122856317,0.0596828379362235,0.0398730362837774,0.06755573931928,1,1,0
L1_044_R1,R1,1.6,0,50,5,42,44,Simulink standard-block model,1000,-9.09661373665393e-06,0.00684425728670918,0.000141439997909925,0.00711365565890855,0.000150536611646579,0.0215660580712537,0.00707106781186548,0,0,0.1,0.00906193802436823,97,103,0.097,0.103,0.1,0.1,0.080169161790323,0.116915205549034,0.0856548100050872,0.123383636232444,1,1,0
L1_045_R0,R0,1.6,0,50,10,42,45,Simulink standard-block model,1000,0.000201803249022618,0.00979985121537335,0.000288081143971455,0.00978443220620583,8.62778949488376e-05,0.008810929289701,0.01,0,0,0.01,0.0232634787404084,9,10,0.009,0.01,0.01,0.01,0.00474206066747706,0.0170158161653381,0.00544075444552925,0.0183094688703148,1,1,0
L1_045_R0,R0,1.6,0,50,10,42,45,Simulink standard-block model,1000,0.000201803249022618,0.00979985121537335,0.000288081143971455,0.00978443220620583,8.62778949488376e-05,0.008810929289701,0.01,0,0,0.05,0.0164485362695147,47,42,0.047,0.042,0.05,0.05,0.0355271051063845,0.0619399380815285,0.0312208855461654,0.0562844252266031,1,1,0
L1_045_R0,R0,1.6,0,50,10,42,45,Simulink standard-block model,1000,0.000201803249022618,0.00979985121537335,0.000288081143971455,0.00978443220620583,8.62778949488376e-05,0.008810929289701,0.01,0,0,0.1,0.012815515655446,98,102,0.098,0.102,0.1,0.1,0.0810820115233503,0.117994702299036,0.0847391351848472,0.122306964569655,1,1,0
L1_046_R1,R1,1.6,0,50,10,42,46,Simulink standard-block model,1000,0.000754232675348238,0.0146706270166503,0.00032134863954459,0.0142124839645482,0.000432884035803648,0.0299711197378947,0.014142135623731,0,0,0.01,0.0328995271426637,21,15,0.021,0.015,0.01,0.01,0.0137757395679243,0.0318902950612375,0.00911097880408167,0.0246009769269068,0,1,0
L1_046_R1,R1,1.6,0,50,10,42,46,Simulink standard-block model,1000,0.000754232675348238,0.0146706270166503,0.00032134863954459,0.0142124839645482,0.000432884035803648,0.0299711197378947,0.014142135623731,0,0,0.05,0.0232617430735335,61,51,0.061,0.051,0.05,0.05,0.0477797751260337,0.0775801188242837,0.0390009427752668,0.0664354863447617,1,1,0
L1_046_R1,R1,1.6,0,50,10,42,46,Simulink standard-block model,1000,0.000754232675348238,0.0146706270166503,0.00032134863954459,0.0142124839645482,0.000432884035803648,0.0299711197378947,0.014142135623731,0,0,0.1,0.0181238760487365,110,103,0.11,0.103,0.1,0.1,0.0920793726718571,0.130905498946876,0.0856548100050872,0.123383636232444,1,1,0
L1_047_R0,R0,1.6,0,50,20,42,47,Simulink standard-block model,1000,0.00132877876726026,0.0194373203840267,-0.000905196797197721,0.0197460178179441,0.00223397556445798,0.114023273244539,0.02,0,0,0.01,0.0465269574808168,11,10,0.011,0.01,0.01,0.01,0.00615317409808664,0.0195893957007863,0.00544075444552925,0.0183094688703148,1,1,0
L1_047_R0,R0,1.6,0,50,20,42,47,Simulink standard-block model,1000,0.00132877876726026,0.0194373203840267,-0.000905196797197721,0.0197460178179441,0.00223397556445798,0.114023273244539,0.02,0,0,0.05,0.0328970725390295,55,36,0.055,0.036,0.05,0.05,0.0424974273747684,0.0709083876773756,0.0261155714073873,0.0494356604672078,1,0,0
L1_047_R0,R0,1.6,0,50,20,42,47,Simulink standard-block model,1000,0.00132877876726026,0.0194373203840267,-0.000905196797197721,0.0197460178179441,0.00223397556445798,0.114023273244539,0.02,0,0,0.1,0.025631031310892,115,87,0.115,0.087,0.1,0.1,0.0966834317874378,0.13626317224644,0.071074421452375,0.106086481056694,1,1,0
L1_048_R1,R1,1.6,0,50,20,42,48,Simulink standard-block model,1000,-0.000238436870206914,0.0285212661177346,3.46334883584731e-05,0.0286758107920915,0.000273070358565387,0.00954836773243997,0.0282842712474619,0,0,0.01,0.0657990542853275,8,6,0.008,0.006,0.01,0.01,0.0040591958188061,0.0157063345309801,0.00275266914187637,0.0130281682418521,1,1,0
L1_048_R1,R1,1.6,0,50,20,42,48,Simulink standard-block model,1000,-0.000238436870206914,0.0285212661177346,3.46334883584731e-05,0.0286758107920915,0.000273070358565387,0.00954836773243997,0.0282842712474619,0,0,0.05,0.046523486147067,52,52,0.052,0.052,0.05,0.05,0.0398730362837774,0.06755573931928,0.0398730362837774,0.06755573931928,1,1,0
L1_048_R1,R1,1.6,0,50,20,42,48,Simulink standard-block model,1000,-0.000238436870206914,0.0285212661177346,3.46334883584731e-05,0.0286758107920915,0.000273070358565387,0.00954836773243997,0.0282842712474619,0,0,0.1,0.0362477520974729,97,104,0.097,0.104,0.1,0.1,0.080169161790323,0.116915205549034,0.0865710280982681,0.124459764622292,1,1,0
L1_049_R0,R0,1.6,0,60,2.5,42,49,Simulink standard-block model,1000,1.24049930032855e-05,0.00243273121989138,5.96562366517017e-05,0.00246746181434941,4.72512436484163e-05,0.0192849777764541,0.0025,0,0,0.01,0.0058158696851021,9,8,0.009,0.008,0.01,0.01,0.00474206066747706,0.0170158161653381,0.0040591958188061,0.0157063345309801,1,1,0
L1_049_R0,R0,1.6,0,60,2.5,42,49,Simulink standard-block model,1000,1.24049930032855e-05,0.00243273121989138,5.96562366517017e-05,0.00246746181434941,4.72512436484163e-05,0.0192849777764541,0.0025,0,0,0.05,0.00411213406737868,50,47,0.05,0.047,0.05,0.05,0.0381302623927488,0.0653138202442508,0.0355271051063845,0.0619399380815285,1,1,0
L1_049_R0,R0,1.6,0,60,2.5,42,49,Simulink standard-block model,1000,1.24049930032855e-05,0.00243273121989138,5.96562366517017e-05,0.00246746181434941,4.72512436484163e-05,0.0192849777764541,0.0025,0,0,0.1,0.0032038789138615,96,109,0.096,0.109,0.1,0.1,0.0792569000983968,0.115835120757932,0.0911600333845138,0.12983249175119,1,1,0
L1_050_R1,R1,1.6,0,60,2.5,42,50,Simulink standard-block model,1000,5.05871545000485e-05,0.00361172310476121,-0.000157162790581688,0.0034637668211375,0.000207749945081736,0.0587109981947952,0.00353553390593274,0,0,0.01,0.00822488178566593,16,7,0.016,0.007,0.01,0.01,0.00987224200227739,0.02583206021174,0.00339486840099076,0.0143783154657666,1,1,0
L1_050_R1,R1,1.6,0,60,2.5,42,50,Simulink standard-block model,1000,5.05871545000485e-05,0.00361172310476121,-0.000157162790581688,0.0034637668211375,0.000207749945081736,0.0587109981947952,0.00353553390593274,0,0,0.05,0.00581543576838337,50,40,0.05,0.04,0.05,0.05,0.0381302623927488,0.0653138202442508,0.0295109736854528,0.054009644121258,1,1,0
L1_050_R1,R1,1.6,0,60,2.5,42,50,Simulink standard-block model,1000,5.05871545000485e-05,0.00361172310476121,-0.000157162790581688,0.0034637668211375,0.000207749945081736,0.0587109981947952,0.00353553390593274,0,0,0.1,0.00453096901218412,102,97,0.102,0.097,0.1,0.1,0.0847391351848472,0.122306964569655,0.080169161790323,0.116915205549034,1,1,0
L1_051_R0,R0,1.6,0,60,5,42,51,Simulink standard-block model,1000,-0.000244334082813525,0.00485047917960312,-0.000118940689886086,0.00484403778368056,0.000125393392927439,0.0258689248207482,0.005,0,0,0.01,0.0116317393702042,8,10,0.008,0.01,0.01,0.01,0.0040591958188061,0.0157063345309801,0.00544075444552925,0.0183094688703148,1,1,0
L1_051_R0,R0,1.6,0,60,5,42,51,Simulink standard-block model,1000,-0.000244334082813525,0.00485047917960312,-0.000118940689886086,0.00484403778368056,0.000125393392927439,0.0258689248207482,0.005,0,0,0.05,0.00822426813475736,38,41,0.038,0.041,0.05,0.05,0.0278090045093026,0.0517269203313503,0.0303649710820983,0.0551479932076413,1,1,0
L1_051_R0,R0,1.6,0,60,5,42,51,Simulink standard-block model,1000,-0.000244334082813525,0.00485047917960312,-0.000118940689886086,0.00484403778368056,0.000125393392927439,0.0258689248207482,0.005,0,0,0.1,0.006407757827723,83,89,0.083,0.089,0.1,0.1,0.0674550214428993,0.101736495134054,0.0728882439130074,0.108257351562119,1,1,0
L1_052_R1,R1,1.6,0,60,5,42,52,Simulink standard-block model,1000,-8.07774224788536e-05,0.00711863870789343,1.80606982430498e-05,0.00671936825368871,9.88381207219033e-05,0.0142790800745974,0.00707106781186548,0,0,0.01,0.0164497635713319,15,6,0.015,0.006,0.01,0.01,0.00911097880408167,0.0246009769269068,0.00275266914187637,0.0130281682418521,1,1,0
L1_052_R1,R1,1.6,0,60,5,42,52,Simulink standard-block model,1000,-8.07774224788536e-05,0.00711863870789343,1.80606982430498e-05,0.00671936825368871,9.88381207219033e-05,0.0142790800745974,0.00707106781186548,0,0,0.05,0.0116308715367667,60,39,0.06,0.039,0.05,0.05,0.046896472675932,0.0764710747913565,0.0286589609041805,0.0528693104195014,1,1,0
L1_052_R1,R1,1.6,0,60,5,42,52,Simulink standard-block model,1000,-8.07774224788536e-05,0.00711863870789343,1.80606982430498e-05,0.00671936825368871,9.88381207219033e-05,0.0142790800745974,0.00707106781186548,0,0,0.1,0.00906193802436823,93,96,0.093,0.096,0.1,0.1,0.0765237256417453,0.112591255765497,0.0792569000983968,0.115835120757932,1,1,0
L1_053_R0,R0,1.6,0,60,10,42,53,Simulink standard-block model,1000,0.000463959874025879,0.0104773037334125,-2.39584044859691e-05,0.0102343199915768,0.000487918278511848,0.0471121638121848,0.01,0,0,0.01,0.0232634787404084,12,16,0.012,0.016,0.01,0.01,0.00687764780640352,0.0208572684754983,0.00987224200227739,0.02583206021174,1,1,0
L1_053_R0,R0,1.6,0,60,10,42,53,Simulink standard-block model,1000,0.000463959874025879,0.0104773037334125,-2.39584044859691e-05,0.0102343199915768,0.000487918278511848,0.0471121638121848,0.01,0,0,0.05,0.0164485362695147,58,57,0.058,0.057,0.05,0.05,0.0451332782349982,0.0742495762662325,0.0442534403587159,0.0731370676594859,1,1,0
L1_053_R0,R0,1.6,0,60,10,42,53,Simulink standard-block model,1000,0.000463959874025879,0.0104773037334125,-2.39584044859691e-05,0.0102343199915768,0.000487918278511848,0.0471121638121848,0.01,0,0,0.1,0.012815515655446,124,101,0.124,0.101,0.1,0.1,0.104999973371985,0.145877749009153,0.0838240106523991,0.121229742619074,0,1,0
L1_054_R1,R1,1.6,0,60,10,42,54,Simulink standard-block model,1000,-0.00061367085933195,0.0139810249979322,0.00039116190064088,0.0138369704372528,0.00100483275997283,0.0722423935633935,0.014142135623731,0,0,0.01,0.0328995271426637,11,14,0.011,0.014,0.01,0.01,0.00615317409808664,0.0195893957007863,0.00835757513042392,0.0233620341175357,1,1,0
L1_054_R1,R1,1.6,0,60,10,42,54,Simulink standard-block model,1000,-0.00061367085933195,0.0139810249979322,0.00039116190064088,0.0138369704372528,0.00100483275997283,0.0722423935633935,0.014142135623731,0,0,0.05,0.0232617430735335,41,52,0.041,0.052,0.05,0.05,0.0303649710820983,0.0551479932076413,0.0398730362837774,0.06755573931928,1,1,0
L1_054_R1,R1,1.6,0,60,10,42,54,Simulink standard-block model,1000,-0.00061367085933195,0.0139810249979322,0.00039116190064088,0.0138369704372528,0.00100483275997283,0.0722423935633935,0.014142135623731,0,0,0.1,0.0181238760487365,92,108,0.092,0.108,0.1,0.1,0.0756138995679689,0.111508735356244,0.0902411985625519,0.128758980090123,1,1,0
L1_055_R0,R0,1.6,0,60,20,42,55,Simulink standard-block model,1000,0.00128368773903965,0.0204599647924842,0.000802118522948941,0.0202162244469295,0.000481569216090712,0.0236777623258502,0.02,0,0,0.01,0.0465269574808168,16,17,0.016,0.017,0.01,0.01,0.00987224200227739,0.02583206021174,0.0106406898568163,0.0270559588402299,1,0,0
L1_055_R0,R0,1.6,0,60,20,42,55,Simulink standard-block model,1000,0.00128368773903965,0.0204599647924842,0.000802118522948941,0.0202162244469295,0.000481569216090712,0.0236777623258502,0.02,0,0,0.05,0.0328970725390295,54,53,0.054,0.053,0.05,0.05,0.0416213137230627,0.0697921548460524,0.0407465052485945,0.0686746168374918,1,1,0
L1_055_R0,R0,1.6,0,60,20,42,55,Simulink standard-block model,1000,0.00128368773903965,0.0204599647924842,0.000802118522948941,0.0202162244469295,0.000481569216090712,0.0236777623258502,0.02,0,0,0.1,0.025631031310892,115,107,0.115,0.107,0.1,0.1,0.0966834317874378,0.13626317224644,0.08932287430802,0.127684957861626,1,1,0
L1_056_R1,R1,1.6,0,60,20,42,56,Simulink standard-block model,1000,-0.00119014666200947,0.0285316155213817,-0.00163662695562709,0.0262425550059393,0.000446480293617613,0.0162883678726226,0.0282842712474619,0,0,0.01,0.0657990542853275,12,4,0.012,0.004,0.01,0.01,0.00687764780640352,0.0208572684754983,0.00155658814040843,0.0102395562772623,1,1,0
L1_056_R1,R1,1.6,0,60,20,42,56,Simulink standard-block model,1000,-0.00119014666200947,0.0285316155213817,-0.00163662695562709,0.0262425550059393,0.000446480293617613,0.0162883678726226,0.0282842712474619,0,0,0.05,0.046523486147067,45,35,0.045,0.035,0.05,0.05,0.0337995122856317,0.0596828379362235,0.0252722630171129,0.0482866223744533,1,0,0
L1_056_R1,R1,1.6,0,60,20,42,56,Simulink standard-block model,1000,-0.00119014666200947,0.0285316155213817,-0.00163662695562709,0.0262425550059393,0.000446480293617613,0.0162883678726226,0.0282842712474619,0,0,0.1,0.0362477520974729,90,80,0.09,0.08,0.1,0.1,0.0737961493150831,0.109341792643072,0.0647480380983639,0.0984664390295024,1,0,0
L1_057_R0,R0,1.6,0,70,2.5,42,57,Simulink standard-block model,1000,0.000109070749173826,0.00255002497594567,4.76637381422034e-05,0.00243622364322857,6.14070110316227e-05,0.02462413280467,0.0025,0,0,0.01,0.0058158696851021,12,14,0.012,0.014,0.01,0.01,0.00687764780640352,0.0208572684754983,0.00835757513042392,0.0233620341175357,1,1,0
L1_057_R0,R0,1.6,0,70,2.5,42,57,Simulink standard-block model,1000,0.000109070749173826,0.00255002497594567,4.76637381422034e-05,0.00243622364322857,6.14070110316227e-05,0.02462413280467,0.0025,0,0,0.05,0.00411213406737868,54,44,0.054,0.044,0.05,0.05,0.0416213137230627,0.0697921548460524,0.0329382145884185,0.0585517891504078,1,1,0
L1_057_R0,R0,1.6,0,70,2.5,42,57,Simulink standard-block model,1000,0.000109070749173826,0.00255002497594567,4.76637381422034e-05,0.00243622364322857,6.14070110316227e-05,0.02462413280467,0.0025,0,0,0.1,0.0032038789138615,111,91,0.111,0.091,0.1,0.1,0.0929992104582496,0.131978007643512,0.0747047043716441,0.11042558406954,1,1,0
L1_058_R1,R1,1.6,0,70,2.5,42,58,Simulink standard-block model,1000,5.87190892513645e-05,0.00350477034943773,8.09516978016509e-05,0.00354353597974985,2.22326085502864e-05,0.00630854314563227,0.00353553390593274,0,0,0.01,0.00822488178566593,13,7,0.013,0.007,0.01,0.01,0.00761282038935102,0.0221144423755797,0.00339486840099076,0.0143783154657666,1,1,0
L1_058_R1,R1,1.6,0,70,2.5,42,58,Simulink standard-block model,1000,5.87190892513645e-05,0.00350477034943773,8.09516978016509e-05,0.00354353597974985,2.22326085502864e-05,0.00630854314563227,0.00353553390593274,0,0,0.05,0.00581543576838337,44,48,0.044,0.048,0.05,0.05,0.0329382145884185,0.0585517891504078,0.0363933010208079,0.0630660886501339,1,1,0
L1_058_R1,R1,1.6,0,70,2.5,42,58,Simulink standard-block model,1000,5.87190892513645e-05,0.00350477034943773,8.09516978016509e-05,0.00354353597974985,2.22326085502864e-05,0.00630854314563227,0.00353553390593274,0,0,0.1,0.00453096901218412,100,101,0.1,0.101,0.1,0.1,0.0829094435930957,0.120151963195348,0.0838240106523991,0.121229742619074,1,1,0
L1_059_R0,R0,1.6,0,70,5,42,59,Simulink standard-block model,1000,-0.000135963063273165,0.0048377477003312,-0.000112050822708045,0.00494541084660827,2.391224056512e-05,0.00488815398210988,0.005,0,0,0.01,0.0116317393702042,8,14,0.008,0.014,0.01,0.01,0.0040591958188061,0.0157063345309801,0.00835757513042392,0.0233620341175357,1,1,0
L1_059_R0,R0,1.6,0,70,5,42,59,Simulink standard-block model,1000,-0.000135963063273165,0.0048377477003312,-0.000112050822708045,0.00494541084660827,2.391224056512e-05,0.00488815398210988,0.005,0,0,0.05,0.00822426813475736,47,53,0.047,0.053,0.05,0.05,0.0355271051063845,0.0619399380815285,0.0407465052485945,0.0686746168374918,1,1,0
L1_059_R0,R0,1.6,0,70,5,42,59,Simulink standard-block model,1000,-0.000135963063273165,0.0048377477003312,-0.000112050822708045,0.00494541084660827,2.391224056512e-05,0.00488815398210988,0.005,0,0,0.1,0.006407757827723,96,92,0.096,0.092,0.1,0.1,0.0792569000983968,0.115835120757932,0.0756138995679689,0.111508735356244,1,1,0
L1_060_R1,R1,1.6,0,70,5,42,60,Simulink standard-block model,1000,0.000404380104972683,0.00662702243423535,-3.91976665521714e-05,0.00705503672615684,0.000443577771524854,0.0648090873894582,0.00707106781186548,0,0,0.01,0.0164497635713319,9,12,0.009,0.012,0.01,0.01,0.00474206066747706,0.0170158161653381,0.00687764780640352,0.0208572684754983,1,1,0
L1_060_R1,R1,1.6,0,70,5,42,60,Simulink standard-block model,1000,0.000404380104972683,0.00662702243423535,-3.91976665521714e-05,0.00705503672615684,0.000443577771524854,0.0648090873894582,0.00707106781186548,0,0,0.05,0.0116308715367667,41,46,0.041,0.046,0.05,0.05,0.0303649710820983,0.0551479932076413,0.034662492763265,0.0608122039416191,1,1,0
L1_060_R1,R1,1.6,0,70,5,42,60,Simulink standard-block model,1000,0.000404380104972683,0.00662702243423535,-3.91976665521714e-05,0.00705503672615684,0.000443577771524854,0.0648090873894582,0.00707106781186548,0,0,0.1,0.00906193802436823,98,101,0.098,0.101,0.1,0.1,0.0810820115233503,0.117994702299036,0.0838240106523991,0.121229742619074,1,1,0
L1_061_R0,R0,1.6,0,70,10,42,61,Simulink standard-block model,1000,-0.00015259516526539,0.00986318540749489,-1.89555010413534e-05,0.0102214145891118,0.000133639664224036,0.0133055587234123,0.01,0,0,0.01,0.0232634787404084,9,10,0.009,0.01,0.01,0.01,0.00474206066747706,0.0170158161653381,0.00544075444552925,0.0183094688703148,1,1,0
L1_061_R0,R0,1.6,0,70,10,42,61,Simulink standard-block model,1000,-0.00015259516526539,0.00986318540749489,-1.89555010413534e-05,0.0102214145891118,0.000133639664224036,0.0133055587234123,0.01,0,0,0.05,0.0164485362695147,49,60,0.049,0.06,0.05,0.05,0.0372610346473606,0.0641907015066101,0.046896472675932,0.0764710747913565,1,1,0
L1_061_R0,R0,1.6,0,70,10,42,61,Simulink standard-block model,1000,-0.00015259516526539,0.00986318540749489,-1.89555010413534e-05,0.0102214145891118,0.000133639664224036,0.0133055587234123,0.01,0,0,0.1,0.012815515655446,105,109,0.105,0.109,0.1,0.1,0.0874877826144168,0.125535356589172,0.0911600333845138,0.12983249175119,1,1,0
L1_062_R1,R1,1.6,0,70,10,42,62,Simulink standard-block model,1000,0.000298758492857196,0.0140738031547239,-0.00023385897336293,0.0143531350660355,0.000532617466220127,0.037470919318939,0.014142135623731,0,0,0.01,0.0328995271426637,8,14,0.008,0.014,0.01,0.01,0.0040591958188061,0.0157063345309801,0.00835757513042392,0.0233620341175357,1,1,0
L1_062_R1,R1,1.6,0,70,10,42,62,Simulink standard-block model,1000,0.000298758492857196,0.0140738031547239,-0.00023385897336293,0.0143531350660355,0.000532617466220127,0.037470919318939,0.014142135623731,0,0,0.05,0.0232617430735335,52,46,0.052,0.046,0.05,0.05,0.0398730362837774,0.06755573931928,0.034662492763265,0.0608122039416191,1,1,0
L1_062_R1,R1,1.6,0,70,10,42,62,Simulink standard-block model,1000,0.000298758492857196,0.0140738031547239,-0.00023385897336293,0.0143531350660355,0.000532617466220127,0.037470919318939,0.014142135623731,0,0,0.1,0.0181238760487365,97,103,0.097,0.103,0.1,0.1,0.080169161790323,0.116915205549034,0.0856548100050872,0.123383636232444,1,1,0
L1_063_R0,R0,1.6,0,70,20,42,63,Simulink standard-block model,1000,-0.00101378261846403,0.0197576962411064,-0.000934816202027851,0.0198771721512385,7.89664164361748e-05,0.00398467616368221,0.02,0,0,0.01,0.0465269574808168,9,3,0.009,0.003,0.01,0.01,0.00474206066747706,0.0170158161653381,0.00102078388113862,0.00878301405350318,1,0,0
L1_063_R0,R0,1.6,0,70,20,42,63,Simulink standard-block model,1000,-0.00101378261846403,0.0197576962411064,-0.000934816202027851,0.0198771721512385,7.89664164361748e-05,0.00398467616368221,0.02,0,0,0.05,0.0328970725390295,45,44,0.045,0.044,0.05,0.05,0.0337995122856317,0.0596828379362235,0.0329382145884185,0.0585517891504078,1,1,0
L1_063_R0,R0,1.6,0,70,20,42,63,Simulink standard-block model,1000,-0.00101378261846403,0.0197576962411064,-0.000934816202027851,0.0198771721512385,7.89664164361748e-05,0.00398467616368221,0.02,0,0,0.1,0.025631031310892,91,87,0.091,0.087,0.1,0.1,0.0747047043716441,0.11042558406954,0.071074421452375,0.106086481056694,1,1,0
L1_064_R1,R1,1.6,0,70,20,42,64,Simulink standard-block model,1000,-0.000445082738590012,0.0282994336976343,-0.00113702799555338,0.0278474994722992,0.000691945256963365,0.024646861508426,0.0282842712474619,0,0,0.01,0.0657990542853275,7,10,0.007,0.01,0.01,0.01,0.00339486840099076,0.0143783154657666,0.00544075444552925,0.0183094688703148,1,1,0
L1_064_R1,R1,1.6,0,70,20,42,64,Simulink standard-block model,1000,-0.000445082738590012,0.0282994336976343,-0.00113702799555338,0.0278474994722992,0.000691945256963365,0.024646861508426,0.0282842712474619,0,0,0.05,0.046523486147067,51,41,0.051,0.041,0.05,0.05,0.0390009427752668,0.0664354863447617,0.0303649710820983,0.0551479932076413,1,1,0
L1_064_R1,R1,1.6,0,70,20,42,64,Simulink standard-block model,1000,-0.000445082738590012,0.0282994336976343,-0.00113702799555338,0.0278474994722992,0.000691945256963365,0.024646861508426,0.0282842712474619,0,0,0.1,0.0362477520974729,102,91,0.102,0.091,0.1,0.1,0.0847391351848472,0.122306964569655,0.0747047043716441,0.11042558406954,1,1,0
L1_065_R0,R0,1.6,2,0,2.5,42,65,Simulink standard-block model,1000,0.00010370183971114,0.00246655798470304,0.00191081108990473,0.00249382767380434,0.00180710925019359,0.72860542207648,0.0025,0.002,0.8,0.01,0.0058158696851021,9,65,0.009,0.065,0.01,0.063461625931325,0.00474206066747706,0.0170158161653381,0.051323770569062,0.0820055093133709,1,1,0
L1_065_R0,R0,1.6,2,0,2.5,42,65,Simulink standard-block model,1000,0.00010370183971114,0.00246655798470304,0.00191081108990473,0.00249382767380434,0.00180710925019359,0.72860542207648,0.0025,0.002,0.8,0.05,0.00411213406737868,58,189,0.058,0.189,0.05,0.19909628433143,0.0451332782349982,0.0742495762662325,0.165941862074784,0.214438381703231,1,1,0
L1_065_R0,R0,1.6,2,0,2.5,42,65,Simulink standard-block model,1000,0.00010370183971114,0.00246655798470304,0.00191081108990473,0.00249382767380434,0.00180710925019359,0.72860542207648,0.0025,0.002,0.8,0.1,0.0032038789138615,108,297,0.108,0.297,0.1,0.315062270079606,0.0902411985625519,0.128758980090123,0.269499699889007,0.326053964056128,1,1,0
L1_066_R1,R1,1.6,2,0,2.5,42,66,Simulink standard-block model,1000,3.18768122173094e-05,0.00355160395169203,0.00188572793508642,0.00377489531588585,0.00185385112286911,0.505832504534923,0.00353553390593274,0.002,0.565685424949238,0.01,0.00822488178566593,12,55,0.012,0.055,0.01,0.0391477759941067,0.00687764780640352,0.0208572684754983,0.0424974273747684,0.0709083876773756,1,0,0
L1_066_R1,R1,1.6,2,0,2.5,42,66,Simulink standard-block model,1000,3.18768122173094e-05,0.00355160395169203,0.00188572793508642,0.00377489531588585,0.00185385112286911,0.505832504534923,0.00353553390593274,0.002,0.565685424949238,0.05,0.00581543576838337,54,137,0.054,0.137,0.05,0.140256376014454,0.0416213137230627,0.0697921548460524,0.117073130632995,0.159705096027518,1,1,0
L1_066_R1,R1,1.6,2,0,2.5,42,66,Simulink standard-block model,1000,3.18768122173094e-05,0.00355160395169203,0.00188572793508642,0.00377489531588585,0.00185385112286911,0.505832504534923,0.00353553390593274,0.002,0.565685424949238,0.1,0.00453096901218412,96,232,0.096,0.232,0.1,0.237037003745679,0.0792569000983968,0.115835120757932,0.206893439398589,0.259157703149668,1,1,0
L1_067_R0,R0,1.6,2,0,5,42,67,Simulink standard-block model,1000,-0.000204339146991311,0.00494698545366311,0.00189944516718574,0.00496582474393399,0.00210378431417706,0.424456934597616,0.005,0.002,0.4,0.01,0.0116317393702042,7,25,0.007,0.025,0.01,0.0270304757080881,0.00339486840099076,0.0143783154657666,0.0169901312934341,0.0366452892678433,1,1,0
L1_067_R0,R0,1.6,2,0,5,42,67,Simulink standard-block model,1000,-0.000204339146991311,0.00494698545366311,0.00189944516718574,0.00496582474393399,0.00210378431417706,0.424456934597616,0.005,0.002,0.4,0.05,0.00822426813475736,42,97,0.042,0.097,0.05,0.10659277975248,0.0312208855461654,0.0562844252266031,0.080169161790323,0.116915205549034,1,1,0
L1_067_R0,R0,1.6,2,0,5,42,67,Simulink standard-block model,1000,-0.000204339146991311,0.00494698545366311,0.00189944516718574,0.00496582474393399,0.00210378431417706,0.424456934597616,0.005,0.002,0.4,0.1,0.006407757827723,90,181,0.09,0.181,0.1,0.189009678517709,0.0737961493150831,0.109341792643072,0.158371940443981,0.206069531469803,1,1,0
L1_068_R1,R1,1.6,2,0,5,42,68,Simulink standard-block model,1000,0.000240637006764267,0.00711143741801535,0.00166620152898291,0.00709912913773242,0.00142556452221864,0.200634363437024,0.00707106781186548,0.002,0.282842712474619,0.01,0.0164497635713319,17,5,0.017,0.005,0.01,0.0205012284719692,0.0106406898568163,0.0270559588402299,0.00213753552732446,0.0116509553733751,0,0,0
L1_068_R1,R1,1.6,2,0,5,42,68,Simulink standard-block model,1000,0.000240637006764267,0.00711143741801535,0.00166620152898291,0.00709912913773242,0.00142556452221864,0.200634363437024,0.00707106781186548,0.002,0.282842712474619,0.05,0.0116308715367667,57,80,0.057,0.08,0.05,0.086597220324702,0.0442534403587159,0.0731370676594859,0.0647480380983639,0.0984664390295024,1,1,0
L1_068_R1,R1,1.6,2,0,5,42,68,Simulink standard-block model,1000,0.000240637006764267,0.00711143741801535,0.00166620152898291,0.00709912913773242,0.00142556452221864,0.200634363437024,0.00707106781186548,0.002,0.282842712474619,0.1,0.00906193802436823,97,152,0.097,0.152,0.1,0.158967875379424,0.080169161790323,0.116915205549034,0.131082502562979,0.175580921342967,1,1,0
L1_069_R0,R0,1.6,2,0,10,42,69,Simulink standard-block model,1000,-0.000424463593534985,0.00991206369738177,0.00221207695655063,0.0101169940628043,0.00263654055008562,0.263257771493402,0.01,0.002,0.2,0.01,0.0232634787404084,12,22,0.012,0.022,0.01,0.0167371522901467,0.00687764780640352,0.0208572684754983,0.0145727077647911,0.0330856733473996,1,1,0
L1_069_R0,R0,1.6,2,0,10,42,69,Simulink standard-block model,1000,-0.000424463593534985,0.00991206369738177,0.00221207695655063,0.0101169940628043,0.00263654055008562,0.263257771493402,0.01,0.002,0.2,0.05,0.0164485362695147,47,83,0.047,0.083,0.05,0.0742495021149132,0.0355271051063845,0.0619399380815285,0.0674550214428993,0.101736495134054,1,1,0
L1_069_R0,R0,1.6,2,0,10,42,69,Simulink standard-block model,1000,-0.000424463593534985,0.00991206369738177,0.00221207695655063,0.0101169940628043,0.00263654055008562,0.263257771493402,0.01,0.002,0.2,0.1,0.012815515655446,82,139,0.082,0.139,0.1,0.139725918011874,0.0665519534202195,0.100647216673705,0.118936389050789,0.161826530575782,1,1,0
L1_070_R1,R1,1.6,2,0,10,42,70,Simulink standard-block model,1000,0.000229650070340767,0.0139256537744527,0.00164964241740805,0.0136159142084835,0.00141999234706728,0.103109783535165,0.014142135623731,0.002,0.14142135623731,0.01,0.0328995271426637,8,13,0.008,0.013,0.01,0.014447117417447,0.0040591958188061,0.0157063345309801,0.00761282038935102,0.0221144423755797,1,1,0
L1_070_R1,R1,1.6,2,0,10,42,70,Simulink standard-block model,1000,0.000229650070340767,0.0139256537744527,0.00164964241740805,0.0136159142084835,0.00141999234706728,0.103109783535165,0.014142135623731,0.002,0.14142135623731,0.05,0.0232617430735335,58,61,0.058,0.061,0.05,0.06636380506123,0.0451332782349982,0.0742495762662325,0.0477797751260337,0.0775801188242837,1,1,0
L1_070_R1,R1,1.6,2,0,10,42,70,Simulink standard-block model,1000,0.000229650070340767,0.0139256537744527,0.00164964241740805,0.0136159142084835,0.00141999234706728,0.103109783535165,0.014142135623731,0.002,0.14142135623731,0.1,0.0181238760487365,110,113,0.11,0.113,0.1,0.127116028962826,0.0920793726718571,0.130905498946876,0.0948403583164347,0.134121552751385,1,1,0
L1_071_R0,R0,1.6,2,0,20,42,71,Simulink standard-block model,1000,0.000113121525205817,0.0190529308772701,0.000880320739972406,0.0196633743920877,0.000767199214766589,0.039626915011529,0.02,0.002,0.1,0.01,0.0465269574808168,6,7,0.006,0.007,0.01,0.0129954445461477,0.00275266914187637,0.0130281682418521,0.00339486840099076,0.0143783154657666,1,1,0
L1_071_R0,R0,1.6,2,0,20,42,71,Simulink standard-block model,1000,0.000113121525205817,0.0190529308772701,0.000880320739972406,0.0196633743920877,0.000767199214766589,0.039626915011529,0.02,0.002,0.1,0.05,0.0328970725390295,44,54,0.044,0.054,0.05,0.0611908362133443,0.0329382145884185,0.0585517891504078,0.0416213137230627,0.0697921548460524,1,1,0
L1_071_R0,R0,1.6,2,0,20,42,71,Simulink standard-block model,1000,0.000113121525205817,0.0190529308772701,0.000880320739972406,0.0196633743920877,0.000767199214766589,0.039626915011529,0.02,0.002,0.1,0.1,0.025631031310892,89,109,0.089,0.109,0.1,0.118691840695607,0.0728882439130074,0.108257351562119,0.0911600333845138,0.12983249175119,1,1,0
L1_072_R1,R1,1.6,2,0,20,42,72,Simulink standard-block model,1000,0.000625344332160585,0.0291314716069759,0.00288846540371147,0.029505621924008,0.00226312107155088,0.0771891942776851,0.0282842712474619,0.002,0.0707106781186548,0.01,0.0657990542853275,15,15,0.015,0.015,0.01,0.0120466808752828,0.00911097880408167,0.0246009769269068,0.00911097880408167,0.0246009769269068,1,1,0
L1_072_R1,R1,1.6,2,0,20,42,72,Simulink standard-block model,1000,0.000625344332160585,0.0291314716069759,0.00288846540371147,0.029505621924008,0.00226312107155088,0.0771891942776851,0.0282842712474619,0.002,0.0707106781186548,0.05,0.046523486147067,67,63,0.067,0.063,0.05,0.0577272026384538,0.0531019196066238,0.0842120532418669,0.0495496632117291,0.0797949237046461,0,1,0
L1_072_R1,R1,1.6,2,0,20,42,72,Simulink standard-block model,1000,0.000625344332160585,0.0291314716069759,0.00288846540371147,0.029505621924008,0.00226312107155088,0.0771891942776851,0.0282842712474619,0.002,0.0707106781186548,0.1,0.0362477520974729,119,132,0.119,0.132,0.1,0.11297819571945,0.100375184367011,0.140540805598982,0.112421636148077,0.154394858097292,0,1,0
L1_073_R0,R0,1.6,2,10,2.5,42,73,Simulink standard-block model,1000,7.41930616697983e-06,0.00242644205204422,0.00217366925987137,0.00252540153822368,0.00216624995370439,0.874751987037433,0.0025,0.00203085322377149,0.812341289508596,0.01,0.0058158696851021,7,73,0.007,0.073,0.01,0.0650120847406735,0.00339486840099076,0.0143783154657666,0.0584590262124133,0.0908090255342507,1,1,0
L1_073_R0,R0,1.6,2,10,2.5,42,73,Simulink standard-block model,1000,7.41930616697983e-06,0.00242644205204422,0.00217366925987137,0.00252540153822368,0.00216624995370439,0.874751987037433,0.0025,0.00203085322377149,0.812341289508596,0.05,0.00411213406737868,48,219,0.048,0.219,0.05,0.202559908621146,0.0363933010208079,0.0630660886501339,0.194469045374838,0.245681592894044,1,1,0
L1_073_R0,R0,1.6,2,10,2.5,42,73,Simulink standard-block model,1000,7.41930616697983e-06,0.00242644205204422,0.00217366925987137,0.00252540153822368,0.00216624995370439,0.874751987037433,0.0025,0.00203085322377149,0.812341289508596,0.1,0.0032038789138615,93,339,0.093,0.339,0.1,0.319459670514889,0.0765237256417453,0.112591255765497,0.310326591153692,0.368905625078656,1,1,0
L1_074_R1,R1,1.6,2,10,2.5,42,74,Simulink standard-block model,1000,5.87333919084436e-05,0.003551981818107,0.00223515245872448,0.00356806926593488,0.00217641906681603,0.611347723683556,0.00353553390593274,0.00203085322377149,0.574412034449353,0.01,0.00822488178566593,7,46,0.007,0.046,0.01,0.0398924205058656,0.00339486840099076,0.0143783154657666,0.034662492763265,0.0608122039416191,1,1,0
L1_074_R1,R1,1.6,2,10,2.5,42,74,Simulink standard-block model,1000,5.87333919084436e-05,0.003551981818107,0.00223515245872448,0.00356806926593488,0.00217641906681603,0.611347723683556,0.00353553390593274,0.00203085322377149,0.574412034449353,0.05,0.00581543576838337,54,162,0.054,0.162,0.05,0.142210293055373,0.0416213137230627,0.0697921548460524,0.140464111848343,0.186122776887892,1,1,0
L1_074_R1,R1,1.6,2,10,2.5,42,74,Simulink standard-block model,1000,5.87333919084436e-05,0.003551981818107,0.00223515245872448,0.00356806926593488,0.00217641906681603,0.611347723683556,0.00353553390593274,0.00203085322377149,0.574412034449353,0.1,0.00453096901218412,112,264,0.112,0.264,0.1,0.23973988592731,0.0939195409088811,0.13305002367591,0.237619968236039,0.292186261769143,1,1,0
L1_075_R0,R0,1.6,2,10,5,42,75,Simulink standard-block model,1000,9.04160828185661e-05,0.00507620796964293,0.00213204445798505,0.00501057063403468,0.00204162837516649,0.404804195848684,0.005,0.00203085322377149,0.406170644754298,0.01,0.0116317393702042,8,35,0.008,0.035,0.01,0.0274177584157668,0.0040591958188061,0.0157063345309801,0.0252722630171129,0.0482866223744533,1,1,0
L1_075_R0,R0,1.6,2,10,5,42,75,Simulink standard-block model,1000,9.04160828185661e-05,0.00507620796964293,0.00213204445798505,0.00501057063403468,0.00204162837516649,0.404804195848684,0.005,0.00203085322377149,0.406170644754298,0.05,0.00822426813475736,56,110,0.056,0.11,0.05,0.107731461687651,0.043374813385442,0.072023348149731,0.0920793726718571,0.130905498946876,1,1,0
L1_075_R0,R0,1.6,2,10,5,42,75,Simulink standard-block model,1000,9.04160828185661e-05,0.00507620796964293,0.00213204445798505,0.00501057063403468,0.00204162837516649,0.404804195848684,0.005,0.00203085322377149,0.406170644754298,0.1,0.006407757827723,105,195,0.105,0.195,0.1,0.190683338718578,0.0874877826144168,0.125535356589172,0.171630093891899,0.22070422878429,1,1,0
L1_076_R1,R1,1.6,2,10,5,42,76,Simulink standard-block model,1000,-0.00021120841216079,0.00667308102501009,0.00218598441193864,0.00682943399981751,0.00239719282409943,0.355049725333405,0.00707106781186548,0.00203085322377149,0.287206017224676,0.01,0.0164497635713319,6,16,0.006,0.016,0.01,0.0207179358952343,0.00275266914187637,0.0130281682418521,0.00987224200227739,0.02583206021174,1,1,0
L1_076_R1,R1,1.6,2,10,5,42,76,Simulink standard-block model,1000,-0.00021120841216079,0.00667308102501009,0.00218598441193864,0.00682943399981751,0.00239719282409943,0.355049725333405,0.00707106781186548,0.00203085322377149,0.287206017224676,0.05,0.0116308715367667,27,82,0.027,0.082,0.05,0.0872877640871671,0.018621382774295,0.0389987307530402,0.0665519534202195,0.100647216673705,0,1,0
L1_076_R1,R1,1.6,2,10,5,42,76,Simulink standard-block model,1000,-0.00021120841216079,0.00667308102501009,0.00218598441193864,0.00682943399981751,0.00239719282409943,0.355049725333405,0.00707106781186548,0.00203085322377149,0.287206017224676,0.1,0.00906193802436823,76,151,0.076,0.151,0.1,0.160027333924277,0.0611494480717023,0.0940956431240484,0.130146120631223,0.174524956791694,0,1,0
L1_077_R0,R0,1.6,2,10,10,42,77,Simulink standard-block model,1000,0.000327832743476885,0.00986772463673074,0.0015483470071005,0.0102306710985066,0.00122051426362362,0.121434100334921,0.01,0.00203085322377149,0.203085322377149,0.01,0.0232634787404084,7,22,0.007,0.022,0.01,0.0168659284489072,0.00339486840099076,0.0143783154657666,0.0145727077647911,0.0330856733473996,1,1,0
L1_077_R0,R0,1.6,2,10,10,42,77,Simulink standard-block model,1000,0.000327832743476885,0.00986772463673074,0.0015483470071005,0.0102306710985066,0.00122051426362362,0.121434100334921,0.01,0.00203085322377149,0.203085322377149,0.05,0.0164485362695147,55,72,0.055,0.072,0.05,0.0746838735692498,0.0424974273747684,0.0709083876773756,0.0575639216809144,0.0897117835827208,1,1,0
L1_077_R0,R0,1.6,2,10,10,42,77,Simulink standard-block model,1000,0.000327832743476885,0.00986772463673074,0.0015483470071005,0.0102306710985066,0.00122051426362362,0.121434100334921,0.01,0.00203085322377149,0.203085322377149,0.1,0.012815515655446,95,126,0.095,0.126,0.1,0.140412869273002,0.0783452345790474,0.114754439794252,0.106852910687009,0.148009504660186,1,1,0
L1_078_R1,R1,1.6,2,10,10,42,78,Simulink standard-block model,1000,-9.9742281158866e-05,0.0142799105865767,0.00185223011779604,0.0139641890971594,0.0019519723989549,0.138212970362983,0.014142135623731,0.00203085322377149,0.143603008612338,0.01,0.0328995271426637,8,10,0.008,0.01,0.01,0.0145273019703524,0.0040591958188061,0.0157063345309801,0.00544075444552925,0.0183094688703148,1,1,0
L1_078_R1,R1,1.6,2,10,10,42,78,Simulink standard-block model,1000,-9.9742281158866e-05,0.0142799105865767,0.00185223011779604,0.0139641890971594,0.0019519723989549,0.138212970362983,0.014142135623731,0.00203085322377149,0.143603008612338,0.05,0.0232617430735335,48,59,0.048,0.059,0.05,0.0666453760643142,0.0363933010208079,0.0630660886501339,0.0460142982128005,0.0753609027714592,1,1,0
L1_078_R1,R1,1.6,2,10,10,42,78,Simulink standard-block model,1000,-9.9742281158866e-05,0.0142799105865767,0.00185223011779604,0.0139641890971594,0.0019519723989549,0.138212970362983,0.014142135623731,0.00203085322377149,0.143603008612338,0.1,0.0181238760487365,108,129,0.108,0.129,0.1,0.12757098191259,0.0902411985625519,0.128758980090123,0.109635445294505,0.151204009501777,1,1,0
L1_079_R0,R0,1.6,2,10,20,42,79,Simulink standard-block model,1000,1.29431170754744e-05,0.0208571408817921,0.00223579515806756,0.0199782325162977,0.00222285204099209,0.108843738568116,0.02,0.00203085322377149,0.101542661188574,0.01,0.0465269574808168,13,16,0.013,0.016,0.01,0.0130471586544426,0.00761282038935102,0.0221144423755797,0.00987224200227739,0.02583206021174,1,1,0
L1_079_R0,R0,1.6,2,10,20,42,79,Simulink standard-block model,1000,1.29431170754744e-05,0.0208571408817921,0.00223579515806756,0.0199782325162977,0.00222285204099209,0.108843738568116,0.02,0.00203085322377149,0.101542661188574,0.05,0.0328970725390295,54,64,0.054,0.064,0.05,0.0613776721305686,0.0416213137230627,0.0697921548460524,0.0504362008982295,0.0809007325011745,1,1,0
L1_079_R0,R0,1.6,2,10,20,42,79,Simulink standard-block model,1000,1.29431170754744e-05,0.0208571408817921,0.00223579515806756,0.0199782325162977,0.00222285204099209,0.108843738568116,0.02,0.00203085322377149,0.101542661188574,0.1,0.025631031310892,113,128,0.113,0.128,0.1,0.118998336716488,0.0948403583164347,0.134121552751385,0.108707522163009,0.150139586150244,1,1,0
L1_080_R1,R1,1.6,2,10,20,42,80,Simulink standard-block model,1000,0.000282776062083511,0.0289176336468841,0.000565374553352017,0.0276096919161042,0.000282598491268506,0.00999597523549314,0.0282842712474619,0.00203085322377149,0.0718015043061691,0.01,0.0657990542853275,12,7,0.012,0.007,0.01,0.0120809084929789,0.00687764780640352,0.0208572684754983,0.00339486840099076,0.0143783154657666,1,1,0
L1_080_R1,R1,1.6,2,10,20,42,80,Simulink standard-block model,1000,0.000282776062083511,0.0289176336468841,0.000565374553352017,0.0276096919161042,0.000282598491268506,0.00999597523549314,0.0282842712474619,0.00203085322377149,0.0718015043061691,0.05,0.046523486147067,54,49,0.054,0.049,0.05,0.0578533748328352,0.0416213137230627,0.0697921548460524,0.0372610346473606,0.0641907015066101,1,1,0
L1_080_R1,R1,1.6,2,10,20,42,80,Simulink standard-block model,1000,0.000282776062083511,0.0289176336468841,0.000565374553352017,0.0276096919161042,0.000282598491268506,0.00999597523549314,0.0282842712474619,0.00203085322377149,0.0718015043061691,0.1,0.0362477520974729,104,102,0.104,0.102,0.1,0.113187406984831,0.0865710280982681,0.124459764622292,0.0847391351848472,0.122306964569655,1,1,0
L1_081_R0,R0,1.6,2,20,2.5,42,81,Simulink standard-block model,1000,0.000193263262548719,0.00243289543354894,0.00199955771770772,0.0024323486304417,0.001806294455159,0.742529838171931,0.0025,0.00212835554495182,0.85134221798073,0.01,0.0058158696851021,9,58,0.009,0.058,0.01,0.0701055114001694,0.00474206066747706,0.0170158161653381,0.0451332782349982,0.0742495762662325,1,1,0
L1_081_R0,R0,1.6,2,20,2.5,42,81,Simulink standard-block model,1000,0.000193263262548719,0.00243289543354894,0.00199955771770772,0.0024323486304417,0.001806294455159,0.742529838171931,0.0025,0.00212835554495182,0.85134221798073,0.05,0.00411213406737868,60,207,0.06,0.207,0.05,0.213739962421084,0.046896472675932,0.0764710747913565,0.183032927980761,0.233209552491774,1,1,0
L1_081_R0,R0,1.6,2,20,2.5,42,81,Simulink standard-block model,1000,0.000193263262548719,0.00243289543354894,0.00199955771770772,0.0024323486304417,0.001806294455159,0.742529838171931,0.0025,0.00212835554495182,0.85134221798073,0.1,0.0032038789138615,111,315,0.111,0.315,0.1,0.333521681466882,0.0929992104582496,0.131978007643512,0.286963907356528,0.344451993283127,1,1,0
L1_082_R1,R1,1.6,2,20,2.5,42,82,Simulink standard-block model,1000,-4.21103813951118e-05,0.00348703716211943,0.0020738342612465,0.00341758597736045,0.00211594464264161,0.612875624391739,0.00353553390593274,0.00212835554495182,0.60198985544457,0.01,0.00822488178566593,6,34,0.006,0.034,0.01,0.042321615684567,0.00275266914187637,0.0130281682418521,0.0244313486632263,0.0471351902453111,1,1,0
L1_082_R1,R1,1.6,2,20,2.5,42,82,Simulink standard-block model,1000,-4.21103813951118e-05,0.00348703716211943,0.0020738342612465,0.00341758597736045,0.00211594464264161,0.612875624391739,0.00353553390593274,0.00212835554495182,0.60198985544457,0.05,0.00581543576838337,51,136,0.051,0.136,0.05,0.148505695370002,0.0390009427752668,0.0664354863447617,0.116142064549661,0.158643815627823,1,1,0
L1_082_R1,R1,1.6,2,20,2.5,42,82,Simulink standard-block model,1000,-4.21103813951118e-05,0.00348703716211943,0.0020738342612465,0.00341758597736045,0.00211594464264161,0.612875624391739,0.00353553390593274,0.00212835554495182,0.60198985544457,0.1,0.00453096901218412,103,230,0.103,0.23,0.1,0.248391010602771,0.0856548100050872,0.123383636232444,0.204979693720231,0.257086755861969,1,1,0
L1_083_R0,R0,1.6,2,20,5,42,83,Simulink standard-block model,1000,0.000175997167616845,0.00488661337571947,0.0023061686604571,0.00506248544889165,0.00213017149284026,0.428147068848843,0.005,0.00212835554495182,0.425671108990365,0.01,0.0116317393702042,8,23,0.008,0.023,0.01,0.0286721818670797,0.0040591958188061,0.0157063345309801,0.0153742769329929,0.0342764506622267,1,1,0
L1_083_R0,R0,1.6,2,20,5,42,83,Simulink standard-block model,1000,0.000175997167616845,0.00488661337571947,0.0023061686604571,0.00506248544889165,0.00213017149284026,0.428147068848843,0.005,0.00212835554495182,0.425671108990365,0.05,0.00822426813475736,47,125,0.047,0.125,0.05,0.111387462850651,0.0355271051063845,0.0619399380815285,0.105926230635205,0.146943838228962,1,1,0
L1_083_R0,R0,1.6,2,20,5,42,83,Simulink standard-block model,1000,0.000175997167616845,0.00488661337571947,0.0023061686604571,0.00506248544889165,0.00213017149284026,0.428147068848843,0.005,0.00212835554495182,0.425671108990365,0.1,0.006407757827723,115,216,0.115,0.216,0.1,0.196031953042252,0.0966834317874378,0.13626317224644,0.191607008948923,0.242566589870873,1,1,0
L1_084_R1,R1,1.6,2,20,5,42,84,Simulink standard-block model,1000,-3.51364921411104e-05,0.00721322252973882,0.0023918794423224,0.00705221979705534,0.00242701593446351,0.34024341045339,0.00707106781186548,0.00212835554495182,0.300994927722285,0.01,0.0164497635713319,9,19,0.009,0.019,0.01,0.0214155677072625,0.00474206066747706,0.0170158161653381,0.0121968857507909,0.0294844559123131,1,1,0
L1_084_R1,R1,1.6,2,20,5,42,84,Simulink standard-block model,1000,-3.51364921411104e-05,0.00721322252973882,0.0023918794423224,0.00705221979705534,0.00242701593446351,0.34024341045339,0.00707106781186548,0.00212835554495182,0.300994927722285,0.05,0.0116308715367667,52,91,0.052,0.091,0.05,0.0894970418073663,0.0398730362837774,0.06755573931928,0.0747047043716441,0.11042558406954,1,1,0
L1_084_R1,R1,1.6,2,20,5,42,84,Simulink standard-block model,1000,-3.51364921411104e-05,0.00721322252973882,0.0023918794423224,0.00705221979705534,0.00242701593446351,0.34024341045339,0.00707106781186548,0.00212835554495182,0.300994927722285,0.1,0.00906193802436823,107,170,0.107,0.17,0.1,0.163405713302312,0.08932287430802,0.127684957861626,0.147991595638552,0.194534064961914,1,1,0
L1_085_R0,R0,1.6,2,20,10,42,85,Simulink standard-block model,1000,8.79571070561651e-05,0.0100438799167262,0.0022098996876328,0.00996046236003239,0.00212194258057664,0.212146353284747,0.01,0.00212835554495182,0.212835554495182,0.01,0.0232634787404084,10,16,0.01,0.016,0.01,0.0172784708489152,0.00544075444552925,0.0183094688703148,0.00987224200227739,0.02583206021174,1,1,0
L1_085_R0,R0,1.6,2,20,10,42,85,Simulink standard-block model,1000,8.79571070561651e-05,0.0100438799167262,0.0022098996876328,0.00996046236003239,0.00212194258057664,0.212146353284747,0.01,0.00212835554495182,0.212835554495182,0.05,0.0164485362695147,54,86,0.054,0.086,0.05,0.0760693246242861,0.0416213137230627,0.0697921548460524,0.0701685247757604,0.105000031250279,1,1,0
L1_085_R0,R0,1.6,2,20,10,42,85,Simulink standard-block model,1000,8.79571070561651e-05,0.0100438799167262,0.0022098996876328,0.00996046236003239,0.00212194258057664,0.212146353284747,0.01,0.00212835554495182,0.212835554495182,0.1,0.012815515655446,103,144,0.103,0.144,0.1,0.142598827343933,0.0856548100050872,0.123383636232444,0.123600949912013,0.167123702129702,1,1,0
L1_086_R1,R1,1.6,2,20,10,42,86,Simulink standard-block model,1000,-1.05450645710548e-07,0.0138753628800531,0.00259054182861813,0.0140415598693355,0.00259064727926384,0.185593619728095,0.014142135623731,0.00212835554495182,0.150497463861142,0.01,0.0328995271426637,7,15,0.007,0.015,0.01,0.0147832239358923,0.00339486840099076,0.0143783154657666,0.00911097880408167,0.0246009769269068,1,1,0
L1_086_R1,R1,1.6,2,20,10,42,86,Simulink standard-block model,1000,-1.05450645710548e-07,0.0138753628800531,0.00259054182861813,0.0140415598693355,0.00259064727926384,0.185593619728095,0.014142135623731,0.00212835554495182,0.150497463861142,0.05,0.0232617430735335,44,70,0.044,0.07,0.05,0.0675412764330956,0.0329382145884185,0.0585517891504078,0.055776364146294,0.0875146481512834,1,1,0
L1_086_R1,R1,1.6,2,20,10,42,86,Simulink standard-block model,1000,-1.05450645710548e-07,0.0138753628800531,0.00259054182861813,0.0140415598693355,0.00259064727926384,0.185593619728095,0.014142135623731,0.00212835554495182,0.150497463861142,0.1,0.0181238760487365,99,129,0.099,0.129,0.1,0.129016160499842,0.0819954413686654,0.11907361893675,0.109635445294505,0.151204009501777,1,1,0
L1_087_R0,R0,1.6,2,20,20,42,87,Simulink standard-block model,1000,-4.93290035078342e-05,0.0195680356045686,0.00190446327944748,0.0198543763417289,0.00195379228295531,0.09911827564329,0.02,0.00212835554495182,0.106417777247591,0.01,0.0465269574808168,8,10,0.008,0.01,0.01,0.0132117565595435,0.0040591958188061,0.0157063345309801,0.00544075444552925,0.0183094688703148,1,1,0
L1_087_R0,R0,1.6,2,20,20,42,87,Simulink standard-block model,1000,-4.93290035078342e-05,0.0195680356045686,0.00190446327944748,0.0198543763417289,0.00195379228295531,0.09911827564329,0.02,0.00212835554495182,0.106417777247591,0.05,0.0328970725390295,46,59,0.046,0.059,0.05,0.0619710412037625,0.034662492763265,0.0608122039416191,0.0460142982128005,0.0753609027714592,1,1,0
L1_087_R0,R0,1.6,2,20,20,42,87,Simulink standard-block model,1000,-4.93290035078342e-05,0.0195680356045686,0.00190446327944748,0.0198543763417289,0.00195379228295531,0.09911827564329,0.02,0.00212835554495182,0.106417777247591,0.1,0.025631031310892,97,110,0.097,0.11,0.1,0.119970597342224,0.080169161790323,0.116915205549034,0.0920793726718571,0.130905498946876,1,1,0
L1_088_R1,R1,1.6,2,20,20,42,88,Simulink standard-block model,1000,0.000335881542245964,0.0279319376444036,0.00172128083774595,0.0267949724502358,0.00138539929549999,0.0506186230166606,0.0282842712474619,0.00212835554495182,0.0752487319305712,0.01,0.0657990542853275,6,11,0.006,0.011,0.01,0.0121896293768542,0.00275266914187637,0.0130281682418521,0.00615317409808664,0.0195893957007863,1,1,0
L1_088_R1,R1,1.6,2,20,20,42,88,Simulink standard-block model,1000,0.000335881542245964,0.0279319376444036,0.00172128083774595,0.0267949724502358,0.00138539929549999,0.0506186230166606,0.0282842712474619,0.00212835554495182,0.0752487319305712,0.05,0.046523486147067,45,51,0.045,0.051,0.05,0.0582535295049699,0.0337995122856317,0.0596828379362235,0.0390009427752668,0.0664354863447617,1,1,0
L1_088_R1,R1,1.6,2,20,20,42,88,Simulink standard-block model,1000,0.000335881542245964,0.0279319376444036,0.00172128083774595,0.0267949724502358,0.00138539929549999,0.0506186230166606,0.0282842712474619,0.00212835554495182,0.0752487319305712,0.1,0.0362477520974729,107,99,0.107,0.099,0.1,0.113850372745111,0.08932287430802,0.127684957861626,0.0819954413686654,0.11907361893675,1,1,0
L1_089_R0,R0,1.6,2,30,2.5,42,89,Simulink standard-block model,1000,-6.45977849565149e-05,0.00255307911891064,0.00233302053898517,0.00244696006412679,0.00239761832394168,0.958823890471894,0.0025,0.0023094010767585,0.923760430703401,0.01,0.0058158696851021,7,76,0.007,0.076,0.01,0.0803699491683986,0.00339486840099076,0.0143783154657666,0.0611494480717023,0.0940956431240484,1,1,0
L1_089_R0,R0,1.6,2,30,2.5,42,89,Simulink standard-block model,1000,-6.45977849565149e-05,0.00255307911891064,0.00233302053898517,0.00244696006412679,0.00239761832394168,0.958823890471894,0.0025,0.0023094010767585,0.923760430703401,0.05,0.00411213406737868,43,235,0.043,0.235,0.05,0.235426088414852,0.0320786534117134,0.057419003844084,0.209765588426254,0.262262593571091,1,1,0
L1_089_R0,R0,1.6,2,30,2.5,42,89,Simulink standard-block model,1000,-6.45977849565149e-05,0.00255307911891064,0.00233302053898517,0.00244696006412679,0.00239761832394168,0.958823890471894,0.0025,0.0023094010767585,0.923760430703401,0.1,0.0032038789138615,101,357,0.101,0.357,0.1,0.360249812687274,0.0838240106523991,0.121229742619074,0.327903750049222,0.387190702877646,1,1,0
L1_090_R1,R1,1.6,2,30,2.5,42,90,Simulink standard-block model,1000,1.95521036954098e-05,0.00350539188849049,0.00232137782576641,0.00357536575621256,0.002301825722071,0.650131934686012,0.00353553390593274,0.0023094010767585,0.653197264742181,0.01,0.00822488178566593,9,49,0.009,0.049,0.01,0.0471488253154882,0.00474206066747706,0.0170158161653381,0.0372610346473606,0.0641907015066101,1,1,0
L1_090_R1,R1,1.6,2,30,2.5,42,90,Simulink standard-block model,1000,1.95521036954098e-05,0.00350539188849049,0.00232137782576641,0.00357536575621256,0.002301825722071,0.650131934686012,0.00353553390593274,0.0023094010767585,0.653197264742181,0.05,0.00581543576838337,42,166,0.042,0.166,0.05,0.160682592467169,0.0312208855461654,0.0562844252266031,0.144225471830611,0.190330802837739,1,1,0
L1_090_R1,R1,1.6,2,30,2.5,42,90,Simulink standard-block model,1000,1.95521036954098e-05,0.00350539188849049,0.00232137782576641,0.00357536575621256,0.002301825722071,0.650131934686012,0.00353553390593274,0.0023094010767585,0.653197264742181,0.1,0.00453096901218412,105,253,0.105,0.253,0.1,0.264885933531282,0.0874877826144168,0.125535356589172,0.227035799585568,0.280854619106296,1,1,0
L1_091_R0,R0,1.6,2,30,5,42,91,Simulink standard-block model,1000,-9.7751019887022e-05,0.00509436959979844,0.00221342348665576,0.00495297270828402,0.00231117450654278,0.460011335198787,0.005,0.0023094010767585,0.461880215351701,0.01,0.0116317393702042,11,21,0.011,0.021,0.01,0.031128029600384,0.00615317409808664,0.0195893957007863,0.0137757395679243,0.0318902950612375,1,1,0
L1_091_R0,R0,1.6,2,30,5,42,91,Simulink standard-block model,1000,-9.7751019887022e-05,0.00509436959979844,0.00221342348665576,0.00495297270828402,0.00231117450654278,0.460011335198787,0.005,0.0023094010767585,0.461880215351701,0.05,0.00822426813475736,56,105,0.056,0.105,0.05,0.11840984253465,0.043374813385442,0.072023348149731,0.0874877826144168,0.125535356589172,1,1,0
L1_091_R0,R0,1.6,2,30,5,42,91,Simulink standard-block model,1000,-9.7751019887022e-05,0.00509436959979844,0.00221342348665576,0.00495297270828402,0.00231117450654278,0.460011335198787,0.005,0.0023094010767585,0.461880215351701,0.1,0.006407757827723,109,206,0.109,0.206,0.1,0.206201743352154,0.0911600333845138,0.12983249175119,0.182081391132891,0.232168742856615,1,1,0
L1_092_R1,R1,1.6,2,30,5,42,92,Simulink standard-block model,1000,-3.89513565358282e-05,0.00722636365711588,0.00250565879207703,0.00706165072590264,0.00254461014861286,0.356164406488835,0.00707106781186548,0.0023094010767585,0.32659863237109,0.01,0.0164497635713319,11,19,0.011,0.019,0.01,0.0227636740281542,0.00615317409808664,0.0195893957007863,0.0121968857507909,0.0294844559123131,1,1,0
L1_092_R1,R1,1.6,2,30,5,42,92,Simulink standard-block model,1000,-3.89513565358282e-05,0.00722636365711588,0.00250565879207703,0.00706165072590264,0.00254461014861286,0.356164406488835,0.00707106781186548,0.0023094010767585,0.32659863237109,0.05,0.0116308715367667,55,100,0.055,0.1,0.05,0.0937091506439065,0.0424974273747684,0.0709083876773756,0.0829094435930957,0.120151963195348,1,1,0
L1_092_R1,R1,1.6,2,30,5,42,92,Simulink standard-block model,1000,-3.89513565358282e-05,0.00722636365711588,0.00250565879207703,0.00706165072590264,0.00254461014861286,0.356164406488835,0.00707106781186548,0.0023094010767585,0.32659863237109,0.1,0.00906193802436823,97,184,0.097,0.184,0.1,0.169800749687904,0.080169161790323,0.116915205549034,0.161208690576458,0.209209820786413,1,1,0
L1_093_R0,R0,1.6,2,30,10,42,93,Simulink standard-block model,1000,-3.66554287309402e-05,0.00971710942203161,0.00298144484354323,0.0101118285675148,0.00301810027227417,0.304353413088847,0.01,0.0023094010767585,0.23094010767585,0.01,0.0232634787404084,10,24,0.01,0.024,0.01,0.0180673798654512,0.00544075444552925,0.0183094688703148,0.016180168466637,0.0354629056116115,1,1,0
L1_093_R0,R0,1.6,2,30,10,42,93,Simulink standard-block model,1000,-3.66554287309402e-05,0.00971710942203161,0.00298144484354323,0.0101118285675148,0.00301810027227417,0.304353413088847,0.01,0.0023094010767585,0.23094010767585,0.05,0.0164485362695147,43,89,0.043,0.089,0.05,0.0786936479924576,0.0320786534117134,0.057419003844084,0.0728882439130074,0.108257351562119,1,1,0
L1_093_R0,R0,1.6,2,30,10,42,93,Simulink standard-block model,1000,-3.66554287309402e-05,0.00971710942203161,0.00298144484354323,0.0101118285675148,0.00301810027227417,0.304353413088847,0.01,0.0023094010767585,0.23094010767585,0.1,0.012815515655446,95,177,0.095,0.177,0.1,0.146718538254152,0.0783452345790474,0.114754439794252,0.154593379485542,0.201878706496127,1,0,0
L1_094_R1,R1,1.6,2,30,10,42,94,Simulink standard-block model,1000,0.000334336446824789,0.0142396996049506,0.00279827053677583,0.0140400409644709,0.00246393408995104,0.174250020311672,0.014142135623731,0.0023094010767585,0.163299316185545,0.01,0.0328995271426637,13,14,0.013,0.014,0.01,0.0152687225325904,0.00761282038935102,0.0221144423755797,0.00835757513042392,0.0233620341175357,1,1,0
L1_094_R1,R1,1.6,2,30,10,42,94,Simulink standard-block model,1000,0.000334336446824789,0.0142396996049506,0.00279827053677583,0.0140400409644709,0.00246393408995104,0.174250020311672,0.014142135623731,0.0023094010767585,0.163299316185545,0.05,0.0232617430735335,50,63,0.05,0.063,0.05,0.069229461853716,0.0381302623927488,0.0653138202442508,0.0495496632117291,0.0797949237046461,1,1,0
L1_094_R1,R1,1.6,2,30,10,42,94,Simulink standard-block model,1000,0.000334336446824789,0.0142396996049506,0.00279827053677583,0.0140400409644709,0.00246393408995104,0.174250020311672,0.014142135623731,0.0023094010767585,0.163299316185545,0.1,0.0181238760487365,105,129,0.105,0.129,0.1,0.131729637303465,0.0874877826144168,0.125535356589172,0.109635445294505,0.151204009501777,1,1,0
L1_095_R0,R0,1.6,2,30,20,42,95,Simulink standard-block model,1000,-4.28679516017196e-05,0.0189416844524077,0.00194970909727261,0.0200607644348981,0.00199257704887433,0.102134989185797,0.02,0.0023094010767585,0.115470053837925,0.01,0.0465269574808168,8,9,0.008,0.009,0.01,0.0135221494930402,0.0040591958188061,0.0157063345309801,0.00474206066747706,0.0170158161653381,1,1,0
L1_095_R0,R0,1.6,2,30,20,42,95,Simulink standard-block model,1000,-4.28679516017196e-05,0.0189416844524077,0.00194970909727261,0.0200607644348981,0.00199257704887433,0.102134989185797,0.02,0.0023094010767585,0.115470053837925,0.05,0.0328970725390295,36,57,0.036,0.057,0.05,0.0630846911576085,0.0261155714073873,0.0494356604672078,0.0442534403587159,0.0731370676594859,0,1,0
L1_095_R0,R0,1.6,2,30,20,42,95,Simulink standard-block model,1000,-4.28679516017196e-05,0.0189416844524077,0.00194970909727261,0.0200607644348981,0.00199257704887433,0.102134989185797,0.02,0.0023094010767585,0.115470053837925,0.1,0.025631031310892,88,111,0.088,0.111,0.1,0.121790745456195,0.0719809979423209,0.107172251049777,0.0929992104582496,0.131978007643512,1,1,0
L1_096_R1,R1,1.6,2,30,20,42,96,Simulink standard-block model,1000,0.00115527074158458,0.0284860725125254,0.00219742891687353,0.0294316328397837,0.00104215817528896,0.0359827555459796,0.0282842712474619,0.0023094010767585,0.0816496580927726,0.01,0.0657990542853275,12,16,0.012,0.016,0.01,0.0123937563305062,0.00687764780640352,0.0208572684754983,0.00987224200227739,0.02583206021174,1,1,0
L1_096_R1,R1,1.6,2,30,20,42,96,Simulink standard-block model,1000,0.00115527074158458,0.0284860725125254,0.00219742891687353,0.0294316328397837,0.00104215817528896,0.0359827555459796,0.0282842712474619,0.0023094010767585,0.0816496580927726,0.05,0.046523486147067,47,68,0.047,0.068,0.05,0.0590023134603894,0.0355271051063845,0.0619399380815285,0.0539924578085301,0.0853138615229895,1,1,0
L1_096_R1,R1,1.6,2,30,20,42,96,Simulink standard-block model,1000,0.00115527074158458,0.0284860725125254,0.00219742891687353,0.0294316328397837,0.00104215817528896,0.0359827555459796,0.0282842712474619,0.0023094010767585,0.0816496580927726,0.1,0.0362477520974729,109,135,0.109,0.135,0.1,0.115088719547767,0.0911600333845138,0.12983249175119,0.11521137849166,0.157582155202795,1,0,0
L1_097_R0,R0,1.6,2,40,2.5,42,97,Simulink standard-block model,1000,3.96638352294221e-05,0.00243077056047594,0.00255134548876756,0.00245090103467299,0.00251168165353814,1.02901649550357,0.0025,0.00261081457866456,1.04432583146582,0.01,0.0058158696851021,7,95,0.007,0.095,0.01,0.0999174569557706,0.00339486840099076,0.0143783154657666,0.0783452345790474,0.114754439794252,1,1,0
L1_097_R0,R0,1.6,2,40,2.5,42,97,Simulink standard-block model,1000,3.96638352294221e-05,0.00243077056047594,0.00255134548876756,0.00245090103467299,0.00251168165353814,1.02901649550357,0.0025,0.00261081457866456,1.04432583146582,0.05,0.00411213406737868,55,265,0.055,0.265,0.05,0.274077271161905,0.0424974273747684,0.0709083876773756,0.238583256259756,0.293215320228455,1,1,0
L1_097_R0,R0,1.6,2,40,2.5,42,97,Simulink standard-block model,1000,3.96638352294221e-05,0.00243077056047594,0.00255134548876756,0.00245090103467299,0.00251168165353814,1.02901649550357,0.0025,0.00261081457866456,1.04432583146582,0.1,0.0032038789138615,103,384,0.103,0.384,0.1,0.406240836564753,0.0856548100050872,0.123383636232444,0.354354141440322,0.414533666528327,1,1,0
L1_098_R1,R1,1.6,2,40,2.5,42,98,Simulink standard-block model,1000,-6.22358351118892e-05,0.00338038337099111,0.00274379269897399,0.00342426291617675,0.00280602853408588,0.82472183749399,0.00353553390593274,0.00261081457866456,0.738449877197763,0.01,0.00822488178566593,5,54,0.005,0.054,0.01,0.0561547032735084,0.00213753552732446,0.0116509553733751,0.0416213137230627,0.0697921548460524,1,1,0
L1_098_R1,R1,1.6,2,40,2.5,42,98,Simulink standard-block model,1000,-6.22358351118892e-05,0.00338038337099111,0.00274379269897399,0.00342426291617675,0.00280602853408588,0.82472183749399,0.00353553390593274,0.00261081457866456,0.738449877197763,0.05,0.00581543576838337,41,189,0.041,0.189,0.05,0.182361094401328,0.0303649710820983,0.0551479932076413,0.165941862074784,0.214438381703231,1,1,0
L1_098_R1,R1,1.6,2,40,2.5,42,98,Simulink standard-block model,1000,-6.22358351118892e-05,0.00338038337099111,0.00274379269897399,0.00342426291617675,0.00280602853408588,0.82472183749399,0.00353553390593274,0.00261081457866456,0.738449877197763,0.1,0.00453096901218412,85,305,0.085,0.305,0.1,0.293529895125818,0.0692633185396546,0.103912891003356,0.277255272480973,0.334237163328393,1,1,0
L1_099_R0,R0,1.6,2,40,5,42,99,Simulink standard-block model,1000,-0.000406694497447447,0.00495746033129178,0.00272637069440157,0.00488201428703658,0.00313306519184902,0.636817150415625,0.005,0.00261081457866456,0.522162915732911,0.01,0.0116317393702042,4,29,0.004,0.029,0.01,0.0356011582830849,0.00155658814040843,0.0102395562772623,0.0202664481566988,0.0413383583366942,1,1,0
L1_099_R0,R0,1.6,2,40,5,42,99,Simulink standard-block model,1000,-0.000406694497447447,0.00495746033129178,0.00272637069440157,0.00488201428703658,0.00313306519184902,0.636817150415625,0.005,0.00261081457866456,0.522162915732911,0.05,0.00822426813475736,42,134,0.042,0.134,0.05,0.130784437181095,0.0312208855461654,0.0562844252266031,0.114281075994126,0.1565201112173,1,1,0
L1_099_R0,R0,1.6,2,40,5,42,99,Simulink standard-block model,1000,-0.000406694497447447,0.00495746033129178,0.00272637069440157,0.00488201428703658,0.00313306519184902,0.636817150415625,0.005,0.00261081457866456,0.522162915732911,0.1,0.006407757827723,89,232,0.089,0.232,0.1,0.223810050581587,0.0728882439130074,0.108257351562119,0.206893439398589,0.259157703149668,1,1,0
L1_100_R1,R1,1.6,2,40,5,42,100,Simulink standard-block model,1000,-8.19713948345688e-05,0.0070206688897503,0.00252361151407627,0.00693760018267682,0.00260558290891084,0.373332360287935,0.00707106781186548,0.00261081457866456,0.369224938598881,0.01,0.0164497635713319,7,20,0.007,0.02,0.01,0.0251665082473608,0.00339486840099076,0.0143783154657666,0.0129836829164151,0.0306900052297178,1,1,0
L1_100_R1,R1,1.6,2,40,5,42,100,Simulink standard-block model,1000,-8.19713948345688e-05,0.0070206688897503,0.00252361151407627,0.00693760018267682,0.00260558290891084,0.373332360287935,0.00707106781186548,0.00261081457866456,0.369224938598881,0.05,0.0116308715367667,51,90,0.051,0.09,0.05,0.101043403933294,0.0390009427752668,0.0664354863447617,0.0737961493150831,0.109341792643072,1,1,0
L1_100_R1,R1,1.6,2,40,5,42,100,Simulink standard-block model,1000,-8.19713948345688e-05,0.0070206688897503,0.00252361151407627,0.00693760018267682,0.00260558290891084,0.373332360287935,0.00707106781186548,0.00261081457866456,0.369224938598881,0.1,0.00906193802436823,99,178,0.099,0.178,0.1,0.180798400746646,0.0819954413686654,0.11907361893675,0.15553761027623,0.202926822188468,1,1,0
L1_101_R0,R0,1.6,2,40,10,42,101,Simulink standard-block model,1000,0.000375971407188724,0.00992850224399472,0.00190547367169594,0.00967457208627939,0.00152950226450722,0.156034092726792,0.01,0.00261081457866456,0.261081457866456,0.01,0.0232634787404084,15,11,0.015,0.011,0.01,0.0194488996843463,0.00911097880408167,0.0246009769269068,0.00615317409808664,0.0195893957007863,1,1,0
L1_101_R0,R0,1.6,2,40,10,42,101,Simulink standard-block model,1000,0.000375971407188724,0.00992850224399472,0.00190547367169594,0.00967457208627939,0.00152950226450722,0.156034092726792,0.01,0.00261081457866456,0.261081457866456,0.05,0.0164485362695147,54,64,0.054,0.064,0.05,0.0832141136928936,0.0416213137230627,0.0697921548460524,0.0504362008982295,0.0809007325011745,1,0,0
L1_101_R0,R0,1.6,2,40,10,42,101,Simulink standard-block model,1000,0.000375971407188724,0.00992850224399472,0.00190547367169594,0.00967457208627939,0.00152950226450722,0.156034092726792,0.01,0.00261081457866456,0.261081457866456,0.1,0.012815515655446,105,129,0.105,0.129,0.1,0.153752779548481,0.0874877826144168,0.125535356589172,0.109635445294505,0.151204009501777,1,0,0
L1_102_R1,R1,1.6,2,40,10,42,102,Simulink standard-block model,1000,-0.000801679792761416,0.0140575021251855,0.00318362116458735,0.0137712876240837,0.00398530095734876,0.286400539279109,0.014142135623731,0.00261081457866456,0.184612469299441,0.01,0.0328995271426637,4,14,0.004,0.014,0.01,0.0161073899966253,0.00155658814040843,0.0102395562772623,0.00835757513042392,0.0233620341175357,1,1,0
L1_102_R1,R1,1.6,2,40,10,42,102,Simulink standard-block model,1000,-0.000801679792761416,0.0140575021251855,0.00318362116458735,0.0137712876240837,0.00398530095734876,0.286400539279109,0.014142135623731,0.00261081457866456,0.184612469299441,0.05,0.0232617430735335,36,82,0.036,0.082,0.05,0.0721119037495335,0.0261155714073873,0.0494356604672078,0.0665519534202195,0.100647216673705,0,1,0
L1_102_R1,R1,1.6,2,40,10,42,102,Simulink standard-block model,1000,-0.000801679792761416,0.0140575021251855,0.00318362116458735,0.0137712876240837,0.00398530095734876,0.286400539279109,0.014142135623731,0.00261081457866456,0.184612469299441,0.1,0.0181238760487365,97,148,0.097,0.148,0.1,0.136334008307324,0.080169161790323,0.116915205549034,0.127338988676466,0.171355049297365,1,1,0
L1_103_R0,R0,1.6,2,40,20,42,103,Simulink standard-block model,1000,0.00177461805269538,0.0202632110419097,0.00181622468273812,0.019376220950596,4.16066300427324e-05,0.0020987292460932,0.02,0.00261081457866456,0.130540728933228,0.01,0.0465269574808168,10,12,0.01,0.012,0.01,0.0140528750179531,0.00544075444552925,0.0183094688703148,0.00687764780640352,0.0208572684754983,1,1,0
L1_103_R0,R0,1.6,2,40,20,42,103,Simulink standard-block model,1000,0.00177461805269538,0.0202632110419097,0.00181622468273812,0.019376220950596,4.16066300427324e-05,0.0020987292460932,0.02,0.00261081457866456,0.130540728933228,0.05,0.0328970725390295,59,45,0.059,0.045,0.05,0.0649732494008453,0.0460142982128005,0.0753609027714592,0.0337995122856317,0.0596828379362235,1,0,0
L1_103_R0,R0,1.6,2,40,20,42,103,Simulink standard-block model,1000,0.00177461805269538,0.0202632110419097,0.00181622468273812,0.019376220950596,4.16066300427324e-05,0.0020987292460932,0.02,0.00261081457866456,0.130540728933228,0.1,0.025631031310892,110,106,0.11,0.106,0.1,0.124863888699328,0.0920793726718571,0.130905498946876,0.0884050668630515,0.126610418823566,1,1,0
L1_104_R1,R1,1.6,2,40,20,42,104,Simulink standard-block model,1000,0.000272092900790489,0.0275406894000346,0.00283703440726583,0.0278294498374618,0.00256494150647535,0.0926458435141456,0.0282842712474619,0.00261081457866456,0.0923062346497204,0.01,0.0657990542853275,6,13,0.006,0.013,0.01,0.0127401667046846,0.00275266914187637,0.0130281682418521,0.00761282038935102,0.0221144423755797,1,1,0
L1_104_R1,R1,1.6,2,40,20,42,104,Simulink standard-block model,1000,0.000272092900790489,0.0275406894000346,0.00283703440726583,0.0278294498374618,0.00256494150647535,0.0926458435141456,0.0282842712474619,0.00261081457866456,0.0923062346497204,0.05,0.046523486147067,44,55,0.044,0.055,0.05,0.0602656510751981,0.0329382145884185,0.0585517891504078,0.0424974273747684,0.0709083876773756,1,1,0
L1_104_R1,R1,1.6,2,40,20,42,104,Simulink standard-block model,1000,0.000272092900790489,0.0275406894000346,0.00283703440726583,0.0278294498374618,0.00256494150647535,0.0926458435141456,0.0282842712474619,0.00261081457866456,0.0923062346497204,0.1,0.0362477520974729,94,104,0.094,0.104,0.1,0.117171570572415,0.0774341735737637,0.113673154316507,0.0865710280982681,0.124459764622292,1,1,0
L1_105_R0,R0,1.6,2,50,2.5,42,105,Simulink standard-block model,1000,-8.32617181842643e-06,0.00252012210375279,0.00325228104371682,0.00253783308960217,0.00326060721553525,1.2892906724074,0.0025,0.00311144765372083,1.24457906148833,0.01,0.0058158696851021,10,157,0.01,0.157,0.01,0.139677633923346,0.00544075444552925,0.0183094688703148,0.135769326980885,0.180855829340206,1,1,0
L1_105_R0,R0,1.6,2,50,2.5,42,105,Simulink standard-block model,1000,-8.32617181842643e-06,0.00252012210375279,0.00325228104371682,0.00253783308960217,0.00326060721553525,1.2892906724074,0.0025,0.00311144765372083,1.24457906148833,0.05,0.00411213406737868,47,385,0.047,0.385,0.05,0.344477149681606,0.0355271051063845,0.0619399380815285,0.355335685380428,0.415544469071249,1,0,0
L1_105_R0,R0,1.6,2,50,2.5,42,105,Simulink standard-block model,1000,-8.32617181842643e-06,0.00252012210375279,0.00325228104371682,0.00253783308960217,0.00326060721553525,1.2892906724074,0.0025,0.00311144765372083,1.24457906148833,0.1,0.0032038789138615,116,521,0.116,0.521,0.1,0.48525346466503,0.0976056770396338,0.137333273477273,0.490016426605418,0.551822849538189,1,0,0
L1_106_R1,R1,1.6,2,50,2.5,42,106,Simulink standard-block model,1000,0.000169008517666968,0.00345028192001055,0.00317561099699024,0.00353920853942769,0.00300660247932327,0.860251311159881,0.00353553390593274,0.00311144765372083,0.880050294101187,0.01,0.00822488178566593,12,87,0.012,0.087,0.01,0.0740468771288885,0.00687764780640352,0.0208572684754983,0.071074421452375,0.106086481056694,1,1,0
L1_106_R1,R1,1.6,2,50,2.5,42,106,Simulink standard-block model,1000,0.000169008517666968,0.00345028192001055,0.00317561099699024,0.00353920853942769,0.00300660247932327,0.860251311159881,0.00353553390593274,0.00311144765372083,0.880050294101187,0.05,0.00581543576838337,47,221,0.047,0.221,0.05,0.222194331435174,0.0355271051063845,0.0619399380815285,0.196378157564854,0.247757173670086,1,1,0
L1_106_R1,R1,1.6,2,50,2.5,42,106,Simulink standard-block model,1000,0.000169008517666968,0.00345028192001055,0.00317561099699024,0.00353920853942769,0.00300660247932327,0.860251311159881,0.00353553390593274,0.00311144765372083,0.880050294101187,0.1,0.00453096901218412,100,351,0.1,0.351,0.1,0.344025551121562,0.0829094435930957,0.120151963195348,0.322039577987741,0.381100796040954,1,1,0
L1_107_R0,R0,1.6,2,50,5,42,107,Simulink standard-block model,1000,-0.000129287597135681,0.00495751106033163,0.00311428410234324,0.00494222829050502,0.00324357169947892,0.655283481621377,0.005,0.00311144765372083,0.622289530744165,0.01,0.0116317393702042,12,36,0.012,0.036,0.01,0.0441850939874826,0.00687764780640352,0.0208572684754983,0.0261155714073873,0.0494356604672078,1,1,0
L1_107_R0,R0,1.6,2,50,5,42,107,Simulink standard-block model,1000,-0.000129287597135681,0.00495751106033163,0.00311428410234324,0.00494222829050502,0.00324357169947892,0.655283481621377,0.005,0.00311144765372083,0.622289530744165,0.05,0.00822426813475736,49,157,0.049,0.157,0.05,0.153256996319217,0.0372610346473606,0.0641907015066101,0.135769326980885,0.180855829340206,1,1,0
L1_107_R0,R0,1.6,2,50,5,42,107,Simulink standard-block model,1000,-0.000129287597135681,0.00495751106033163,0.00311428410234324,0.00494222829050502,0.00324357169947892,0.655283481621377,0.005,0.00311144765372083,0.622289530744165,0.1,0.006407757827723,97,266,0.097,0.266,0.1,0.254863758644404,0.080169161790323,0.116915205549034,0.239546723214432,0.294244199756808,1,1,0
L1_108_R1,R1,1.6,2,50,5,42,108,Simulink standard-block model,1000,0.000344491564558686,0.00719629011601531,0.00267753977532673,0.0071378623434463,0.00233304821076804,0.325520303494055,0.00707106781186548,0.00311144765372083,0.440025147050594,0.01,0.0164497635713319,10,30,0.01,0.03,0.01,0.0296257392426225,0.00544075444552925,0.0183094688703148,0.0210937388288347,0.0425034141475871,1,1,0
L1_108_R1,R1,1.6,2,50,5,42,108,Simulink standard-block model,1000,0.000344491564558686,0.00719629011601531,0.00267753977532673,0.0071378623434463,0.00233304821076804,0.325520303494055,0.00707106781186548,0.00311144765372083,0.440025147050594,0.05,0.0116308715367667,60,110,0.06,0.11,0.05,0.114134761524538,0.046896472675932,0.0764710747913565,0.0920793726718571,0.130905498946876,1,1,0
L1_108_R1,R1,1.6,2,50,5,42,108,Simulink standard-block model,1000,0.000344491564558686,0.00719629011601531,0.00267753977532673,0.0071378623434463,0.00233304821076804,0.325520303494055,0.00707106781186548,0.00311144765372083,0.440025147050594,0.1,0.00906193802436823,114,183,0.114,0.183,0.1,0.200026545670671,0.0957616570972169,0.135192600453632,0.160262841168905,0.208163323710937,1,1,0
L1_109_R0,R0,1.6,2,50,10,42,109,Simulink standard-block model,1000,0.000316846521862028,0.00951680332624355,0.00333794044730612,0.00982189775806122,0.0030210939254441,0.312401336239694,0.01,0.00311144765372083,0.311144765372083,0.01,0.0232634787404084,6,21,0.006,0.021,0.01,0.0219416859739517,0.00275266914187637,0.0130281682418521,0.0137757395679243,0.0318902950612375,1,1,0
L1_109_R0,R0,1.6,2,50,10,42,109,Simulink standard-block model,1000,0.000316846521862028,0.00951680332624355,0.00333794044730612,0.00982189775806122,0.0030210939254441,0.312401336239694,0.01,0.00311144765372083,0.311144765372083,0.05,0.0164485362695147,42,93,0.042,0.093,0.05,0.0911496447283569,0.0312208855461654,0.0562844252266031,0.0765237256417453,0.112591255765497,1,1,0
L1_109_R0,R0,1.6,2,50,10,42,109,Simulink standard-block model,1000,0.000316846521862028,0.00951680332624355,0.00333794044730612,0.00982189775806122,0.0030210939254441,0.312401336239694,0.01,0.00311144765372083,0.311144765372083,0.1,0.012815515655446,95,179,0.095,0.179,0.1,0.165921880214902,0.0783452345790474,0.114754439794252,0.156482115219189,0.203974663728537,1,1,0
L1_110_R1,R1,1.6,2,50,10,42,110,Simulink standard-block model,1000,0.000375268222337508,0.0141728734197447,0.00311062345842441,0.0140161970642725,0.0027353552360869,0.194069044481591,0.014142135623731,0.00311144765372083,0.220012573525297,0.01,0.0328995271426637,10,16,0.01,0.016,0.01,0.0175876185105077,0.00544075444552925,0.0183094688703148,0.00987224200227739,0.02583206021174,1,1,0
L1_110_R1,R1,1.6,2,50,10,42,110,Simulink standard-block model,1000,0.000375268222337508,0.0141728734197447,0.00311062345842441,0.0140161970642725,0.0027353552360869,0.194069044481591,0.014142135623731,0.00311144765372083,0.220012573525297,0.05,0.0232617430735335,51,73,0.051,0.073,0.05,0.07710157609608,0.0390009427752668,0.0664354863447617,0.0584590262124133,0.0908090255342507,1,1,0
L1_110_R1,R1,1.6,2,50,10,42,110,Simulink standard-block model,1000,0.000375268222337508,0.0141728734197447,0.00311062345842441,0.0140161970642725,0.0027353552360869,0.194069044481591,0.014142135623731,0.00311144765372083,0.220012573525297,0.1,0.0181238760487365,105,145,0.105,0.145,0.1,0.144222511241075,0.0874877826144168,0.125535356589172,0.124534936228519,0.168182062296225,1,1,0
L1_111_R0,R0,1.6,2,50,20,42,111,Simulink standard-block model,1000,0.000335448892286974,0.0205403426653353,0.00199719773250979,0.0193574954183301,0.00166174884022281,0.0832636109300849,0.02,0.00311144765372083,0.155572382686041,0.01,0.0465269574808168,16,9,0.016,0.009,0.01,0.014974073726114,0.00987224200227739,0.02583206021174,0.00474206066747706,0.0170158161653381,1,1,0
L1_111_R0,R0,1.6,2,50,20,42,111,Simulink standard-block model,1000,0.000335448892286974,0.0205403426653353,0.00199719773250979,0.0193574954183301,0.00166174884022281,0.0832636109300849,0.02,0.00311144765372083,0.155572382686041,0.05,0.0328970725390295,59,51,0.059,0.051,0.05,0.0682066622633566,0.0460142982128005,0.0753609027714592,0.0390009427752668,0.0664354863447617,1,0,0
L1_111_R0,R0,1.6,2,50,20,42,111,Simulink standard-block model,1000,0.000335448892286974,0.0205403426653353,0.00199719773250979,0.0193574954183301,0.00166174884022281,0.0832636109300849,0.02,0.00311144765372083,0.155572382686041,0.1,0.025631031310892,114,125,0.114,0.125,0.1,0.130087165418575,0.0957616570972169,0.135192600453632,0.105926230635205,0.146943838228962,1,1,0
L1_112_R1,R1,1.6,2,50,20,42,112,Simulink standard-block model,1000,0.00277288539397759,0.0285223568205003,0.00411212681835974,0.0272585289497702,0.00133924142438216,0.0480056132179465,0.0282842712474619,0.00311144765372083,0.110006286762648,0.01,0.0657990542853275,13,13,0.013,0.013,0.01,0.0133340584477506,0.00761282038935102,0.0221144423755797,0.00761282038935102,0.0221144423755797,1,1,0
L1_112_R1,R1,1.6,2,50,20,42,112,Simulink standard-block model,1000,0.00277288539397759,0.0285223568205003,0.00411212681835974,0.0272585289497702,0.00133924142438216,0.0480056132179465,0.0282842712474619,0.00311144765372083,0.110006286762648,0.05,0.046523486147067,63,62,0.063,0.062,0.05,0.0624106656011022,0.0495496632117291,0.0797949237046461,0.0486641801199806,0.0786880603133656,1,1,0
L1_112_R1,R1,1.6,2,50,20,42,112,Simulink standard-block model,1000,0.00277288539397759,0.0285223568205003,0.00411212681835974,0.0272585289497702,0.00133924142438216,0.0480056132179465,0.0282842712474619,0.00311144765372083,0.110006286762648,0.1,0.0362477520974729,121,128,0.121,0.128,0.1,0.120689834434984,0.10222378228921,0.142676900642841,0.108707522163009,0.150139586150244,0,1,0
L1_113_R0,R0,1.6,2,60,2.5,42,113,Simulink standard-block model,1000,0.0001778390795878,0.00245550694558481,0.00399653843935976,0.00253163210017988,0.00381869935977196,1.5312404673482,0.0025,0.004,1.6,0.01,0.0058158696851021,13,240,0.013,0.24,0.01,0.233812768845801,0.00761282038935102,0.0221144423755797,0.214556525187543,0.267433389224946,1,1,0
L1_113_R0,R0,1.6,2,60,2.5,42,113,Simulink standard-block model,1000,0.0001778390795878,0.00245550694558481,0.00399653843935976,0.00253163210017988,0.00381869935977196,1.5312404673482,0.0025,0.004,1.6,0.05,0.00411213406737868,51,484,0.051,0.484,0.05,0.482111989973137,0.0390009427752668,0.0664354863447617,0.453146608291736,0.514975847979802,1,1,0
L1_113_R0,R0,1.6,2,60,2.5,42,113,Simulink standard-block model,1000,0.0001778390795878,0.00245550694558481,0.00399653843935976,0.00253163210017988,0.00381869935977196,1.5312404673482,0.0025,0.004,1.6,0.1,0.0032038789138615,110,623,0.11,0.623,0.1,0.624927598236666,0.0920793726718571,0.130905498946876,0.592545710814182,0.652512906598371,1,1,0
L1_114_R1,R1,1.6,2,60,2.5,42,114,Simulink standard-block model,1000,3.44770480126053e-05,0.00351885701913326,0.00420005191743648,0.00360068849658179,0.00416557486942387,1.17010270672288,0.00353553390593274,0.004,1.13137084989848,0.01,0.00822488178566593,11,130,0.011,0.13,0.01,0.116048003504686,0.00615317409808664,0.0195893957007863,0.110563774624842,0.152268026654469,1,1,0
L1_114_R1,R1,1.6,2,60,2.5,42,114,Simulink standard-block model,1000,3.44770480126053e-05,0.00351885701913326,0.00420005191743648,0.00360068849658179,0.00416557486942387,1.17010270672288,0.00353553390593274,0.004,1.13137084989848,0.05,0.00581543576838337,55,321,0.055,0.321,0.05,0.303806827684513,0.0424974273747684,0.0709083876773756,0.292796485762361,0.350573493775467,1,1,0
L1_114_R1,R1,1.6,2,60,2.5,42,114,Simulink standard-block model,1000,3.44770480126053e-05,0.00351885701913326,0.00420005191743648,0.00360068849658179,0.00416557486942387,1.17010270672288,0.00353553390593274,0.004,1.13137084989848,0.1,0.00453096901218412,104,470,0.104,0.47,0.1,0.440311020009191,0.0865710280982681,0.124459764622292,0.43923991460215,0.500989690906983,1,1,0
L1_115_R0,R0,1.6,2,60,5,42,115,Simulink standard-block model,1000,-0.000111486604128647,0.00518508410183054,0.00413690824648944,0.00509947431864333,0.00424839485061809,0.826140996486101,0.005,0.004,0.8,0.01,0.0116317393702042,9,70,0.009,0.07,0.01,0.063461625931325,0.00474206066747706,0.0170158161653381,0.055776364146294,0.0875146481512834,1,1,0
L1_115_R0,R0,1.6,2,60,5,42,115,Simulink standard-block model,1000,-0.000111486604128647,0.00518508410183054,0.00413690824648944,0.00509947431864333,0.00424839485061809,0.826140996486101,0.005,0.004,0.8,0.05,0.00822426813475736,49,214,0.049,0.214,0.05,0.19909628433143,0.0372610346473606,0.0641907015066101,0.189700085214452,0.240488820639286,1,1,0
L1_115_R0,R0,1.6,2,60,5,42,115,Simulink standard-block model,1000,-0.000111486604128647,0.00518508410183054,0.00413690824648944,0.00509947431864333,0.00424839485061809,0.826140996486101,0.005,0.004,0.8,0.1,0.006407757827723,100,326,0.1,0.326,0.1,0.315062270079606,0.0829094435930957,0.120151963195348,0.297661131436137,0.355670580516836,1,1,0
L1_116_R1,R1,1.6,2,60,5,42,116,Simulink standard-block model,1000,4.60727233202589e-05,0.00717210757199645,0.00385228246437658,0.00670159509214607,0.00380620974105632,0.548378878816015,0.00707106781186548,0.004,0.565685424949238,0.01,0.0164497635713319,14,35,0.014,0.035,0.01,0.0391477759941067,0.00835757513042392,0.0233620341175357,0.0252722630171129,0.0482866223744533,1,1,0
L1_116_R1,R1,1.6,2,60,5,42,116,Simulink standard-block model,1000,4.60727233202589e-05,0.00717210757199645,0.00385228246437658,0.00670159509214607,0.00380620974105632,0.548378878816015,0.00707106781186548,0.004,0.565685424949238,0.05,0.0116308715367667,53,118,0.053,0.118,0.05,0.140256376014454,0.0407465052485945,0.0686746168374918,0.0994515584012233,0.139472085081741,1,0,0
L1_116_R1,R1,1.6,2,60,5,42,116,Simulink standard-block model,1000,4.60727233202589e-05,0.00717210757199645,0.00385228246437658,0.00670159509214607,0.00380620974105632,0.548378878816015,0.00707106781186548,0.004,0.565685424949238,0.1,0.00906193802436823,106,215,0.106,0.215,0.1,0.237037003745679,0.0884050668630515,0.126610418823566,0.19065343629138,0.241527816045387,1,1,0
L1_117_R0,R0,1.6,2,60,10,42,117,Simulink standard-block model,1000,0.000135615412663338,0.00971372903262526,0.00417344404579173,0.0100849176613206,0.00403782863312839,0.407817690333604,0.01,0.004,0.4,0.01,0.0232634787404084,10,32,0.01,0.032,0.01,0.0270304757080881,0.00544075444552925,0.0183094688703148,0.022757107858711,0.0448247380837687,1,1,0
L1_117_R0,R0,1.6,2,60,10,42,117,Simulink standard-block model,1000,0.000135615412663338,0.00971372903262526,0.00417344404579173,0.0100849176613206,0.00403782863312839,0.407817690333604,0.01,0.004,0.4,0.05,0.0164485362695147,46,105,0.046,0.105,0.05,0.10659277975248,0.034662492763265,0.0608122039416191,0.0874877826144168,0.125535356589172,1,1,0
L1_117_R0,R0,1.6,2,60,10,42,117,Simulink standard-block model,1000,0.000135615412663338,0.00971372903262526,0.00417344404579173,0.0100849176613206,0.00403782863312839,0.407817690333604,0.01,0.004,0.4,0.1,0.012815515655446,99,187,0.099,0.187,0.1,0.189009678517709,0.0819954413686654,0.11907361893675,0.164047815049063,0.212347735762894,1,1,0
L1_118_R1,R1,1.6,2,60,10,42,118,Simulink standard-block model,1000,4.69947729295672e-06,0.0141365904663782,0.00418854199665425,0.014708529883391,0.00418384251936129,0.290033134046616,0.014142135623731,0.004,0.282842712474619,0.01,0.0328995271426637,13,26,0.013,0.026,0.01,0.0205012284719692,0.00761282038935102,0.0221144423755797,0.0178039382016163,0.0378238288426899,1,1,0
L1_118_R1,R1,1.6,2,60,10,42,118,Simulink standard-block model,1000,4.69947729295672e-06,0.0141365904663782,0.00418854199665425,0.014708529883391,0.00418384251936129,0.290033134046616,0.014142135623731,0.004,0.282842712474619,0.05,0.0232617430735335,47,106,0.047,0.106,0.05,0.086597220324702,0.0355271051063845,0.0619399380815285,0.0884050668630515,0.126610418823566,1,0,0
L1_118_R1,R1,1.6,2,60,10,42,118,Simulink standard-block model,1000,4.69947729295672e-06,0.0141365904663782,0.00418854199665425,0.014708529883391,0.00418384251936129,0.290033134046616,0.014142135623731,0.004,0.282842712474619,0.1,0.0181238760487365,107,164,0.107,0.164,0.1,0.158967875379424,0.08932287430802,0.127684957861626,0.142344187735487,0.188227393966806,1,1,0
L1_119_R0,R0,1.6,2,60,20,42,119,Simulink standard-block model,1000,0.000385777503252262,0.0198634665683428,0.00269093124587354,0.0209241050749008,0.00230515374262128,0.112993966805121,0.02,0.004,0.2,0.01,0.0465269574808168,12,16,0.012,0.016,0.01,0.0167371522901467,0.00687764780640352,0.0208572684754983,0.00987224200227739,0.02583206021174,1,1,0
L1_119_R0,R0,1.6,2,60,20,42,119,Simulink standard-block model,1000,0.000385777503252262,0.0198634665683428,0.00269093124587354,0.0209241050749008,0.00230515374262128,0.112993966805121,0.02,0.004,0.2,0.05,0.0328970725390295,44,74,0.044,0.074,0.05,0.0742495021149132,0.0329382145884185,0.0585517891504078,0.059354992584107,0.091905405645586,1,1,0
L1_119_R0,R0,1.6,2,60,20,42,119,Simulink standard-block model,1000,0.000385777503252262,0.0198634665683428,0.00269093124587354,0.0209241050749008,0.00230515374262128,0.112993966805121,0.02,0.004,0.2,0.1,0.025631031310892,98,133,0.098,0.133,0.1,0.139725918011874,0.0810820115233503,0.117994702299036,0.113351160657274,0.155457680071124,1,1,0
L1_120_R1,R1,1.6,2,60,20,42,120,Simulink standard-block model,1000,-0.000318382978483618,0.0285337261003326,0.00272412486400168,0.0280666368174187,0.0030425078424853,0.107504761105631,0.0282842712474619,0.004,0.14142135623731,0.01,0.0657990542853275,8,16,0.008,0.016,0.01,0.014447117417447,0.0040591958188061,0.0157063345309801,0.00987224200227739,0.02583206021174,1,1,0
L1_120_R1,R1,1.6,2,60,20,42,120,Simulink standard-block model,1000,-0.000318382978483618,0.0285337261003326,0.00272412486400168,0.0280666368174187,0.0030425078424853,0.107504761105631,0.0282842712474619,0.004,0.14142135623731,0.05,0.046523486147067,55,64,0.055,0.064,0.05,0.06636380506123,0.0424974273747684,0.0709083876773756,0.0504362008982295,0.0809007325011745,1,1,0
L1_120_R1,R1,1.6,2,60,20,42,120,Simulink standard-block model,1000,-0.000318382978483618,0.0285337261003326,0.00272412486400168,0.0280666368174187,0.0030425078424853,0.107504761105631,0.0282842712474619,0.004,0.14142135623731,0.1,0.0362477520974729,106,121,0.106,0.121,0.1,0.127116028962826,0.0884050668630515,0.126610418823566,0.10222378228921,0.142676900642841,1,1,0
L1_121_R0,R0,1.6,2,70,2.5,42,121,Simulink standard-block model,1000,-0.000200844625095131,0.00257556435007111,0.00582777950465613,0.00251337238436522,0.00602862412975126,2.36912907260157,0.0025,0.00584760880032617,2.33904352013047,0.01,0.0058158696851021,8,503,0.008,0.503,0.01,0.50506469394772,0.0040591958188061,0.0157063345309801,0.472058674714276,0.53391836473481,1,1,0
L1_121_R0,R0,1.6,2,70,2.5,42,121,Simulink standard-block model,1000,-0.000200844625095131,0.00257556435007111,0.00582777950465613,0.00251337238436522,0.00602862412975126,2.36912907260157,0.0025,0.00584760880032617,2.33904352013047,0.05,0.00411213406737868,53,760,0.053,0.76,0.05,0.756218434998626,0.0407465052485945,0.0686746168374918,0.732566610775054,0.785443474812457,1,1,0
L1_121_R0,R0,1.6,2,70,2.5,42,121,Simulink standard-block model,1000,-0.000200844625095131,0.00257556435007111,0.00582777950465613,0.00251337238436522,0.00602862412975126,2.36912907260157,0.0025,0.00584760880032617,2.33904352013047,0.1,0.0032038789138615,96,858,0.096,0.858,0.1,0.854856437743679,0.0792569000983968,0.115835120757932,0.834994082978897,0.878265957945446,1,1,0
L1_122_R1,R1,1.6,2,70,2.5,42,122,Simulink standard-block model,1000,-0.000283629704479305,0.00353347498399079,0.00594086401242985,0.00352125047694467,0.00622449371690916,1.76462837752015,0.00353553390593274,0.00584760880032617,1.65395353457471,0.01,0.00822488178566593,7,261,0.007,0.261,0.01,0.250666342723859,0.00339486840099076,0.0143783154657666,0.234731184262172,0.289098006293923,1,1,0
L1_122_R1,R1,1.6,2,70,2.5,42,122,Simulink standard-block model,1000,-0.000283629704479305,0.00353347498399079,0.00594086401242985,0.00352125047694467,0.00622449371690916,1.76462837752015,0.00353553390593274,0.00584760880032617,1.65395353457471,0.05,0.00581543576838337,52,514,0.052,0.514,0.05,0.503630287795582,0.0398730362837774,0.06755573931928,0.483028106426812,0.544864744335592,1,1,0
L1_122_R1,R1,1.6,2,70,2.5,42,122,Simulink standard-block model,1000,-0.000283629704479305,0.00353347498399079,0.00594086401242985,0.00352125047694467,0.00622449371690916,1.76462837752015,0.00353553390593274,0.00584760880032617,1.65395353457471,0.1,0.00453096901218412,93,654,0.093,0.654,0.1,0.645203205944562,0.0765237256417453,0.112591255765497,0.623978018488513,0.682843339897936,1,1,0
L1_123_R0,R0,1.6,2,70,5,42,123,Simulink standard-block model,1000,-3.99816692643791e-05,0.00497029840588507,0.00601763396873163,0.00470047975678912,0.00605761563799601,1.25227963843685,0.005,0.00584760880032617,1.16952176006524,0.01,0.0116317393702042,10,112,0.01,0.112,0.01,0.123671705207349,0.00544075444552925,0.0183094688703148,0.0939195409088811,0.13305002367591,1,1,0
L1_123_R0,R0,1.6,2,70,5,42,123,Simulink standard-block model,1000,-3.99816692643791e-05,0.00497029840588507,0.00601763396873163,0.00470047975678912,0.00605761563799601,1.25227963843685,0.005,0.00584760880032617,1.16952176006524,0.05,0.00822426813475736,43,314,0.043,0.314,0.05,0.317275224455304,0.0320786534117134,0.057419003844084,0.285992346174625,0.343431207982002,1,1,0
L1_123_R0,R0,1.6,2,70,5,42,123,Simulink standard-block model,1000,-3.99816692643791e-05,0.00497029840588507,0.00601763396873163,0.00470047975678912,0.00605761563799601,1.25227963843685,0.005,0.00584760880032617,1.16952176006524,0.1,0.006407757827723,92,467,0.092,0.467,0.1,0.45539988698442,0.0756138995679689,0.111508735356244,0.436263064973546,0.497989501086501,1,1,0
L1_124_R1,R1,1.6,2,70,5,42,124,Simulink standard-block model,1000,2.50359100232007e-05,0.00718444391100764,0.00543248823922394,0.00727785421995601,0.00540745232920074,0.74778427217007,0.00707106781186548,0.00584760880032617,0.826976767287354,0.01,0.0164497635713319,12,60,0.012,0.06,0.01,0.0668886924355966,0.00687764780640352,0.0208572684754983,0.046896472675932,0.0764710747913565,1,1,0
L1_124_R1,R1,1.6,2,70,5,42,124,Simulink standard-block model,1000,2.50359100232007e-05,0.00718444391100764,0.00543248823922394,0.00727785421995601,0.00540745232920074,0.74778427217007,0.00707106781186548,0.00584760880032617,0.826976767287354,0.05,0.0116308715367667,65,201,0.065,0.201,0.05,0.206713752421157,0.051323770569062,0.0820055093133709,0.177327215042271,0.226961186532091,0,1,0
L1_124_R1,R1,1.6,2,70,5,42,124,Simulink standard-block model,1000,2.50359100232007e-05,0.00718444391100764,0.00543248823922394,0.00727785421995601,0.00540745232920074,0.74778427217007,0.00707106781186548,0.00584760880032617,0.826976767287354,0.1,0.00906193802436823,111,323,0.111,0.323,0.1,0.324707584460727,0.0929992104582496,0.131978007643512,0.294741892775248,0.352612779728638,1,1,0
L1_125_R0,R0,1.6,2,70,10,42,125,Simulink standard-block model,1000,-0.000300273898884943,0.00957735599773506,0.00560527956546519,0.00989174713678131,0.00590555346435013,0.60657993276231,0.01,0.00584760880032617,0.584760880032618,0.01,0.0232634787404084,12,37,0.012,0.037,0.01,0.0407903693955669,0.00687764780640352,0.0208572684754983,0.0269611808755547,0.0505823974820693,1,1,0
L1_125_R0,R0,1.6,2,70,10,42,125,Simulink standard-block model,1000,-0.000300273898884943,0.00957735599773506,0.00560527956546519,0.00989174713678131,0.00590555346435013,0.60657993276231,0.01,0.00584760880032617,0.584760880032618,0.05,0.0164485362695147,47,128,0.047,0.128,0.05,0.144551203593409,0.0355271051063845,0.0619399380815285,0.108707522163009,0.150139586150244,1,1,0
L1_125_R0,R0,1.6,2,70,10,42,125,Simulink standard-block model,1000,-0.000300273898884943,0.00957735599773506,0.00560527956546519,0.00989174713678131,0.00590555346435013,0.60657993276231,0.01,0.00584760880032617,0.584760880032618,0.1,0.012815515655446,88,227,0.088,0.227,0.1,0.242966898058198,0.0719809979423209,0.107172251049777,0.202110624267443,0.25397878586567,1,1,0
L1_126_R1,R1,1.6,2,70,10,42,126,Simulink standard-block model,1000,0.000373730417583371,0.0144470315938397,0.0063853223704213,0.0139348691391291,0.00601159195283793,0.423552562792883,0.014142135623731,0.00584760880032617,0.413488383643677,0.01,0.0328995271426637,9,30,0.009,0.03,0.01,0.027883021390809,0.00474206066747706,0.0170158161653381,0.0210937388288347,0.0425034141475871,1,1,0
L1_126_R1,R1,1.6,2,70,10,42,126,Simulink standard-block model,1000,0.000373730417583371,0.0144470315938397,0.0063853223704213,0.0139348691391291,0.00601159195283793,0.423552562792883,0.014142135623731,0.00584760880032617,0.413488383643677,0.05,0.0232617430735335,53,117,0.053,0.117,0.05,0.10909314510972,0.0407465052485945,0.0686746168374918,0.0985283876192287,0.138402909380707,1,1,0
L1_126_R1,R1,1.6,2,70,10,42,126,Simulink standard-block model,1000,0.000373730417583371,0.0144470315938397,0.0063853223704213,0.0139348691391291,0.00601159195283793,0.423552562792883,0.014142135623731,0.00584760880032617,0.413488383643677,0.1,0.0181238760487365,109,214,0.109,0.214,0.1,0.192679872662392,0.0911600333845138,0.12983249175119,0.189700085214452,0.240488820639286,1,1,0
L1_127_R0,R0,1.6,2,70,20,42,127,Simulink standard-block model,1000,-8.95275227345591e-05,0.0200316474305224,0.00449640657391646,0.0199200351855378,0.00458593409665102,0.229573119361068,0.02,0.00584760880032617,0.292380440016309,0.01,0.0465269574808168,11,16,0.011,0.016,0.01,0.0209774395121183,0.00615317409808664,0.0195893957007863,0.00987224200227739,0.02583206021174,1,1,0
L1_127_R0,R0,1.6,2,70,20,42,127,Simulink standard-block model,1000,-8.95275227345591e-05,0.0200316474305224,0.00449640657391646,0.0199200351855378,0.00458593409665102,0.229573119361068,0.02,0.00584760880032617,0.292380440016309,0.05,0.0328970725390295,45,63,0.045,0.063,0.05,0.0881119953358607,0.0337995122856317,0.0596828379362235,0.0495496632117291,0.0797949237046461,1,0,0
L1_127_R0,R0,1.6,2,70,20,42,127,Simulink standard-block model,1000,-8.95275227345591e-05,0.0200316474305224,0.00449640657391646,0.0199200351855378,0.00458593409665102,0.229573119361068,0.02,0.00584760880032617,0.292380440016309,0.1,0.025631031310892,102,143,0.102,0.143,0.1,0.161289711545942,0.0847391351848472,0.122306964569655,0.122667317497703,0.166064988060984,1,1,0
L1_128_R1,R1,1.6,2,70,20,42,128,Simulink standard-block model,1000,0.00117810658623652,0.0277197945329206,0.00612262565149283,0.0280799787149368,0.0049445190652563,0.177219933734549,0.0282842712474619,0.00584760880032617,0.206744191821839,0.01,0.0657990542853275,11,15,0.011,0.015,0.01,0.0170197408474192,0.00615317409808664,0.0195893957007863,0.00911097880408167,0.0246009769269068,1,1,0
L1_128_R1,R1,1.6,2,70,20,42,128,Simulink standard-block model,1000,0.00117810658623652,0.0277197945329206,0.00612262565149283,0.0280799787149368,0.0049445190652563,0.177219933734549,0.0282842712474619,0.00584760880032617,0.206744191821839,0.05,0.046523486147067,56,77,0.056,0.077,0.05,0.0752015029861727,0.043374813385442,0.072023348149731,0.0620479070606059,0.0951895306181737,1,1,0
L1_128_R1,R1,1.6,2,70,20,42,128,Simulink standard-block model,1000,0.00117810658623652,0.0277197945329206,0.00612262565149283,0.0280799787149368,0.0049445190652563,0.177219933734549,0.0282842712474619,0.00584760880032617,0.206744191821839,0.1,0.0362477520974729,105,139,0.105,0.139,0.1,0.141230489231886,0.0874877826144168,0.125535356589172,0.118936389050789,0.161826530575782,1,1,0
L1_129_R0,R0,1.6,5,0,2.5,42,129,Simulink standard-block model,1000,1.28373571610036e-05,0.00253795261932215,0.00510904715339794,0.00258515927689839,0.00509620979623694,1.9894132955243,0.0025,0.005,2,0.01,0.0058158696851021,15,398,0.015,0.398,0.01,0.372080585435494,0.00911097880408167,0.0246009769269068,0.368107852863123,0.428672805867931,1,1,0
L1_129_R0,R0,1.6,5,0,2.5,42,129,Simulink standard-block model,1000,1.28373571610036e-05,0.00253795261932215,0.00510904715339794,0.00258515927689839,0.00509620979623694,1.9894132955243,0.0025,0.005,2,0.05,0.00411213406737868,52,659,0.052,0.659,0.05,0.638760031312335,0.0398730362837774,0.06755573931928,0.62906040909286,0.687722681708733,1,1,0
L1_129_R0,R0,1.6,5,0,2.5,42,129,Simulink standard-block model,1000,1.28373571610036e-05,0.00253795261932215,0.00510904715339794,0.00258515927689839,0.00509620979623694,1.9894132955243,0.0025,0.005,2,0.1,0.0032038789138615,107,774,0.107,0.774,0.1,0.763759584105883,0.08932287430802,0.127684957861626,0.747057621023262,0.798845315326653,1,1,0
L1_130_R1,R1,1.6,5,0,2.5,42,130,Simulink standard-block model,1000,2.13167556494698e-06,0.00357671957395725,0.00502995894819969,0.00341176009030606,0.00502782727263474,1.4384894618706,0.00353553390593274,0.005,1.4142135623731,0.01,0.00822488178566593,11,160,0.011,0.16,0.01,0.180849009034276,0.00615317409808664,0.0195893957007863,0.13858526208349,0.184016933686687,1,1,0
L1_130_R1,R1,1.6,5,0,2.5,42,130,Simulink standard-block model,1000,2.13167556494698e-06,0.00357671957395725,0.00502995894819969,0.00341176009030606,0.00502782727263474,1.4384894618706,0.00353553390593274,0.005,1.4142135623731,0.05,0.00581543576838337,57,415,0.057,0.415,0.05,0.40879721979387,0.0442534403587159,0.0731370676594859,0.384843360246403,0.445807188696142,1,1,0
L1_130_R1,R1,1.6,5,0,2.5,42,130,Simulink standard-block model,1000,2.13167556494698e-06,0.00357671957395725,0.00502995894819969,0.00341176009030606,0.00502782727263474,1.4384894618706,0.00353553390593274,0.005,1.4142135623731,0.1,0.00453096901218412,104,561,0.104,0.561,0.1,0.552769650359353,0.0865710280982681,0.124459764622292,0.530066327608115,0.591466807856647,1,1,0
L1_131_R0,R0,1.6,5,0,5,42,131,Simulink standard-block model,1000,-0.000112265642396619,0.00487548588726899,0.00500671964972533,0.00490292673962982,0.00511898529212195,1.04699307161323,0.005,0.005,1,0.01,0.0116317393702042,9,84,0.009,0.084,0.01,0.0923622480736939,0.00474206066747706,0.0170158161653381,0.0683588136777643,0.102825049382218,1,1,0
L1_131_R0,R0,1.6,5,0,5,42,131,Simulink standard-block model,1000,-0.000112265642396619,0.00487548588726899,0.00500671964972533,0.00490292673962982,0.00511898529212195,1.04699307161323,0.005,0.005,1,0.05,0.00822426813475736,41,268,0.041,0.268,0.05,0.259511022841444,0.0303649710820983,0.0551479932076413,0.241474191358441,0.296301424578857,1,1,0
L1_131_R0,R0,1.6,5,0,5,42,131,Simulink standard-block model,1000,-0.000112265642396619,0.00487548588726899,0.00500671964972533,0.00490292673962982,0.00511898529212195,1.04699307161323,0.005,0.005,1,0.1,0.006407757827723,88,384,0.088,0.384,0.1,0.389143691645361,0.0719809979423209,0.107172251049777,0.354354141440322,0.414533666528327,1,1,0
L1_132_R1,R1,1.6,5,0,5,42,132,Simulink standard-block model,1000,5.23906329163946e-05,0.00696467900164157,0.00517508183196908,0.00692004285740514,0.00512269119905269,0.737885105723545,0.00707106781186548,0.005,0.707106781186548,0.01,0.0164497635713319,10,50,0.01,0.05,0.01,0.0526976998110202,0.00544075444552925,0.0183094688703148,0.0381302623927488,0.0653138202442508,1,1,0
L1_132_R1,R1,1.6,5,0,5,42,132,Simulink standard-block model,1000,5.23906329163946e-05,0.00696467900164157,0.00517508183196908,0.00692004285740514,0.00512269119905269,0.737885105723545,0.00707106781186548,0.005,0.707106781186548,0.05,0.0116308715367667,43,165,0.043,0.165,0.05,0.174187261617932,0.0320786534117134,0.057419003844084,0.143284679855555,0.189279248329767,1,1,0
L1_132_R1,R1,1.6,5,0,5,42,132,Simulink standard-block model,1000,5.23906329163946e-05,0.00696467900164157,0.00517508183196908,0.00692004285740514,0.00512269119905269,0.737885105723545,0.00707106781186548,0.005,0.707106781186548,0.1,0.00906193802436823,95,289,0.095,0.289,0.1,0.282833427382102,0.0783452345790474,0.114754439794252,0.261754451976331,0.317860440104573,1,1,0
L1_133_R0,R0,1.6,5,0,10,42,133,Simulink standard-block model,1000,-3.67882996506652e-05,0.00995347439765841,0.00508810367144163,0.0105705811772575,0.00512489197109229,0.49917784844683,0.01,0.005,0.5,0.01,0.0232634787404084,7,38,0.007,0.038,0.01,0.0338989391228428,0.00339486840099076,0.0143783154657666,0.0278090045093026,0.0517269203313503,1,1,0
L1_133_R0,R0,1.6,5,0,10,42,133,Simulink standard-block model,1000,-3.67882996506652e-05,0.00995347439765841,0.00508810367144163,0.0105705811772575,0.00512489197109229,0.49917784844683,0.01,0.005,0.5,0.05,0.0164485362695147,50,138,0.05,0.138,0.05,0.12613489819343,0.0381302623927488,0.0653138202442508,0.118004573269974,0.160765999873568,1,1,0
L1_133_R0,R0,1.6,5,0,10,42,133,Simulink standard-block model,1000,-3.67882996506652e-05,0.00995347439765841,0.00508810367144163,0.0105705811772575,0.00512489197109229,0.49917784844683,0.01,0.005,0.5,0.1,0.012815515655446,98,224,0.098,0.224,0.1,0.217239080427305,0.0810820115233503,0.117994702299036,0.199243436660987,0.250868934023039,1,1,0
L1_134_R1,R1,1.6,5,0,10,42,134,Simulink standard-block model,1000,-6.55459542384949e-05,0.0140211857109177,0.00474476516923185,0.0141921922318925,0.00481031112347035,0.340988787313564,0.014142135623731,0.005,0.353553390593274,0.01,0.0328995271426637,14,24,0.014,0.024,0.01,0.0242594909712077,0.00835757513042392,0.0233620341175357,0.016180168466637,0.0354629056116115,1,1,0
L1_134_R1,R1,1.6,5,0,10,42,134,Simulink standard-block model,1000,-6.55459542384949e-05,0.0140211857109177,0.00474476516923185,0.0141921922318925,0.00481031112347035,0.340988787313564,0.014142135623731,0.005,0.353553390593274,0.05,0.0232617430735335,47,91,0.047,0.091,0.05,0.098299794357987,0.0355271051063845,0.0619399380815285,0.0747047043716441,0.11042558406954,1,1,0
L1_134_R1,R1,1.6,5,0,10,42,134,Simulink standard-block model,1000,-6.55459542384949e-05,0.0140211857109177,0.00474476516923185,0.0141921922318925,0.00481031112347035,0.340988787313564,0.014142135623731,0.005,0.353553390593274,0.1,0.0181238760487365,87,178,0.087,0.178,0.1,0.176704258158225,0.071074421452375,0.106086481056694,0.15553761027623,0.202926822188468,1,1,0
L1_135_R0,R0,1.6,5,0,20,42,135,Simulink standard-block model,1000,0.000770490134714724,0.0208523240059449,0.00540460199956462,0.0201255775481562,0.00463411186484989,0.226140581636134,0.02,0.005,0.25,0.01,0.0465269574808168,14,22,0.014,0.022,0.01,0.0189308942655463,0.00835757513042392,0.0233620341175357,0.0145727077647911,0.0330856733473996,1,1,0
L1_135_R0,R0,1.6,5,0,20,42,135,Simulink standard-block model,1000,0.000770490134714724,0.0208523240059449,0.00540460199956462,0.0201255775481562,0.00463411186484989,0.226140581636134,0.02,0.005,0.25,0.05,0.0328970725390295,64,86,0.064,0.086,0.05,0.0815299917751182,0.0504362008982295,0.0809007325011745,0.0701685247757604,0.105000031250279,0,1,0
L1_135_R0,R0,1.6,5,0,20,42,135,Simulink standard-block model,1000,0.000770490134714724,0.0208523240059449,0.00540460199956462,0.0201255775481562,0.00463411186484989,0.226140581636134,0.02,0.005,0.25,0.1,0.025631031310892,114,164,0.114,0.164,0.1,0.15114111998577,0.0957616570972169,0.135192600453632,0.142344187735487,0.188227393966806,1,1,0
L1_136_R1,R1,1.6,5,0,20,42,136,Simulink standard-block model,1000,0.000912972212712481,0.0288391068830865,0.00532026533796171,0.0280365498390556,0.00440729312524923,0.154964519821296,0.0282842712474619,0.005,0.176776695296637,0.01,0.0657990542853275,12,15,0.012,0.015,0.01,0.0157945751096971,0.00687764780640352,0.0208572684754983,0.00911097880408167,0.0246009769269068,1,1,0
L1_136_R1,R1,1.6,5,0,20,42,136,Simulink standard-block model,1000,0.000912972212712481,0.0288391068830865,0.00532026533796171,0.0280365498390556,0.00440729312524923,0.154964519821296,0.0282842712474619,0.005,0.176776695296637,0.05,0.046523486147067,63,72,0.063,0.072,0.05,0.0710416634549562,0.0495496632117291,0.0797949237046461,0.0575639216809144,0.0897117835827208,1,1,0
L1_136_R1,R1,1.6,5,0,20,42,136,Simulink standard-block model,1000,0.000912972212712481,0.0288391068830865,0.00532026533796171,0.0280365498390556,0.00440729312524923,0.154964519821296,0.0282842712474619,0.005,0.176776695296637,0.1,0.0362477520974729,115,124,0.115,0.124,0.1,0.134628576021185,0.0966834317874378,0.13626317224644,0.104999973371985,0.145877749009153,1,1,0
L1_137_R0,R0,1.6,5,10,2.5,42,137,Simulink standard-block model,1000,-4.68766498815636e-05,0.00248842192419167,0.00516044127985634,0.00246133693573761,0.0052073179297379,2.10403784045948,0.0025,0.00507713305942873,2.03085322377149,0.01,0.0058158696851021,8,388,0.008,0.388,0.01,0.383808019228726,0.0040591958188061,0.0157063345309801,0.358281118477186,0.418576075423579,1,1,0
L1_137_R0,R0,1.6,5,10,2.5,42,137,Simulink standard-block model,1000,-4.68766498815636e-05,0.00248842192419167,0.00516044127985634,0.00246133693573761,0.0052073179297379,2.10403784045948,0.0025,0.00507713305942873,2.03085322377149,0.05,0.00411213406737868,43,652,0.043,0.652,0.05,0.650251516299107,0.0320786534117134,0.057419003844084,0.621946065573537,0.680890599846854,1,1,0
L1_137_R0,R0,1.6,5,10,2.5,42,137,Simulink standard-block model,1000,-4.68766498815636e-05,0.00248842192419167,0.00516044127985634,0.00246133693573761,0.0052073179297379,2.10403784045948,0.0025,0.00507713305942873,2.03085322377149,0.1,0.0032038789138615,97,771,0.097,0.771,0.1,0.773162295710142,0.080169161790323,0.116915205549034,0.743949026651354,0.795976870249475,1,1,0
L1_138_R1,R1,1.6,5,10,2.5,42,138,Simulink standard-block model,1000,-1.70596381927071e-05,0.00360355850215907,0.00529482395551144,0.00350730894404267,0.00531188359370414,1.49388161208664,0.00353553390593274,0.00507713305942873,1.43603008612338,0.01,0.00822488178566593,15,206,0.015,0.206,0.01,0.186647636228491,0.00911097880408167,0.0246009769269068,0.182081391132891,0.232168742856615,1,1,0
L1_138_R1,R1,1.6,5,10,2.5,42,138,Simulink standard-block model,1000,-1.70596381927071e-05,0.00360355850215907,0.00529482395551144,0.00350730894404267,0.00531188359370414,1.49388161208664,0.00353553390593274,0.00507713305942873,1.43603008612338,0.05,0.00581543576838337,45,432,0.045,0.432,0.05,0.417292996764687,0.0337995122856317,0.0596828379362235,0.401616094456861,0.462904344697175,1,1,0
L1_138_R1,R1,1.6,5,10,2.5,42,138,Simulink standard-block model,1000,-1.70596381927071e-05,0.00360355850215907,0.00529482395551144,0.00350730894404267,0.00531188359370414,1.49388161208664,0.00353553390593274,0.00507713305942873,1.43603008612338,0.1,0.00453096901218412,99,569,0.099,0.569,0.1,0.561383776991963,0.0819954413686654,0.11907361893675,0.538100351096466,0.599371556232528,1,1,0
L1_139_R0,R0,1.6,5,10,5,42,139,Simulink standard-block model,1000,-9.55021346391409e-05,0.00516443705768807,0.00495668668001643,0.00502830934639414,0.00505218881465557,0.991241831548285,0.005,0.00507713305942873,1.01542661188574,0.01,0.0116317393702042,16,83,0.016,0.083,0.01,0.0949421833010551,0.00987224200227739,0.02583206021174,0.0674550214428993,0.101736495134054,1,1,0
L1_139_R0,R0,1.6,5,10,5,42,139,Simulink standard-block model,1000,-9.55021346391409e-05,0.00516443705768807,0.00495668668001643,0.00502830934639414,0.00505218881465557,0.991241831548285,0.005,0.00507713305942873,1.01542661188574,0.05,0.00822426813475736,60,265,0.06,0.265,0.05,0.264534768208326,0.046896472675932,0.0764710747913565,0.238583256259756,0.293215320228455,1,1,0
L1_139_R0,R0,1.6,5,10,5,42,139,Simulink standard-block model,1000,-9.55021346391409e-05,0.00516443705768807,0.00495668668001643,0.00502830934639414,0.00505218881465557,0.991241831548285,0.005,0.00507713305942873,1.01542661188574,0.1,0.006407757827723,105,398,0.105,0.398,0.1,0.395071488750803,0.0874877826144168,0.125535356589172,0.368107852863123,0.428672805867931,1,1,0
L1_140_R1,R1,1.6,5,10,5,42,140,Simulink standard-block model,1000,-0.000457967889684715,0.00740196375579054,0.0051400111754285,0.00686929762945171,0.00559797906511322,0.783964876394871,0.00707106781186548,0.00507713305942873,0.718015043061691,0.01,0.0164497635713319,13,47,0.013,0.047,0.01,0.0538811519558384,0.00761282038935102,0.0221144423755797,0.0355271051063845,0.0619399380815285,1,1,0
L1_140_R1,R1,1.6,5,10,5,42,140,Simulink standard-block model,1000,-0.000457967889684715,0.00740196375579054,0.0051400111754285,0.00686929762945171,0.00559797906511322,0.783964876394871,0.00707106781186548,0.00507713305942873,0.718015043061691,0.05,0.0116308715367667,47,170,0.047,0.17,0.05,0.177005174328686,0.0355271051063845,0.0619399380815285,0.147991595638552,0.194534064961914,1,1,0
L1_140_R1,R1,1.6,5,10,5,42,140,Simulink standard-block model,1000,-0.000457967889684715,0.00740196375579054,0.0051400111754285,0.00686929762945171,0.00559797906511322,0.783964876394871,0.00707106781186548,0.00507713305942873,0.718015043061691,0.1,0.00906193802436823,99,301,0.099,0.301,0.1,0.286534798800075,0.0819954413686654,0.11907361893675,0.27337621044619,0.330146839431061,1,1,0
L1_141_R0,R0,1.6,5,10,10,42,141,Simulink standard-block model,1000,-4.74935730014374e-05,0.0101028525514047,0.00429413150216251,0.00995862274334441,0.00434162507516395,0.432820897981457,0.01,0.00507713305942873,0.507713305942872,0.01,0.0232634787404084,13,27,0.013,0.027,0.01,0.034483600160911,0.00761282038935102,0.0221144423755797,0.018621382774295,0.0389987307530402,1,1,0
L1_141_R0,R0,1.6,5,10,10,42,141,Simulink standard-block model,1000,-4.74935730014374e-05,0.0101028525514047,0.00429413150216251,0.00995862274334441,0.00434162507516395,0.432820897981457,0.01,0.00507713305942873,0.507713305942872,0.05,0.0164485362695147,46,114,0.046,0.114,0.05,0.127739815206263,0.034662492763265,0.0608122039416191,0.0957616570972169,0.135192600453632,1,1,0
L1_141_R0,R0,1.6,5,10,10,42,141,Simulink standard-block model,1000,-4.74935730014374e-05,0.0101028525514047,0.00429413150216251,0.00995862274334441,0.00434162507516395,0.432820897981457,0.01,0.00507713305942873,0.507713305942872,0.1,0.012815515655446,93,188,0.093,0.188,0.1,0.219513222068533,0.0765237256417453,0.112591255765497,0.164994709883769,0.213393187411218,1,0,0
L1_142_R1,R1,1.6,5,10,10,42,142,Simulink standard-block model,1000,0.000287908279269784,0.0139543302216838,0.00560619684186511,0.0139432653927649,0.00531828856259532,0.381272151033073,0.014142135623731,0.00507713305942873,0.359007521530845,0.01,0.0328995271426637,4,30,0.004,0.03,0.01,0.0245719929474043,0.00155658814040843,0.0102395562772623,0.0210937388288347,0.0425034141475871,1,1,0
L1_142_R1,R1,1.6,5,10,10,42,142,Simulink standard-block model,1000,0.000287908279269784,0.0139543302216838,0.00560619684186511,0.0139432653927649,0.00531828856259532,0.381272151033073,0.014142135623731,0.00507713305942873,0.359007521530845,0.05,0.0232617430735335,47,107,0.047,0.107,0.05,0.0992483879400659,0.0355271051063845,0.0619399380815285,0.08932287430802,0.127684957861626,1,1,0
L1_142_R1,R1,1.6,5,10,10,42,142,Simulink standard-block model,1000,0.000287908279269784,0.0139543302216838,0.00560619684186511,0.0139432653927649,0.00531828856259532,0.381272151033073,0.014142135623731,0.00507713305942873,0.359007521530845,0.1,0.0181238760487365,92,177,0.092,0.177,0.1,0.178122433772932,0.0756138995679689,0.111508735356244,0.154593379485542,0.201878706496127,1,1,0
L1_143_R0,R0,1.6,5,10,20,42,143,Simulink standard-block model,1000,-0.000148471134680404,0.0203757534697901,0.00558266111266234,0.0202230939280095,0.00573113224734275,0.282327804787635,0.02,0.00507713305942873,0.253856652971436,0.01,0.0465269574808168,12,23,0.012,0.023,0.01,0.0191098270563118,0.00687764780640352,0.0208572684754983,0.0153742769329929,0.0342764506622267,1,1,0
L1_143_R0,R0,1.6,5,10,20,42,143,Simulink standard-block model,1000,-0.000148471134680404,0.0203757534697901,0.00558266111266234,0.0202230939280095,0.00573113224734275,0.282327804787635,0.02,0.00507713305942873,0.253856652971436,0.05,0.0328970725390295,57,80,0.057,0.08,0.05,0.082113172181634,0.0442534403587159,0.0731370676594859,0.0647480380983639,0.0984664390295024,1,1,0
L1_143_R0,R0,1.6,5,10,20,42,143,Simulink standard-block model,1000,-0.000148471134680404,0.0203757534697901,0.00558266111266234,0.0202230939280095,0.00573113224734275,0.282327804787635,0.02,0.00507713305942873,0.253856652971436,0.1,0.025631031310892,102,160,0.102,0.16,0.1,0.152046680837403,0.0847391351848472,0.122306964569655,0.13858526208349,0.184016933686687,1,1,0
L1_144_R1,R1,1.6,5,10,20,42,144,Simulink standard-block model,1000,-0.000758225328265319,0.0279935272091994,0.00599529887694767,0.0291998163962949,0.00675352420521299,0.236112181376401,0.0282842712474619,0.00507713305942873,0.179503760765423,0.01,0.0657990542853275,10,18,0.01,0.018,0.01,0.0159028470395818,0.00544075444552925,0.0183094688703148,0.0114157400095678,0.0282732551705074,1,1,0
L1_144_R1,R1,1.6,5,10,20,42,144,Simulink standard-block model,1000,-0.000758225328265319,0.0279935272091994,0.00599529887694767,0.0291998163962949,0.00675352420521299,0.236112181376401,0.0282842712474619,0.00507713305942873,0.179503760765423,0.05,0.046523486147067,39,74,0.039,0.074,0.05,0.0714127439906628,0.0286589609041805,0.0528693104195014,0.059354992584107,0.091905405645586,1,1,0
L1_144_R1,R1,1.6,5,10,20,42,144,Simulink standard-block model,1000,-0.000758225328265319,0.0279935272091994,0.00599529887694767,0.0291998163962949,0.00675352420521299,0.236112181376401,0.0282842712474619,0.00507713305942873,0.179503760765423,0.1,0.0362477520974729,89,152,0.089,0.152,0.1,0.135220444611545,0.0728882439130074,0.108257351562119,0.131082502562979,0.175580921342967,1,1,0
L1_145_R0,R0,1.6,5,20,2.5,42,145,Simulink standard-block model,1000,-4.96187117315687e-05,0.00251978206869436,0.00531630823831844,0.00243216626683514,0.00536592695005001,2.16685913663281,0.0025,0.00532088886237956,2.12835554495182,0.01,0.0058158696851021,8,418,0.008,0.418,0.01,0.421525532715311,0.0040591958188061,0.0157063345309801,0.387800568143344,0.448827020248287,1,1,0
L1_145_R0,R0,1.6,5,20,2.5,42,145,Simulink standard-block model,1000,-4.96187117315687e-05,0.00251978206869436,0.00531630823831844,0.00243216626683514,0.00536592695005001,2.16685913663281,0.0025,0.00532088886237956,2.12835554495182,0.05,0.00411213406737868,55,695,0.055,0.695,0.05,0.685630300878025,0.0424974273747684,0.0709083876773756,0.665762836671607,0.722744727519027,1,1,0
L1_145_R0,R0,1.6,5,20,2.5,42,145,Simulink standard-block model,1000,-4.96187117315687e-05,0.00251978206869436,0.00531630823831844,0.00243216626683514,0.00536592695005001,2.16685913663281,0.0025,0.00532088886237956,2.12835554495182,0.1,0.0032038789138615,103,812,0.103,0.812,0.1,0.801447805095624,0.0856548100050872,0.123383636232444,0.786606812588782,0.835005290116231,1,1,0
L1_146_R1,R1,1.6,5,20,2.5,42,146,Simulink standard-block model,1000,0.000145324831310197,0.00348306324749265,0.00518438493710946,0.00358481425206985,0.00503906010579926,1.42575702785897,0.00353553390593274,0.00532088886237956,1.50497463861142,0.01,0.00822488178566593,11,205,0.011,0.205,0.01,0.205716851980869,0.00615317409808664,0.0195893957007863,0.181130086475902,0.231127701030576,1,1,0
L1_146_R1,R1,1.6,5,20,2.5,42,146,Simulink standard-block model,1000,0.000145324831310197,0.00348306324749265,0.00518438493710946,0.00358481425206985,0.00503906010579926,1.42575702785897,0.00353553390593274,0.00532088886237956,1.50497463861142,0.05,0.00581543576838337,47,441,0.047,0.441,0.05,0.444377801465859,0.0355271051063845,0.0619399380815285,0.410510641584345,0.471940915916951,1,1,0
L1_146_R1,R1,1.6,5,20,2.5,42,146,Simulink standard-block model,1000,0.000145324831310197,0.00348306324749265,0.00518438493710946,0.00358481425206985,0.00503906010579926,1.42575702785897,0.00353553390593274,0.00532088886237956,1.50497463861142,0.1,0.00453096901218412,102,567,0.102,0.567,0.1,0.588396875782294,0.0847391351848472,0.122306964569655,0.536091086243957,0.597396128118978,1,1,0
L1_147_R0,R0,1.6,5,20,5,42,147,Simulink standard-block model,1000,0.000249011451325834,0.00499081833844124,0.00553437338345345,0.00494657744720787,0.00528536193212762,1.06372125436195,0.005,0.00532088886237956,1.06417777247591,0.01,0.0116317393702042,10,114,0.01,0.114,0.01,0.103443792337337,0.00544075444552925,0.0183094688703148,0.0957616570972169,0.135192600453632,1,1,0
L1_147_R0,R0,1.6,5,20,5,42,147,Simulink standard-block model,1000,0.000249011451325834,0.00499081833844124,0.00553437338345345,0.00494657744720787,0.00528536193212762,1.06372125436195,0.005,0.00532088886237956,1.06417777247591,0.05,0.00822426813475736,55,287,0.055,0.287,0.05,0.280729469000845,0.0424974273747684,0.0709083876773756,0.2598197820392,0.315810417075647,1,1,0
L1_147_R0,R0,1.6,5,20,5,42,147,Simulink standard-block model,1000,0.000249011451325834,0.00499081833844124,0.00553437338345345,0.00494657744720787,0.00528536193212762,1.06372125436195,0.005,0.00532088886237956,1.06417777247591,0.1,0.006407757827723,116,421,0.116,0.421,0.1,0.413958526510532,0.0976056770396338,0.137333273477273,0.390758931406517,0.451845696434201,1,1,0
L1_148_R1,R1,1.6,5,20,5,42,148,Simulink standard-block model,1000,3.42119523040851e-05,0.00736259742271715,0.00560176436407109,0.00724234933457248,0.00556755241176701,0.762394249798058,0.00707106781186548,0.00532088886237956,0.752487319305712,0.01,0.0164497635713319,12,69,0.012,0.069,0.01,0.0577598454387323,0.00687764780640352,0.0208572684754983,0.0548839455859113,0.0864147202286373,1,1,0
L1_148_R1,R1,1.6,5,20,5,42,148,Simulink standard-block model,1000,3.42119523040851e-05,0.00736259742271715,0.00560176436407109,0.00724234933457248,0.00556755241176701,0.762394249798058,0.00707106781186548,0.00532088886237956,0.752487319305712,0.05,0.0116308715367667,51,196,0.051,0.196,0.05,0.186098312006579,0.0390009427752668,0.0664354863447617,0.17257900508841,0.221747664070808,1,1,0
L1_148_R1,R1,1.6,5,20,5,42,148,Simulink standard-block model,1000,3.42119523040851e-05,0.00736259742271715,0.00560176436407109,0.00724234933457248,0.00556755241176701,0.762394249798058,0.00707106781186548,0.00532088886237956,0.752487319305712,0.1,0.00906193802436823,106,307,0.106,0.307,0.1,0.298380441426836,0.0884050668630515,0.126610418823566,0.27919575142341,0.336281377352014,1,1,0
L1_149_R0,R0,1.6,5,20,10,42,149,Simulink standard-block model,1000,4.07811652177168e-05,0.00988450335450285,0.00598875713741251,0.0102312231200927,0.00594797597219479,0.591287880063741,0.01,0.00532088886237956,0.532088886237956,0.01,0.0232634787404084,14,51,0.014,0.051,0.01,0.0363859204355487,0.00835757513042392,0.0233620341175357,0.0390009427752668,0.0664354863447617,1,0,0
L1_149_R0,R0,1.6,5,20,10,42,149,Simulink standard-block model,1000,4.07811652177168e-05,0.00988450335450285,0.00598875713741251,0.0102312231200927,0.00594797597219479,0.591287880063741,0.01,0.00532088886237956,0.532088886237956,0.05,0.0164485362695147,48,154,0.048,0.154,0.05,0.132904741152724,0.0363933010208079,0.0630660886501339,0.132956257174501,0.177691859697503,1,0,0
L1_149_R0,R0,1.6,5,20,10,42,149,Simulink standard-block model,1000,4.07811652177168e-05,0.00988450335450285,0.00598875713741251,0.0102312231200927,0.00594797597219479,0.591287880063741,0.01,0.00532088886237956,0.532088886237956,0.1,0.012815515655446,107,248,0.107,0.248,0.1,0.226789192350719,0.08932287430802,0.127684957861626,0.222232244301744,0.275696441974976,1,1,0
L1_150_R1,R1,1.6,5,20,10,42,150,Simulink standard-block model,1000,0.000724203176435054,0.0136960160221511,0.00525684677111665,0.013685801329883,0.00453264359468159,0.331069572265271,0.014142135623731,0.00532088886237956,0.376243659652856,0.01,0.0328995271426637,15,23,0.015,0.023,0.01,0.0255818495268427,0.00911097880408167,0.0246009769269068,0.0153742769329929,0.0342764506622267,1,1,0
L1_150_R1,R1,1.6,5,20,10,42,150,Simulink standard-block model,1000,0.000724203176435054,0.0136960160221511,0.00525684677111665,0.013685801329883,0.00453264359468159,0.331069572265271,0.014142135623731,0.00532088886237956,0.376243659652856,0.05,0.0232617430735335,56,101,0.056,0.101,0.05,0.10229010380713,0.043374813385442,0.072023348149731,0.0838240106523991,0.121229742619074,1,1,0
L1_150_R1,R1,1.6,5,20,10,42,150,Simulink standard-block model,1000,0.000724203176435054,0.0136960160221511,0.00525684677111665,0.013685801329883,0.00453264359468159,0.331069572265271,0.014142135623731,0.00532088886237956,0.376243659652856,0.1,0.0181238760487365,103,169,0.103,0.169,0.1,0.1826511446163,0.0856548100050872,0.123383636232444,0.147049625485814,0.193483688631624,1,1,0
L1_151_R0,R0,1.6,5,20,20,42,151,Simulink standard-block model,1000,0.000499393073679324,0.0202262237053956,0.00492928006759474,0.0189422399232021,0.00442988699391542,0.226075180214585,0.02,0.00532088886237956,0.266044443118978,0.01,0.0465269574808168,11,13,0.011,0.013,0.01,0.019684771072534,0.00615317409808664,0.0195893957007863,0.00761282038935102,0.0221144423755797,1,1,0
L1_151_R0,R0,1.6,5,20,20,42,151,Simulink standard-block model,1000,0.000499393073679324,0.0202262237053956,0.00492928006759474,0.0189422399232021,0.00442988699391542,0.226075180214585,0.02,0.00532088886237956,0.266044443118978,0.05,0.0328970725390295,60,55,0.06,0.055,0.05,0.083976797193682,0.046896472675932,0.0764710747913565,0.0424974273747684,0.0709083876773756,1,0,0
L1_151_R0,R0,1.6,5,20,20,42,151,Simulink standard-block model,1000,0.000499393073679324,0.0202262237053956,0.00492928006759474,0.0189422399232021,0.00442988699391542,0.226075180214585,0.02,0.00532088886237956,0.266044443118978,0.1,0.025631031310892,106,131,0.106,0.131,0.1,0.154932076572952,0.0884050668630515,0.126610418823566,0.111492506202009,0.153331641560331,1,0,0
L1_152_R1,R1,1.6,5,20,20,42,152,Simulink standard-block model,1000,0.000834670570168153,0.0296255420516381,0.00523826375876242,0.0264000304511974,0.00440359318859427,0.156939523108496,0.0282842712474619,0.00532088886237956,0.188121829826428,0.01,0.0657990542853275,16,10,0.016,0.01,0.01,0.0162492007813191,0.00987224200227739,0.02583206021174,0.00544075444552925,0.0183094688703148,1,1,0
L1_152_R1,R1,1.6,5,20,20,42,152,Simulink standard-block model,1000,0.000834670570168153,0.0296255420516381,0.00523826375876242,0.0264000304511974,0.00440359318859427,0.156939523108496,0.0282842712474619,0.00532088886237956,0.188121829826428,0.05,0.046523486147067,62,57,0.062,0.057,0.05,0.0725952144681899,0.0486641801199806,0.0786880603133656,0.0442534403587159,0.0731370676594859,1,1,0
L1_152_R1,R1,1.6,5,20,20,42,152,Simulink standard-block model,1000,0.000834670570168153,0.0296255420516381,0.00523826375876242,0.0264000304511974,0.00440359318859427,0.156939523108496,0.0282842712474619,0.00532088886237956,0.188121829826428,0.1,0.0362477520974729,120,130,0.12,0.13,0.1,0.137102581831289,0.101299260601309,0.141609075847713,0.110563774624842,0.152268026654469,0,1,0
L1_153_R0,R0,1.6,5,30,2.5,42,153,Simulink standard-block model,1000,-8.19151032233754e-05,0.0025658944293083,0.00576437248825647,0.00253240361897374,0.00584628759147985,2.2933776725934,0.0025,0.00577350269189626,2.3094010767585,0.01,0.0058158696851021,12,495,0.012,0.495,0.01,0.493239529642583,0.00687764780640352,0.0208572684754983,0.464090274800725,0.525947992784131,1,1,0
L1_153_R0,R0,1.6,5,30,2.5,42,153,Simulink standard-block model,1000,-8.19151032233754e-05,0.0025658944293083,0.00576437248825647,0.00253240361897374,0.00584628759147985,2.2933776725934,0.0025,0.00577350269189626,2.3094010767585,0.05,0.00411213406737868,52,733,0.052,0.733,0.05,0.746830004913777,0.0398730362837774,0.06755573931928,0.70472709900461,0.759489631541121,1,1,0
L1_153_R0,R0,1.6,5,30,2.5,42,153,Simulink standard-block model,1000,-8.19151032233754e-05,0.0025658944293083,0.00576437248825647,0.00253240361897374,0.00584628759147985,2.2933776725934,0.0025,0.00577350269189626,2.3094010767585,0.1,0.0032038789138615,110,843,0.11,0.843,0.1,0.847989688860439,0.0920793726718571,0.130905498946876,0.819144170659794,0.864230673019115,1,1,0
L1_154_R1,R1,1.6,5,30,2.5,42,154,Simulink standard-block model,1000,0.000147441409093964,0.00367019460141087,0.00570774231472554,0.00355897371372056,0.00556030090563157,1.53811412926702,0.00353553390593274,0.00577350269189626,1.63299316185545,0.01,0.00822488178566593,16,233,0.016,0.233,0.01,0.244043487828629,0.00987224200227739,0.02583206021174,0.207850619251962,0.260192869779324,1,1,0
L1_154_R1,R1,1.6,5,30,2.5,42,154,Simulink standard-block model,1000,0.000147441409093964,0.00367019460141087,0.00570774231472554,0.00355897371372056,0.00556030090563157,1.53811412926702,0.00353553390593274,0.00577350269189626,1.63299316185545,0.05,0.00581543576838337,57,499,0.057,0.499,0.05,0.495268469939453,0.0442534403587159,0.0731370676594859,0.468073488750724,0.529934164766247,1,1,0
L1_154_R1,R1,1.6,5,30,2.5,42,154,Simulink standard-block model,1000,0.000147441409093964,0.00367019460141087,0.00570774231472554,0.00355897371372056,0.00556030090563157,1.53811412926702,0.00353553390593274,0.00577350269189626,1.63299316185545,0.1,0.00453096901218412,116,631,0.116,0.631,0.1,0.637371459641792,0.0976056770396338,0.137333273477273,0.600644550435556,0.660352838841229,1,1,0
L1_155_R0,R0,1.6,5,30,5,42,155,Simulink standard-block model,1000,4.30819027299893e-05,0.0051853928470421,0.00576172424499734,0.0050442567597603,0.00571864234226735,1.1179460422922,0.005,0.00577350269189626,1.15470053837925,0.01,0.0116317393702042,8,119,0.008,0.119,0.01,0.12066933755221,0.0040591958188061,0.0157063345309801,0.100375184367011,0.140540805598982,1,1,0
L1_155_R0,R0,1.6,5,30,5,42,155,Simulink standard-block model,1000,4.30819027299893e-05,0.0051853928470421,0.00576172424499734,0.0050442567597603,0.00571864234226735,1.1179460422922,0.005,0.00577350269189626,1.15470053837925,0.05,0.00822426813475736,57,323,0.057,0.323,0.05,0.312012786818454,0.0442534403587159,0.0731370676594859,0.294741892775248,0.352612779728638,1,1,0
L1_155_R0,R0,1.6,5,30,5,42,155,Simulink standard-block model,1000,4.30819027299893e-05,0.0051853928470421,0.00576172424499734,0.0050442567597603,0.00571864234226735,1.1179460422922,0.005,0.00577350269189626,1.15470053837925,0.1,0.006407757827723,103,466,0.103,0.466,0.1,0.449529154036291,0.0856548100050872,0.123383636232444,0.435271029809732,0.496989189767286,1,1,0
L1_156_R1,R1,1.6,5,30,5,42,156,Simulink standard-block model,1000,0.000141750786282516,0.00710878376344367,0.00590299293230399,0.00693658887973945,0.00576124214602147,0.820314187298455,0.00707106781186548,0.00577350269189626,0.816496580927726,0.01,0.0164497635713319,12,63,0.012,0.063,0.01,0.0655406866825139,0.00687764780640352,0.0208572684754983,0.0495496632117291,0.0797949237046461,1,1,0
L1_156_R1,R1,1.6,5,30,5,42,156,Simulink standard-block model,1000,0.000141750786282516,0.00710878376344367,0.00590299293230399,0.00693658887973945,0.00576124214602147,0.820314187298455,0.00707106781186548,0.00577350269189626,0.816496580927726,0.05,0.0116308715367667,44,212,0.044,0.212,0.05,0.203734162463038,0.0329382145884185,0.0585517891504078,0.187794052307331,0.238410160580349,1,1,0
L1_156_R1,R1,1.6,5,30,5,42,156,Simulink standard-block model,1000,0.000141750786282516,0.00710878376344367,0.00590299293230399,0.00693658887973945,0.00576124214602147,0.820314187298455,0.00707106781186548,0.00577350269189626,0.816496580927726,0.1,0.00906193802436823,100,324,0.1,0.324,0.1,0.320946040684534,0.0829094435930957,0.120151963195348,0.295714822272211,0.353632196714705,1,1,0
L1_157_R0,R0,1.6,5,30,10,42,157,Simulink standard-block model,1000,-0.000128408935895619,0.0103036575503104,0.00592758934792485,0.00997458534058211,0.00605599828382047,0.597211609653765,0.01,0.00577350269189626,0.577350269189626,0.01,0.0232634787404084,8,39,0.008,0.039,0.01,0.0401457167142501,0.0040591958188061,0.0157063345309801,0.0286589609041805,0.0528693104195014,1,1,0
L1_157_R0,R0,1.6,5,30,10,42,157,Simulink standard-block model,1000,-0.000128408935895619,0.0103036575503104,0.00592758934792485,0.00997458534058211,0.00605599828382047,0.597211609653765,0.01,0.00577350269189626,0.577350269189626,0.05,0.0164485362695147,51,141,0.051,0.141,0.05,0.142872299104373,0.0390009427752668,0.0664354863447617,0.120801126704948,0.16394648588768,1,1,0
L1_157_R0,R0,1.6,5,30,10,42,157,Simulink standard-block model,1000,-0.000128408935895619,0.0103036575503104,0.00592758934792485,0.00997458534058211,0.00605599828382047,0.597211609653765,0.01,0.00577350269189626,0.577350269189626,0.1,0.012815515655446,112,251,0.112,0.251,0.1,0.240653711918161,0.0939195409088811,0.13305002367591,0.225113810790198,0.278791914935608,1,1,0
L1_158_R1,R1,1.6,5,30,10,42,158,Simulink standard-block model,1000,-0.000149077358538682,0.0145364955223286,0.0055685462687757,0.0143378259340192,0.00571762362731438,0.396025811460047,0.014142135623731,0.00577350269189626,0.408248290463863,0.01,0.0328995271426637,12,31,0.012,0.031,0.01,0.0275491926358683,0.00687764780640352,0.0208572684754983,0.0219240034471586,0.0436654960122921,1,1,0
L1_158_R1,R1,1.6,5,30,10,42,158,Simulink standard-block model,1000,-0.000149077358538682,0.0145364955223286,0.0055685462687757,0.0143378259340192,0.00571762362731438,0.396025811460047,0.014142135623731,0.00577350269189626,0.408248290463863,0.05,0.0232617430735335,55,111,0.055,0.111,0.05,0.108116818885625,0.0424974273747684,0.0709083876773756,0.0929992104582496,0.131978007643512,1,1,0
L1_158_R1,R1,1.6,5,30,10,42,158,Simulink standard-block model,1000,-0.000149077358538682,0.0145364955223286,0.0055685462687757,0.0143378259340192,0.00571762362731438,0.396025811460047,0.014142135623731,0.00577350269189626,0.408248290463863,0.1,0.0181238760487365,103,186,0.103,0.186,0.1,0.191248897951025,0.0856548100050872,0.123383636232444,0.163101179149325,0.211302025179603,1,1,0
L1_159_R0,R0,1.6,5,30,20,42,159,Simulink standard-block model,1000,0.000285399034214941,0.0198825744990008,0.00420536808829544,0.0204168147581665,0.00391996905408049,0.194525263014845,0.02,0.00577350269189626,0.288675134594813,0.01,0.0465269574808168,5,20,0.005,0.02,0.01,0.0207913360955681,0.00213753552732446,0.0116509553733751,0.0129836829164151,0.0306900052297178,1,1,0
L1_159_R0,R0,1.6,5,30,20,42,159,Simulink standard-block model,1000,0.000285399034214941,0.0198825744990008,0.00420536808829544,0.0204168147581665,0.00391996905408049,0.194525263014845,0.02,0.00577350269189626,0.288675134594813,0.05,0.0328970725390295,60,85,0.06,0.085,0.05,0.0875211917185811,0.046896472675932,0.0764710747913565,0.0692633185396546,0.103912891003356,1,1,0
L1_159_R0,R0,1.6,5,30,20,42,159,Simulink standard-block model,1000,0.000285399034214941,0.0198825744990008,0.00420536808829544,0.0204168147581665,0.00391996905408049,0.194525263014845,0.02,0.00577350269189626,0.288675134594813,0.1,0.025631031310892,112,143,0.112,0.143,0.1,0.160385088474463,0.0939195409088811,0.13305002367591,0.122667317497703,0.166064988060984,1,1,0
L1_160_R1,R1,1.6,5,30,20,42,160,Simulink standard-block model,1000,-6.9692054446616e-05,0.0284486582987648,0.00427954541021999,0.0271678799765422,0.0043492374646666,0.156359414261176,0.0282842712474619,0.00577350269189626,0.204124145231932,0.01,0.0657990542853275,16,10,0.016,0.01,0.01,0.0169094774116509,0.00987224200227739,0.02583206021174,0.00544075444552925,0.0183094688703148,1,1,0
L1_160_R1,R1,1.6,5,30,20,42,160,Simulink standard-block model,1000,-6.9692054446616e-05,0.0284486582987648,0.00427954541021999,0.0271678799765422,0.0043492374646666,0.156359414261176,0.0282842712474619,0.00577350269189626,0.204124145231932,0.05,0.046523486147067,54,46,0.054,0.046,0.05,0.0748305612652693,0.0416213137230627,0.0697921548460524,0.034662492763265,0.0608122039416191,1,0,0
L1_160_R1,R1,1.6,5,30,20,42,160,Simulink standard-block model,1000,-6.9692054446616e-05,0.0284486582987648,0.00427954541021999,0.0271678799765422,0.0043492374646666,0.156359414261176,0.0282842712474619,0.00577350269189626,0.204124145231932,0.1,0.0362477520974729,98,115,0.098,0.115,0.1,0.140644679782549,0.0810820115233503,0.117994702299036,0.0966834317874378,0.13626317224644,1,0,0
L1_161_R0,R0,1.6,5,40,2.5,42,161,Simulink standard-block model,1000,5.33509491368682e-05,0.00250737517198594,0.00653350308638893,0.00242565567457129,0.00648015213725207,2.62688937645012,0.0025,0.00652703644666139,2.61081457866456,0.01,0.0058158696851021,7,610,0.007,0.61,0.01,0.611973626818649,0.00339486840099076,0.0143783154657666,0.579403519502807,0.639754593630371,1,1,0
L1_161_R0,R0,1.6,5,40,2.5,42,161,Simulink standard-block model,1000,5.33509491368682e-05,0.00250737517198594,0.00653350308638893,0.00242565567457129,0.00648015213725207,2.62688937645012,0.0025,0.00652703644666139,2.61081457866456,0.05,0.00411213406737868,57,838,0.057,0.838,0.05,0.832968139630228,0.0442534403587159,0.0731370676594859,0.813877223112108,0.859535888151657,1,1,0
L1_161_R0,R0,1.6,5,40,2.5,42,161,Simulink standard-block model,1000,5.33509491368682e-05,0.00250737517198594,0.00653350308638893,0.00242565567457129,0.00648015213725207,2.62688937645012,0.0025,0.00652703644666139,2.61081457866456,0.1,0.0032038789138615,106,913,0.106,0.913,0.1,0.908119393829336,0.0884050668630515,0.126610418823566,0.893913518943307,0.928925578547625,1,1,0
L1_162_R1,R1,1.6,5,40,2.5,42,162,Simulink standard-block model,1000,-1.62720822691993e-05,0.00341384481863097,0.00667139650256425,0.00359203711613016,0.00668766858483345,1.90854099301114,0.00353553390593274,0.00652703644666139,1.84612469299441,0.01,0.00822488178566593,9,329,0.009,0.329,0.01,0.315534352645136,0.00474206066747706,0.0170158161653381,0.300581715278035,0.358727036124025,1,1,0
L1_162_R1,R1,1.6,5,40,2.5,42,162,Simulink standard-block model,1000,-1.62720822691993e-05,0.00341384481863097,0.00667139650256425,0.00359203711613016,0.00668766858483345,1.90854099301114,0.00353553390593274,0.00652703644666139,1.84612469299441,0.05,0.00581543576838337,39,598,0.039,0.598,0.05,0.579756687223089,0.0286589609041805,0.0528693104195014,0.567292188897142,0.627957766439689,1,1,0
L1_162_R1,R1,1.6,5,40,2.5,42,162,Simulink standard-block model,1000,-1.62720822691993e-05,0.00341384481863097,0.00667139650256425,0.00359203711613016,0.00668766858483345,1.90854099301114,0.00353553390593274,0.00652703644666139,1.84612469299441,0.1,0.00453096901218412,87,733,0.087,0.733,0.1,0.713817926197898,0.071074421452375,0.106086481056694,0.70472709900461,0.759489631541121,1,1,0
L1_163_R0,R0,1.6,5,40,5,42,163,Simulink standard-block model,1000,7.13409234076376e-05,0.00501976100778986,0.0067225706367413,0.00520283409284942,0.00665122971333366,1.30107146210731,0.005,0.00652703644666139,1.30540728933228,0.01,0.0116317393702042,11,179,0.011,0.179,0.01,0.153641294676586,0.00615317409808664,0.0195893957007863,0.156482115219189,0.203974663728537,1,0,0
L1_163_R0,R0,1.6,5,40,5,42,163,Simulink standard-block model,1000,7.13409234076376e-05,0.00501976100778986,0.0067225706367413,0.00520283409284942,0.00665122971333366,1.30107146210731,0.005,0.00652703644666139,1.30540728933228,0.05,0.00822426813475736,52,387,0.052,0.387,0.05,0.367136758038193,0.0398730362837774,0.06755573931928,0.357299174090701,0.417565673327034,1,1,0
L1_163_R0,R0,1.6,5,40,5,42,163,Simulink standard-block model,1000,7.13409234076376e-05,0.00501976100778986,0.0067225706367413,0.00520283409284942,0.00665122971333366,1.30107146210731,0.005,0.00652703644666139,1.30540728933228,0.1,0.006407757827723,108,527,0.108,0.527,0.1,0.50951615423974,0.0902411985625519,0.128758980090123,0.496011234509861,0.557782120531919,1,1,0
L1_164_R1,R1,1.6,5,40,5,42,164,Simulink standard-block model,1000,-0.000229387904871176,0.00699413226516189,0.0069646551486026,0.00691867271589645,0.00719404305347378,1.03414620586788,0.00707106781186548,0.00652703644666139,0.923062346497204,0.01,0.0164497635713319,5,89,0.005,0.089,0.01,0.0802658560539193,0.00213753552732446,0.0116509553733751,0.0728882439130074,0.108257351562119,1,1,0
L1_164_R1,R1,1.6,5,40,5,42,164,Simulink standard-block model,1000,-0.000229387904871176,0.00699413226516189,0.0069646551486026,0.00691867271589645,0.00719404305347378,1.03414620586788,0.00707106781186548,0.00652703644666139,0.923062346497204,0.05,0.0116308715367667,46,241,0.046,0.241,0.05,0.235211405582593,0.034662492763265,0.0608122039416191,0.215515307986809,0.268466952908709,1,1,0
L1_164_R1,R1,1.6,5,40,5,42,164,Simulink standard-block model,1000,-0.000229387904871176,0.00699413226516189,0.0069646551486026,0.00691867271589645,0.00719404305347378,1.03414620586788,0.00707106781186548,0.00652703644666139,0.923062346497204,0.1,0.00906193802436823,91,376,0.091,0.376,0.1,0.359988617233875,0.0747047043716441,0.11042558406954,0.346506626062668,0.406442410041749,1,1,0
L1_165_R0,R0,1.6,5,40,10,42,165,Simulink standard-block model,1000,-0.000760774078803783,0.0097917966884463,0.0065220141091894,0.0101859517115617,0.00728278818799318,0.728948127953377,0.01,0.00652703644666139,0.652703644666139,0.01,0.0232634787404084,5,53,0.005,0.053,0.01,0.0471002702673235,0.00213753552732446,0.0116509553733751,0.0407465052485945,0.0686746168374918,1,1,0
L1_165_R0,R0,1.6,5,40,10,42,165,Simulink standard-block model,1000,-0.000760774078803783,0.0097917966884463,0.0065220141091894,0.0101859517115617,0.00728278818799318,0.728948127953377,0.01,0.00652703644666139,0.652703644666139,0.05,0.0164485362695147,38,155,0.038,0.155,0.05,0.160562183782807,0.0278090045093026,0.0517269203313503,0.133893624615192,0.178746838739841,1,1,0
L1_165_R0,R0,1.6,5,40,10,42,165,Simulink standard-block model,1000,-0.000760774078803783,0.0097917966884463,0.0065220141091894,0.0101859517115617,0.00728278818799318,0.728948127953377,0.01,0.00652703644666139,0.652703644666139,0.1,0.012815515655446,86,271,0.086,0.271,0.1,0.264724311910867,0.0701685247757604,0.105000031250279,0.244366719737541,0.299385935648844,1,1,0
L1_166_R1,R1,1.6,5,40,10,42,166,Simulink standard-block model,1000,0.000575357606726163,0.014444337713065,0.00658221202666157,0.0144033729034503,0.00600685441993541,0.416452344754279,0.014142135623731,0.00652703644666139,0.461531173248602,0.01,0.0328995271426637,13,36,0.013,0.036,0.01,0.0311035507669097,0.00761282038935102,0.0221144423755797,0.0261155714073873,0.0494356604672078,1,1,0
L1_166_R1,R1,1.6,5,40,10,42,166,Simulink standard-block model,1000,0.000575357606726163,0.014444337713065,0.00658221202666157,0.0144033729034503,0.00600685441993541,0.416452344754279,0.014142135623731,0.00652703644666139,0.461531173248602,0.05,0.0232617430735335,53,115,0.053,0.115,0.05,0.118340688631049,0.0407465052485945,0.0686746168374918,0.0966834317874378,0.13626317224644,1,1,0
L1_166_R1,R1,1.6,5,40,10,42,166,Simulink standard-block model,1000,0.000575357606726163,0.014444337713065,0.00658221202666157,0.0144033729034503,0.00600685441993541,0.416452344754279,0.014142135623731,0.00652703644666139,0.461531173248602,0.1,0.0181238760487365,112,199,0.112,0.199,0.1,0.206102241088618,0.0939195409088811,0.13305002367591,0.175427205789421,0.224876502818883,1,1,0
L1_167_R0,R0,1.6,5,40,20,42,167,Simulink standard-block model,1000,7.44386880623176e-05,0.020850132340179,0.00639157024018082,0.0194860411660061,0.0063171315521185,0.313045178536258,0.02,0.00652703644666139,0.32635182233307,0.01,0.0465269574808168,15,14,0.015,0.014,0.01,0.0227503451211344,0.00911097880408167,0.0246009769269068,0.00835757513042392,0.0233620341175357,1,1,0
L1_167_R0,R0,1.6,5,40,20,42,167,Simulink standard-block model,1000,7.44386880623176e-05,0.020850132340179,0.00639157024018082,0.0194860411660061,0.0063171315521185,0.313045178536258,0.02,0.00652703644666139,0.32635182233307,0.05,0.0328970725390295,68,77,0.068,0.077,0.05,0.0936678606732057,0.0539924578085301,0.0853138615229895,0.0620479070606059,0.0951895306181737,0,1,0
L1_167_R0,R0,1.6,5,40,20,42,167,Simulink standard-block model,1000,7.44386880623176e-05,0.020850132340179,0.00639157024018082,0.0194860411660061,0.0063171315521185,0.313045178536258,0.02,0.00652703644666139,0.32635182233307,0.1,0.025631031310892,109,158,0.109,0.158,0.1,0.169738347831526,0.0911600333845138,0.12983249175119,0.136707656912706,0.181909845891414,1,1,0
L1_168_R1,R1,1.6,5,40,20,42,168,Simulink standard-block model,1000,6.81703103827211e-05,0.0273479129582893,0.00725948818792334,0.0292612828644057,0.00719131787754062,0.253923891851544,0.0282842712474619,0.00652703644666139,0.230765586624301,0.01,0.0657990542853275,10,19,0.01,0.019,0.01,0.0180596309170743,0.00544075444552925,0.0183094688703148,0.0121968857507909,0.0294844559123131,1,1,0
L1_168_R1,R1,1.6,5,40,20,42,168,Simulink standard-block model,1000,6.81703103827211e-05,0.0273479129582893,0.00725948818792334,0.0292612828644057,0.00719131787754062,0.253923891851544,0.0282842712474619,0.00652703644666139,0.230765586624301,0.05,0.046523486147067,43,93,0.043,0.093,0.05,0.0786680271100237,0.0320786534117134,0.057419003844084,0.0765237256417453,0.112591255765497,1,1,0
L1_168_R1,R1,1.6,5,40,20,42,168,Simulink standard-block model,1000,6.81703103827211e-05,0.0273479129582893,0.00725948818792334,0.0292612828644057,0.00719131787754062,0.253923891851544,0.0282842712474619,0.00652703644666139,0.230765586624301,0.1,0.0362477520974729,91,164,0.091,0.164,0.1,0.146678448413892,0.0747047043716441,0.11042558406954,0.142344187735487,0.188227393966806,1,1,0
L1_169_R0,R0,1.6,5,50,2.5,42,169,Simulink standard-block model,1000,-9.9728050031799e-05,0.00247702050991092,0.00771594932954303,0.00251766882944447,0.00781567737957483,3.12949136061902,0.0025,0.00777861913430206,3.11144765372083,0.01,0.0058158696851021,12,767,0.012,0.767,0.01,0.783802465549839,0.00687764780640352,0.0208572684754983,0.739807130220676,0.792149380748038,1,1,0
L1_169_R0,R0,1.6,5,50,2.5,42,169,Simulink standard-block model,1000,-9.9728050031799e-05,0.00247702050991092,0.00771594932954303,0.00251766882944447,0.00781567737957483,3.12949136061902,0.0025,0.00777861913430206,3.11144765372083,0.05,0.00411213406737868,50,926,0.05,0.926,0.05,0.928756737041888,0.0381302623927488,0.0653138202442508,0.908094594354414,0.940645007415893,1,1,0
L1_169_R0,R0,1.6,5,50,2.5,42,169,Simulink standard-block model,1000,-9.9728050031799e-05,0.00247702050991092,0.00771594932954303,0.00251766882944447,0.00781567737957483,3.12949136061902,0.0025,0.00777861913430206,3.11144765372083,0.1,0.0032038789138615,94,970,0.094,0.97,0.1,0.966367260742976,0.0774341735737637,0.113673154316507,0.957496585852413,0.978906261171165,1,1,0
L1_170_R1,R1,1.6,5,50,2.5,42,170,Simulink standard-block model,1000,0.000138150710466481,0.00350585046970167,0.007708508152476,0.00346245695126002,0.00757035744200952,2.17275450235182,0.00353553390593274,0.00777861913430206,2.20012573525297,0.01,0.00822488178566593,13,448,0.013,0.448,0.01,0.449778043649525,0.00761282038935102,0.0221144423755797,0.417435674584357,0.478962308298141,1,1,0
L1_170_R1,R1,1.6,5,50,2.5,42,170,Simulink standard-block model,1000,0.000138150710466481,0.00350585046970167,0.007708508152476,0.00346245695126002,0.00757035744200952,2.17275450235182,0.00353553390593274,0.00777861913430206,2.20012573525297,0.05,0.00581543576838337,49,704,0.049,0.704,0.05,0.71064572318484,0.0372610346473606,0.0641907015066101,0.674969656875873,0.731469025662021,1,1,0
L1_170_R1,R1,1.6,5,50,2.5,42,170,Simulink standard-block model,1000,0.000138150710466481,0.00350585046970167,0.007708508152476,0.00346245695126002,0.00757035744200952,2.17275450235182,0.00353553390593274,0.00777861913430206,2.20012573525297,0.1,0.00453096901218412,115,827,0.115,0.827,0.1,0.820840826133232,0.0966834317874378,0.13626317224644,0.802316534403398,0.849180765547048,1,1,0
L1_171_R0,R0,1.6,5,50,5,42,171,Simulink standard-block model,1000,-4.371422738331e-05,0.0050432631550082,0.0077950001415633,0.00479535037293542,0.00783871436894661,1.59295351721236,0.005,0.00777861913430206,1.55572382686041,0.01,0.0116317393702042,11,218,0.011,0.218,0.01,0.220464901696125,0.00615317409808664,0.0195893957007863,0.193514814580692,0.244643477205161,1,1,0
L1_171_R0,R0,1.6,5,50,5,42,171,Simulink standard-block model,1000,-4.371422738331e-05,0.0050432631550082,0.0077950001415633,0.00479535037293542,0.00783871436894661,1.59295351721236,0.005,0.00777861913430206,1.55572382686041,0.05,0.00822426813475736,49,473,0.049,0.473,0.05,0.464489377294273,0.0372610346473606,0.0641907015066101,0.442217879468081,0.503988765490139,1,1,0
L1_171_R0,R0,1.6,5,50,5,42,171,Simulink standard-block model,1000,-4.371422738331e-05,0.0050432631550082,0.0077950001415633,0.00479535037293542,0.00783871436894661,1.59295351721236,0.005,0.00777861913430206,1.55572382686041,0.1,0.006407757827723,103,616,0.103,0.616,0.1,0.608023878050586,0.0856548100050872,0.123383636232444,0.585466333471673,0.645645858559678,1,1,0
L1_172_R1,R1,1.6,5,50,5,42,172,Simulink standard-block model,1000,2.99267292700574e-05,0.00706188983726579,0.00784344797776333,0.007187439304175,0.00781352124849327,1.0966436242522,0.00707106781186548,0.00777861913430206,1.10006286762648,0.01,0.0164497635713319,10,113,0.01,0.113,0.01,0.110045720823667,0.00544075444552925,0.0183094688703148,0.0948403583164347,0.134121552751385,1,1,0
L1_172_R1,R1,1.6,5,50,5,42,172,Simulink standard-block model,1000,2.99267292700574e-05,0.00706188983726579,0.00784344797776333,0.007187439304175,0.00781352124849327,1.0966436242522,0.00707106781186548,0.00777861913430206,1.10006286762648,0.05,0.0116308715367667,53,305,0.053,0.305,0.05,0.292948717417966,0.0407465052485945,0.0686746168374918,0.277255272480973,0.334237163328393,1,1,0
L1_172_R1,R1,1.6,5,50,5,42,172,Simulink standard-block model,1000,2.99267292700574e-05,0.00706188983726579,0.00784344797776333,0.007187439304175,0.00781352124849327,1.0966436242522,0.00707106781186548,0.00777861913430206,1.10006286762648,0.1,0.00906193802436823,112,439,0.112,0.439,0.1,0.427992001800496,0.0939195409088811,0.13305002367591,0.408533192143353,0.469933672391885,1,1,0
L1_173_R0,R0,1.6,5,50,10,42,173,Simulink standard-block model,1000,-0.00016719592183811,0.0099340196588534,0.00792523875537032,0.0102765226569293,0.00809243467720843,0.80069824534959,0.01,0.00777861913430206,0.777861913430206,0.01,0.0232634787404084,6,69,0.006,0.069,0.01,0.0607526696548379,0.00275266914187637,0.0130281682418521,0.0548839455859113,0.0864147202286373,1,1,0
L1_173_R0,R0,1.6,5,50,10,42,173,Simulink standard-block model,1000,-0.00016719592183811,0.0099340196588534,0.00792523875537032,0.0102765226569293,0.00809243467720843,0.80069824534959,0.01,0.00777861913430206,0.777861913430206,0.05,0.0164485362695147,49,200,0.049,0.2,0.05,0.192973274997018,0.0372610346473606,0.0641907015066101,0.176377090443198,0.225918964648135,1,1,0
L1_173_R0,R0,1.6,5,50,10,42,173,Simulink standard-block model,1000,-0.00016719592183811,0.0099340196588534,0.00792523875537032,0.0102765226569293,0.00809243467720843,0.80069824534959,0.01,0.00777861913430206,0.777861913430206,0.1,0.012815515655446,102,325,0.102,0.325,0.1,0.307239740568652,0.0847391351848472,0.122306964569655,0.296687901945411,0.354651463524533,1,1,0
L1_174_R1,R1,1.6,5,50,10,42,174,Simulink standard-block model,1000,-5.38544833740513e-05,0.0145100235548938,0.00745687806981096,0.0145503948918364,0.00751073255318501,0.516904140203817,0.014142135623731,0.00777861913430206,0.550031433813242,0.01,0.0328995271426637,14,34,0.014,0.034,0.01,0.0378403874882308,0.00835757513042392,0.0233620341175357,0.0244313486632263,0.0471351902453111,1,1,0
L1_174_R1,R1,1.6,5,50,10,42,174,Simulink standard-block model,1000,-5.38544833740513e-05,0.0145100235548938,0.00745687806981096,0.0145503948918364,0.00751073255318501,0.516904140203817,0.014142135623731,0.00777861913430206,0.550031433813242,0.05,0.0232617430735335,48,131,0.048,0.131,0.05,0.136797270790452,0.0363933010208079,0.0630660886501339,0.111492506202009,0.153331641560331,1,1,0
L1_174_R1,R1,1.6,5,50,10,42,174,Simulink standard-block model,1000,-5.38544833740513e-05,0.0145100235548938,0.00745687806981096,0.0145503948918364,0.00751073255318501,0.516904140203817,0.014142135623731,0.00777861913430206,0.550031433813242,0.1,0.0181238760487365,109,240,0.109,0.24,0.1,0.232230756239441,0.0911600333845138,0.12983249175119,0.214556525187543,0.267433389224946,1,1,0
L1_175_R0,R0,1.6,5,50,20,42,175,Simulink standard-block model,1000,0.000976641583374444,0.0201554814422011,0.00777742576478471,0.019755229504118,0.00680078418141026,0.340782815097283,0.02,0.00777861913430206,0.388930956715103,0.01,0.0465269574808168,12,28,0.012,0.028,0.01,0.0263472001592121,0.00687764780640352,0.0208572684754983,0.0194422768127709,0.0401701831975931,1,1,0
L1_175_R0,R0,1.6,5,50,20,42,175,Simulink standard-block model,1000,0.000976641583374444,0.0201554814422011,0.00777742576478471,0.019755229504118,0.00680078418141026,0.340782815097283,0.02,0.00777861913430206,0.388930956715103,0.05,0.0328970725390295,54,104,0.054,0.104,0.05,0.104572004146348,0.0416213137230627,0.0697921548460524,0.0865710280982681,0.124459764622292,1,1,0
L1_175_R0,R0,1.6,5,50,20,42,175,Simulink standard-block model,1000,0.000976641583374444,0.0201554814422011,0.00777742576478471,0.019755229504118,0.00680078418141026,0.340782815097283,0.02,0.00777861913430206,0.388930956715103,0.1,0.025631031310892,120,184,0.12,0.184,0.1,0.186030189441727,0.101299260601309,0.141609075847713,0.161208690576458,0.209209820786413,0,1,0
L1_176_R1,R1,1.6,5,50,20,42,176,Simulink standard-block model,1000,0.000171956623725945,0.0282720153036445,0.00881214676220139,0.0275181905554061,0.00864019013847544,0.309710330046344,0.0282842712474619,0.00777861913430206,0.275015716906621,0.01,0.0657990542853275,13,20,0.013,0.02,0.01,0.0201173054616153,0.00761282038935102,0.0221144423755797,0.0129836829164151,0.0306900052297178,1,1,0
L1_176_R1,R1,1.6,5,50,20,42,176,Simulink standard-block model,1000,0.000171956623725945,0.0282720153036445,0.00881214676220139,0.0275181905554061,0.00864019013847544,0.309710330046344,0.0282842712474619,0.00777861913430206,0.275015716906621,0.05,0.046523486147067,46,83,0.046,0.083,0.05,0.0853687525819005,0.034662492763265,0.0608122039416191,0.0674550214428993,0.101736495134054,1,1,0
L1_176_R1,R1,1.6,5,50,20,42,176,Simulink standard-block model,1000,0.000171956623725945,0.0282720153036445,0.00881214676220139,0.0275181905554061,0.00864019013847544,0.309710330046344,0.0282842712474619,0.00777861913430206,0.275015716906621,0.1,0.0362477520974729,107,169,0.107,0.169,0.1,0.157078938034554,0.08932287430802,0.127684957861626,0.147049625485814,0.193483688631624,1,1,0
L1_177_R0,R0,1.6,5,60,2.5,42,177,Simulink standard-block model,1000,1.84094318368633e-07,0.00245045744392693,0.0101080936066825,0.00253163954243523,0.0101079095123641,4.05715420007748,0.0025,0.01,4,0.01,0.0058158696851021,9,946,0.009,0.946,0.01,0.952900506156048,0.00474206066747706,0.0170158161653381,0.930207845153947,0.958378686276937,1,1,0
L1_177_R0,R0,1.6,5,60,2.5,42,177,Simulink standard-block model,1000,1.84094318368633e-07,0.00245045744392693,0.0101080936066825,0.00253163954243523,0.0101079095123641,4.05715420007748,0.0025,0.01,4,0.05,0.00411213406737868,43,993,0.043,0.993,0.05,0.990742294626505,0.0320786534117134,0.057419003844084,0.985621684534233,0.996605131599009,1,1,0
L1_177_R0,R0,1.6,5,60,2.5,42,177,Simulink standard-block model,1000,1.84094318368633e-07,0.00245045744392693,0.0101080936066825,0.00253163954243523,0.0101079095123641,4.05715420007748,0.0025,0.01,4,0.1,0.0032038789138615,105,997,0.105,0.997,0.1,0.996720556084454,0.0874877826144168,0.125535356589172,0.991216985946497,0.998979216118861,1,1,0
L1_178_R1,R1,1.6,5,60,2.5,42,178,Simulink standard-block model,1000,0.000116302910506833,0.0034711611044676,0.0099691414926196,0.00352610050324301,0.00985283858211277,2.81611163046455,0.00353553390593274,0.01,2.82842712474619,0.01,0.00822488178566593,14,692,0.014,0.692,0.01,0.692194112438242,0.00835757513042392,0.0233620341175357,0.662696751104677,0.71983377363687,1,1,0
L1_178_R1,R1,1.6,5,60,2.5,42,178,Simulink standard-block model,1000,0.000116302910506833,0.0034711611044676,0.0099691414926196,0.00352610050324301,0.00985283858211277,2.81611163046455,0.00353553390593274,0.01,2.82842712474619,0.05,0.00581543576838337,51,888,0.051,0.888,0.05,0.881709031778347,0.0390009427752668,0.0664354863447617,0.86694997632409,0.906080459091119,1,1,0
L1_178_R1,R1,1.6,5,60,2.5,42,178,Simulink standard-block model,1000,0.000116302910506833,0.0034711611044676,0.0099691414926196,0.00352610050324301,0.00985283858211277,2.81611163046455,0.00353553390593274,0.01,2.82842712474619,0.1,0.00453096901218412,98,942,0.098,0.942,0.1,0.939053372178593,0.0810820115233503,0.117994702299036,0.925750423733767,0.954866721765002,1,1,0
L1_179_R0,R0,1.6,5,60,5,42,179,Simulink standard-block model,1000,-9.94409166142303e-05,0.00497050718721205,0.010042505736191,0.00499719671595021,0.0101419466528053,2.03495416697023,0.005,0.01,2,0.01,0.0116317393702042,10,377,0.01,0.377,0.01,0.372080585435494,0.00544075444552925,0.0183094688703148,0.347487093401629,0.407454289185818,1,1,0
L1_179_R0,R0,1.6,5,60,5,42,179,Simulink standard-block model,1000,-9.94409166142303e-05,0.00497050718721205,0.010042505736191,0.00499719671595021,0.0101419466528053,2.03495416697023,0.005,0.01,2,0.05,0.00822426813475736,43,632,0.043,0.632,0.05,0.638760031312335,0.0320786534117134,0.057419003844084,0.601657519807479,0.661332215952335,1,1,0
L1_179_R0,R0,1.6,5,60,5,42,179,Simulink standard-block model,1000,-9.94409166142303e-05,0.00497050718721205,0.010042505736191,0.00499719671595021,0.0101419466528053,2.03495416697023,0.005,0.01,2,0.1,0.006407757827723,99,760,0.099,0.76,0.1,0.763759584105883,0.0819954413686654,0.11907361893675,0.732566610775054,0.785443474812457,1,1,0
L1_180_R1,R1,1.6,5,60,5,42,180,Simulink standard-block model,1000,0.00012629106414934,0.00688995103561348,0.0102896132617065,0.00732196535482564,0.0101633221975571,1.42959323847036,0.00707106781186548,0.01,1.4142135623731,0.01,0.0164497635713319,8,188,0.008,0.188,0.01,0.180849009034276,0.0040591958188061,0.0157063345309801,0.164994709883769,0.213393187411218,1,1,0
L1_180_R1,R1,1.6,5,60,5,42,180,Simulink standard-block model,1000,0.00012629106414934,0.00688995103561348,0.0102896132617065,0.00732196535482564,0.0101633221975571,1.42959323847036,0.00707106781186548,0.01,1.4142135623731,0.05,0.0116308715367667,44,437,0.044,0.437,0.05,0.40879721979387,0.0329382145884185,0.0585517891504078,0.406556246868357,0.467925924700823,1,1,0
L1_180_R1,R1,1.6,5,60,5,42,180,Simulink standard-block model,1000,0.00012629106414934,0.00688995103561348,0.0102896132617065,0.00732196535482564,0.0101633221975571,1.42959323847036,0.00707106781186548,0.01,1.4142135623731,0.1,0.00906193802436823,84,574,0.084,0.574,0.1,0.552769650359353,0.0683588136777643,0.102825049382218,0.543125734848704,0.604307904895434,1,1,0
L1_181_R0,R0,1.6,5,60,10,42,181,Simulink standard-block model,1000,-0.000646784474310725,0.0100311142688274,0.0106869867947386,0.00989511910124023,0.0113337712690493,1.13754637979486,0.01,0.01,1,0.01,0.0232634787404084,17,98,0.017,0.098,0.01,0.0923622480736939,0.0106406898568163,0.0270559588402299,0.0810820115233503,0.117994702299036,0,1,0
L1_181_R0,R0,1.6,5,60,10,42,181,Simulink standard-block model,1000,-0.000646784474310725,0.0100311142688274,0.0106869867947386,0.00989511910124023,0.0113337712690493,1.13754637979486,0.01,0.01,1,0.05,0.0164485362695147,46,286,0.046,0.286,0.05,0.259511022841444,0.034662492763265,0.0608122039416191,0.258852696142802,0.314785156489016,1,1,0
L1_181_R0,R0,1.6,5,60,10,42,181,Simulink standard-block model,1000,-0.000646784474310725,0.0100311142688274,0.0106869867947386,0.00989511910124023,0.0113337712690493,1.13754637979486,0.01,0.01,1,0.1,0.012815515655446,95,432,0.095,0.432,0.1,0.389143691645361,0.0783452345790474,0.114754439794252,0.401616094456861,0.462904344697175,1,0,0
L1_182_R1,R1,1.6,5,60,10,42,182,Simulink standard-block model,1000,-0.000410137196883249,0.0130584451208267,0.0106277099735087,0.0139576448681489,0.0110378471703919,0.816679119887049,0.014142135623731,0.01,0.707106781186548,0.01,0.0328995271426637,0,53,0,0.053,0.01,0.0526976998110202,2.16840434497101e-19,0.00382675848555513,0.0407465052485945,0.0686746168374918,0,1,0
L1_182_R1,R1,1.6,5,60,10,42,182,Simulink standard-block model,1000,-0.000410137196883249,0.0130584451208267,0.0106277099735087,0.0139576448681489,0.0110378471703919,0.816679119887049,0.014142135623731,0.01,0.707106781186548,0.05,0.0232617430735335,34,194,0.034,0.194,0.05,0.174187261617932,0.0244313486632263,0.0471351902453111,0.170681429567328,0.219660546625832,0,1,0
L1_182_R1,R1,1.6,5,60,10,42,182,Simulink standard-block model,1000,-0.000410137196883249,0.0130584451208267,0.0106277099735087,0.0139576448681489,0.0110378471703919,0.816679119887049,0.014142135623731,0.01,0.707106781186548,0.1,0.0181238760487365,79,299,0.079,0.299,0.1,0.282833427382102,0.0638472157608292,0.0973749148840082,0.271437634422304,0.32810072248889,0,1,0
L1_183_R0,R0,1.6,5,60,20,42,183,Simulink standard-block model,1000,-4.6518339456123e-05,0.0197248364754156,0.0108426473166704,0.0200695677958215,0.0108891656561265,0.547250664702673,0.02,0.01,0.5,0.01,0.0465269574808168,7,50,0.007,0.05,0.01,0.0338989391228428,0.00339486840099076,0.0143783154657666,0.0381302623927488,0.0653138202442508,1,0,0
L1_183_R0,R0,1.6,5,60,20,42,183,Simulink standard-block model,1000,-4.6518339456123e-05,0.0197248364754156,0.0108426473166704,0.0200695677958215,0.0108891656561265,0.547250664702673,0.02,0.01,0.5,0.05,0.0328970725390295,42,130,0.042,0.13,0.05,0.12613489819343,0.0312208855461654,0.0562844252266031,0.110563774624842,0.152268026654469,1,1,0
L1_183_R0,R0,1.6,5,60,20,42,183,Simulink standard-block model,1000,-4.6518339456123e-05,0.0197248364754156,0.0108426473166704,0.0200695677958215,0.0108891656561265,0.547250664702673,0.02,0.01,0.5,0.1,0.025631031310892,100,227,0.1,0.227,0.1,0.217239080427305,0.0829094435930957,0.120151963195348,0.202110624267443,0.25397878586567,1,1,0
L1_184_R1,R1,1.6,5,60,20,42,184,Simulink standard-block model,1000,7.23714041267698e-07,0.0281895733841354,0.0108088788221184,0.0279977179326734,0.0108081551080772,0.384716609312282,0.0282842712474619,0.01,0.353553390593274,0.01,0.0657990542853275,10,22,0.01,0.022,0.01,0.0242594909712077,0.00544075444552925,0.0183094688703148,0.0145727077647911,0.0330856733473996,1,1,0
L1_184_R1,R1,1.6,5,60,20,42,184,Simulink standard-block model,1000,7.23714041267698e-07,0.0281895733841354,0.0108088788221184,0.0279977179326734,0.0108081551080772,0.384716609312282,0.0282842712474619,0.01,0.353553390593274,0.05,0.046523486147067,52,109,0.052,0.109,0.05,0.098299794357987,0.0398730362837774,0.06755573931928,0.0911600333845138,0.12983249175119,1,1,0
L1_184_R1,R1,1.6,5,60,20,42,184,Simulink standard-block model,1000,7.23714041267698e-07,0.0281895733841354,0.0108088788221184,0.0279977179326734,0.0108081551080772,0.384716609312282,0.0282842712474619,0.01,0.353553390593274,0.1,0.0362477520974729,104,182,0.104,0.182,0.1,0.176704258158225,0.0865710280982681,0.124459764622292,0.159317257228291,0.207116561168523,1,1,0
L1_185_R0,R0,1.6,5,70,2.5,42,185,Simulink standard-block model,1000,7.56561778115437e-05,0.00241705053217012,0.0146231247493424,0.00248928729130306,0.0145474685715308,5.92942949098299,0.0025,0.0146190220008154,5.84760880032617,0.01,0.0058158696851021,13,1000,0.013,1,0.01,0.999785250117638,0.00761282038935102,0.0221144423755797,0.996173241514445,1,1,1,0
L1_185_R0,R0,1.6,5,70,2.5,42,185,Simulink standard-block model,1000,7.56561778115437e-05,0.00241705053217012,0.0146231247493424,0.00248928729130306,0.0145474685715308,5.92942949098299,0.0025,0.0146190220008154,5.84760880032617,0.05,0.00411213406737868,42,1000,0.042,1,0.05,0.99998681571315,0.0312208855461654,0.0562844252266031,0.996173241514445,1,1,1,0
L1_185_R0,R0,1.6,5,70,2.5,42,185,Simulink standard-block model,1000,7.56561778115437e-05,0.00241705053217012,0.0146231247493424,0.00248928729130306,0.0145474685715308,5.92942949098299,0.0025,0.0146190220008154,5.84760880032617,0.1,0.0032038789138615,92,1000,0.092,1,0.1,0.999997515084365,0.0756138995679689,0.111508735356244,0.996173241514445,1,1,1,0
L1_186_R1,R1,1.6,5,70,2.5,42,186,Simulink standard-block model,1000,-0.000107527160389454,0.00352773307342626,0.0146286292706277,0.00361083747452208,0.0147361564310172,4.12832173070506,0.00353553390593274,0.0146190220008154,4.13488383643677,0.01,0.00822488178566593,6,966,0.006,0.966,0.01,0.96473843752739,0.00275266914187637,0.0130281682418521,0.952864809754689,0.975568651336774,1,1,0
L1_186_R1,R1,1.6,5,70,2.5,42,186,Simulink standard-block model,1000,-0.000107527160389454,0.00352773307342626,0.0146286292706277,0.00361083747452208,0.0147361564310172,4.12832173070506,0.00353553390593274,0.0146190220008154,4.13488383643677,0.05,0.00581543576838337,48,993,0.048,0.993,0.05,0.993613388113315,0.0363933010208079,0.0630660886501339,0.985621684534233,0.996605131599009,1,1,0
L1_186_R1,R1,1.6,5,70,2.5,42,186,Simulink standard-block model,1000,-0.000107527160389454,0.00352773307342626,0.0146286292706277,0.00361083747452208,0.0147361564310172,4.12832173070506,0.00353553390593274,0.0146190220008154,4.13488383643677,0.1,0.00453096901218412,99,997,0.099,0.997,0.1,0.997836832017394,0.0819954413686654,0.11907361893675,0.991216985946497,0.998979216118861,1,1,0
L1_187_R0,R0,1.6,5,70,5,42,187,Simulink standard-block model,1000,0.000174632933862352,0.00498703379226735,0.0145406284325348,0.00507446985851539,0.0143659954986725,2.85552807535959,0.005,0.0146190220008154,2.92380440016309,0.01,0.0116317393702042,7,712,0.007,0.712,0.01,0.724898688047905,0.00339486840099076,0.0143783154657666,0.683164488557197,0.739212965844927,1,1,0
L1_187_R0,R0,1.6,5,70,5,42,187,Simulink standard-block model,1000,0.000174632933862352,0.00498703379226735,0.0145406284325348,0.00507446985851539,0.0143659954986725,2.85552807535959,0.005,0.0146190220008154,2.92380440016309,0.05,0.00822426813475736,61,893,0.061,0.893,0.05,0.899542804294151,0.0477797751260337,0.0775801188242837,0.872315042138374,0.91067712569198,1,1,0
L1_187_R0,R0,1.6,5,70,5,42,187,Simulink standard-block model,1000,0.000174632933862352,0.00498703379226735,0.0145406284325348,0.00507446985851539,0.0143659954986725,2.85552807535959,0.005,0.0146190220008154,2.92380440016309,0.1,0.006407757827723,115,941,0.115,0.941,0.1,0.949731191358624,0.0966834317874378,0.13626317224644,0.924639097228541,0.9539857017872,1,1,0
L1_188_R1,R1,1.6,5,70,5,42,188,Simulink standard-block model,1000,0.000128146272890988,0.00675328385488285,0.0145532447882368,0.00687993223034518,0.0144250985153458,2.1160782656396,0.00707106781186548,0.0146190220008154,2.06744191821838,0.01,0.0164497635713319,5,397,0.005,0.397,0.01,0.39785390137699,0.00213753552732446,0.0116509553733751,0.367124585600702,0.427663726647322,1,1,0
L1_188_R1,R1,1.6,5,70,5,42,188,Simulink standard-block model,1000,0.000128146272890988,0.00675328385488285,0.0145532447882368,0.00687993223034518,0.0144250985153458,2.1160782656396,0.00707106781186548,0.0146190220008154,2.06744191821838,0.05,0.0116308715367667,55,667,0.055,0.667,0.05,0.663702164601677,0.0424974273747684,0.0709083876773756,0.637199766014181,0.695522096651644,1,1,0
L1_188_R1,R1,1.6,5,70,5,42,188,Simulink standard-block model,1000,0.000128146272890988,0.00675328385488285,0.0145532447882368,0.00687993223034518,0.0144250985153458,2.1160782656396,0.00707106781186548,0.0146190220008154,2.06744191821838,0.1,0.00906193802436823,100,788,0.1,0.788,0.1,0.784034136535182,0.0829094435930957,0.120151963195348,0.761589839419652,0.812205947692669,1,1,0
L1_189_R0,R0,1.6,5,70,10,42,189,Simulink standard-block model,1000,9.75243716408887e-05,0.00994256096428469,0.0152632480652892,0.00982395431054724,0.0151657236936483,1.53445870173089,0.01,0.0146190220008154,1.46190220008154,0.01,0.0232634787404084,10,201,0.01,0.201,0.01,0.193671555779228,0.00544075444552925,0.0183094688703148,0.177327215042271,0.226961186532091,1,1,0
L1_189_R0,R0,1.6,5,70,10,42,189,Simulink standard-block model,1000,9.75243716408887e-05,0.00994256096428469,0.0152632480652892,0.00982395431054724,0.0151657236936483,1.53445870173089,0.01,0.0146190220008154,1.46190220008154,0.05,0.0164485362695147,45,451,0.045,0.451,0.05,0.427418065497289,0.0337995122856317,0.0596828379362235,0.420405426527122,0.481969595804462,1,1,0
L1_189_R0,R0,1.6,5,70,10,42,189,Simulink standard-block model,1000,9.75243716408887e-05,0.00994256096428469,0.0152632480652892,0.00982395431054724,0.0151657236936483,1.53445870173089,0.01,0.0146190220008154,1.46190220008154,0.1,0.012815515655446,91,596,0.091,0.596,0.1,0.571561346649626,0.0747047043716441,0.11042558406954,0.56527547099159,0.625989791379184,1,1,0
L1_190_R1,R1,1.6,5,70,10,42,190,Simulink standard-block model,1000,-0.000289477807473923,0.014445567660251,0.0151419995450346,0.0139102487014297,0.0154314773525086,1.08822316950777,0.014142135623731,0.0146190220008154,1.03372095910919,0.01,0.0328995271426637,13,104,0.013,0.104,0.01,0.0980700630591585,0.00761282038935102,0.0221144423755797,0.0865710280982681,0.124459764622292,1,1,0
L1_190_R1,R1,1.6,5,70,10,42,190,Simulink standard-block model,1000,-0.000289477807473923,0.014445567660251,0.0151419995450346,0.0139102487014297,0.0154314773525086,1.08822316950777,0.014142135623731,0.0146190220008154,1.03372095910919,0.05,0.0232617430735335,43,281,0.043,0.281,0.05,0.270555877219046,0.0320786534117134,0.057419003844084,0.254019778306466,0.309656341910207,1,1,0
L1_190_R1,R1,1.6,5,70,10,42,190,Simulink standard-block model,1000,-0.000289477807473923,0.014445567660251,0.0151419995450346,0.0139102487014297,0.0154314773525086,1.08822316950777,0.014142135623731,0.0146190220008154,1.03372095910919,0.1,0.0181238760487365,98,410,0.098,0.41,0.1,0.402132736494693,0.0810820115233503,0.117994702299036,0.379917257646071,0.440771558881329,1,1,0
L1_191_R0,R0,1.6,5,70,20,42,191,Simulink standard-block model,1000,-0.000116947578914472,0.0201830994905748,0.0152925454846011,0.0207140615146991,0.0154094930635156,0.753509249957092,0.02,0.0146190220008154,0.730951100040772,0.01,0.0465269574808168,3,62,0.003,0.062,0.01,0.0553117684836862,0.00102078388113862,0.00878301405350318,0.0486641801199806,0.0786880603133656,0,1,0
L1_191_R0,R0,1.6,5,70,20,42,191,Simulink standard-block model,1000,-0.000116947578914472,0.0201830994905748,0.0152925454846011,0.0207140615146991,0.0154094930635156,0.753509249957092,0.02,0.0146190220008154,0.730951100040772,0.05,0.0328970725390295,44,195,0.044,0.195,0.05,0.180384032887192,0.0329382145884185,0.0585517891504078,0.171630093891899,0.22070422878429,1,1,0
L1_191_R0,R0,1.6,5,70,20,42,191,Simulink standard-block model,1000,-0.000116947578914472,0.0201830994905748,0.0152925454846011,0.0207140615146991,0.0154094930635156,0.753509249957092,0.02,0.0146190220008154,0.730951100040772,0.1,0.025631031310892,108,308,0.108,0.308,0.1,0.29095379484643,0.0902411985625519,0.128758980090123,0.28016622636313,0.337303248895323,1,1,0
L1_192_R1,R1,1.6,5,70,20,42,192,Simulink standard-block model,1000,-0.00121288032707882,0.0271941304477399,0.0151702578412036,0.028031871223377,0.0163831381682824,0.593244234620427,0.0282842712474619,0.0146190220008154,0.516860479554596,0.01,0.0657990542853275,10,35,0.01,0.035,0.01,0.0351876583776097,0.00544075444552925,0.0183094688703148,0.0252722630171129,0.0482866223744533,1,1,0
L1_192_R1,R1,1.6,5,70,20,42,192,Simulink standard-block model,1000,-0.00121288032707882,0.0271941304477399,0.0151702578412036,0.028031871223377,0.0163831381682824,0.593244234620427,0.0282842712474619,0.0146190220008154,0.516860479554596,0.05,0.046523486147067,39,131,0.039,0.131,0.05,0.129661406584069,0.0286589609041805,0.0528693104195014,0.111492506202009,0.153331641560331,1,1,0
L1_192_R1,R1,1.6,5,70,20,42,192,Simulink standard-block model,1000,-0.00121288032707882,0.0271941304477399,0.0151702578412036,0.028031871223377,0.0163831381682824,0.593244234620427,0.0282842712474619,0.0146190220008154,0.516860479554596,0.1,0.0362477520974729,80,229,0.08,0.229,0.1,0.222227757730481,0.0647480380983639,0.0984664390295024,0.204023129750525,0.256050973348646,0,1,0
L1_193_R0,R0,1.6,10,0,2.5,42,193,Simulink standard-block model,1000,-0.000259484723785782,0.00244974865982034,0.0100113384563033,0.00260042586432855,0.010270823180089,4.06570295453007,0.0025,0.01,4,0.01,0.0058158696851021,7,945,0.007,0.945,0.01,0.952900506156048,0.00339486840099076,0.0143783154657666,0.929091612322624,0.957502572625232,1,1,0
L1_193_R0,R0,1.6,10,0,2.5,42,193,Simulink standard-block model,1000,-0.000259484723785782,0.00244974865982034,0.0100113384563033,0.00260042586432855,0.010270823180089,4.06570295453007,0.0025,0.01,4,0.05,0.00411213406737868,31,987,0.031,0.987,0.05,0.990742294626505,0.0219240034471586,0.0436654960122921,0.97788555762442,0.992387179610649,0,1,0
L1_193_R0,R0,1.6,10,0,2.5,42,193,Simulink standard-block model,1000,-0.000259484723785782,0.00244974865982034,0.0100113384563033,0.00260042586432855,0.010270823180089,4.06570295453007,0.0025,0.01,4,0.1,0.0032038789138615,66,993,0.066,0.993,0.1,0.996720556084454,0.0522123504594858,0.083109275905976,0.985621684534233,0.996605131599009,0,0,0
L1_194_R1,R1,1.6,10,0,2.5,42,194,Simulink standard-block model,1000,-2.91876136128555e-05,0.00360910777999053,0.0100536990658906,0.00342222441270303,0.0100828866795035,2.86697510155676,0.00353553390593274,0.01,2.82842712474619,0.01,0.00822488178566593,7,703,0.007,0.703,0.01,0.692194112438242,0.00339486840099076,0.0143783154657666,0.673946035943871,0.730500300110993,1,1,0
L1_194_R1,R1,1.6,10,0,2.5,42,194,Simulink standard-block model,1000,-2.91876136128555e-05,0.00360910777999053,0.0100536990658906,0.00342222441270303,0.0100828866795035,2.86697510155676,0.00353553390593274,0.01,2.82842712474619,0.05,0.00581543576838337,50,899,0.05,0.899,0.05,0.881709031778347,0.0381302623927488,0.0653138202442508,0.878770257380926,0.916175989347601,1,1,0
L1_194_R1,R1,1.6,10,0,2.5,42,194,Simulink standard-block model,1000,-2.91876136128555e-05,0.00360910777999053,0.0100536990658906,0.00342222441270303,0.0100828866795035,2.86697510155676,0.00353553390593274,0.01,2.82842712474619,0.1,0.00453096901218412,112,949,0.112,0.949,0.1,0.939053372178593,0.0939195409088811,0.13305002367591,0.933564513655238,0.960999057224733,1,1,0
L1_195_R0,R0,1.6,10,0,5,42,195,Simulink standard-block model,1000,-3.93824244011705e-05,0.0049532256130587,0.0102298575107866,0.00496506586882893,0.0102692399351878,2.07076644935266,0.005,0.01,2,0.01,0.0116317393702042,8,407,0.008,0.407,0.01,0.372080585435494,0.0040591958188061,0.0157063345309801,0.376963148552451,0.437748628525863,1,0,0
L1_195_R0,R0,1.6,10,0,5,42,195,Simulink standard-block model,1000,-3.93824244011705e-05,0.0049532256130587,0.0102298575107866,0.00496506586882893,0.0102692399351878,2.07076644935266,0.005,0.01,2,0.05,0.00822426813475736,47,653,0.047,0.653,0.05,0.638760031312335,0.0355271051063845,0.0619399380815285,0.622961970657087,0.681867041246333,1,1,0
L1_195_R0,R0,1.6,10,0,5,42,195,Simulink standard-block model,1000,-3.93824244011705e-05,0.0049532256130587,0.0102298575107866,0.00496506586882893,0.0102692399351878,2.07076644935266,0.005,0.01,2,0.1,0.006407757827723,85,776,0.085,0.776,0.1,0.763759584105883,0.0692633185396546,0.103912891003356,0.749131065976961,0.800756563339013,1,1,0
L1_196_R1,R1,1.6,10,0,5,42,196,Simulink standard-block model,1000,0.000145597693314744,0.00715935569792915,0.00983296638348236,0.00679328904367295,0.00968736869016761,1.3881291261154,0.00707106781186548,0.01,1.4142135623731,0.01,0.0164497635713319,15,163,0.015,0.163,0.01,0.180849009034276,0.00911097880408167,0.0246009769269068,0.141403997659064,0.1871752375602,1,1,0
L1_196_R1,R1,1.6,10,0,5,42,196,Simulink standard-block model,1000,0.000145597693314744,0.00715935569792915,0.00983296638348236,0.00679328904367295,0.00968736869016761,1.3881291261154,0.00707106781186548,0.01,1.4142135623731,0.05,0.0116308715367667,52,386,0.052,0.386,0.05,0.40879721979387,0.0398730362837774,0.06755573931928,0.356317362994859,0.416555137939848,1,1,0
L1_196_R1,R1,1.6,10,0,5,42,196,Simulink standard-block model,1000,0.000145597693314744,0.00715935569792915,0.00983296638348236,0.00679328904367295,0.00968736869016761,1.3881291261154,0.00707106781186548,0.01,1.4142135623731,0.1,0.00906193802436823,113,543,0.113,0.543,0.1,0.552769650359353,0.0948403583164347,0.134121552751385,0.512019203315007,0.573651695455236,1,1,0
L1_197_R0,R0,1.6,10,0,10,42,197,Simulink standard-block model,1000,-1.94178431754319e-05,0.00983541808551092,0.00983322721669925,0.0102809198949675,0.00985264505987468,0.979326337385654,0.01,0.01,1,0.01,0.0232634787404084,4,96,0.004,0.096,0.01,0.0923622480736939,0.00155658814040843,0.0102395562772623,0.0792569000983968,0.115835120757932,1,1,0
L1_197_R0,R0,1.6,10,0,10,42,197,Simulink standard-block model,1000,-1.94178431754319e-05,0.00983541808551092,0.00983322721669925,0.0102809198949675,0.00985264505987468,0.979326337385654,0.01,0.01,1,0.05,0.0164485362695147,31,258,0.031,0.258,0.05,0.259511022841444,0.0219240034471586,0.0436654960122921,0.231844034393881,0.286008116713128,0,1,0
L1_197_R0,R0,1.6,10,0,10,42,197,Simulink standard-block model,1000,-1.94178431754319e-05,0.00983541808551092,0.00983322721669925,0.0102809198949675,0.00985264505987468,0.979326337385654,0.01,0.01,1,0.1,0.012815515655446,87,374,0.087,0.374,0.1,0.389143691645361,0.071074421452375,0.106086481056694,0.344546098127691,0.404418245010669,1,1,0
L1_198_R1,R1,1.6,10,0,10,42,198,Simulink standard-block model,1000,0.000841713391483884,0.0141024272820321,0.0103316602382692,0.0141620923580414,0.00948994684678535,0.671508012413949,0.014142135623731,0.01,0.707106781186548,0.01,0.0328995271426637,15,51,0.015,0.051,0.01,0.0526976998110202,0.00911097880408167,0.0246009769269068,0.0390009427752668,0.0664354863447617,1,1,0
L1_198_R1,R1,1.6,10,0,10,42,198,Simulink standard-block model,1000,0.000841713391483884,0.0141024272820321,0.0103316602382692,0.0141620923580414,0.00948994684678535,0.671508012413949,0.014142135623731,0.01,0.707106781186548,0.05,0.0232617430735335,61,197,0.061,0.197,0.05,0.174187261617932,0.0477797751260337,0.0775801188242837,0.173528161735785,0.222790853906461,1,1,0
L1_198_R1,R1,1.6,10,0,10,42,198,Simulink standard-block model,1000,0.000841713391483884,0.0141024272820321,0.0103316602382692,0.0141620923580414,0.00948994684678535,0.671508012413949,0.014142135623731,0.01,0.707106781186548,0.1,0.0181238760487365,104,300,0.104,0.3,0.1,0.282833427382102,0.0865710280982681,0.124459764622292,0.272406842477005,0.329123860917217,1,1,0
L1_199_R0,R0,1.6,10,0,20,42,199,Simulink standard-block model,1000,-0.000163563156131815,0.0206540771845529,0.00940813131683243,0.0196051437038637,0.00957169447296424,0.475341902168624,0.02,0.01,0.5,0.01,0.0465269574808168,15,31,0.015,0.031,0.01,0.0338989391228428,0.00911097880408167,0.0246009769269068,0.0219240034471586,0.0436654960122921,1,1,0
L1_199_R0,R0,1.6,10,0,20,42,199,Simulink standard-block model,1000,-0.000163563156131815,0.0206540771845529,0.00940813131683243,0.0196051437038637,0.00957169447296424,0.475341902168624,0.02,0.01,0.5,0.05,0.0328970725390295,55,115,0.055,0.115,0.05,0.12613489819343,0.0424974273747684,0.0709083876773756,0.0966834317874378,0.13626317224644,1,1,0
L1_199_R0,R0,1.6,10,0,20,42,199,Simulink standard-block model,1000,-0.000163563156131815,0.0206540771845529,0.00940813131683243,0.0196051437038637,0.00957169447296424,0.475341902168624,0.02,0.01,0.5,0.1,0.025631031310892,116,208,0.116,0.208,0.1,0.217239080427305,0.0976056770396338,0.137333273477273,0.183984695782381,0.234250131173183,1,1,0
L1_200_R1,R1,1.6,10,0,20,42,200,Simulink standard-block model,1000,0.00133160750189983,0.0292949935834171,0.0105215673407699,0.0272017631028822,0.00918995983887006,0.325103923453993,0.0282842712474619,0.01,0.353553390593274,0.01,0.0657990542853275,13,22,0.013,0.022,0.01,0.0242594909712077,0.00761282038935102,0.0221144423755797,0.0145727077647911,0.0330856733473996,1,1,0
L1_200_R1,R1,1.6,10,0,20,42,200,Simulink standard-block model,1000,0.00133160750189983,0.0292949935834171,0.0105215673407699,0.0272017631028822,0.00918995983887006,0.325103923453993,0.0282842712474619,0.01,0.353553390593274,0.05,0.046523486147067,64,95,0.064,0.095,0.05,0.098299794357987,0.0504362008982295,0.0809007325011745,0.0783452345790474,0.114754439794252,0,1,0
L1_200_R1,R1,1.6,10,0,20,42,200,Simulink standard-block model,1000,0.00133160750189983,0.0292949935834171,0.0105215673407699,0.0272017631028822,0.00918995983887006,0.325103923453993,0.0282842712474619,0.01,0.353553390593274,0.1,0.0362477520974729,114,170,0.114,0.17,0.1,0.176704258158225,0.0957616570972169,0.135192600453632,0.147991595638552,0.194534064961914,1,1,0
L1_201_R0,R0,1.6,10,10,2.5,42,201,Simulink standard-block model,1000,-3.53401366943227e-05,0.00253420111803162,0.0101816951064126,0.00249493469373707,0.0102170352431069,4.06301369324625,0.0025,0.0101542661188575,4.06170644754298,0.01,0.0058158696851021,9,954,0.009,0.954,0.01,0.958661343548243,0.00474206066747706,0.0170158161653381,0.939187796058381,0.965337507236735,1,1,0
L1_201_R0,R0,1.6,10,10,2.5,42,201,Simulink standard-block model,1000,-3.53401366943227e-05,0.00253420111803162,0.0101816951064126,0.00249493469373707,0.0102170352431069,4.06301369324625,0.0025,0.0101542661188575,4.06170644754298,0.05,0.00411213406737868,57,989,0.057,0.989,0.05,0.992172327089133,0.0442534403587159,0.0731370676594859,0.980410604299214,0.993846825901913,1,1,0
L1_201_R0,R0,1.6,10,10,2.5,42,201,Simulink standard-block model,1000,-3.53401366943227e-05,0.00253420111803162,0.0101816951064126,0.00249493469373707,0.0102170352431069,4.06301369324625,0.0025,0.0101542661188575,4.06170644754298,0.1,0.0032038789138615,110,998,0.11,0.998,0.1,0.997283351112437,0.0920793726718571,0.130905498946876,0.992737192136508,0.999451356411879,1,1,0
L1_202_R1,R1,1.6,10,10,2.5,42,202,Simulink standard-block model,1000,0.000100908493834096,0.00352656462118141,0.0104065811728608,0.00348950629513537,0.0103056726790267,2.93769234878614,0.00353553390593274,0.0101542661188575,2.87206017224676,0.01,0.00822488178566593,6,741,0.006,0.741,0.01,0.707368141555563,0.00275266914187637,0.0130281682418521,0.712961737400788,0.767193765009174,1,0,0
L1_202_R1,R1,1.6,10,10,2.5,42,202,Simulink standard-block model,1000,0.000100908493834096,0.00352656462118141,0.0104065811728608,0.00348950629513537,0.0103056726790267,2.93769234878614,0.00353553390593274,0.0101542661188575,2.87206017224676,0.05,0.00581543576838337,49,907,0.049,0.907,0.05,0.890127515007941,0.0372610346473606,0.0641907015066101,0.887408744234504,0.923476274358255,1,1,0
L1_202_R1,R1,1.6,10,10,2.5,42,202,Simulink standard-block model,1000,0.000100908493834096,0.00352656462118141,0.0104065811728608,0.00348950629513537,0.0103056726790267,2.93769234878614,0.00353553390593274,0.0101542661188575,2.87206017224676,0.1,0.00453096901218412,110,955,0.11,0.955,0.1,0.944139896421376,0.0920793726718571,0.130905498946876,0.940317162063777,0.966200487714368,1,1,0
L1_203_R0,R0,1.6,10,10,5,42,203,Simulink standard-block model,1000,-4.02087675061762e-05,0.00497245538294677,0.0101754649905562,0.00488969173119569,0.0102156737580624,2.07162069913729,0.005,0.0101542661188575,2.03085322377149,0.01,0.0116317393702042,8,386,0.008,0.386,0.01,0.383808019228726,0.0040591958188061,0.0157063345309801,0.356317362994859,0.416555137939848,1,1,0
L1_203_R0,R0,1.6,10,10,5,42,203,Simulink standard-block model,1000,-4.02087675061762e-05,0.00497245538294677,0.0101754649905562,0.00488969173119569,0.0102156737580624,2.07162069913729,0.005,0.0101542661188575,2.03085322377149,0.05,0.00822426813475736,46,652,0.046,0.652,0.05,0.650251516299107,0.034662492763265,0.0608122039416191,0.621946065573537,0.680890599846854,1,1,0
L1_203_R0,R0,1.6,10,10,5,42,203,Simulink standard-block model,1000,-4.02087675061762e-05,0.00497245538294677,0.0101754649905562,0.00488969173119569,0.0102156737580624,2.07162069913729,0.005,0.0101542661188575,2.03085322377149,0.1,0.006407757827723,91,782,0.091,0.782,0.1,0.773162295710142,0.0747047043716441,0.11042558406954,0.755356522794839,0.806485185419308,1,1,0
L1_204_R1,R1,1.6,10,10,5,42,204,Simulink standard-block model,1000,-3.55518368508867e-05,0.00730422887358342,0.0100503496190596,0.00675178926912479,0.0100859014559105,1.43399368236136,0.00707106781186548,0.0101542661188575,1.43603008612338,0.01,0.0164497635713319,14,173,0.014,0.173,0.01,0.186647636228491,0.00835757513042392,0.0233620341175357,0.150819234452952,0.197683465596602,1,1,0
L1_204_R1,R1,1.6,10,10,5,42,204,Simulink standard-block model,1000,-3.55518368508867e-05,0.00730422887358342,0.0100503496190596,0.00675178926912479,0.0100859014559105,1.43399368236136,0.00707106781186548,0.0101542661188575,1.43603008612338,0.05,0.0116308715367667,59,390,0.059,0.39,0.05,0.417292996764687,0.0460142982128005,0.0753609027714592,0.360245406369629,0.420596480497193,1,1,0
L1_204_R1,R1,1.6,10,10,5,42,204,Simulink standard-block model,1000,-3.55518368508867e-05,0.00730422887358342,0.0100503496190596,0.00675178926912479,0.0100859014559105,1.43399368236136,0.00707106781186548,0.0101542661188575,1.43603008612338,0.1,0.00906193802436823,112,531,0.112,0.531,0.1,0.561383776991963,0.0939195409088811,0.13305002367591,0.500010248391282,0.561752492582614,1,1,0
L1_205_R0,R0,1.6,10,10,10,42,205,Simulink standard-block model,1000,-0.000288944751926903,0.0101240366907263,0.0107296302830945,0.0101372106961508,0.0110185750350215,1.08764998476863,0.01,0.0101542661188575,1.01542661188574,0.01,0.0232634787404084,10,100,0.01,0.1,0.01,0.0949421833010551,0.00544075444552925,0.0183094688703148,0.0829094435930957,0.120151963195348,1,1,0
L1_205_R0,R0,1.6,10,10,10,42,205,Simulink standard-block model,1000,-0.000288944751926903,0.0101240366907263,0.0107296302830945,0.0101372106961508,0.0110185750350215,1.08764998476863,0.01,0.0101542661188575,1.01542661188574,0.05,0.0164485362695147,51,294,0.051,0.294,0.05,0.264534768208326,0.0390009427752668,0.0664354863447617,0.266594009020313,0.322982615475736,1,0,0
L1_205_R0,R0,1.6,10,10,10,42,205,Simulink standard-block model,1000,-0.000288944751926903,0.0101240366907263,0.0107296302830945,0.0101372106961508,0.0110185750350215,1.08764998476863,0.01,0.0101542661188575,1.01542661188574,0.1,0.012815515655446,95,432,0.095,0.432,0.1,0.395071488750803,0.0783452345790474,0.114754439794252,0.401616094456861,0.462904344697175,1,0,0
L1_206_R1,R1,1.6,10,10,10,42,206,Simulink standard-block model,1000,-0.000139663959413392,0.0138582204357502,0.0108837371338167,0.0141076166878712,0.0110234010932301,0.788316311215795,0.014142135623731,0.0101542661188575,0.718015043061691,0.01,0.0328995271426637,10,57,0.01,0.057,0.01,0.0538811519558384,0.00544075444552925,0.0183094688703148,0.0442534403587159,0.0731370676594859,1,1,0
L1_206_R1,R1,1.6,10,10,10,42,206,Simulink standard-block model,1000,-0.000139663959413392,0.0138582204357502,0.0108837371338167,0.0141076166878712,0.0110234010932301,0.788316311215795,0.014142135623731,0.0101542661188575,0.718015043061691,0.05,0.0232617430735335,48,188,0.048,0.188,0.05,0.177005174328686,0.0363933010208079,0.0630660886501339,0.164994709883769,0.213393187411218,1,1,0
L1_206_R1,R1,1.6,10,10,10,42,206,Simulink standard-block model,1000,-0.000139663959413392,0.0138582204357502,0.0108837371338167,0.0141076166878712,0.0110234010932301,0.788316311215795,0.014142135623731,0.0101542661188575,0.718015043061691,0.1,0.0181238760487365,94,310,0.094,0.31,0.1,0.286534798800075,0.0774341735737637,0.113673154316507,0.282107645065228,0.339346523159283,1,1,0
L1_207_R0,R0,1.6,10,10,20,42,207,Simulink standard-block model,1000,-0.000396501179325796,0.0199536643836965,0.00975773352653787,0.0197447015921788,0.0101542347058637,0.511562316808949,0.02,0.0101542661188575,0.507713305942872,0.01,0.0465269574808168,9,32,0.009,0.032,0.01,0.034483600160911,0.00474206066747706,0.0170158161653381,0.022757107858711,0.0448247380837687,1,1,0
L1_207_R0,R0,1.6,10,10,20,42,207,Simulink standard-block model,1000,-0.000396501179325796,0.0199536643836965,0.00975773352653787,0.0197447015921788,0.0101542347058637,0.511562316808949,0.02,0.0101542661188575,0.507713305942872,0.05,0.0328970725390295,50,130,0.05,0.13,0.05,0.127739815206263,0.0381302623927488,0.0653138202442508,0.110563774624842,0.152268026654469,1,1,0
L1_207_R0,R0,1.6,10,10,20,42,207,Simulink standard-block model,1000,-0.000396501179325796,0.0199536643836965,0.00975773352653787,0.0197447015921788,0.0101542347058637,0.511562316808949,0.02,0.0101542661188575,0.507713305942872,0.1,0.025631031310892,100,211,0.1,0.211,0.1,0.219513222068533,0.0829094435930957,0.120151963195348,0.186841372763546,0.237370493641105,1,1,0
L1_208_R1,R1,1.6,10,10,20,42,208,Simulink standard-block model,1000,-0.00100951567113986,0.0290742160991384,0.010288322275343,0.028501014425196,0.0112978379464829,0.392435357610234,0.0282842712474619,0.0101542661188575,0.359007521530845,0.01,0.0657990542853275,12,27,0.012,0.027,0.01,0.0245719929474043,0.00687764780640352,0.0208572684754983,0.018621382774295,0.0389987307530402,1,1,0
L1_208_R1,R1,1.6,10,10,20,42,208,Simulink standard-block model,1000,-0.00100951567113986,0.0290742160991384,0.010288322275343,0.028501014425196,0.0112978379464829,0.392435357610234,0.0282842712474619,0.0101542661188575,0.359007521530845,0.05,0.046523486147067,47,90,0.047,0.09,0.05,0.0992483879400659,0.0355271051063845,0.0619399380815285,0.0737961493150831,0.109341792643072,1,1,0
L1_208_R1,R1,1.6,10,10,20,42,208,Simulink standard-block model,1000,-0.00100951567113986,0.0290742160991384,0.010288322275343,0.028501014425196,0.0112978379464829,0.392435357610234,0.0282842712474619,0.0101542661188575,0.359007521530845,0.1,0.0362477520974729,104,182,0.104,0.182,0.1,0.178122433772932,0.0865710280982681,0.124459764622292,0.159317257228291,0.207116561168523,1,1,0
L1_209_R0,R0,1.6,10,20,2.5,42,209,Simulink standard-block model,1000,1.35297814366813e-05,0.00245332322828505,0.0106621580672933,0.00241343471215875,0.0106486282858566,4.37591956135981,0.0025,0.0106417777247591,4.25671108990365,0.01,0.0058158696851021,8,984,0.008,0.984,0.01,0.973219075340596,0.0040591958188061,0.0157063345309801,0.97416793978826,0.990127757997723,1,0,0
L1_209_R0,R0,1.6,10,20,2.5,42,209,Simulink standard-block model,1000,1.35297814366813e-05,0.00245332322828505,0.0106621580672933,0.00241343471215875,0.0106486282858566,4.37591956135981,0.0025,0.0106417777247591,4.25671108990365,0.05,0.00411213406737868,48,998,0.048,0.998,0.05,0.995497410475669,0.0363933010208079,0.0630660886501339,0.992737192136508,0.999451356411879,1,1,0
L1_209_R0,R0,1.6,10,20,2.5,42,209,Simulink standard-block model,1000,1.35297814366813e-05,0.00245332322828505,0.0106621580672933,0.00241343471215875,0.0106486282858566,4.37591956135981,0.0025,0.0106417777247591,4.25671108990365,0.1,0.0032038789138615,83,998,0.083,0.998,0.1,0.99853581889284,0.0674550214428993,0.101736495134054,0.992737192136508,0.999451356411879,1,1,0
L1_210_R1,R1,1.6,10,20,2.5,42,210,Simulink standard-block model,1000,8.11530642795977e-05,0.00351829829066086,0.0108537864791068,0.00346465573862084,0.0107726334148272,3.08531762525782,0.00353553390593274,0.0106417777247591,3.00994927722285,0.01,0.00822488178566593,12,769,0.012,0.769,0.01,0.752886550807771,0.00687764780640352,0.0208572684754983,0.741877667848642,0.794063536086129,1,1,0
L1_210_R1,R1,1.6,10,20,2.5,42,210,Simulink standard-block model,1000,8.11530642795977e-05,0.00351829829066086,0.0108537864791068,0.00346465573862084,0.0107726334148272,3.08531762525782,0.00353553390593274,0.0106417777247591,3.00994927722285,0.05,0.00581543576838337,49,926,0.049,0.926,0.05,0.913888505501575,0.0372610346473606,0.0641907015066101,0.908094594354414,0.940645007415893,1,1,0
L1_210_R1,R1,1.6,10,20,2.5,42,210,Simulink standard-block model,1000,8.11530642795977e-05,0.00351829829066086,0.0108537864791068,0.00346465573862084,0.0107726334148272,3.08531762525782,0.00353553390593274,0.0106417777247591,3.00994927722285,0.1,0.00453096901218412,96,964,0.096,0.964,0.1,0.958041527260576,0.0792569000983968,0.115835120757932,0.950564339532792,0.973884428592613,1,1,0
L1_211_R0,R0,1.6,10,20,5,42,211,Simulink standard-block model,1000,0.000218115226045104,0.00519561016906077,0.0103495673322519,0.00495168762838354,0.0101314521062067,1.99630018312568,0.005,0.0106417777247591,2.12835554495182,0.01,0.0116317393702042,13,383,0.013,0.383,0.01,0.421525532715311,0.00761282038935102,0.0221144423755797,0.353372731369608,0.413522730116012,1,0,0
L1_211_R0,R0,1.6,10,20,5,42,211,Simulink standard-block model,1000,0.000218115226045104,0.00519561016906077,0.0103495673322519,0.00495168762838354,0.0101314521062067,1.99630018312568,0.005,0.0106417777247591,2.12835554495182,0.05,0.00822426813475736,69,656,0.069,0.656,0.05,0.685630300878025,0.0548839455859113,0.0864147202286373,0.626010543555352,0.684795507797155,0,0,0
L1_211_R0,R0,1.6,10,20,5,42,211,Simulink standard-block model,1000,0.000218115226045104,0.00519561016906077,0.0103495673322519,0.00495168762838354,0.0101314521062067,1.99630018312568,0.005,0.0106417777247591,2.12835554495182,0.1,0.006407757827723,111,784,0.111,0.784,0.1,0.801447805095624,0.0929992104582496,0.131978007643512,0.757433410129127,0.808392991051078,1,1,0
L1_212_R1,R1,1.6,10,20,5,42,212,Simulink standard-block model,1000,5.86846164996713e-06,0.0072313662159819,0.0105597841941426,0.00724369764094375,0.0105539157324926,1.45821973665507,0.00707106781186548,0.0106417777247591,1.50497463861142,0.01,0.0164497635713319,10,211,0.01,0.211,0.01,0.205716851980869,0.00544075444552925,0.0183094688703148,0.186841372763546,0.237370493641105,1,1,0
L1_212_R1,R1,1.6,10,20,5,42,212,Simulink standard-block model,1000,5.86846164996713e-06,0.0072313662159819,0.0105597841941426,0.00724369764094375,0.0105539157324926,1.45821973665507,0.00707106781186548,0.0106417777247591,1.50497463861142,0.05,0.0116308715367667,49,447,0.049,0.447,0.05,0.444377801465859,0.0372610346473606,0.0641907015066101,0.416446007701489,0.47795962869798,1,1,0
L1_212_R1,R1,1.6,10,20,5,42,212,Simulink standard-block model,1000,5.86846164996713e-06,0.0072313662159819,0.0105597841941426,0.00724369764094375,0.0105539157324926,1.45821973665507,0.00707106781186548,0.0106417777247591,1.50497463861142,0.1,0.00906193802436823,108,570,0.108,0.57,0.1,0.588396875782294,0.0902411985625519,0.128758980090123,0.539105173730678,0.600359080081344,1,1,0
L1_213_R0,R0,1.6,10,20,10,42,213,Simulink standard-block model,1000,0.000126363988842441,0.0100263699505998,0.0107131802275368,0.00998882956294263,0.0105868162386944,1.05787580185249,0.01,0.0106417777247591,1.06417777247591,0.01,0.0232634787404084,9,102,0.009,0.102,0.01,0.103443792337337,0.00474206066747706,0.0170158161653381,0.0847391351848472,0.122306964569655,1,1,0
L1_213_R0,R0,1.6,10,20,10,42,213,Simulink standard-block model,1000,0.000126363988842441,0.0100263699505998,0.0107131802275368,0.00998882956294263,0.0105868162386944,1.05787580185249,0.01,0.0106417777247591,1.06417777247591,0.05,0.0164485362695147,52,282,0.052,0.282,0.05,0.280729469000845,0.0398730362837774,0.06755573931928,0.254986025213541,0.310682441486161,1,1,0
L1_213_R0,R0,1.6,10,20,10,42,213,Simulink standard-block model,1000,0.000126363988842441,0.0100263699505998,0.0107131802275368,0.00998882956294263,0.0105868162386944,1.05787580185249,0.01,0.0106417777247591,1.06417777247591,0.1,0.012815515655446,97,411,0.097,0.411,0.1,0.413958526510532,0.080169161790323,0.116915205549034,0.380902219801824,0.441778943208604,1,1,0
L1_214_R1,R1,1.6,10,20,10,42,214,Simulink standard-block model,1000,-0.000193688354285576,0.0139610425514212,0.0111668738951363,0.0138976328143431,0.0113605622494219,0.815583129662582,0.014142135623731,0.0106417777247591,0.752487319305712,0.01,0.0328995271426637,9,68,0.009,0.068,0.01,0.0577598454387323,0.00474206066747706,0.0170158161653381,0.0539924578085301,0.0853138615229895,1,1,0
L1_214_R1,R1,1.6,10,20,10,42,214,Simulink standard-block model,1000,-0.000193688354285576,0.0139610425514212,0.0111668738951363,0.0138976328143431,0.0113605622494219,0.815583129662582,0.014142135623731,0.0106417777247591,0.752487319305712,0.05,0.0232617430735335,50,191,0.05,0.191,0.05,0.186098312006579,0.0381302623927488,0.0653138202442508,0.167836932315495,0.216528004428578,1,1,0
L1_214_R1,R1,1.6,10,20,10,42,214,Simulink standard-block model,1000,-0.000193688354285576,0.0139610425514212,0.0111668738951363,0.0138976328143431,0.0113605622494219,0.815583129662582,0.014142135623731,0.0106417777247591,0.752487319305712,0.1,0.0181238760487365,102,301,0.102,0.301,0.1,0.298380441426836,0.0847391351848472,0.122306964569655,0.27337621044619,0.330146839431061,1,1,0
L1_215_R0,R0,1.6,10,20,20,42,215,Simulink standard-block model,1000,0.000930955694258089,0.0204959164359051,0.0109075883795665,0.0192601401319708,0.00997663268530841,0.501650176460387,0.02,0.0106417777247591,0.532088886237956,0.01,0.0465269574808168,12,36,0.012,0.036,0.01,0.0363859204355487,0.00687764780640352,0.0208572684754983,0.0261155714073873,0.0494356604672078,1,1,0
L1_215_R0,R0,1.6,10,20,20,42,215,Simulink standard-block model,1000,0.000930955694258089,0.0204959164359051,0.0109075883795665,0.0192601401319708,0.00997663268530841,0.501650176460387,0.02,0.0106417777247591,0.532088886237956,0.05,0.0328970725390295,54,130,0.054,0.13,0.05,0.132904741152724,0.0416213137230627,0.0697921548460524,0.110563774624842,0.152268026654469,1,1,0
L1_215_R0,R0,1.6,10,20,20,42,215,Simulink standard-block model,1000,0.000930955694258089,0.0204959164359051,0.0109075883795665,0.0192601401319708,0.00997663268530841,0.501650176460387,0.02,0.0106417777247591,0.532088886237956,0.1,0.025631031310892,108,228,0.108,0.228,0.1,0.226789192350719,0.0902411985625519,0.128758980090123,0.2030667729482,0.255014983667942,1,1,0
L1_216_R1,R1,1.6,10,20,20,42,216,Simulink standard-block model,1000,-0.00121301727866942,0.0283782037777162,0.0111322417831786,0.027632240616744,0.012345259061848,0.44078080293392,0.0282842712474619,0.0106417777247591,0.376243659652856,0.01,0.0657990542853275,7,22,0.007,0.022,0.01,0.0255818495268427,0.00339486840099076,0.0143783154657666,0.0145727077647911,0.0330856733473996,1,1,0
L1_216_R1,R1,1.6,10,20,20,42,216,Simulink standard-block model,1000,-0.00121301727866942,0.0283782037777162,0.0111322417831786,0.027632240616744,0.012345259061848,0.44078080293392,0.0282842712474619,0.0106417777247591,0.376243659652856,0.05,0.046523486147067,46,96,0.046,0.096,0.05,0.10229010380713,0.034662492763265,0.0608122039416191,0.0792569000983968,0.115835120757932,1,1,0
L1_216_R1,R1,1.6,10,20,20,42,216,Simulink standard-block model,1000,-0.00121301727866942,0.0283782037777162,0.0111322417831786,0.027632240616744,0.012345259061848,0.44078080293392,0.0282842712474619,0.0106417777247591,0.376243659652856,0.1,0.0362477520974729,91,180,0.091,0.18,0.1,0.1826511446163,0.0747047043716441,0.11042558406954,0.157426892528743,0.205022232902012,1,1,0
L1_217_R0,R0,1.6,10,30,2.5,42,217,Simulink standard-block model,1000,-3.63765531780058e-06,0.00243682607927456,0.011522816498793,0.00253519855520135,0.0115264541541108,4.6356161224265,0.0025,0.0115470053837925,4.61880215351701,0.01,0.0058158696851021,9,988,0.009,0.988,0.01,0.989060278532013,0.00474206066747706,0.0170158161653381,0.979142731524502,0.993122352193596,1,1,0
L1_217_R0,R0,1.6,10,30,2.5,42,217,Simulink standard-block model,1000,-3.63765531780058e-06,0.00243682607927456,0.011522816498793,0.00253519855520135,0.0115264541541108,4.6356161224265,0.0025,0.0115470053837925,4.61880215351701,0.05,0.00411213406737868,48,998,0.048,0.998,0.05,0.998530028060461,0.0363933010208079,0.0630660886501339,0.992737192136508,0.999451356411879,1,1,0
L1_217_R0,R0,1.6,10,30,2.5,42,217,Simulink standard-block model,1000,-3.63765531780058e-06,0.00243682607927456,0.011522816498793,0.00253519855520135,0.0115264541541108,4.6356161224265,0.0025,0.0115470053837925,4.61880215351701,0.1,0.0032038789138615,87,1000,0.087,1,0.1,0.999576941878688,0.071074421452375,0.106086481056694,0.996173241514445,1,1,1,0
L1_218_R1,R1,1.6,10,30,2.5,42,218,Simulink standard-block model,1000,-9.24082559976673e-05,0.00354577255448822,0.0114181537816798,0.00350823021818939,0.0115105620376775,3.26350850522934,0.00353553390593274,0.0115470053837925,3.2659863237109,0.01,0.00822488178566593,7,820,0.007,0.82,0.01,0.82629847662347,0.00339486840099076,0.0143783154657666,0.794977767097988,0.842573107471257,1,1,0
L1_218_R1,R1,1.6,10,30,2.5,42,218,Simulink standard-block model,1000,-9.24082559976673e-05,0.00354577255448822,0.0114181537816798,0.00350823021818939,0.0115105620376775,3.26350850522934,0.00353553390593274,0.0115470053837925,3.2659863237109,0.05,0.00581543576838337,44,943,0.044,0.943,0.05,0.94750540848145,0.0329382145884185,0.0585517891504078,0.926862932340514,0.955746559641284,1,1,0
L1_218_R1,R1,1.6,10,30,2.5,42,218,Simulink standard-block model,1000,-9.24082559976673e-05,0.00354577255448822,0.0114181537816798,0.00350823021818939,0.0115105620376775,3.26350850522934,0.00353553390593274,0.0115470053837925,3.2659863237109,0.1,0.00453096901218412,94,977,0.094,0.977,0.1,0.976396302780543,0.0774341735737637,0.113673154316507,0.965723549337773,0.984625723067007,1,1,0
L1_219_R0,R0,1.6,10,30,5,42,219,Simulink standard-block model,1000,1.26320803993012e-05,0.00490744177868556,0.0114531766466254,0.00499481293818657,0.0114405445662261,2.31060492513973,0.005,0.0115470053837925,2.3094010767585,0.01,0.0116317393702042,13,487,0.013,0.487,0.01,0.493239529642583,0.00761282038935102,0.0221144423755797,0.456129764450641,0.517969731269983,1,1,0
L1_219_R0,R0,1.6,10,30,5,42,219,Simulink standard-block model,1000,1.26320803993012e-05,0.00490744177868556,0.0114531766466254,0.00499481293818657,0.0114405445662261,2.31060492513973,0.005,0.0115470053837925,2.3094010767585,0.05,0.00822426813475736,48,740,0.048,0.74,0.05,0.746830004913777,0.0363933010208079,0.0630660886501339,0.711931774434564,0.766231381492369,1,1,0
L1_219_R0,R0,1.6,10,30,5,42,219,Simulink standard-block model,1000,1.26320803993012e-05,0.00490744177868556,0.0114531766466254,0.00499481293818657,0.0114405445662261,2.31060492513973,0.005,0.0115470053837925,2.3094010767585,0.1,0.006407757827723,98,841,0.098,0.841,0.1,0.847989688860439,0.0810820115233503,0.117994702299036,0.817036453459776,0.862353697253076,1,1,0
L1_220_R1,R1,1.6,10,30,5,42,220,Simulink standard-block model,1000,-0.000397643660451849,0.00693757423077207,0.0114463392925362,0.00724737756197224,0.011843982952988,1.66953816394257,0.00707106781186548,0.0115470053837925,1.63299316185545,0.01,0.0164497635713319,7,241,0.007,0.241,0.01,0.244043487828629,0.00339486840099076,0.0143783154657666,0.215515307986809,0.268466952908709,1,1,0
L1_220_R1,R1,1.6,10,30,5,42,220,Simulink standard-block model,1000,-0.000397643660451849,0.00693757423077207,0.0114463392925362,0.00724737756197224,0.011843982952988,1.66953816394257,0.00707106781186548,0.0115470053837925,1.63299316185545,0.05,0.0116308715367667,46,483,0.046,0.483,0.05,0.495268469939453,0.034662492763265,0.0608122039416191,0.452152469749597,0.513977640038912,1,1,0
L1_220_R1,R1,1.6,10,30,5,42,220,Simulink standard-block model,1000,-0.000397643660451849,0.00693757423077207,0.0114463392925362,0.00724737756197224,0.011843982952988,1.66953816394257,0.00707106781186548,0.0115470053837925,1.63299316185545,0.1,0.00906193802436823,83,612,0.083,0.612,0.1,0.637371459641792,0.0674550214428993,0.101736495134054,0.581423924576421,0.641718881522814,1,1,0
L1_221_R0,R0,1.6,10,30,10,42,221,Simulink standard-block model,1000,-0.000470768335022868,0.00951572043810646,0.0112596689211631,0.00938846802304665,0.0117304372561859,1.24101296629027,0.01,0.0115470053837925,1.15470053837925,0.01,0.0232634787404084,7,94,0.007,0.094,0.01,0.12066933755221,0.00339486840099076,0.0143783154657666,0.0774341735737637,0.113673154316507,1,0,0
L1_221_R0,R0,1.6,10,30,10,42,221,Simulink standard-block model,1000,-0.000470768335022868,0.00951572043810646,0.0112596689211631,0.00938846802304665,0.0117304372561859,1.24101296629027,0.01,0.0115470053837925,1.15470053837925,0.05,0.0164485362695147,41,274,0.041,0.274,0.05,0.312012786818454,0.0303649710820983,0.0551479932076413,0.247260824775437,0.302468870060034,1,0,0
L1_221_R0,R0,1.6,10,30,10,42,221,Simulink standard-block model,1000,-0.000470768335022868,0.00951572043810646,0.0112596689211631,0.00938846802304665,0.0117304372561859,1.24101296629027,0.01,0.0115470053837925,1.15470053837925,0.1,0.012815515655446,83,438,0.083,0.438,0.1,0.449529154036291,0.0674550214428993,0.101736495134054,0.407544656438253,0.468929861613956,1,1,0
L1_222_R1,R1,1.6,10,30,10,42,222,Simulink standard-block model,1000,-2.1149329773184e-05,0.0134877870240065,0.0118629177038393,0.0139783443020894,0.0118840670336125,0.865223563112331,0.014142135623731,0.0115470053837925,0.816496580927726,0.01,0.0328995271426637,5,61,0.005,0.061,0.01,0.0655406866825139,0.00213753552732446,0.0116509553733751,0.0477797751260337,0.0775801188242837,1,1,0
L1_222_R1,R1,1.6,10,30,10,42,222,Simulink standard-block model,1000,-2.1149329773184e-05,0.0134877870240065,0.0118629177038393,0.0139783443020894,0.0118840670336125,0.865223563112331,0.014142135623731,0.0115470053837925,0.816496580927726,0.05,0.0232617430735335,44,206,0.044,0.206,0.05,0.203734162463038,0.0329382145884185,0.0585517891504078,0.182081391132891,0.232168742856615,1,1,0
L1_222_R1,R1,1.6,10,30,10,42,222,Simulink standard-block model,1000,-2.1149329773184e-05,0.0134877870240065,0.0118629177038393,0.0139783443020894,0.0118840670336125,0.865223563112331,0.014142135623731,0.0115470053837925,0.816496580927726,0.1,0.0181238760487365,87,329,0.087,0.329,0.1,0.320946040684534,0.071074421452375,0.106086481056694,0.300581715278035,0.358727036124025,1,1,0
L1_223_R0,R0,1.6,10,30,20,42,223,Simulink standard-block model,1000,-0.000657613375314424,0.0202497341024493,0.0123387841059056,0.0201655611676474,0.0129963974812201,0.643141128011803,0.02,0.0115470053837925,0.577350269189626,0.01,0.0465269574808168,7,57,0.007,0.057,0.01,0.0401457167142501,0.00339486840099076,0.0143783154657666,0.0442534403587159,0.0731370676594859,1,0,0
L1_223_R0,R0,1.6,10,30,20,42,223,Simulink standard-block model,1000,-0.000657613375314424,0.0202497341024493,0.0123387841059056,0.0201655611676474,0.0129963974812201,0.643141128011803,0.02,0.0115470053837925,0.577350269189626,0.05,0.0328970725390295,46,149,0.046,0.149,0.05,0.142872299104373,0.034662492763265,0.0608122039416191,0.128274360936936,0.172412023519924,1,1,0
L1_223_R0,R0,1.6,10,30,20,42,223,Simulink standard-block model,1000,-0.000657613375314424,0.0202497341024493,0.0123387841059056,0.0201655611676474,0.0129963974812201,0.643141128011803,0.02,0.0115470053837925,0.577350269189626,0.1,0.025631031310892,100,255,0.1,0.255,0.1,0.240653711918161,0.0829094435930957,0.120151963195348,0.228958537050923,0.282916574606999,1,1,0
L1_224_R1,R1,1.6,10,30,20,42,224,Simulink standard-block model,1000,0.000607905405279008,0.0274936420073894,0.00943956389048157,0.0291722384466715,0.00883165848520256,0.311573244891276,0.0282842712474619,0.0115470053837925,0.408248290463863,0.01,0.0657990542853275,8,23,0.008,0.023,0.01,0.0275491926358683,0.0040591958188061,0.0157063345309801,0.0153742769329929,0.0342764506622267,1,1,0
L1_224_R1,R1,1.6,10,30,20,42,224,Simulink standard-block model,1000,0.000607905405279008,0.0274936420073894,0.00943956389048157,0.0291722384466715,0.00883165848520256,0.311573244891276,0.0282842712474619,0.0115470053837925,0.408248290463863,0.05,0.046523486147067,52,95,0.052,0.095,0.05,0.108116818885625,0.0398730362837774,0.06755573931928,0.0783452345790474,0.114754439794252,1,1,0
L1_224_R1,R1,1.6,10,30,20,42,224,Simulink standard-block model,1000,0.000607905405279008,0.0274936420073894,0.00943956389048157,0.0291722384466715,0.00883165848520256,0.311573244891276,0.0282842712474619,0.0115470053837925,0.408248290463863,0.1,0.0362477520974729,98,190,0.098,0.19,0.1,0.191248897951025,0.0810820115233503,0.117994702299036,0.166889270064403,0.215483320196641,1,1,0
L1_225_R0,R0,1.6,10,40,2.5,42,225,Simulink standard-block model,1000,1.99303631980543e-05,0.00255773124952692,0.0130284508960264,0.00242102840927361,0.0130085205328283,5.22363827306441,0.0025,0.0130540728933228,5.22162915732912,0.01,0.0058158696851021,9,999,0.009,0.999,0.01,0.998105905426924,0.00474206066747706,0.0170158161653381,0.994357441402042,0.999823453629374,1,1,0
L1_225_R0,R0,1.6,10,40,2.5,42,225,Simulink standard-block model,1000,1.99303631980543e-05,0.00255773124952692,0.0130284508960264,0.00242102840927361,0.0130085205328283,5.22363827306441,0.0025,0.0130540728933228,5.22162915732912,0.05,0.00411213406737868,59,1000,0.059,1,0.05,0.999826070682333,0.0460142982128005,0.0753609027714592,0.996173241514445,1,1,1,0
L1_225_R0,R0,1.6,10,40,2.5,42,225,Simulink standard-block model,1000,1.99303631980543e-05,0.00255773124952692,0.0130284508960264,0.00242102840927361,0.0130085205328283,5.22363827306441,0.0025,0.0130540728933228,5.22162915732912,0.1,0.0032038789138615,113,1000,0.113,1,0.1,0.999959272370499,0.0948403583164347,0.134121552751385,0.996173241514445,1,1,1,0
L1_226_R1,R1,1.6,10,40,2.5,42,226,Simulink standard-block model,1000,3.15618694269659e-07,0.00362052816575009,0.0128735120651402,0.00342757991072044,0.012873196446446,3.65158285750634,0.00353553390593274,0.0130540728933228,3.69224938598882,0.01,0.00822488178566593,13,919,0.013,0.919,0.01,0.914015060934021,0.00761282038935102,0.0221144423755797,0.900442797930305,0.9343503784588,1,1,0
L1_226_R1,R1,1.6,10,40,2.5,42,226,Simulink standard-block model,1000,3.15618694269659e-07,0.00362052816575009,0.0128735120651402,0.00342757991072044,0.012873196446446,3.65158285750634,0.00353553390593274,0.0130540728933228,3.69224938598882,0.05,0.00581543576838337,55,981,0.055,0.981,0.05,0.979690378776953,0.0424974273747684,0.0709083876773756,0.970515544087687,0.987803114249209,1,1,0
L1_226_R1,R1,1.6,10,40,2.5,42,226,Simulink standard-block model,1000,3.15618694269659e-07,0.00362052816575009,0.0128735120651402,0.00342757991072044,0.012873196446446,3.65158285750634,0.00353553390593274,0.0130540728933228,3.69224938598882,0.1,0.00453096901218412,110,988,0.11,0.988,0.1,0.992038982923327,0.0920793726718571,0.130905498946876,0.979142731524502,0.993122352193596,1,1,0
L1_227_R0,R0,1.6,10,40,5,42,227,Simulink standard-block model,1000,-7.25100027085666e-05,0.00483102324607727,0.0126328446934943,0.00512865905017335,0.0127053546962029,2.55021893470236,0.005,0.0130540728933228,2.61081457866456,0.01,0.0116317393702042,4,580,0.004,0.58,0.01,0.611973626818649,0.00155658814040843,0.0102395562772623,0.549160400801092,0.61022731784122,1,0,0
L1_227_R0,R0,1.6,10,40,5,42,227,Simulink standard-block model,1000,-7.25100027085666e-05,0.00483102324607727,0.0126328446934943,0.00512865905017335,0.0127053546962029,2.55021893470236,0.005,0.0130540728933228,2.61081457866456,0.05,0.00822426813475736,36,808,0.036,0.808,0.05,0.832968139630228,0.0261155714073873,0.0494356604672078,0.782427564084039,0.831215152688859,0,0,0
L1_227_R0,R0,1.6,10,40,5,42,227,Simulink standard-block model,1000,-7.25100027085666e-05,0.00483102324607727,0.0126328446934943,0.00512865905017335,0.0127053546962029,2.55021893470236,0.005,0.0130540728933228,2.61081457866456,0.1,0.006407757827723,92,888,0.092,0.888,0.1,0.908119393829336,0.0756138995679689,0.111508735356244,0.86694997632409,0.906080459091119,1,0,0
L1_228_R1,R1,1.6,10,40,5,42,228,Simulink standard-block model,1000,-0.000174074669779036,0.00686949427861436,0.0131026556331093,0.00713296715694668,0.0132767303028883,1.89600673896116,0.00707106781186548,0.0130540728933228,1.84612469299441,0.01,0.0164497635713319,10,320,0.01,0.32,0.01,0.315534352645136,0.00544075444552925,0.0183094688703148,0.291824008981442,0.349553624073358,1,1,0
L1_228_R1,R1,1.6,10,40,5,42,228,Simulink standard-block model,1000,-0.000174074669779036,0.00686949427861436,0.0131026556331093,0.00713296715694668,0.0132767303028883,1.89600673896116,0.00707106781186548,0.0130540728933228,1.84612469299441,0.05,0.0116308715367667,50,585,0.05,0.585,0.05,0.579756687223089,0.0381302623927488,0.0653138202442508,0.554192811303858,0.615156639753597,1,1,0
L1_228_R1,R1,1.6,10,40,5,42,228,Simulink standard-block model,1000,-0.000174074669779036,0.00686949427861436,0.0131026556331093,0.00713296715694668,0.0132767303028883,1.89600673896116,0.00707106781186548,0.0130540728933228,1.84612469299441,0.1,0.00906193802436823,85,717,0.085,0.717,0.1,0.713817926197898,0.0692633185396546,0.103912891003356,0.688291627805502,0.744047559011767,1,1,0
L1_229_R0,R0,1.6,10,40,10,42,229,Simulink standard-block model,1000,-0.000260985937977394,0.0100440870717279,0.0132995841100772,0.0102478428713573,0.0135605700480546,1.33648071007939,0.01,0.0130540728933228,1.30540728933228,0.01,0.0232634787404084,8,167,0.008,0.167,0.01,0.153641294676586,0.0040591958188061,0.0157063345309801,0.14516656150471,0.19138205964667,1,1,0
L1_229_R0,R0,1.6,10,40,10,42,229,Simulink standard-block model,1000,-0.000260985937977394,0.0100440870717279,0.0132995841100772,0.0102478428713573,0.0135605700480546,1.33648071007939,0.01,0.0130540728933228,1.30540728933228,0.05,0.0164485362695147,47,369,0.047,0.369,0.05,0.367136758038193,0.0355271051063845,0.0619399380815285,0.339647161158771,0.399355449564444,1,1,0
L1_229_R0,R0,1.6,10,40,10,42,229,Simulink standard-block model,1000,-0.000260985937977394,0.0100440870717279,0.0132995841100772,0.0102478428713573,0.0135605700480546,1.33648071007939,0.01,0.0130540728933228,1.30540728933228,0.1,0.012815515655446,99,520,0.099,0.52,0.1,0.50951615423974,0.0819954413686654,0.11907361893675,0.489017724657519,0.550829205003059,1,1,0
L1_230_R1,R1,1.6,10,40,10,42,230,Simulink standard-block model,1000,-0.000578946948284526,0.0137940484962461,0.0131930889275638,0.0142861951544904,0.0137720358758484,0.980755104163724,0.014142135623731,0.0130540728933228,0.923062346497204,0.01,0.0328995271426637,6,77,0.006,0.077,0.01,0.0802658560539193,0.00275266914187637,0.0130281682418521,0.0620479070606059,0.0951895306181737,1,1,0
L1_230_R1,R1,1.6,10,40,10,42,230,Simulink standard-block model,1000,-0.000578946948284526,0.0137940484962461,0.0131930889275638,0.0142861951544904,0.0137720358758484,0.980755104163724,0.014142135623731,0.0130540728933228,0.923062346497204,0.05,0.0232617430735335,42,243,0.042,0.243,0.05,0.235211405582593,0.0312208855461654,0.0562844252266031,0.217433462297087,0.270533491564489,1,1,0
L1_230_R1,R1,1.6,10,40,10,42,230,Simulink standard-block model,1000,-0.000578946948284526,0.0137940484962461,0.0131930889275638,0.0142861951544904,0.0137720358758484,0.980755104163724,0.014142135623731,0.0130540728933228,0.923062346497204,0.1,0.0181238760487365,87,360,0.087,0.36,0.1,0.359988617233875,0.071074421452375,0.106086481056694,0.330837729771896,0.390233762604059,1,1,0
L1_231_R0,R0,1.6,10,40,20,42,231,Simulink standard-block model,1000,-0.000883182706009787,0.020151072221961,0.0130985845804134,0.0202674544977154,0.0139817672864232,0.691846559453364,0.02,0.0130540728933228,0.652703644666139,0.01,0.0465269574808168,10,51,0.01,0.051,0.01,0.0471002702673235,0.00544075444552925,0.0183094688703148,0.0390009427752668,0.0664354863447617,1,1,0
L1_231_R0,R0,1.6,10,40,20,42,231,Simulink standard-block model,1000,-0.000883182706009787,0.020151072221961,0.0130985845804134,0.0202674544977154,0.0139817672864232,0.691846559453364,0.02,0.0130540728933228,0.652703644666139,0.05,0.0328970725390295,38,169,0.038,0.169,0.05,0.160562183782807,0.0278090045093026,0.0517269203313503,0.147049625485814,0.193483688631624,1,1,0
L1_231_R0,R0,1.6,10,40,20,42,231,Simulink standard-block model,1000,-0.000883182706009787,0.020151072221961,0.0130985845804134,0.0202674544977154,0.0139817672864232,0.691846559453364,0.02,0.0130540728933228,0.652703644666139,0.1,0.025631031310892,93,266,0.093,0.266,0.1,0.264724311910867,0.0765237256417453,0.112591255765497,0.239546723214432,0.294244199756808,1,1,0
L1_232_R1,R1,1.6,10,40,20,42,232,Simulink standard-block model,1000,0.0017338574515701,0.0283023941567698,0.0124031078031177,0.0287450590371494,0.0106692503515476,0.37403700127881,0.0282842712474619,0.0130540728933228,0.461531173248602,0.01,0.0657990542853275,9,34,0.009,0.034,0.01,0.0311035507669097,0.00474206066747706,0.0170158161653381,0.0244313486632263,0.0471351902453111,1,1,0
L1_232_R1,R1,1.6,10,40,20,42,232,Simulink standard-block model,1000,0.0017338574515701,0.0283023941567698,0.0124031078031177,0.0287450590371494,0.0106692503515476,0.37403700127881,0.0282842712474619,0.0130540728933228,0.461531173248602,0.05,0.046523486147067,57,121,0.057,0.121,0.05,0.118340688631049,0.0442534403587159,0.0731370676594859,0.10222378228921,0.142676900642841,1,1,0
L1_232_R1,R1,1.6,10,40,20,42,232,Simulink standard-block model,1000,0.0017338574515701,0.0283023941567698,0.0124031078031177,0.0287450590371494,0.0106692503515476,0.37403700127881,0.0282842712474619,0.0130540728933228,0.461531173248602,0.1,0.0362477520974729,98,215,0.098,0.215,0.1,0.206102241088618,0.0810820115233503,0.117994702299036,0.19065343629138,0.241527816045387,1,1,0
L1_233_R0,R0,1.6,10,50,2.5,42,233,Simulink standard-block model,1000,3.21082569870423e-05,0.00252127054066029,0.0154670930932631,0.00245532072700176,0.0154349848362761,6.20249036831767,0.0025,0.0155572382686041,6.22289530744165,0.01,0.0058158696851021,9,1000,0.009,1,0.01,0.999951213147687,0.00474206066747706,0.0170158161653381,0.996173241514445,1,1,1,0
L1_233_R0,R0,1.6,10,50,2.5,42,233,Simulink standard-block model,1000,3.21082569870423e-05,0.00252127054066029,0.0154670930932631,0.00245532072700176,0.0154349848362761,6.20249036831767,0.0025,0.0155572382686041,6.22289530744165,0.05,0.00411213406737868,42,1000,0.042,1,0.05,0.999997653254064,0.0312208855461654,0.0562844252266031,0.996173241514445,1,1,1,0
L1_233_R0,R0,1.6,10,50,2.5,42,233,Simulink standard-block model,1000,3.21082569870423e-05,0.00252127054066029,0.0154670930932631,0.00245532072700176,0.0154349848362761,6.20249036831767,0.0025,0.0155572382686041,6.22289530744165,0.1,0.0032038789138615,91,1000,0.091,1,0.1,0.999999612070084,0.0747047043716441,0.11042558406954,0.996173241514445,1,1,1,0
L1_234_R1,R1,1.6,10,50,2.5,42,234,Simulink standard-block model,1000,0.000208352392727238,0.00355349077985923,0.0156342593381705,0.00343978626311484,0.0154259069454433,4.41105600902213,0.00353553390593274,0.0155572382686041,4.40025147050594,0.01,0.00822488178566593,9,983,0.009,0.983,0.01,0.980955867511263,0.00474206066747706,0.0170158161653381,0.97294404115977,0.989359310143184,1,1,0
L1_234_R1,R1,1.6,10,50,2.5,42,234,Simulink standard-block model,1000,0.000208352392727238,0.00355349077985923,0.0156342593381705,0.00343978626311484,0.0154259069454433,4.41105600902213,0.00353553390593274,0.0155572382686041,4.40025147050594,0.05,0.00581543576838337,55,996,0.055,0.996,0.05,0.997068959637684,0.0424974273747684,0.0709083876773756,0.989760443722738,0.998443411859592,1,1,0
L1_234_R1,R1,1.6,10,50,2.5,42,234,Simulink standard-block model,1000,0.000208352392727238,0.00355349077985923,0.0156342593381705,0.00343978626311484,0.0154259069454433,4.41105600902213,0.00353553390593274,0.0155572382686041,4.40025147050594,0.1,0.00453096901218412,113,1000,0.113,1,0.1,0.999091745646868,0.0948403583164347,0.134121552751385,0.996173241514445,1,1,1,0
L1_235_R0,R0,1.6,10,50,5,42,235,Simulink standard-block model,1000,0.000166571654614229,0.00490711876694067,0.0153738546244167,0.00483714230615256,0.0152072829698025,3.12119938966917,0.005,0.0155572382686041,3.11144765372083,0.01,0.0116317393702042,9,777,0.009,0.777,0.01,0.783802465549839,0.00474206066747706,0.0170158161653381,0.750168106027899,0.801711869771104,1,1,0
L1_235_R0,R0,1.6,10,50,5,42,235,Simulink standard-block model,1000,0.000166571654614229,0.00490711876694067,0.0153738546244167,0.00483714230615256,0.0152072829698025,3.12119938966917,0.005,0.0155572382686041,3.11144765372083,0.05,0.00822426813475736,56,931,0.056,0.931,0.05,0.928756737041888,0.043374813385442,0.072023348149731,0.913585279771363,0.945116054414089,1,1,0
L1_235_R0,R0,1.6,10,50,5,42,235,Simulink standard-block model,1000,0.000166571654614229,0.00490711876694067,0.0153738546244167,0.00483714230615256,0.0152072829698025,3.12119938966917,0.005,0.0155572382686041,3.11144765372083,0.1,0.006407757827723,101,967,0.101,0.967,0.1,0.966367260742976,0.0838240106523991,0.121229742619074,0.954018735532918,0.976407072041573,1,1,0
L1_236_R1,R1,1.6,10,50,5,42,236,Simulink standard-block model,1000,-0.000179353571864504,0.00701673275509714,0.0157918226823318,0.00708355219751776,0.0159711762541963,2.26534385358718,0.00707106781186548,0.0155572382686041,2.20012573525297,0.01,0.0164497635713319,8,461,0.008,0.461,0.01,0.449778043649525,0.0040591958188061,0.0157063345309801,0.430312716614063,0.49198577054781,1,1,0
L1_236_R1,R1,1.6,10,50,5,42,236,Simulink standard-block model,1000,-0.000179353571864504,0.00701673275509714,0.0157918226823318,0.00708355219751776,0.0159711762541963,2.26534385358718,0.00707106781186548,0.0155572382686041,2.20012573525297,0.05,0.0116308715367667,49,727,0.049,0.727,0.05,0.71064572318484,0.0372610346473606,0.0641907015066101,0.698558600564729,0.753704051082829,1,1,0
L1_236_R1,R1,1.6,10,50,5,42,236,Simulink standard-block model,1000,-0.000179353571864504,0.00701673275509714,0.0157918226823318,0.00708355219751776,0.0159711762541963,2.26534385358718,0.00707106781186548,0.0155572382686041,2.20012573525297,0.1,0.00906193802436823,94,832,0.094,0.832,0.1,0.820840826133232,0.0774341735737637,0.113673154316507,0.807566979119539,0.853892053246052,1,1,0
L1_237_R0,R0,1.6,10,50,10,42,237,Simulink standard-block model,1000,0.000111776658615452,0.0105907876964403,0.0159158162564481,0.0104940378122005,0.0158040395978326,1.49907555220658,0.01,0.0155572382686041,1.55572382686041,0.01,0.0232634787404084,13,251,0.013,0.251,0.01,0.220464901696125,0.00761282038935102,0.0221144423755797,0.225113810790198,0.278791914935608,1,0,0
L1_237_R0,R0,1.6,10,50,10,42,237,Simulink standard-block model,1000,0.000111776658615452,0.0105907876964403,0.0159158162564481,0.0104940378122005,0.0158040395978326,1.49907555220658,0.01,0.0155572382686041,1.55572382686041,0.05,0.0164485362695147,64,466,0.064,0.466,0.05,0.464489377294273,0.0504362008982295,0.0809007325011745,0.435271029809732,0.496989189767286,0,1,0
L1_237_R0,R0,1.6,10,50,10,42,237,Simulink standard-block model,1000,0.000111776658615452,0.0105907876964403,0.0159158162564481,0.0104940378122005,0.0158040395978326,1.49907555220658,0.01,0.0155572382686041,1.55572382686041,0.1,0.012815515655446,117,611,0.117,0.611,0.1,0.608023878050586,0.0985283876192287,0.138402909380707,0.580413655581877,0.64073680403433,1,1,0
L1_238_R1,R1,1.6,10,50,10,42,238,Simulink standard-block model,1000,0.000131882543453984,0.0144793104163438,0.0153750991687136,0.0142166744328332,0.0152432166252596,1.06234919736503,0.014142135623731,0.0155572382686041,1.10006286762648,0.01,0.0328995271426637,9,105,0.009,0.105,0.01,0.110045720823667,0.00474206066747706,0.0170158161653381,0.0874877826144168,0.125535356589172,1,1,0
L1_238_R1,R1,1.6,10,50,10,42,238,Simulink standard-block model,1000,0.000131882543453984,0.0144793104163438,0.0153750991687136,0.0142166744328332,0.0152432166252596,1.06234919736503,0.014142135623731,0.0155572382686041,1.10006286762648,0.05,0.0232617430735335,68,290,0.068,0.29,0.05,0.292948717417966,0.0539924578085301,0.0853138615229895,0.262722034993929,0.318885203570004,0,1,0
L1_238_R1,R1,1.6,10,50,10,42,238,Simulink standard-block model,1000,0.000131882543453984,0.0144793104163438,0.0153750991687136,0.0142166744328332,0.0152432166252596,1.06234919736503,0.014142135623731,0.0155572382686041,1.10006286762648,0.1,0.0181238760487365,114,450,0.114,0.45,0.1,0.427992001800496,0.0957616570972169,0.135192600453632,0.419415384074297,0.480967291774259,1,1,0
L1_239_R0,R0,1.6,10,50,20,42,239,Simulink standard-block model,1000,-0.00110474038703085,0.0204810335516676,0.0150249469034739,0.0199106458615468,0.0161296872905047,0.79858423910666,0.02,0.0155572382686041,0.777861913430206,0.01,0.0465269574808168,14,64,0.014,0.064,0.01,0.0607526696548379,0.00835757513042392,0.0233620341175357,0.0504362008982295,0.0809007325011745,1,1,0
L1_239_R0,R0,1.6,10,50,20,42,239,Simulink standard-block model,1000,-0.00110474038703085,0.0204810335516676,0.0150249469034739,0.0199106458615468,0.0161296872905047,0.79858423910666,0.02,0.0155572382686041,0.777861913430206,0.05,0.0328970725390295,53,177,0.053,0.177,0.05,0.192973274997018,0.0407465052485945,0.0686746168374918,0.154593379485542,0.201878706496127,1,1,0
L1_239_R0,R0,1.6,10,50,20,42,239,Simulink standard-block model,1000,-0.00110474038703085,0.0204810335516676,0.0150249469034739,0.0199106458615468,0.0161296872905047,0.79858423910666,0.02,0.0155572382686041,0.777861913430206,0.1,0.025631031310892,97,290,0.097,0.29,0.1,0.307239740568652,0.080169161790323,0.116915205549034,0.262722034993929,0.318885203570004,1,1,0
L1_240_R1,R1,1.6,10,50,20,42,240,Simulink standard-block model,1000,0.000799778996823734,0.0283501974330161,0.0154301776946476,0.0295208480808665,0.0146303986978238,0.505517262801977,0.0282842712474619,0.0155572382686041,0.550031433813242,0.01,0.0657990542853275,10,55,0.01,0.055,0.01,0.0378403874882308,0.00544075444552925,0.0183094688703148,0.0424974273747684,0.0709083876773756,1,0,0
L1_240_R1,R1,1.6,10,50,20,42,240,Simulink standard-block model,1000,0.000799778996823734,0.0283501974330161,0.0154301776946476,0.0295208480808665,0.0146303986978238,0.505517262801977,0.0282842712474619,0.0155572382686041,0.550031433813242,0.05,0.046523486147067,53,149,0.053,0.149,0.05,0.136797270790452,0.0407465052485945,0.0686746168374918,0.128274360936936,0.172412023519924,1,1,0
L1_240_R1,R1,1.6,10,50,20,42,240,Simulink standard-block model,1000,0.000799778996823734,0.0283501974330161,0.0154301776946476,0.0295208480808665,0.0146303986978238,0.505517262801977,0.0282842712474619,0.0155572382686041,0.550031433813242,0.1,0.0362477520974729,106,240,0.106,0.24,0.1,0.232230756239441,0.0884050668630515,0.126610418823566,0.214556525187543,0.267433389224946,1,1,0
L1_241_R0,R0,1.6,10,60,2.5,42,241,Simulink standard-block model,1000,-1.99389474639853e-05,0.00248388000765967,0.0201068192789325,0.00238556278280392,0.0201267582263965,8.2648704932422,0.0025,0.02,8,0.01,0.0058158696851021,9,1000,0.009,1,0.01,0.999999993010757,0.00474206066747706,0.0170158161653381,0.996173241514445,1,1,1,0
L1_241_R0,R0,1.6,10,60,2.5,42,241,Simulink standard-block model,1000,-1.99389474639853e-05,0.00248388000765967,0.0201068192789325,0.00238556278280392,0.0201267582263965,8.2648704932422,0.0025,0.02,8,0.05,0.00411213406737868,49,1000,0.049,1,0.05,0.999999999895886,0.0372610346473606,0.0641907015066101,0.996173241514445,1,1,1,0
L1_241_R0,R0,1.6,10,60,2.5,42,241,Simulink standard-block model,1000,-1.99389474639853e-05,0.00248388000765967,0.0201068192789325,0.00238556278280392,0.0201267582263965,8.2648704932422,0.0025,0.02,8,0.1,0.0032038789138615,99,1000,0.099,1,0.1,0.999999999990817,0.0819954413686654,0.11907361893675,0.996173241514445,1,1,1,0
L1_242_R1,R1,1.6,10,60,2.5,42,242,Simulink standard-block model,1000,0.000163220059126282,0.00347211269919643,0.0199715950197806,0.00359220670468588,0.0198083749606543,5.60719642218254,0.00353553390593274,0.02,5.65685424949238,0.01,0.00822488178566593,16,1000,0.016,1,0.01,0.999566559107848,0.00987224200227739,0.02583206021174,0.996173241514445,1,1,1,0
L1_242_R1,R1,1.6,10,60,2.5,42,242,Simulink standard-block model,1000,0.000163220059126282,0.00347211269919643,0.0199715950197806,0.00359220670468588,0.0198083749606543,5.60719642218254,0.00353553390593274,0.02,5.65685424949238,0.05,0.00581543576838337,53,1000,0.053,1,0.05,0.999969896829354,0.0407465052485945,0.0686746168374918,0.996173241514445,1,1,1,0
L1_242_R1,R1,1.6,10,60,2.5,42,242,Simulink standard-block model,1000,0.000163220059126282,0.00347211269919643,0.0199715950197806,0.00359220670468588,0.0198083749606543,5.60719642218254,0.00353553390593274,0.02,5.65685424949238,0.1,0.00453096901218412,98,1000,0.098,1,0.1,0.999993936795428,0.0810820115233503,0.117994702299036,0.996173241514445,1,1,1,0
L1_243_R0,R0,1.6,10,60,5,42,243,Simulink standard-block model,1000,-1.19100845324107e-05,0.00515607828867503,0.0200265895776077,0.00494070447946009,0.0200384996621401,3.96838138067455,0.005,0.02,4,0.01,0.0116317393702042,12,950,0.012,0.95,0.01,0.952900506156048,0.00687764780640352,0.0208572684754983,0.934686179755749,0.961869737607251,1,1,0
L1_243_R0,R0,1.6,10,60,5,42,243,Simulink standard-block model,1000,-1.19100845324107e-05,0.00515607828867503,0.0200265895776077,0.00494070447946009,0.0200384996621401,3.96838138067455,0.005,0.02,4,0.05,0.00822426813475736,56,986,0.056,0.986,0.05,0.990742294626505,0.043374813385442,0.072023348149731,0.976637965882464,0.991642424869576,1,1,0
L1_243_R0,R0,1.6,10,60,5,42,243,Simulink standard-block model,1000,-1.19100845324107e-05,0.00515607828867503,0.0200265895776077,0.00494070447946009,0.0200384996621401,3.96838138067455,0.005,0.02,4,0.1,0.006407757827723,103,994,0.103,0.994,0.1,0.996720556084454,0.0856548100050872,0.123383636232444,0.986971831758148,0.997247330858124,1,1,0
L1_244_R1,R1,1.6,10,60,5,42,244,Simulink standard-block model,1000,-0.000432503766369866,0.00693166928702558,0.0200981034195185,0.00702185431932307,0.0205306071858883,2.9426514707787,0.00707106781186548,0.02,2.82842712474619,0.01,0.0164497635713319,5,713,0.005,0.713,0.01,0.692194112438242,0.00213753552732446,0.0116509553733751,0.684189582924353,0.7401802179608,1,1,0
L1_244_R1,R1,1.6,10,60,5,42,244,Simulink standard-block model,1000,-0.000432503766369866,0.00693166928702558,0.0200981034195185,0.00702185431932307,0.0205306071858883,2.9426514707787,0.00707106781186548,0.02,2.82842712474619,0.05,0.0116308715367667,40,887,0.04,0.887,0.05,0.881709031778347,0.0295109736854528,0.054009644121258,0.865878447248615,0.905159641683565,1,1,0
L1_244_R1,R1,1.6,10,60,5,42,244,Simulink standard-block model,1000,-0.000432503766369866,0.00693166928702558,0.0200981034195185,0.00702185431932307,0.0205306071858883,2.9426514707787,0.00707106781186548,0.02,2.82842712474619,0.1,0.00906193802436823,82,937,0.082,0.937,0.1,0.939053372178593,0.0665519534202195,0.100647216673705,0.920205076295354,0.950450336788271,1,1,0
L1_245_R0,R0,1.6,10,60,10,42,245,Simulink standard-block model,1000,-0.000237618256126987,0.0100822278830951,0.0194754327281963,0.00990423725772213,0.0197130509843233,1.97256184934219,0.01,0.02,2,0.01,0.0232634787404084,9,354,0.009,0.354,0.01,0.372080585435494,0.00474206066747706,0.0170158161653381,0.324971030406831,0.384146383070951,1,1,0
L1_245_R0,R0,1.6,10,60,10,42,245,Simulink standard-block model,1000,-0.000237618256126987,0.0100822278830951,0.0194754327281963,0.00990423725772213,0.0197130509843233,1.97256184934219,0.01,0.02,2,0.05,0.0164485362695147,52,615,0.052,0.615,0.05,0.638760031312335,0.0398730362837774,0.06755573931928,0.584455530928751,0.644664314619572,1,1,0
L1_245_R0,R0,1.6,10,60,10,42,245,Simulink standard-block model,1000,-0.000237618256126987,0.0100822278830951,0.0194754327281963,0.00990423725772213,0.0197130509843233,1.97256184934219,0.01,0.02,2,0.1,0.012815515655446,98,745,0.098,0.745,0.1,0.763759584105883,0.0810820115233503,0.117994702299036,0.717083425393,0.771041462949077,1,1,0
L1_246_R1,R1,1.6,10,60,10,42,246,Simulink standard-block model,1000,9.62917357073438e-05,0.0138409066168432,0.0193654007006249,0.0138940422870947,0.0192691089649175,1.3895157094931,0.014142135623731,0.02,1.4142135623731,0.01,0.0328995271426637,5,169,0.005,0.169,0.01,0.180849009034276,0.00213753552732446,0.0116509553733751,0.147049625485814,0.193483688631624,1,1,0
L1_246_R1,R1,1.6,10,60,10,42,246,Simulink standard-block model,1000,9.62917357073438e-05,0.0138409066168432,0.0193654007006249,0.0138940422870947,0.0192691089649175,1.3895157094931,0.014142135623731,0.02,1.4142135623731,0.05,0.0232617430735335,51,390,0.051,0.39,0.05,0.40879721979387,0.0390009427752668,0.0664354863447617,0.360245406369629,0.420596480497193,1,1,0
L1_246_R1,R1,1.6,10,60,10,42,246,Simulink standard-block model,1000,9.62917357073438e-05,0.0138409066168432,0.0193654007006249,0.0138940422870947,0.0192691089649175,1.3895157094931,0.014142135623731,0.02,1.4142135623731,0.1,0.0181238760487365,104,535,0.104,0.535,0.1,0.552769650359353,0.0865710280982681,0.124459764622292,0.50401124565671,0.565720881249301,1,1,0
L1_247_R0,R0,1.6,10,60,20,42,247,Simulink standard-block model,1000,-0.000269026265511726,0.0198666565032279,0.0188084197385262,0.0191866101061448,0.019077446004038,0.976848082430494,0.02,0.02,1,0.01,0.0465269574808168,7,71,0.007,0.071,0.01,0.0923622480736939,0.00339486840099076,0.0143783154657666,0.0566696953504515,0.0886136634301548,1,0,0
L1_247_R0,R0,1.6,10,60,20,42,247,Simulink standard-block model,1000,-0.000269026265511726,0.0198666565032279,0.0188084197385262,0.0191866101061448,0.019077446004038,0.976848082430494,0.02,0.02,1,0.05,0.0328970725390295,56,226,0.056,0.226,0.05,0.259511022841444,0.043374813385442,0.072023348149731,0.201154684673347,0.252942378976738,1,0,0
L1_247_R0,R0,1.6,10,60,20,42,247,Simulink standard-block model,1000,-0.000269026265511726,0.0198666565032279,0.0188084197385262,0.0191866101061448,0.019077446004038,0.976848082430494,0.02,0.02,1,0.1,0.025631031310892,111,360,0.111,0.36,0.1,0.389143691645361,0.0929992104582496,0.131978007643512,0.330837729771896,0.390233762604059,1,1,0
L1_248_R1,R1,1.6,10,60,20,42,248,Simulink standard-block model,1000,-0.000844325267407777,0.0281337784951938,0.0194843671185678,0.0294468386440975,0.0203286923859755,0.705911462389648,0.0282842712474619,0.02,0.707106781186548,0.01,0.0657990542853275,14,63,0.014,0.063,0.01,0.0526976998110202,0.00835757513042392,0.0233620341175357,0.0495496632117291,0.0797949237046461,1,1,0
L1_248_R1,R1,1.6,10,60,20,42,248,Simulink standard-block model,1000,-0.000844325267407777,0.0281337784951938,0.0194843671185678,0.0294468386440975,0.0203286923859755,0.705911462389648,0.0282842712474619,0.02,0.707106781186548,0.05,0.046523486147067,41,170,0.041,0.17,0.05,0.174187261617932,0.0303649710820983,0.0551479932076413,0.147991595638552,0.194534064961914,1,1,0
L1_248_R1,R1,1.6,10,60,20,42,248,Simulink standard-block model,1000,-0.000844325267407777,0.0281337784951938,0.0194843671185678,0.0294468386440975,0.0203286923859755,0.705911462389648,0.0282842712474619,0.02,0.707106781186548,0.1,0.0362477520974729,85,286,0.085,0.286,0.1,0.282833427382102,0.0692633185396546,0.103912891003356,0.258852696142802,0.314785156489016,1,1,0
L1_249_R0,R0,1.6,10,70,2.5,42,249,Simulink standard-block model,1000,0.000148600686620491,0.00239356313130901,0.0291732528136783,0.00248224334179931,0.0290246521270578,11.9036113740347,0.0025,0.0292380440016309,11.6952176006523,0.01,0.0058158696851021,9,1000,0.009,1,0.01,1,0.00474206066747706,0.0170158161653381,0.996173241514445,1,1,1,0
L1_249_R0,R0,1.6,10,70,2.5,42,249,Simulink standard-block model,1000,0.000148600686620491,0.00239356313130901,0.0291732528136783,0.00248224334179931,0.0290246521270578,11.9036113740347,0.0025,0.0292380440016309,11.6952176006523,0.05,0.00411213406737868,49,1000,0.049,1,0.05,1,0.0372610346473606,0.0641907015066101,0.996173241514445,1,1,1,0
L1_249_R0,R0,1.6,10,70,2.5,42,249,Simulink standard-block model,1000,0.000148600686620491,0.00239356313130901,0.0291732528136783,0.00248224334179931,0.0290246521270578,11.9036113740347,0.0025,0.0292380440016309,11.6952176006523,0.1,0.0032038789138615,107,1000,0.107,1,0.1,1,0.08932287430802,0.127684957861626,0.996173241514445,1,1,1,0
L1_250_R1,R1,1.6,10,70,2.5,42,250,Simulink standard-block model,1000,1.66404018850956e-05,0.00364966034590726,0.0293532099271549,0.00357548486510848,0.0293365695252698,8.12025856917416,0.00353553390593274,0.0292380440016309,8.26976767287354,0.01,0.00822488178566593,6,1000,0.006,1,0.01,0.999999998604318,0.00275266914187637,0.0130281682418521,0.996173241514445,1,1,1,0
L1_250_R1,R1,1.6,10,70,2.5,42,250,Simulink standard-block model,1000,1.66404018850956e-05,0.00364966034590726,0.0293532099271549,0.00357548486510848,0.0293365695252698,8.12025856917416,0.00353553390593274,0.0292380440016309,8.26976767287354,0.05,0.00581543576838337,50,1000,0.05,1,0.05,0.999999999982627,0.0381302623927488,0.0653138202442508,0.996173241514445,1,1,1,0
L1_250_R1,R1,1.6,10,70,2.5,42,250,Simulink standard-block model,1000,1.66404018850956e-05,0.00364966034590726,0.0293532099271549,0.00357548486510848,0.0293365695252698,8.12025856917416,0.00353553390593274,0.0292380440016309,8.26976767287354,0.1,0.00453096901218412,113,1000,0.113,1,0.1,0.999999999998608,0.0948403583164347,0.134121552751385,0.996173241514445,1,1,1,0
L1_251_R0,R0,1.6,10,70,5,42,251,Simulink standard-block model,1000,6.52623756542026e-05,0.00521130987389959,0.0293322591911101,0.00498996074586102,0.0292669968154559,5.73656179079805,0.005,0.0292380440016309,5.84760880032617,0.01,0.0116317393702042,13,1000,0.013,1,0.01,0.999785250117638,0.00761282038935102,0.0221144423755797,0.996173241514445,1,1,1,0
L1_251_R0,R0,1.6,10,70,5,42,251,Simulink standard-block model,1000,6.52623756542026e-05,0.00521130987389959,0.0293322591911101,0.00498996074586102,0.0292669968154559,5.73656179079805,0.005,0.0292380440016309,5.84760880032617,0.05,0.00822426813475736,58,1000,0.058,1,0.05,0.99998681571315,0.0451332782349982,0.0742495762662325,0.996173241514445,1,1,1,0
L1_251_R0,R0,1.6,10,70,5,42,251,Simulink standard-block model,1000,6.52623756542026e-05,0.00521130987389959,0.0293322591911101,0.00498996074586102,0.0292669968154559,5.73656179079805,0.005,0.0292380440016309,5.84760880032617,0.1,0.006407757827723,118,1000,0.118,1,0.1,0.999997515084365,0.0994515584012233,0.139472085081741,0.996173241514445,1,1,1,0
L1_252_R1,R1,1.6,10,70,5,42,252,Simulink standard-block model,1000,-9.62392210369529e-05,0.00715613916055408,0.0292484889672663,0.00727128379387961,0.0293447281883033,4.06778033189136,0.00707106781186548,0.0292380440016309,4.13488383643677,0.01,0.0164497635713319,11,966,0.011,0.966,0.01,0.96473843752739,0.00615317409808664,0.0195893957007863,0.952864809754689,0.975568651336774,1,1,0
L1_252_R1,R1,1.6,10,70,5,42,252,Simulink standard-block model,1000,-9.62392210369529e-05,0.00715613916055408,0.0292484889672663,0.00727128379387961,0.0293447281883033,4.06778033189136,0.00707106781186548,0.0292380440016309,4.13488383643677,0.05,0.0116308715367667,50,991,0.05,0.991,0.05,0.993613388113315,0.0381302623927488,0.0653138202442508,0.982984183834662,0.995257939332523,1,1,0
L1_252_R1,R1,1.6,10,70,5,42,252,Simulink standard-block model,1000,-9.62392210369529e-05,0.00715613916055408,0.0292484889672663,0.00727128379387961,0.0293447281883033,4.06778033189136,0.00707106781186548,0.0292380440016309,4.13488383643677,0.1,0.00906193802436823,98,995,0.098,0.995,0.1,0.997836832017394,0.0810820115233503,0.117994702299036,0.988349044626625,0.997862464472676,1,1,0
L1_253_R0,R0,1.6,10,70,10,42,253,Simulink standard-block model,1000,-0.000109732093478413,0.010180912147704,0.0288541063096095,0.0101055122057566,0.0289638384030879,2.8554700268471,0.01,0.0292380440016309,2.92380440016309,0.01,0.0232634787404084,8,724,0.008,0.724,0.01,0.724898688047905,0.0040591958188061,0.0157063345309801,0.695476708271731,0.750808903926741,1,1,0
L1_253_R0,R0,1.6,10,70,10,42,253,Simulink standard-block model,1000,-0.000109732093478413,0.010180912147704,0.0288541063096095,0.0101055122057566,0.0289638384030879,2.8554700268471,0.01,0.0292380440016309,2.92380440016309,0.05,0.0164485362695147,44,883,0.044,0.883,0.05,0.899542804294151,0.0329382145884185,0.0585517891504078,0.861597090619294,0.901471612380771,1,1,0
L1_253_R0,R0,1.6,10,70,10,42,253,Simulink standard-block model,1000,-0.000109732093478413,0.010180912147704,0.0288541063096095,0.0101055122057566,0.0289638384030879,2.8554700268471,0.01,0.0292380440016309,2.92380440016309,0.1,0.012815515655446,97,936,0.097,0.936,0.1,0.949731191358624,0.080169161790323,0.116915205549034,0.919099267498826,0.949563799101771,1,0,0
L1_254_R1,R1,1.6,10,70,10,42,254,Simulink standard-block model,1000,0.000170843384890161,0.014384185603976,0.0293509371673751,0.0137901595791694,0.0291800937824849,2.07093439140376,0.014142135623731,0.0292380440016309,2.06744191821838,0.01,0.0328995271426637,10,388,0.01,0.388,0.01,0.39785390137699,0.00544075444552925,0.0183094688703148,0.358281118477186,0.418576075423579,1,1,0
L1_254_R1,R1,1.6,10,70,10,42,254,Simulink standard-block model,1000,0.000170843384890161,0.014384185603976,0.0293509371673751,0.0137901595791694,0.0291800937824849,2.07093439140376,0.014142135623731,0.0292380440016309,2.06744191821838,0.05,0.0232617430735335,65,652,0.065,0.652,0.05,0.663702164601677,0.051323770569062,0.0820055093133709,0.621946065573537,0.680890599846854,0,1,0
L1_254_R1,R1,1.6,10,70,10,42,254,Simulink standard-block model,1000,0.000170843384890161,0.014384185603976,0.0293509371673751,0.0137901595791694,0.0291800937824849,2.07093439140376,0.014142135623731,0.0292380440016309,2.06744191821838,0.1,0.0181238760487365,112,786,0.112,0.786,0.1,0.784034136535182,0.0939195409088811,0.13305002367591,0.759511179360714,0.810299914785548,1,1,0
L1_255_R0,R0,1.6,10,70,20,42,255,Simulink standard-block model,1000,-0.000319856310526907,0.0193284620141012,0.0289126952112552,0.0195188280801451,0.0292325515217821,1.50498016554096,0.02,0.0292380440016309,1.46190220008154,0.01,0.0465269574808168,11,182,0.011,0.182,0.01,0.193671555779228,0.00615317409808664,0.0195893957007863,0.159317257228291,0.207116561168523,1,1,0
L1_255_R0,R0,1.6,10,70,20,42,255,Simulink standard-block model,1000,-0.000319856310526907,0.0193284620141012,0.0289126952112552,0.0195188280801451,0.0292325515217821,1.50498016554096,0.02,0.0292380440016309,1.46190220008154,0.05,0.0328970725390295,44,408,0.044,0.408,0.05,0.427418065497289,0.0329382145884185,0.0585517891504078,0.377947721875578,0.438756401685764,1,1,0
L1_255_R0,R0,1.6,10,70,20,42,255,Simulink standard-block model,1000,-0.000319856310526907,0.0193284620141012,0.0289126952112552,0.0195188280801451,0.0292325515217821,1.50498016554096,0.02,0.0292380440016309,1.46190220008154,0.1,0.025631031310892,89,559,0.089,0.559,0.1,0.571561346649626,0.0728882439130074,0.108257351562119,0.528059084083049,0.589489358415655,1,1,0
L1_256_R1,R1,1.6,10,70,20,42,256,Simulink standard-block model,1000,-0.000759352184070687,0.0282445858002973,0.030631002894569,0.0280012956153374,0.0313903550786397,1.11617279843581,0.0282842712474619,0.0292380440016309,1.03372095910919,0.01,0.0657990542853275,8,106,0.008,0.106,0.01,0.0980700630591585,0.0040591958188061,0.0157063345309801,0.0884050668630515,0.126610418823566,1,1,0
L1_256_R1,R1,1.6,10,70,20,42,256,Simulink standard-block model,1000,-0.000759352184070687,0.0282445858002973,0.030631002894569,0.0280012956153374,0.0313903550786397,1.11617279843581,0.0282842712474619,0.0292380440016309,1.03372095910919,0.05,0.046523486147067,49,283,0.049,0.283,0.05,0.270555877219046,0.0372610346473606,0.0641907015066101,0.255952440988233,0.311708372194498,1,1,0
L1_256_R1,R1,1.6,10,70,20,42,256,Simulink standard-block model,1000,-0.000759352184070687,0.0282445858002973,0.030631002894569,0.0280012956153374,0.0313903550786397,1.11617279843581,0.0282842712474619,0.0292380440016309,1.03372095910919,0.1,0.0362477520974729,98,418,0.098,0.418,0.1,0.402132736494693,0.0810820115233503,0.117994702299036,0.387800568143344,0.448827020248287,1,1,0
L1_257_R0,R0,1.6,20,0,2.5,42,257,Simulink standard-block model,1000,-8.90801571309456e-05,0.00248510949916504,0.0199932885735687,0.00243840576745093,0.0200823687306997,8.15736894666899,0.0025,0.02,8,0.01,0.0058158696851021,5,1000,0.005,1,0.01,0.999999993010757,0.00213753552732446,0.0116509553733751,0.996173241514445,1,1,1,0
L1_257_R0,R0,1.6,20,0,2.5,42,257,Simulink standard-block model,1000,-8.90801571309456e-05,0.00248510949916504,0.0199932885735687,0.00243840576745093,0.0200823687306997,8.15736894666899,0.0025,0.02,8,0.05,0.00411213406737868,49,1000,0.049,1,0.05,0.999999999895886,0.0372610346473606,0.0641907015066101,0.996173241514445,1,1,1,0
L1_257_R0,R0,1.6,20,0,2.5,42,257,Simulink standard-block model,1000,-8.90801571309456e-05,0.00248510949916504,0.0199932885735687,0.00243840576745093,0.0200823687306997,8.15736894666899,0.0025,0.02,8,0.1,0.0032038789138615,81,1000,0.081,1,0.1,0.999999999990817,0.0656496215412003,0.0995572020696949,0.996173241514445,1,0,1,0
L1_258_R1,R1,1.6,20,0,2.5,42,258,Simulink standard-block model,1000,6.04304721812929e-05,0.00352718463972383,0.0200781497597809,0.00343926684201582,0.0200177192875996,5.74643358462799,0.00353553390593274,0.02,5.65685424949238,0.01,0.00822488178566593,10,1000,0.01,1,0.01,0.999566559107848,0.00544075444552925,0.0183094688703148,0.996173241514445,1,1,1,0
L1_258_R1,R1,1.6,20,0,2.5,42,258,Simulink standard-block model,1000,6.04304721812929e-05,0.00352718463972383,0.0200781497597809,0.00343926684201582,0.0200177192875996,5.74643358462799,0.00353553390593274,0.02,5.65685424949238,0.05,0.00581543576838337,50,1000,0.05,1,0.05,0.999969896829354,0.0381302623927488,0.0653138202442508,0.996173241514445,1,1,1,0
L1_258_R1,R1,1.6,20,0,2.5,42,258,Simulink standard-block model,1000,6.04304721812929e-05,0.00352718463972383,0.0200781497597809,0.00343926684201582,0.0200177192875996,5.74643358462799,0.00353553390593274,0.02,5.65685424949238,0.1,0.00453096901218412,103,1000,0.103,1,0.1,0.999993936795428,0.0856548100050872,0.123383636232444,0.996173241514445,1,1,1,0
L1_259_R0,R0,1.6,20,0,5,42,259,Simulink standard-block model,1000,-0.000175622527040243,0.00496360805275498,0.0200510244060618,0.00519119536682109,0.0202266469331021,3.982660856426,0.005,0.02,4,0.01,0.0116317393702042,13,949,0.013,0.949,0.01,0.952900506156048,0.00761282038935102,0.0221144423755797,0.933564513655238,0.960999057224733,1,1,0
L1_259_R0,R0,1.6,20,0,5,42,259,Simulink standard-block model,1000,-0.000175622527040243,0.00496360805275498,0.0200510244060618,0.00519119536682109,0.0202266469331021,3.982660856426,0.005,0.02,4,0.05,0.00822426813475736,50,990,0.05,0.99,0.05,0.990742294626505,0.0381302623927488,0.0653138202442508,0.981690531129685,0.994559245554471,1,1,0
L1_259_R0,R0,1.6,20,0,5,42,259,Simulink standard-block model,1000,-0.000175622527040243,0.00496360805275498,0.0200510244060618,0.00519119536682109,0.0202266469331021,3.982660856426,0.005,0.02,4,0.1,0.006407757827723,83,996,0.083,0.996,0.1,0.996720556084454,0.0674550214428993,0.101736495134054,0.989760443722738,0.998443411859592,1,1,0
L1_260_R1,R1,1.6,20,0,5,42,260,Simulink standard-block model,1000,0.000176235581966303,0.00681491751692933,0.0196755848969887,0.00721078021523208,0.0194993493150224,2.77941072666875,0.00707106781186548,0.02,2.82842712474619,0.01,0.0164497635713319,8,660,0.008,0.66,0.01,0.692194112438242,0.0040591958188061,0.0157063345309801,0.630077319589764,0.688698117694858,1,0,0
L1_260_R1,R1,1.6,20,0,5,42,260,Simulink standard-block model,1000,0.000176235581966303,0.00681491751692933,0.0196755848969887,0.00721078021523208,0.0194993493150224,2.77941072666875,0.00707106781186548,0.02,2.82842712474619,0.05,0.0116308715367667,41,856,0.041,0.856,0.05,0.881709031778347,0.0303649710820983,0.0551479932076413,0.832876297870298,0.876399050087986,1,0,0
L1_260_R1,R1,1.6,20,0,5,42,260,Simulink standard-block model,1000,0.000176235581966303,0.00681491751692933,0.0196755848969887,0.00721078021523208,0.0194993493150224,2.77941072666875,0.00707106781186548,0.02,2.82842712474619,0.1,0.00906193802436823,94,942,0.094,0.942,0.1,0.939053372178593,0.0774341735737637,0.113673154316507,0.925750423733767,0.954866721765002,1,1,0
L1_261_R0,R0,1.6,20,0,10,42,261,Simulink standard-block model,1000,-0.000254695681347972,0.0099137127385315,0.0200890941885687,0.0100949738357408,0.0203437898699167,2.03341234440094,0.01,0.02,2,0.01,0.0232634787404084,11,382,0.011,0.382,0.01,0.372080585435494,0.00615317409808664,0.0195893957007863,0.352391455365526,0.412511659637065,1,1,0
L1_261_R0,R0,1.6,20,0,10,42,261,Simulink standard-block model,1000,-0.000254695681347972,0.0099137127385315,0.0200890941885687,0.0100949738357408,0.0203437898699167,2.03341234440094,0.01,0.02,2,0.05,0.0164485362695147,52,652,0.052,0.652,0.05,0.638760031312335,0.0398730362837774,0.06755573931928,0.621946065573537,0.680890599846854,1,1,0
L1_261_R0,R0,1.6,20,0,10,42,261,Simulink standard-block model,1000,-0.000254695681347972,0.0099137127385315,0.0200890941885687,0.0100949738357408,0.0203437898699167,2.03341234440094,0.01,0.02,2,0.1,0.012815515655446,100,764,0.1,0.764,0.1,0.763759584105883,0.0829094435930957,0.120151963195348,0.736702847472788,0.789276624046838,1,1,0
L1_262_R1,R1,1.6,20,0,10,42,262,Simulink standard-block model,1000,-0.00151635554443735,0.0137373833067318,0.0193679514388256,0.0144565686888228,0.0208843069832629,1.48099250248015,0.014142135623731,0.02,1.4142135623731,0.01,0.0328995271426637,5,168,0.005,0.168,0.01,0.180849009034276,0.00213753552732446,0.0116509553733751,0.146107946753948,0.192433020880461,1,1,0
L1_262_R1,R1,1.6,20,0,10,42,262,Simulink standard-block model,1000,-0.00151635554443735,0.0137373833067318,0.0193679514388256,0.0144565686888228,0.0208843069832629,1.48099250248015,0.014142135623731,0.02,1.4142135623731,0.05,0.0232617430735335,37,387,0.037,0.387,0.05,0.40879721979387,0.0269611808755547,0.0505823974820693,0.357299174090701,0.417565673327034,1,1,0
L1_262_R1,R1,1.6,20,0,10,42,262,Simulink standard-block model,1000,-0.00151635554443735,0.0137373833067318,0.0193679514388256,0.0144565686888228,0.0208843069832629,1.48099250248015,0.014142135623731,0.02,1.4142135623731,0.1,0.0181238760487365,78,535,0.078,0.535,0.1,0.552769650359353,0.0629471675907362,0.0962826165710724,0.50401124565671,0.565720881249301,0,1,0
L1_263_R0,R0,1.6,20,0,20,42,263,Simulink standard-block model,1000,-0.000452603475617876,0.0204689097335117,0.0200699016626621,0.0206632439400424,0.02052250513828,0.997870242924391,0.02,0.02,1,0.01,0.0465269574808168,11,98,0.011,0.098,0.01,0.0923622480736939,0.00615317409808664,0.0195893957007863,0.0810820115233503,0.117994702299036,1,1,0
L1_263_R0,R0,1.6,20,0,20,42,263,Simulink standard-block model,1000,-0.000452603475617876,0.0204689097335117,0.0200699016626621,0.0206632439400424,0.02052250513828,0.997870242924391,0.02,0.02,1,0.05,0.0328970725390295,46,263,0.046,0.263,0.05,0.259511022841444,0.034662492763265,0.0608122039416191,0.236656859791078,0.291157023731075,1,1,0
L1_263_R0,R0,1.6,20,0,20,42,263,Simulink standard-block model,1000,-0.000452603475617876,0.0204689097335117,0.0200699016626621,0.0206632439400424,0.02052250513828,0.997870242924391,0.02,0.02,1,0.1,0.025631031310892,101,386,0.101,0.386,0.1,0.389143691645361,0.0838240106523991,0.121229742619074,0.356317362994859,0.416555137939848,1,1,0
L1_264_R1,R1,1.6,20,0,20,42,264,Simulink standard-block model,1000,0.00090150283167724,0.028922910427994,0.0211276523370898,0.0273996349298123,0.0202261495054126,0.717963156409233,0.0282842712474619,0.02,0.707106781186548,0.01,0.0657990542853275,10,53,0.01,0.053,0.01,0.0526976998110202,0.00544075444552925,0.0183094688703148,0.0407465052485945,0.0686746168374918,1,1,0
L1_264_R1,R1,1.6,20,0,20,42,264,Simulink standard-block model,1000,0.00090150283167724,0.028922910427994,0.0211276523370898,0.0273996349298123,0.0202261495054126,0.717963156409233,0.0282842712474619,0.02,0.707106781186548,0.05,0.046523486147067,50,179,0.05,0.179,0.05,0.174187261617932,0.0381302623927488,0.0653138202442508,0.156482115219189,0.203974663728537,1,1,0
L1_264_R1,R1,1.6,20,0,20,42,264,Simulink standard-block model,1000,0.00090150283167724,0.028922910427994,0.0211276523370898,0.0273996349298123,0.0202261495054126,0.717963156409233,0.0282842712474619,0.02,0.707106781186548,0.1,0.0362477520974729,102,305,0.102,0.305,0.1,0.282833427382102,0.0847391351848472,0.122306964569655,0.277255272480973,0.334237163328393,1,1,0
L1_265_R0,R0,1.6,20,10,2.5,42,265,Simulink standard-block model,1000,9.07815165906303e-05,0.00257869269842843,0.02022918285961,0.0025146693153109,0.0201384013430193,7.90708003985663,0.0025,0.0203085322377149,8.12341289508596,0.01,0.0058158696851021,12,1000,0.012,1,0.01,0.999999996625723,0.00687764780640352,0.0208572684754983,0.996173241514445,1,1,1,0
L1_265_R0,R0,1.6,20,10,2.5,42,265,Simulink standard-block model,1000,9.07815165906303e-05,0.00257869269842843,0.02022918285961,0.0025146693153109,0.0201384013430193,7.90708003985663,0.0025,0.0203085322377149,8.12341289508596,0.05,0.00411213406737868,57,1000,0.057,1,0.05,0.999999999953699,0.0442534403587159,0.0731370676594859,0.996173241514445,1,1,1,0
L1_265_R0,R0,1.6,20,10,2.5,42,265,Simulink standard-block model,1000,9.07815165906303e-05,0.00257869269842843,0.02022918285961,0.0025146693153109,0.0201384013430193,7.90708003985663,0.0025,0.0203085322377149,8.12341289508596,0.1,0.0032038789138615,107,1000,0.107,1,0.1,0.999999999996091,0.08932287430802,0.127684957861626,0.996173241514445,1,1,1,0
L1_266_R1,R1,1.6,20,10,2.5,42,266,Simulink standard-block model,1000,-0.000135195829735679,0.00355705859771019,0.0202762880357791,0.00362870795530411,0.0204114838655148,5.68080499829602,0.00353553390593274,0.0203085322377149,5.74412034449353,0.01,0.00822488178566593,11,1000,0.011,1,0.01,0.999684320683177,0.00615317409808664,0.0195893957007863,0.996173241514445,1,1,1,0
L1_266_R1,R1,1.6,20,10,2.5,42,266,Simulink standard-block model,1000,-0.000135195829735679,0.00355705859771019,0.0202762880357791,0.00362870795530411,0.0204114838655148,5.68080499829602,0.00353553390593274,0.0203085322377149,5.74412034449353,0.05,0.00581543576838337,44,1000,0.044,1,0.05,0.999979276940595,0.0329382145884185,0.0585517891504078,0.996173241514445,1,1,1,0
L1_266_R1,R1,1.6,20,10,2.5,42,266,Simulink standard-block model,1000,-0.000135195829735679,0.00355705859771019,0.0202762880357791,0.00362870795530411,0.0204114838655148,5.68080499829602,0.00353553390593274,0.0203085322377149,5.74412034449353,0.1,0.00453096901218412,95,1000,0.095,1,0.1,0.999995950853888,0.0783452345790474,0.114754439794252,0.996173241514445,1,1,1,0
L1_267_R0,R0,1.6,20,10,5,42,267,Simulink standard-block model,1000,0.000296968188321413,0.00505082188231448,0.0203098332582852,0.00497123306845256,0.0200128650699638,3.99363885737867,0.005,0.0203085322377149,4.06170644754298,0.01,0.0116317393702042,14,957,0.014,0.957,0.01,0.958661343548243,0.00835757513042392,0.0233620341175357,0.942580996155916,0.967921346588287,1,1,0
L1_267_R0,R0,1.6,20,10,5,42,267,Simulink standard-block model,1000,0.000296968188321413,0.00505082188231448,0.0203098332582852,0.00497123306845256,0.0200128650699638,3.99363885737867,0.005,0.0203085322377149,4.06170644754298,0.05,0.00822426813475736,52,990,0.052,0.99,0.05,0.992172327089133,0.0398730362837774,0.06755573931928,0.981690531129685,0.994559245554471,1,1,0
L1_267_R0,R0,1.6,20,10,5,42,267,Simulink standard-block model,1000,0.000296968188321413,0.00505082188231448,0.0203098332582852,0.00497123306845256,0.0200128650699638,3.99363885737867,0.005,0.0203085322377149,4.06170644754298,0.1,0.006407757827723,112,997,0.112,0.997,0.1,0.997283351112437,0.0939195409088811,0.13305002367591,0.991216985946497,0.998979216118861,1,1,0
L1_268_R1,R1,1.6,20,10,5,42,268,Simulink standard-block model,1000,-0.000367491446483806,0.0072062890282443,0.0197989448702159,0.00718811620729998,0.0201664363166997,2.80198034100386,0.00707106781186548,0.0203085322377149,2.87206017224676,0.01,0.0164497635713319,10,684,0.01,0.684,0.01,0.707368141555563,0.00544075444552925,0.0183094688703148,0.654527374981483,0.712064377895833,1,1,0
L1_268_R1,R1,1.6,20,10,5,42,268,Simulink standard-block model,1000,-0.000367491446483806,0.0072062890282443,0.0197989448702159,0.00718811620729998,0.0201664363166997,2.80198034100386,0.00707106781186548,0.0203085322377149,2.87206017224676,0.05,0.0116308715367667,49,858,0.049,0.858,0.05,0.890127515007941,0.0372610346473606,0.0641907015066101,0.834994082978897,0.878265957945446,1,0,0
L1_268_R1,R1,1.6,20,10,5,42,268,Simulink standard-block model,1000,-0.000367491446483806,0.0072062890282443,0.0197989448702159,0.00718811620729998,0.0201664363166997,2.80198034100386,0.00707106781186548,0.0203085322377149,2.87206017224676,0.1,0.00906193802436823,97,924,0.097,0.924,0.1,0.944139896421376,0.080169161790323,0.116915205549034,0.905904356875952,0.938850551928298,1,0,0
L1_269_R0,R0,1.6,20,10,10,42,269,Simulink standard-block model,1000,0.000382639227678394,0.0103707117417547,0.0199642543255185,0.0101389600741768,0.0195816150978401,1.9093786860465,0.01,0.0203085322377149,2.03085322377149,0.01,0.0232634787404084,11,368,0.011,0.368,0.01,0.383808019228726,0.00615317409808664,0.0195893957007863,0.338667784047665,0.398342480192521,1,1,0
L1_269_R0,R0,1.6,20,10,10,42,269,Simulink standard-block model,1000,0.000382639227678394,0.0103707117417547,0.0199642543255185,0.0101389600741768,0.0195816150978401,1.9093786860465,0.01,0.0203085322377149,2.03085322377149,0.05,0.0164485362695147,49,651,0.049,0.651,0.05,0.650251516299107,0.0372610346473606,0.0641907015066101,0.620930302951343,0.67991401598602,1,1,0
L1_269_R0,R0,1.6,20,10,10,42,269,Simulink standard-block model,1000,0.000382639227678394,0.0103707117417547,0.0199642543255185,0.0101389600741768,0.0195816150978401,1.9093786860465,0.01,0.0203085322377149,2.03085322377149,0.1,0.012815515655446,115,769,0.115,0.769,0.1,0.773162295710142,0.0966834317874378,0.13626317224644,0.741877667848642,0.794063536086129,1,1,0
L1_270_R1,R1,1.6,20,10,10,42,270,Simulink standard-block model,1000,0.000320324283950685,0.0140003580820639,0.0206265535308337,0.0143391987259289,0.020306229246883,1.43296368980257,0.014142135623731,0.0203085322377149,1.43603008612338,0.01,0.0328995271426637,10,200,0.01,0.2,0.01,0.186647636228491,0.00544075444552925,0.0183094688703148,0.176377090443198,0.225918964648135,1,1,0
L1_270_R1,R1,1.6,20,10,10,42,270,Simulink standard-block model,1000,0.000320324283950685,0.0140003580820639,0.0206265535308337,0.0143391987259289,0.020306229246883,1.43296368980257,0.014142135623731,0.0203085322377149,1.43603008612338,0.05,0.0232617430735335,60,426,0.06,0.426,0.05,0.417292996764687,0.046896472675932,0.0764710747913565,0.395692095104566,0.456874265151296,1,1,0
L1_270_R1,R1,1.6,20,10,10,42,270,Simulink standard-block model,1000,0.000320324283950685,0.0140003580820639,0.0206265535308337,0.0143391987259289,0.020306229246883,1.43296368980257,0.014142135623731,0.0203085322377149,1.43603008612338,0.1,0.0181238760487365,104,572,0.104,0.572,0.1,0.561383776991963,0.0865710280982681,0.124459764622292,0.541115199952498,0.602333746825582,1,1,0
L1_271_R0,R0,1.6,20,10,20,42,271,Simulink standard-block model,1000,-0.000252705394413367,0.0195449062019174,0.0203820813423093,0.0200214518342895,0.0206347867367227,1.04297141566602,0.02,0.0203085322377149,1.01542661188574,0.01,0.0465269574808168,9,94,0.009,0.094,0.01,0.0949421833010551,0.00474206066747706,0.0170158161653381,0.0774341735737637,0.113673154316507,1,1,0
L1_271_R0,R0,1.6,20,10,20,42,271,Simulink standard-block model,1000,-0.000252705394413367,0.0195449062019174,0.0203820813423093,0.0200214518342895,0.0206347867367227,1.04297141566602,0.02,0.0203085322377149,1.01542661188574,0.05,0.0328970725390295,39,274,0.039,0.274,0.05,0.264534768208326,0.0286589609041805,0.0528693104195014,0.247260824775437,0.302468870060034,1,1,0
L1_271_R0,R0,1.6,20,10,20,42,271,Simulink standard-block model,1000,-0.000252705394413367,0.0195449062019174,0.0203820813423093,0.0200214518342895,0.0206347867367227,1.04297141566602,0.02,0.0203085322377149,1.01542661188574,0.1,0.025631031310892,91,396,0.091,0.396,0.1,0.395071488750803,0.0747047043716441,0.11042558406954,0.366141449836166,0.42665451592883,1,1,0
L1_272_R1,R1,1.6,20,10,20,42,272,Simulink standard-block model,1000,-0.0012782429607436,0.0279273872684418,0.020405095427298,0.02882659840274,0.0216833383880416,0.764020959178064,0.0282842712474619,0.0203085322377149,0.718015043061691,0.01,0.0657990542853275,14,64,0.014,0.064,0.01,0.0538811519558384,0.00835757513042392,0.0233620341175357,0.0504362008982295,0.0809007325011745,1,1,0
L1_272_R1,R1,1.6,20,10,20,42,272,Simulink standard-block model,1000,-0.0012782429607436,0.0279273872684418,0.020405095427298,0.02882659840274,0.0216833383880416,0.764020959178064,0.0282842712474619,0.0203085322377149,0.718015043061691,0.05,0.046523486147067,38,184,0.038,0.184,0.05,0.177005174328686,0.0278090045093026,0.0517269203313503,0.161208690576458,0.209209820786413,1,1,0
L1_272_R1,R1,1.6,20,10,20,42,272,Simulink standard-block model,1000,-0.0012782429607436,0.0279273872684418,0.020405095427298,0.02882659840274,0.0216833383880416,0.764020959178064,0.0282842712474619,0.0203085322377149,0.718015043061691,0.1,0.0362477520974729,77,283,0.077,0.283,0.1,0.286534798800075,0.0620479070606059,0.0951895306181737,0.255952440988233,0.311708372194498,0,1,0
L1_273_R0,R0,1.6,20,20,2.5,42,273,Simulink standard-block model,1000,-3.85512297155033e-05,0.00262165774601692,0.0212082960371083,0.00246690762154909,0.0212468472668238,8.34696126286892,0.0025,0.0212835554495182,8.5134221798073,0.01,0.0058158696851021,14,1000,0.014,1,0.01,0.999999999693545,0.00835757513042392,0.0233620341175357,0.996173241514445,1,1,1,0
L1_273_R0,R0,1.6,20,20,2.5,42,273,Simulink standard-block model,1000,-3.85512297155033e-05,0.00262165774601692,0.0212082960371083,0.00246690762154909,0.0212468472668238,8.34696126286892,0.0025,0.0212835554495182,8.5134221798073,0.05,0.00411213406737868,56,1000,0.056,1,0.05,0.999999999996757,0.043374813385442,0.072023348149731,0.996173241514445,1,1,1,0
L1_273_R0,R0,1.6,20,20,2.5,42,273,Simulink standard-block model,1000,-3.85512297155033e-05,0.00262165774601692,0.0212082960371083,0.00246690762154909,0.0212468472668238,8.34696126286892,0.0025,0.0212835554495182,8.5134221798073,0.1,0.0032038789138615,102,1000,0.102,1,0.1,0.999999999999762,0.0847391351848472,0.122306964569655,0.996173241514445,1,1,1,0
L1_274_R1,R1,1.6,20,20,2.5,42,274,Simulink standard-block model,1000,4.60247537018528e-05,0.00351649605416627,0.0210964960634636,0.00342549533723688,0.0210504713097618,6.06415701522342,0.00353553390593274,0.0212835554495182,6.0198985544457,0.01,0.00822488178566593,10,1000,0.01,1,0.01,0.999889427794428,0.00544075444552925,0.0183094688703148,0.996173241514445,1,1,1,0
L1_274_R1,R1,1.6,20,20,2.5,42,274,Simulink standard-block model,1000,4.60247537018528e-05,0.00351649605416627,0.0210964960634636,0.00342549533723688,0.0210504713097618,6.06415701522342,0.00353553390593274,0.0212835554495182,6.0198985544457,0.05,0.00581543576838337,47,1000,0.047,1,0.05,0.999993929626479,0.0355271051063845,0.0619399380815285,0.996173241514445,1,1,1,0
L1_274_R1,R1,1.6,20,20,2.5,42,274,Simulink standard-block model,1000,4.60247537018528e-05,0.00351649605416627,0.0210964960634636,0.00342549533723688,0.0210504713097618,6.06415701522342,0.00353553390593274,0.0212835554495182,6.0198985544457,0.1,0.00453096901218412,108,1000,0.108,1,0.1,0.999998922656835,0.0902411985625519,0.128758980090123,0.996173241514445,1,1,1,0
L1_275_R0,R0,1.6,20,20,5,42,275,Simulink standard-block model,1000,-0.000192577643664969,0.00494628472988835,0.0213724994115124,0.00492530603103857,0.0215650770551773,4.3691090687263,0.005,0.0212835554495182,4.25671108990365,0.01,0.0116317393702042,12,976,0.012,0.976,0.01,0.973219075340596,0.00687764780640352,0.0208572684754983,0.964537094388389,0.983819831533363,1,1,0
L1_275_R0,R0,1.6,20,20,5,42,275,Simulink standard-block model,1000,-0.000192577643664969,0.00494628472988835,0.0213724994115124,0.00492530603103857,0.0215650770551773,4.3691090687263,0.005,0.0212835554495182,4.25671108990365,0.05,0.00822426813475736,50,999,0.05,0.999,0.05,0.995497410475669,0.0381302623927488,0.0653138202442508,0.994357441402042,0.999823453629374,1,1,0
L1_275_R0,R0,1.6,20,20,5,42,275,Simulink standard-block model,1000,-0.000192577643664969,0.00494628472988835,0.0213724994115124,0.00492530603103857,0.0215650770551773,4.3691090687263,0.005,0.0212835554495182,4.25671108990365,0.1,0.006407757827723,88,999,0.088,0.999,0.1,0.99853581889284,0.0719809979423209,0.107172251049777,0.994357441402042,0.999823453629374,1,1,0
L1_276_R1,R1,1.6,20,20,5,42,276,Simulink standard-block model,1000,1.09434484360238e-05,0.00725023856273293,0.0214930579005628,0.00705756823821862,0.0214821144521268,3.00257995900263,0.00707106781186548,0.0212835554495182,3.00994927722285,0.01,0.0164497635713319,14,777,0.014,0.777,0.01,0.752886550807771,0.00835757513042392,0.0233620341175357,0.750168106027899,0.801711869771104,1,1,0
L1_276_R1,R1,1.6,20,20,5,42,276,Simulink standard-block model,1000,1.09434484360238e-05,0.00725023856273293,0.0214930579005628,0.00705756823821862,0.0214821144521268,3.00257995900263,0.00707106781186548,0.0212835554495182,3.00994927722285,0.05,0.0116308715367667,57,913,0.057,0.913,0.05,0.913888505501575,0.0442534403587159,0.0731370676594859,0.893913518943307,0.928925578547625,1,1,0
L1_276_R1,R1,1.6,20,20,5,42,276,Simulink standard-block model,1000,1.09434484360238e-05,0.00725023856273293,0.0214930579005628,0.00705756823821862,0.0214821144521268,3.00257995900263,0.00707106781186548,0.0212835554495182,3.00994927722285,0.1,0.00906193802436823,107,959,0.107,0.959,0.1,0.958041527260576,0.08932287430802,0.127684957861626,0.944852006792359,0.969635028917902,1,1,0
L1_277_R0,R0,1.6,20,20,10,42,277,Simulink standard-block model,1000,-8.51169373540934e-05,0.0095829699600425,0.0211339421955776,0.00980713243555723,0.0212190591329317,2.18850224608822,0.01,0.0212835554495182,2.12835554495182,0.01,0.0232634787404084,4,433,0.004,0.433,0.01,0.421525532715311,0.00155658814040843,0.0102395562772623,0.402603871881022,0.463908913756043,1,1,0
L1_277_R0,R0,1.6,20,20,10,42,277,Simulink standard-block model,1000,-8.51169373540934e-05,0.0095829699600425,0.0211339421955776,0.00980713243555723,0.0212190591329317,2.18850224608822,0.01,0.0212835554495182,2.12835554495182,0.05,0.0164485362695147,41,683,0.041,0.683,0.05,0.685630300878025,0.0303649710820983,0.0551479932076413,0.653506896420483,0.711092509973804,1,1,0
L1_277_R0,R0,1.6,20,20,10,42,277,Simulink standard-block model,1000,-8.51169373540934e-05,0.0095829699600425,0.0211339421955776,0.00980713243555723,0.0212190591329317,2.18850224608822,0.01,0.0212835554495182,2.12835554495182,0.1,0.012815515655446,94,802,0.094,0.802,0.1,0.801447805095624,0.0774341735737637,0.113673154316507,0.776166200305855,0.82552243756887,1,1,0
L1_278_R1,R1,1.6,20,20,10,42,278,Simulink standard-block model,1000,-0.000331612764718095,0.0142972221702275,0.0214554940464954,0.0141329628332031,0.0217871068112135,1.53264870972845,0.014142135623731,0.0212835554495182,1.50497463861142,0.01,0.0328995271426637,9,206,0.009,0.206,0.01,0.205716851980869,0.00474206066747706,0.0170158161653381,0.182081391132891,0.232168742856615,1,1,0
L1_278_R1,R1,1.6,20,20,10,42,278,Simulink standard-block model,1000,-0.000331612764718095,0.0142972221702275,0.0214554940464954,0.0141329628332031,0.0217871068112135,1.53264870972845,0.014142135623731,0.0212835554495182,1.50497463861142,0.05,0.0232617430735335,45,449,0.045,0.449,0.05,0.444377801465859,0.0337995122856317,0.0596828379362235,0.418425466734599,0.479964862630927,1,1,0
L1_278_R1,R1,1.6,20,20,10,42,278,Simulink standard-block model,1000,-0.000331612764718095,0.0142972221702275,0.0214554940464954,0.0141329628332031,0.0217871068112135,1.53264870972845,0.014142135623731,0.0212835554495182,1.50497463861142,0.1,0.0181238760487365,101,598,0.101,0.598,0.1,0.588396875782294,0.0838240106523991,0.121229742619074,0.567292188897142,0.627957766439689,1,1,0
L1_279_R0,R0,1.6,20,20,20,42,279,Simulink standard-block model,1000,0.000404362776657111,0.0200119933252807,0.0210225963299011,0.0200233212822295,0.020618233553244,1.03000228323553,0.02,0.0212835554495182,1.06417777247591,0.01,0.0465269574808168,11,106,0.011,0.106,0.01,0.103443792337337,0.00615317409808664,0.0195893957007863,0.0884050668630515,0.126610418823566,1,1,0
L1_279_R0,R0,1.6,20,20,20,42,279,Simulink standard-block model,1000,0.000404362776657111,0.0200119933252807,0.0210225963299011,0.0200233212822295,0.020618233553244,1.03000228323553,0.02,0.0212835554495182,1.06417777247591,0.05,0.0328970725390295,44,286,0.044,0.286,0.05,0.280729469000845,0.0329382145884185,0.0585517891504078,0.258852696142802,0.314785156489016,1,1,0
L1_279_R0,R0,1.6,20,20,20,42,279,Simulink standard-block model,1000,0.000404362776657111,0.0200119933252807,0.0210225963299011,0.0200233212822295,0.020618233553244,1.03000228323553,0.02,0.0212835554495182,1.06417777247591,0.1,0.025631031310892,99,407,0.099,0.407,0.1,0.413958526510532,0.0819954413686654,0.11907361893675,0.376963148552451,0.437748628525863,1,1,0
L1_280_R1,R1,1.6,20,20,20,42,280,Simulink standard-block model,1000,6.75939738543012e-05,0.028279891771922,0.0214964713453405,0.0288496394768315,0.0214288773714862,0.750148350102977,0.0282842712474619,0.0212835554495182,0.752487319305712,0.01,0.0657990542853275,12,51,0.012,0.051,0.01,0.0577598454387323,0.00687764780640352,0.0208572684754983,0.0390009427752668,0.0664354863447617,1,1,0
L1_280_R1,R1,1.6,20,20,20,42,280,Simulink standard-block model,1000,6.75939738543012e-05,0.028279891771922,0.0214964713453405,0.0288496394768315,0.0214288773714862,0.750148350102977,0.0282842712474619,0.0212835554495182,0.752487319305712,0.05,0.046523486147067,59,181,0.059,0.181,0.05,0.186098312006579,0.0460142982128005,0.0753609027714592,0.158371940443981,0.206069531469803,1,1,0
L1_280_R1,R1,1.6,20,20,20,42,280,Simulink standard-block model,1000,6.75939738543012e-05,0.028279891771922,0.0214964713453405,0.0288496394768315,0.0214288773714862,0.750148350102977,0.0282842712474619,0.0212835554495182,0.752487319305712,0.1,0.0362477520974729,99,296,0.099,0.296,0.1,0.298380441426836,0.0819954413686654,0.11907361893675,0.268530974337979,0.325030343124127,1,1,0
L1_281_R0,R0,1.6,20,30,2.5,42,281,Simulink standard-block model,1000,4.76701937720652e-05,0.00254836055394607,0.0231703241505121,0.00237505277759314,0.02312265395674,9.38712236966927,0.0025,0.023094010767585,9.23760430703401,0.01,0.0058158696851021,10,1000,0.01,1,0.01,0.999999999997598,0.00544075444552925,0.0183094688703148,0.996173241514445,1,1,1,0
L1_281_R0,R0,1.6,20,30,2.5,42,281,Simulink standard-block model,1000,4.76701937720652e-05,0.00254836055394607,0.0231703241505121,0.00237505277759314,0.02312265395674,9.38712236966927,0.0025,0.023094010767585,9.23760430703401,0.05,0.00411213406737868,55,1000,0.055,1,0.05,0.999999999999984,0.0424974273747684,0.0709083876773756,0.996173241514445,1,1,1,0
L1_281_R0,R0,1.6,20,30,2.5,42,281,Simulink standard-block model,1000,4.76701937720652e-05,0.00254836055394607,0.0231703241505121,0.00237505277759314,0.02312265395674,9.38712236966927,0.0025,0.023094010767585,9.23760430703401,0.1,0.0032038789138615,110,1000,0.11,1,0.1,0.999999999999999,0.0920793726718571,0.130905498946876,0.996173241514445,1,1,1,0
L1_282_R1,R1,1.6,20,30,2.5,42,282,Simulink standard-block model,1000,9.13825894759182e-05,0.00365405327275376,0.0230727101451449,0.0036303910144311,0.0229813275556689,6.30966629858973,0.00353553390593274,0.023094010767585,6.53197264742181,0.01,0.00822488178566593,11,1000,0.011,1,0.01,0.999986981905147,0.00615317409808664,0.0195893957007863,0.996173241514445,1,1,1,0
L1_282_R1,R1,1.6,20,30,2.5,42,282,Simulink standard-block model,1000,9.13825894759182e-05,0.00365405327275376,0.0230727101451449,0.0036303910144311,0.0229813275556689,6.30966629858973,0.00353553390593274,0.023094010767585,6.53197264742181,0.05,0.00581543576838337,58,1000,0.058,1,0.05,0.999999488388793,0.0451332782349982,0.0742495762662325,0.996173241514445,1,1,1,0
L1_282_R1,R1,1.6,20,30,2.5,42,282,Simulink standard-block model,1000,9.13825894759182e-05,0.00365405327275376,0.0230727101451449,0.0036303910144311,0.0229813275556689,6.30966629858973,0.00353553390593274,0.023094010767585,6.53197264742181,0.1,0.00453096901218412,118,1000,0.118,1,0.1,0.999999924124045,0.0994515584012233,0.139472085081741,0.996173241514445,1,1,1,0
L1_283_R0,R0,1.6,20,30,5,42,283,Simulink standard-block model,1000,-0.000112729865331925,0.00496011787302874,0.0230356558838112,0.00510291536729796,0.0231483857491431,4.60021445111161,0.005,0.023094010767585,4.61880215351701,0.01,0.0116317393702042,11,985,0.011,0.985,0.01,0.989060278532013,0.00615317409808664,0.0195893957007863,0.975399023073093,0.990889021195918,1,1,0
L1_283_R0,R0,1.6,20,30,5,42,283,Simulink standard-block model,1000,-0.000112729865331925,0.00496011787302874,0.0230356558838112,0.00510291536729796,0.0231483857491431,4.60021445111161,0.005,0.023094010767585,4.61880215351701,0.05,0.00822426813475736,43,999,0.043,0.999,0.05,0.998530028060461,0.0320786534117134,0.057419003844084,0.994357441402042,0.999823453629374,1,1,0
L1_283_R0,R0,1.6,20,30,5,42,283,Simulink standard-block model,1000,-0.000112729865331925,0.00496011787302874,0.0230356558838112,0.00510291536729796,0.0231483857491431,4.60021445111161,0.005,0.023094010767585,4.61880215351701,0.1,0.006407757827723,79,1000,0.079,1,0.1,0.999576941878688,0.0638472157608292,0.0973749148840082,0.996173241514445,1,0,1,0
L1_284_R1,R1,1.6,20,30,5,42,284,Simulink standard-block model,1000,0.000158574916218207,0.00714922088847471,0.0229348540363695,0.00721988353758819,0.0227762791201513,3.17013545784451,0.00707106781186548,0.023094010767585,3.2659863237109,0.01,0.0164497635713319,16,810,0.016,0.81,0.01,0.82629847662347,0.00987224200227739,0.02583206021174,0.784516679803359,0.833110729935597,1,1,0
L1_284_R1,R1,1.6,20,30,5,42,284,Simulink standard-block model,1000,0.000158574916218207,0.00714922088847471,0.0229348540363695,0.00721988353758819,0.0227762791201513,3.17013545784451,0.00707106781186548,0.023094010767585,3.2659863237109,0.05,0.0116308715367667,52,944,0.052,0.944,0.05,0.94750540848145,0.0398730362837774,0.06755573931928,0.927976651850269,0.956625186614558,1,1,0
L1_284_R1,R1,1.6,20,30,5,42,284,Simulink standard-block model,1000,0.000158574916218207,0.00714922088847471,0.0229348540363695,0.00721988353758819,0.0227762791201513,3.17013545784451,0.00707106781186548,0.023094010767585,3.2659863237109,0.1,0.00906193802436823,104,974,0.104,0.974,0.1,0.976396302780543,0.0865710280982681,0.124459764622292,0.96217617115731,0.982196061798384,1,1,0
L1_285_R0,R0,1.6,20,30,10,42,285,Simulink standard-block model,1000,-0.000346177277667599,0.00990557849217004,0.0231858413827646,0.010157182313098,0.0235320186604322,2.34565607756113,0.01,0.023094010767585,2.3094010767585,0.01,0.0232634787404084,7,491,0.007,0.491,0.01,0.493239529642583,0.00339486840099076,0.0143783154657666,0.460109033147214,0.521959848505526,1,1,0
L1_285_R0,R0,1.6,20,30,10,42,285,Simulink standard-block model,1000,-0.000346177277667599,0.00990557849217004,0.0231858413827646,0.010157182313098,0.0235320186604322,2.34565607756113,0.01,0.023094010767585,2.3094010767585,0.05,0.0164485362695147,39,751,0.039,0.751,0.05,0.746830004913777,0.0286589609041805,0.0528693104195014,0.723271543808546,0.776807423431705,1,1,0
L1_285_R0,R0,1.6,20,30,10,42,285,Simulink standard-block model,1000,-0.000346177277667599,0.00990557849217004,0.0231858413827646,0.010157182313098,0.0235320186604322,2.34565607756113,0.01,0.023094010767585,2.3094010767585,0.1,0.012815515655446,86,848,0.086,0.848,0.1,0.847989688860439,0.0701685247757604,0.105000031250279,0.824419078657033,0.868917497437021,1,1,0
L1_286_R1,R1,1.6,20,30,10,42,286,Simulink standard-block model,1000,0.000711969301903133,0.014276774676634,0.0232584313048047,0.0139985824183382,0.0225464620029015,1.59470105090706,0.014142135623731,0.023094010767585,1.63299316185545,0.01,0.0328995271426637,8,245,0.008,0.245,0.01,0.244043487828629,0.0040591958188061,0.0157063345309801,0.219352396094996,0.272599250732637,1,1,0
L1_286_R1,R1,1.6,20,30,10,42,286,Simulink standard-block model,1000,0.000711969301903133,0.014276774676634,0.0232584313048047,0.0139985824183382,0.0225464620029015,1.59470105090706,0.014142135623731,0.023094010767585,1.63299316185545,0.05,0.0232617430735335,57,486,0.057,0.486,0.05,0.495268469939453,0.0442534403587159,0.0731370676594859,0.455135255664408,0.516971893573188,1,1,0
L1_286_R1,R1,1.6,20,30,10,42,286,Simulink standard-block model,1000,0.000711969301903133,0.014276774676634,0.0232584313048047,0.0139985824183382,0.0225464620029015,1.59470105090706,0.014142135623731,0.023094010767585,1.63299316185545,0.1,0.0181238760487365,113,636,0.113,0.636,0.1,0.637371459641792,0.0948403583164347,0.134121552751385,0.605710772604704,0.665248349087225,1,1,0
L1_287_R0,R0,1.6,20,30,20,42,287,Simulink standard-block model,1000,-0.00076985839038882,0.0196235346428078,0.0224837737570033,0.0201730430309534,0.0232536321473922,1.16851332787322,0.02,0.023094010767585,1.15470053837925,0.01,0.0465269574808168,7,110,0.007,0.11,0.01,0.12066933755221,0.00339486840099076,0.0143783154657666,0.0920793726718571,0.130905498946876,1,1,0
L1_287_R0,R0,1.6,20,30,20,42,287,Simulink standard-block model,1000,-0.00076985839038882,0.0196235346428078,0.0224837737570033,0.0201730430309534,0.0232536321473922,1.16851332787322,0.02,0.023094010767585,1.15470053837925,0.05,0.0328970725390295,41,303,0.041,0.303,0.05,0.312012786818454,0.0303649710820983,0.0551479932076413,0.27531542432194,0.332192318521369,1,1,0
L1_287_R0,R0,1.6,20,30,20,42,287,Simulink standard-block model,1000,-0.00076985839038882,0.0196235346428078,0.0224837737570033,0.0201730430309534,0.0232536321473922,1.16851332787322,0.02,0.023094010767585,1.15470053837925,0.1,0.025631031310892,93,444,0.093,0.444,0.1,0.449529154036291,0.0765237256417453,0.112591255765497,0.41347775946029,0.474950837490092,1,1,0
L1_288_R1,R1,1.6,20,30,20,42,288,Simulink standard-block model,1000,0.00119919783087453,0.0278816472507184,0.0220900794628864,0.0287677358715182,0.0208908816320119,0.737459981461112,0.0282842712474619,0.023094010767585,0.816496580927726,0.01,0.0657990542853275,4,68,0.004,0.068,0.01,0.0655406866825139,0.00155658814040843,0.0102395562772623,0.0539924578085301,0.0853138615229895,1,1,0
L1_288_R1,R1,1.6,20,30,20,42,288,Simulink standard-block model,1000,0.00119919783087453,0.0278816472507184,0.0220900794628864,0.0287677358715182,0.0208908816320119,0.737459981461112,0.0282842712474619,0.023094010767585,0.816496580927726,0.05,0.046523486147067,50,198,0.05,0.198,0.05,0.203734162463038,0.0381302623927488,0.0653138202442508,0.17447756243113,0.223833799694145,1,1,0
L1_288_R1,R1,1.6,20,30,20,42,288,Simulink standard-block model,1000,0.00119919783087453,0.0278816472507184,0.0220900794628864,0.0287677358715182,0.0208908816320119,0.737459981461112,0.0282842712474619,0.023094010767585,0.816496580927726,0.1,0.0362477520974729,116,314,0.116,0.314,0.1,0.320946040684534,0.0976056770396338,0.137333273477273,0.285992346174625,0.343431207982002,1,1,0
L1_289_R0,R0,1.6,20,40,2.5,42,289,Simulink standard-block model,1000,5.71446791860204e-05,0.00251774803533252,0.0260949696865529,0.0025227594625424,0.0260378250073669,10.3314248215001,0.0025,0.0261081457866456,10.4432583146582,0.01,0.0058158696851021,10,1000,0.01,1,0.01,1,0.00544075444552925,0.0183094688703148,0.996173241514445,1,1,1,0
L1_289_R0,R0,1.6,20,40,2.5,42,289,Simulink standard-block model,1000,5.71446791860204e-05,0.00251774803533252,0.0260949696865529,0.0025227594625424,0.0260378250073669,10.3314248215001,0.0025,0.0261081457866456,10.4432583146582,0.05,0.00411213406737868,52,1000,0.052,1,0.05,1,0.0398730362837774,0.06755573931928,0.996173241514445,1,1,1,0
L1_289_R0,R0,1.6,20,40,2.5,42,289,Simulink standard-block model,1000,5.71446791860204e-05,0.00251774803533252,0.0260949696865529,0.0025227594625424,0.0260378250073669,10.3314248215001,0.0025,0.0261081457866456,10.4432583146582,0.1,0.0032038789138615,108,1000,0.108,1,0.1,1,0.0902411985625519,0.128758980090123,0.996173241514445,1,1,1,0
L1_290_R1,R1,1.6,20,40,2.5,42,290,Simulink standard-block model,1000,-7.45701036851281e-05,0.00339464289414021,0.0260783897950449,0.00349247856512931,0.0261529598987301,7.59397714483619,0.00353553390593274,0.0261081457866456,7.38449877197763,0.01,0.00822488178566593,9,1000,0.009,1,0.01,0.999999788329304,0.00474206066747706,0.0170158161653381,0.996173241514445,1,1,1,0
L1_290_R1,R1,1.6,20,40,2.5,42,290,Simulink standard-block model,1000,-7.45701036851281e-05,0.00339464289414021,0.0260783897950449,0.00349247856512931,0.0261529598987301,7.59397714483619,0.00353553390593274,0.0261081457866456,7.38449877197763,0.05,0.00581543576838337,37,1000,0.037,1,0.05,0.999999995256243,0.0269611808755547,0.0505823974820693,0.996173241514445,1,1,1,0
L1_290_R1,R1,1.6,20,40,2.5,42,290,Simulink standard-block model,1000,-7.45701036851281e-05,0.00339464289414021,0.0260783897950449,0.00349247856512931,0.0261529598987301,7.59397714483619,0.00353553390593274,0.0261081457866456,7.38449877197763,0.1,0.00453096901218412,88,1000,0.088,1,0.1,0.999999999479349,0.0719809979423209,0.107172251049777,0.996173241514445,1,1,1,0
L1_291_R0,R0,1.6,20,40,5,42,291,Simulink standard-block model,1000,-0.000222288659344711,0.00504469717831039,0.0260281913023528,0.00523180217624486,0.0262504799616975,5.10799040649361,0.005,0.0261081457866456,5.22162915732912,0.01,0.0116317393702042,6,1000,0.006,1,0.01,0.998105905426924,0.00275266914187637,0.0130281682418521,0.996173241514445,1,1,1,0
L1_291_R0,R0,1.6,20,40,5,42,291,Simulink standard-block model,1000,-0.000222288659344711,0.00504469717831039,0.0260281913023528,0.00523180217624486,0.0262504799616975,5.10799040649361,0.005,0.0261081457866456,5.22162915732912,0.05,0.00822426813475736,42,1000,0.042,1,0.05,0.999826070682333,0.0312208855461654,0.0562844252266031,0.996173241514445,1,1,1,0
L1_291_R0,R0,1.6,20,40,5,42,291,Simulink standard-block model,1000,-0.000222288659344711,0.00504469717831039,0.0260281913023528,0.00523180217624486,0.0262504799616975,5.10799040649361,0.005,0.0261081457866456,5.22162915732912,0.1,0.006407757827723,100,1000,0.1,1,0.1,0.999959272370499,0.0829094435930957,0.120151963195348,0.996173241514445,1,1,1,0
L1_292_R1,R1,1.6,20,40,5,42,292,Simulink standard-block model,1000,0.000433588198637155,0.00701863439119787,0.0257016234047832,0.00703958949033039,0.0252680352061461,3.594765220414,0.00707106781186548,0.0261081457866456,3.69224938598882,0.01,0.0164497635713319,10,894,0.01,0.894,0.01,0.914015060934021,0.00544075444552925,0.0183094688703148,0.873389581176434,0.911594933136949,1,0,0
L1_292_R1,R1,1.6,20,40,5,42,292,Simulink standard-block model,1000,0.000433588198637155,0.00701863439119787,0.0257016234047832,0.00703958949033039,0.0252680352061461,3.594765220414,0.00707106781186548,0.0261081457866456,3.69224938598882,0.05,0.0116308715367667,55,980,0.055,0.98,0.05,0.979690378776953,0.0424974273747684,0.0709083876773756,0.969309994770282,0.987016317083585,1,1,0
L1_292_R1,R1,1.6,20,40,5,42,292,Simulink standard-block model,1000,0.000433588198637155,0.00701863439119787,0.0257016234047832,0.00703958949033039,0.0252680352061461,3.594765220414,0.00707106781186548,0.0261081457866456,3.69224938598882,0.1,0.00906193802436823,108,989,0.108,0.989,0.1,0.992038982923327,0.0902411985625519,0.128758980090123,0.980410604299214,0.993846825901913,1,1,0
L1_293_R0,R0,1.6,20,40,10,42,293,Simulink standard-block model,1000,-0.000165449393774223,0.00945842922721581,0.0256304429601919,0.0100335757860466,0.0257958923539661,2.64566626740074,0.01,0.0261081457866456,2.61081457866456,0.01,0.0232634787404084,3,579,0.003,0.579,0.01,0.611973626818649,0.00102078388113862,0.00878301405350318,0.548154303565799,0.609241068593483,0,0,0
L1_293_R0,R0,1.6,20,40,10,42,293,Simulink standard-block model,1000,-0.000165449393774223,0.00945842922721581,0.0256304429601919,0.0100335757860466,0.0257958923539661,2.64566626740074,0.01,0.0261081457866456,2.61081457866456,0.05,0.0164485362695147,49,821,0.049,0.821,0.05,0.832968139630228,0.0372610346473606,0.0641907015066101,0.796025336271463,0.843517884780811,1,1,0
L1_293_R0,R0,1.6,20,40,10,42,293,Simulink standard-block model,1000,-0.000165449393774223,0.00945842922721581,0.0256304429601919,0.0100335757860466,0.0257958923539661,2.64566626740074,0.01,0.0261081457866456,2.61081457866456,0.1,0.012815515655446,96,900,0.096,0.9,0.1,0.908119393829336,0.0792569000983968,0.115835120757932,0.879848036804652,0.917090556406904,1,1,0
L1_294_R1,R1,1.6,20,40,10,42,294,Simulink standard-block model,1000,0.000490168534517002,0.0140077919696437,0.0258421381387449,0.0144075603162462,0.0253519696042279,1.78420881565234,0.014142135623731,0.0261081457866456,1.84612469299441,0.01,0.0328995271426637,16,324,0.016,0.324,0.01,0.315534352645136,0.00987224200227739,0.02583206021174,0.295714822272211,0.353632196714705,1,1,0
L1_294_R1,R1,1.6,20,40,10,42,294,Simulink standard-block model,1000,0.000490168534517002,0.0140077919696437,0.0258421381387449,0.0144075603162462,0.0253519696042279,1.78420881565234,0.014142135623731,0.0261081457866456,1.84612469299441,0.05,0.0232617430735335,54,580,0.054,0.58,0.05,0.579756687223089,0.0416213137230627,0.0697921548460524,0.549160400801092,0.61022731784122,1,1,0
L1_294_R1,R1,1.6,20,40,10,42,294,Simulink standard-block model,1000,0.000490168534517002,0.0140077919696437,0.0258421381387449,0.0144075603162462,0.0253519696042279,1.78420881565234,0.014142135623731,0.0261081457866456,1.84612469299441,0.1,0.0181238760487365,107,713,0.107,0.713,0.1,0.713817926197898,0.08932287430802,0.127684957861626,0.684189582924353,0.7401802179608,1,1,0
L1_295_R0,R0,1.6,20,40,20,42,295,Simulink standard-block model,1000,0.000379482829864759,0.0195806686468484,0.0257634515917117,0.0200860878354497,0.0253839687618469,1.27975719370481,0.02,0.0261081457866456,1.30540728933228,0.01,0.0465269574808168,10,156,0.01,0.156,0.01,0.153641294676586,0.00544075444552925,0.0183094688703148,0.134831315389457,0.179801494448605,1,1,0
L1_295_R0,R0,1.6,20,40,20,42,295,Simulink standard-block model,1000,0.000379482829864759,0.0195806686468484,0.0257634515917117,0.0200860878354497,0.0253839687618469,1.27975719370481,0.02,0.0261081457866456,1.30540728933228,0.05,0.0328970725390295,48,371,0.048,0.371,0.05,0.367136758038193,0.0363933010208079,0.0630660886501339,0.341606326344111,0.401380977345162,1,1,0
L1_295_R0,R0,1.6,20,40,20,42,295,Simulink standard-block model,1000,0.000379482829864759,0.0195806686468484,0.0257634515917117,0.0200860878354497,0.0253839687618469,1.27975719370481,0.02,0.0261081457866456,1.30540728933228,0.1,0.025631031310892,104,509,0.104,0.509,0.1,0.50951615423974,0.0865710280982681,0.124459764622292,0.478040151494475,0.539890966852786,1,1,0
L1_296_R1,R1,1.6,20,40,20,42,296,Simulink standard-block model,1000,-0.00138801102645014,0.0278214032921062,0.0263445799132717,0.0281932121636324,0.0277325909397219,0.990169433322139,0.0282842712474619,0.0261081457866456,0.923062346497204,0.01,0.0657990542853275,4,82,0.004,0.082,0.01,0.0802658560539193,0.00155658814040843,0.0102395562772623,0.0665519534202195,0.100647216673705,1,1,0
L1_296_R1,R1,1.6,20,40,20,42,296,Simulink standard-block model,1000,-0.00138801102645014,0.0278214032921062,0.0263445799132717,0.0281932121636324,0.0277325909397219,0.990169433322139,0.0282842712474619,0.0261081457866456,0.923062346497204,0.05,0.046523486147067,42,243,0.042,0.243,0.05,0.235211405582593,0.0312208855461654,0.0562844252266031,0.217433462297087,0.270533491564489,1,1,0
L1_296_R1,R1,1.6,20,40,20,42,296,Simulink standard-block model,1000,-0.00138801102645014,0.0278214032921062,0.0263445799132717,0.0281932121636324,0.0277325909397219,0.990169433322139,0.0282842712474619,0.0261081457866456,0.923062346497204,0.1,0.0362477520974729,89,366,0.089,0.366,0.1,0.359988617233875,0.0728882439130074,0.108257351562119,0.336709441946604,0.396316129327525,1,1,0
L1_297_R0,R0,1.6,20,50,2.5,42,297,Simulink standard-block model,1000,8.39508271339229e-06,0.00246664056307656,0.0310962949986147,0.00246502192354477,0.0310878999159013,12.6074719532313,0.0025,0.0311144765372083,12.4457906148833,0.01,0.0058158696851021,9,1000,0.009,1,0.01,1,0.00474206066747706,0.0170158161653381,0.996173241514445,1,1,1,0
L1_297_R0,R0,1.6,20,50,2.5,42,297,Simulink standard-block model,1000,8.39508271339229e-06,0.00246664056307656,0.0310962949986147,0.00246502192354477,0.0310878999159013,12.6074719532313,0.0025,0.0311144765372083,12.4457906148833,0.05,0.00411213406737868,41,1000,0.041,1,0.05,1,0.0303649710820983,0.0551479932076413,0.996173241514445,1,1,1,0
L1_297_R0,R0,1.6,20,50,2.5,42,297,Simulink standard-block model,1000,8.39508271339229e-06,0.00246664056307656,0.0310962949986147,0.00246502192354477,0.0310878999159013,12.6074719532313,0.0025,0.0311144765372083,12.4457906148833,0.1,0.0032038789138615,95,1000,0.095,1,0.1,1,0.0783452345790474,0.114754439794252,0.996173241514445,1,1,1,0
L1_298_R1,R1,1.6,20,50,2.5,42,298,Simulink standard-block model,1000,-0.000136065280471502,0.00353381247800269,0.0310184673772027,0.00355352886705345,0.0311545326576742,8.79156529599084,0.00353553390593274,0.0311144765372083,8.80050294101187,0.01,0.00822488178566593,7,1000,0.007,1,0.01,0.999999999952328,0.00339486840099076,0.0143783154657666,0.996173241514445,1,1,1,0
L1_298_R1,R1,1.6,20,50,2.5,42,298,Simulink standard-block model,1000,-0.000136065280471502,0.00353381247800269,0.0310184673772027,0.00355352886705345,0.0311545326576742,8.79156529599084,0.00353553390593274,0.0311144765372083,8.80050294101187,0.05,0.00581543576838337,45,1000,0.045,1,0.05,0.999999999999584,0.0337995122856317,0.0596828379362235,0.996173241514445,1,1,1,0
L1_298_R1,R1,1.6,20,50,2.5,42,298,Simulink standard-block model,1000,-0.000136065280471502,0.00353381247800269,0.0310184673772027,0.00355352886705345,0.0311545326576742,8.79156529599084,0.00353553390593274,0.0311144765372083,8.80050294101187,0.1,0.00453096901218412,98,1000,0.098,1,0.1,0.999999999999972,0.0810820115233503,0.117994702299036,0.996173241514445,1,1,1,0
L1_299_R0,R0,1.6,20,50,5,42,299,Simulink standard-block model,1000,-3.70953429304377e-05,0.00477671198058306,0.0310701394575515,0.00495466483054048,0.031107234800482,6.39211401178635,0.005,0.0311144765372083,6.22289530744165,0.01,0.0116317393702042,12,999,0.012,0.999,0.01,0.999951213147687,0.00687764780640352,0.0208572684754983,0.994357441402042,0.999823453629374,1,0,0
L1_299_R0,R0,1.6,20,50,5,42,299,Simulink standard-block model,1000,-3.70953429304377e-05,0.00477671198058306,0.0310701394575515,0.00495466483054048,0.031107234800482,6.39211401178635,0.005,0.0311144765372083,6.22289530744165,0.05,0.00822426813475736,51,999,0.051,0.999,0.05,0.999997653254064,0.0390009427752668,0.0664354863447617,0.994357441402042,0.999823453629374,1,0,0
L1_299_R0,R0,1.6,20,50,5,42,299,Simulink standard-block model,1000,-3.70953429304377e-05,0.00477671198058306,0.0310701394575515,0.00495466483054048,0.031107234800482,6.39211401178635,0.005,0.0311144765372083,6.22289530744165,0.1,0.006407757827723,82,1000,0.082,1,0.1,0.999999612070084,0.0665519534202195,0.100647216673705,0.996173241514445,1,1,1,0
L1_300_R1,R1,1.6,20,50,5,42,300,Simulink standard-block model,1000,3.9300720016322e-05,0.00700445980139651,0.030775574043003,0.00695874145232756,0.0307362733229867,4.40244439841561,0.00707106781186548,0.0311144765372083,4.40025147050594,0.01,0.0164497635713319,11,982,0.011,0.982,0.01,0.980955867511263,0.00615317409808664,0.0195893957007863,0.971726744829493,0.988584259990432,1,1,0
L1_300_R1,R1,1.6,20,50,5,42,300,Simulink standard-block model,1000,3.9300720016322e-05,0.00700445980139651,0.030775574043003,0.00695874145232756,0.0307362733229867,4.40244439841561,0.00707106781186548,0.0311144765372083,4.40025147050594,0.05,0.0116308715367667,43,1000,0.043,1,0.05,0.997068959637684,0.0320786534117134,0.057419003844084,0.996173241514445,1,1,1,0
L1_300_R1,R1,1.6,20,50,5,42,300,Simulink standard-block model,1000,3.9300720016322e-05,0.00700445980139651,0.030775574043003,0.00695874145232756,0.0307362733229867,4.40244439841561,0.00707106781186548,0.0311144765372083,4.40025147050594,0.1,0.00906193802436823,98,1000,0.098,1,0.1,0.999091745646868,0.0810820115233503,0.117994702299036,0.996173241514445,1,1,1,0
L1_301_R0,R0,1.6,20,50,10,42,301,Simulink standard-block model,1000,0.000483472551234788,0.00999569799809245,0.0312516214448469,0.0100140535532889,0.0307681488936121,3.07531414060671,0.01,0.0311144765372083,3.11144765372083,0.01,0.0232634787404084,8,784,0.008,0.784,0.01,0.783802465549839,0.0040591958188061,0.0157063345309801,0.757433410129127,0.808392991051078,1,1,0
L1_301_R0,R0,1.6,20,50,10,42,301,Simulink standard-block model,1000,0.000483472551234788,0.00999569799809245,0.0312516214448469,0.0100140535532889,0.0307681488936121,3.07531414060671,0.01,0.0311144765372083,3.11144765372083,0.05,0.0164485362695147,50,930,0.05,0.93,0.05,0.928756737041888,0.0381302623927488,0.0653138202442508,0.912485351848717,0.944223635853706,1,1,0
L1_301_R0,R0,1.6,20,50,10,42,301,Simulink standard-block model,1000,0.000483472551234788,0.00999569799809245,0.0312516214448469,0.0100140535532889,0.0307681488936121,3.07531414060671,0.01,0.0311144765372083,3.11144765372083,0.1,0.012815515655446,117,969,0.117,0.969,0.1,0.966367260742976,0.0985283876192287,0.138402909380707,0.956334503987708,0.978075996552841,1,1,0
L1_302_R1,R1,1.6,20,50,10,42,302,Simulink standard-block model,1000,-0.000139598951857959,0.0144750552010249,0.0312317405085671,0.0138292972103058,0.0313713394604251,2.21613818019525,0.014142135623731,0.0311144765372083,2.20012573525297,0.01,0.0328995271426637,14,447,0.014,0.447,0.01,0.449778043649525,0.00835757513042392,0.0233620341175357,0.416446007701489,0.47795962869798,1,1,0
L1_302_R1,R1,1.6,20,50,10,42,302,Simulink standard-block model,1000,-0.000139598951857959,0.0144750552010249,0.0312317405085671,0.0138292972103058,0.0313713394604251,2.21613818019525,0.014142135623731,0.0311144765372083,2.20012573525297,0.05,0.0232617430735335,51,712,0.051,0.712,0.05,0.71064572318484,0.0390009427752668,0.0664354863447617,0.683164488557197,0.739212965844927,1,1,0
L1_302_R1,R1,1.6,20,50,10,42,302,Simulink standard-block model,1000,-0.000139598951857959,0.0144750552010249,0.0312317405085671,0.0138292972103058,0.0313713394604251,2.21613818019525,0.014142135623731,0.0311144765372083,2.20012573525297,0.1,0.0181238760487365,104,818,0.104,0.818,0.1,0.820840826133232,0.0865710280982681,0.124459764622292,0.792883438831477,0.840682742771709,1,1,0
L1_303_R0,R0,1.6,20,50,20,42,303,Simulink standard-block model,1000,-1.07850241473098e-05,0.0208638471471363,0.0321103025304021,0.0203407064473268,0.0321210875545494,1.55897813304336,0.02,0.0311144765372083,1.55572382686041,0.01,0.0465269574808168,10,232,0.01,0.232,0.01,0.220464901696125,0.00544075444552925,0.0183094688703148,0.206893439398589,0.259157703149668,1,1,0
L1_303_R0,R0,1.6,20,50,20,42,303,Simulink standard-block model,1000,-1.07850241473098e-05,0.0208638471471363,0.0321103025304021,0.0203407064473268,0.0321210875545494,1.55897813304336,0.02,0.0311144765372083,1.55572382686041,0.05,0.0328970725390295,45,489,0.045,0.489,0.05,0.464489377294273,0.0337995122856317,0.0596828379362235,0.458119152123271,0.519965036563411,1,1,0
L1_303_R0,R0,1.6,20,50,20,42,303,Simulink standard-block model,1000,-1.07850241473098e-05,0.0208638471471363,0.0321103025304021,0.0203407064473268,0.0321210875545494,1.55897813304336,0.02,0.0311144765372083,1.55572382686041,0.1,0.025631031310892,99,628,0.099,0.628,0.1,0.608023878050586,0.0819954413686654,0.11907361893675,0.597606463790036,0.657413886037662,1,1,0
L1_304_R1,R1,1.6,20,50,20,42,304,Simulink standard-block model,1000,0.000535251734428404,0.0282460881548991,0.0307327227832662,0.0281318028098228,0.0301974710488378,1.07125004102481,0.0282842712474619,0.0311144765372083,1.10006286762648,0.01,0.0657990542853275,10,110,0.01,0.11,0.01,0.110045720823667,0.00544075444552925,0.0183094688703148,0.0920793726718571,0.130905498946876,1,1,0
L1_304_R1,R1,1.6,20,50,20,42,304,Simulink standard-block model,1000,0.000535251734428404,0.0282460881548991,0.0307327227832662,0.0281318028098228,0.0301974710488378,1.07125004102481,0.0282842712474619,0.0311144765372083,1.10006286762648,0.05,0.046523486147067,51,286,0.051,0.286,0.05,0.292948717417966,0.0390009427752668,0.0664354863447617,0.258852696142802,0.314785156489016,1,1,0
L1_304_R1,R1,1.6,20,50,20,42,304,Simulink standard-block model,1000,0.000535251734428404,0.0282460881548991,0.0307327227832662,0.0281318028098228,0.0301974710488378,1.07125004102481,0.0282842712474619,0.0311144765372083,1.10006286762648,0.1,0.0362477520974729,104,414,0.104,0.414,0.1,0.427992001800496,0.0865710280982681,0.124459764622292,0.383857881640627,0.444800320818889,1,1,0
L1_305_R0,R0,1.6,20,60,2.5,42,305,Simulink standard-block model,1000,-6.29732607599176e-05,0.00248019693244164,0.0399789366280594,0.00250335694480301,0.0400419098888194,16.0694470186378,0.0025,0.04,16,0.01,0.0058158696851021,4,1000,0.004,1,0.01,1,0.00155658814040843,0.0102395562772623,0.996173241514445,1,1,1,0
L1_305_R0,R0,1.6,20,60,2.5,42,305,Simulink standard-block model,1000,-6.29732607599176e-05,0.00248019693244164,0.0399789366280594,0.00250335694480301,0.0400419098888194,16.0694470186378,0.0025,0.04,16,0.05,0.00411213406737868,38,1000,0.038,1,0.05,1,0.0278090045093026,0.0517269203313503,0.996173241514445,1,1,1,0
L1_305_R0,R0,1.6,20,60,2.5,42,305,Simulink standard-block model,1000,-6.29732607599176e-05,0.00248019693244164,0.0399789366280594,0.00250335694480301,0.0400419098888194,16.0694470186378,0.0025,0.04,16,0.1,0.0032038789138615,97,1000,0.097,1,0.1,1,0.080169161790323,0.116915205549034,0.996173241514445,1,1,1,0
L1_306_R1,R1,1.6,20,60,2.5,42,306,Simulink standard-block model,1000,0.000117997162669389,0.00345136206239519,0.0400994335069117,0.00347007823644313,0.0399814363442423,11.5528816098972,0.00353553390593274,0.04,11.3137084989848,0.01,0.00822488178566593,7,1000,0.007,1,0.01,1,0.00339486840099076,0.0143783154657666,0.996173241514445,1,1,1,0
L1_306_R1,R1,1.6,20,60,2.5,42,306,Simulink standard-block model,1000,0.000117997162669389,0.00345136206239519,0.0400994335069117,0.00347007823644313,0.0399814363442423,11.5528816098972,0.00353553390593274,0.04,11.3137084989848,0.05,0.00581543576838337,46,1000,0.046,1,0.05,1,0.034662492763265,0.0608122039416191,0.996173241514445,1,1,1,0
L1_306_R1,R1,1.6,20,60,2.5,42,306,Simulink standard-block model,1000,0.000117997162669389,0.00345136206239519,0.0400994335069117,0.00347007823644313,0.0399814363442423,11.5528816098972,0.00353553390593274,0.04,11.3137084989848,0.1,0.00453096901218412,107,1000,0.107,1,0.1,1,0.08932287430802,0.127684957861626,0.996173241514445,1,1,1,0
L1_307_R0,R0,1.6,20,60,5,42,307,Simulink standard-block model,1000,-3.54849044332037e-05,0.0049073389191299,0.0398151005037673,0.00481715535620512,0.0398505854082005,8.19556693178968,0.005,0.04,8,0.01,0.0116317393702042,11,1000,0.011,1,0.01,0.999999993010757,0.00615317409808664,0.0195893957007863,0.996173241514445,1,1,1,0
L1_307_R0,R0,1.6,20,60,5,42,307,Simulink standard-block model,1000,-3.54849044332037e-05,0.0049073389191299,0.0398151005037673,0.00481715535620512,0.0398505854082005,8.19556693178968,0.005,0.04,8,0.05,0.00822426813475736,39,1000,0.039,1,0.05,0.999999999895886,0.0286589609041805,0.0528693104195014,0.996173241514445,1,1,1,0
L1_307_R0,R0,1.6,20,60,5,42,307,Simulink standard-block model,1000,-3.54849044332037e-05,0.0049073389191299,0.0398151005037673,0.00481715535620512,0.0398505854082005,8.19556693178968,0.005,0.04,8,0.1,0.006407757827723,81,1000,0.081,1,0.1,0.999999999990817,0.0656496215412003,0.0995572020696949,0.996173241514445,1,0,1,0
L1_308_R1,R1,1.6,20,60,5,42,308,Simulink standard-block model,1000,-6.33579294244755e-05,0.00709792396829639,0.0399399862570155,0.00711988649340836,0.04000334418644,5.62720913563079,0.00707106781186548,0.04,5.65685424949238,0.01,0.0164497635713319,7,1000,0.007,1,0.01,0.999566559107848,0.00339486840099076,0.0143783154657666,0.996173241514445,1,1,1,0
L1_308_R1,R1,1.6,20,60,5,42,308,Simulink standard-block model,1000,-6.33579294244755e-05,0.00709792396829639,0.0399399862570155,0.00711988649340836,0.04000334418644,5.62720913563079,0.00707106781186548,0.04,5.65685424949238,0.05,0.0116308715367667,49,1000,0.049,1,0.05,0.999969896829354,0.0372610346473606,0.0641907015066101,0.996173241514445,1,1,1,0
L1_308_R1,R1,1.6,20,60,5,42,308,Simulink standard-block model,1000,-6.33579294244755e-05,0.00709792396829639,0.0399399862570155,0.00711988649340836,0.04000334418644,5.62720913563079,0.00707106781186548,0.04,5.65685424949238,0.1,0.00906193802436823,101,1000,0.101,1,0.1,0.999993936795428,0.0838240106523991,0.121229742619074,0.996173241514445,1,1,1,0
L1_309_R0,R0,1.6,20,60,10,42,309,Simulink standard-block model,1000,-0.000331406248786689,0.0101494527576938,0.0398257595895216,0.00968119748960074,0.0401571658383083,4.04888140396197,0.01,0.04,4,0.01,0.0232634787404084,8,959,0.008,0.959,0.01,0.952900506156048,0.0040591958188061,0.0157063345309801,0.944852006792359,0.969635028917902,1,1,0
L1_309_R0,R0,1.6,20,60,10,42,309,Simulink standard-block model,1000,-0.000331406248786689,0.0101494527576938,0.0398257595895216,0.00968119748960074,0.0401571658383083,4.04888140396197,0.01,0.04,4,0.05,0.0164485362695147,42,992,0.042,0.992,0.05,0.990742294626505,0.0312208855461654,0.0562844252266031,0.98429366546902,0.995940804181194,1,1,0
L1_309_R0,R0,1.6,20,60,10,42,309,Simulink standard-block model,1000,-0.000331406248786689,0.0101494527576938,0.0398257595895216,0.00968119748960074,0.0401571658383083,4.04888140396197,0.01,0.04,4,0.1,0.012815515655446,98,997,0.098,0.997,0.1,0.996720556084454,0.0810820115233503,0.117994702299036,0.991216985946497,0.998979216118861,1,1,0
L1_310_R1,R1,1.6,20,60,10,42,310,Simulink standard-block model,1000,0.000637628357813882,0.0140040072172865,0.0398725187811755,0.014128949927948,0.0392348904233616,2.78922000950977,0.014142135623731,0.04,2.82842712474619,0.01,0.0328995271426637,9,684,0.009,0.684,0.01,0.692194112438242,0.00474206066747706,0.0170158161653381,0.654527374981483,0.712064377895833,1,1,0
L1_310_R1,R1,1.6,20,60,10,42,310,Simulink standard-block model,1000,0.000637628357813882,0.0140040072172865,0.0398725187811755,0.014128949927948,0.0392348904233616,2.78922000950977,0.014142135623731,0.04,2.82842712474619,0.05,0.0232617430735335,56,876,0.056,0.876,0.05,0.881709031778347,0.043374813385442,0.072023348149731,0.854122250990847,0.895000026628015,1,1,0
L1_310_R1,R1,1.6,20,60,10,42,310,Simulink standard-block model,1000,0.000637628357813882,0.0140040072172865,0.0398725187811755,0.014128949927948,0.0392348904233616,2.78922000950977,0.014142135623731,0.04,2.82842712474619,0.1,0.0181238760487365,100,937,0.1,0.937,0.1,0.939053372178593,0.0829094435930957,0.120151963195348,0.920205076295354,0.950450336788271,1,1,0
L1_311_R0,R0,1.6,20,60,20,42,311,Simulink standard-block model,1000,0.000308441092604145,0.0190995560571405,0.0398362901352198,0.0210693393176908,0.0395278490426156,1.96572040741294,0.02,0.04,2,0.01,0.0465269574808168,7,360,0.007,0.36,0.01,0.372080585435494,0.00339486840099076,0.0143783154657666,0.330837729771896,0.390233762604059,1,1,0
L1_311_R0,R0,1.6,20,60,20,42,311,Simulink standard-block model,1000,0.000308441092604145,0.0190995560571405,0.0398362901352198,0.0210693393176908,0.0395278490426156,1.96572040741294,0.02,0.04,2,0.05,0.0328970725390295,39,640,0.039,0.64,0.05,0.638760031312335,0.0286589609041805,0.0528693104195014,0.609766237395941,0.669162270228104,1,1,0
L1_311_R0,R0,1.6,20,60,20,42,311,Simulink standard-block model,1000,0.000308441092604145,0.0190995560571405,0.0398362901352198,0.0210693393176908,0.0395278490426156,1.96572040741294,0.02,0.04,2,0.1,0.025631031310892,89,760,0.089,0.76,0.1,0.763759584105883,0.0728882439130074,0.108257351562119,0.732566610775054,0.785443474812457,1,1,0
L1_312_R1,R1,1.6,20,60,20,42,312,Simulink standard-block model,1000,-0.00109809057111614,0.0278193975980028,0.0402201050013195,0.0283455113438981,0.0413181955724356,1.47125255641526,0.0282842712474619,0.04,1.4142135623731,0.01,0.0657990542853275,9,184,0.009,0.184,0.01,0.180849009034276,0.00474206066747706,0.0170158161653381,0.161208690576458,0.209209820786413,1,1,0
L1_312_R1,R1,1.6,20,60,20,42,312,Simulink standard-block model,1000,-0.00109809057111614,0.0278193975980028,0.0402201050013195,0.0283455113438981,0.0413181955724356,1.47125255641526,0.0282842712474619,0.04,1.4142135623731,0.05,0.046523486147067,44,415,0.044,0.415,0.05,0.40879721979387,0.0329382145884185,0.0585517891504078,0.384843360246403,0.445807188696142,1,1,0
L1_312_R1,R1,1.6,20,60,20,42,312,Simulink standard-block model,1000,-0.00109809057111614,0.0278193975980028,0.0402201050013195,0.0283455113438981,0.0413181955724356,1.47125255641526,0.0282842712474619,0.04,1.4142135623731,0.1,0.0362477520974729,93,545,0.093,0.545,0.1,0.552769650359353,0.0765237256417453,0.112591255765497,0.514022437734888,0.575633154001413,1,1,0
L1_313_R0,R0,1.6,20,70,2.5,42,313,Simulink standard-block model,1000,-7.22141370293734e-05,0.00249631058084453,0.0585451975719283,0.00242305532484785,0.0586174117089576,23.8286457125148,0.0025,0.0584760880032617,23.3904352013047,0.01,0.0058158696851021,10,1000,0.01,1,0.01,1,0.00544075444552925,0.0183094688703148,0.996173241514445,1,1,1,0
L1_313_R0,R0,1.6,20,70,2.5,42,313,Simulink standard-block model,1000,-7.22141370293734e-05,0.00249631058084453,0.0585451975719283,0.00242305532484785,0.0586174117089576,23.8286457125148,0.0025,0.0584760880032617,23.3904352013047,0.05,0.00411213406737868,42,1000,0.042,1,0.05,1,0.0312208855461654,0.0562844252266031,0.996173241514445,1,1,1,0
L1_313_R0,R0,1.6,20,70,2.5,42,313,Simulink standard-block model,1000,-7.22141370293734e-05,0.00249631058084453,0.0585451975719283,0.00242305532484785,0.0586174117089576,23.8286457125148,0.0025,0.0584760880032617,23.3904352013047,0.1,0.0032038789138615,104,1000,0.104,1,0.1,1,0.0865710280982681,0.124459764622292,0.996173241514445,1,1,1,0
L1_314_R1,R1,1.6,20,70,2.5,42,314,Simulink standard-block model,1000,-7.16417145418289e-05,0.0035867742682065,0.0585934476454256,0.00347301852258568,0.0586650893599674,16.6173361835824,0.00353553390593274,0.0584760880032617,16.5395353457471,0.01,0.00822488178566593,9,1000,0.009,1,0.01,1,0.00474206066747706,0.0170158161653381,0.996173241514445,1,1,1,0
L1_314_R1,R1,1.6,20,70,2.5,42,314,Simulink standard-block model,1000,-7.16417145418289e-05,0.0035867742682065,0.0585934476454256,0.00347301852258568,0.0586650893599674,16.6173361835824,0.00353553390593274,0.0584760880032617,16.5395353457471,0.05,0.00581543576838337,47,1000,0.047,1,0.05,1,0.0355271051063845,0.0619399380815285,0.996173241514445,1,1,1,0
L1_314_R1,R1,1.6,20,70,2.5,42,314,Simulink standard-block model,1000,-7.16417145418289e-05,0.0035867742682065,0.0585934476454256,0.00347301852258568,0.0586650893599674,16.6173361835824,0.00353553390593274,0.0584760880032617,16.5395353457471,0.1,0.00453096901218412,108,1000,0.108,1,0.1,1,0.0902411985625519,0.128758980090123,0.996173241514445,1,1,1,0
L1_315_R0,R0,1.6,20,70,5,42,315,Simulink standard-block model,1000,0.000131310323020967,0.00514081435291746,0.0582295773877505,0.00501896578585737,0.0580982670647295,11.4360917984711,0.005,0.0584760880032617,11.6952176006523,0.01,0.0116317393702042,12,1000,0.012,1,0.01,1,0.00687764780640352,0.0208572684754983,0.996173241514445,1,1,1,0
L1_315_R0,R0,1.6,20,70,5,42,315,Simulink standard-block model,1000,0.000131310323020967,0.00514081435291746,0.0582295773877505,0.00501896578585737,0.0580982670647295,11.4360917984711,0.005,0.0584760880032617,11.6952176006523,0.05,0.00822426813475736,53,1000,0.053,1,0.05,1,0.0407465052485945,0.0686746168374918,0.996173241514445,1,1,1,0
L1_315_R0,R0,1.6,20,70,5,42,315,Simulink standard-block model,1000,0.000131310323020967,0.00514081435291746,0.0582295773877505,0.00501896578585737,0.0580982670647295,11.4360917984711,0.005,0.0584760880032617,11.6952176006523,0.1,0.006407757827723,105,1000,0.105,1,0.1,1,0.0874877826144168,0.125535356589172,0.996173241514445,1,1,1,0
L1_316_R1,R1,1.6,20,70,5,42,316,Simulink standard-block model,1000,6.14734492870817e-06,0.00720299011237149,0.0583839843226927,0.00686084407231894,0.058377836977764,8.2993824101119,0.00707106781186548,0.0584760880032617,8.26976767287354,0.01,0.0164497635713319,8,1000,0.008,1,0.01,0.999999998604318,0.0040591958188061,0.0157063345309801,0.996173241514445,1,1,1,0
L1_316_R1,R1,1.6,20,70,5,42,316,Simulink standard-block model,1000,6.14734492870817e-06,0.00720299011237149,0.0583839843226927,0.00686084407231894,0.058377836977764,8.2993824101119,0.00707106781186548,0.0584760880032617,8.26976767287354,0.05,0.0116308715367667,48,1000,0.048,1,0.05,0.999999999982627,0.0363933010208079,0.0630660886501339,0.996173241514445,1,1,1,0
L1_316_R1,R1,1.6,20,70,5,42,316,Simulink standard-block model,1000,6.14734492870817e-06,0.00720299011237149,0.0583839843226927,0.00686084407231894,0.058377836977764,8.2993824101119,0.00707106781186548,0.0584760880032617,8.26976767287354,0.1,0.00906193802436823,95,1000,0.095,1,0.1,0.999999999998608,0.0783452345790474,0.114754439794252,0.996173241514445,1,1,1,0
L1_317_R0,R0,1.6,20,70,10,42,317,Simulink standard-block model,1000,-2.21638954568464e-05,0.010020628005134,0.0591393135314135,0.0102304677876954,0.0591614774268704,5.8424790673774,0.01,0.0584760880032617,5.84760880032617,0.01,0.0232634787404084,9,1000,0.009,1,0.01,0.999785250117638,0.00474206066747706,0.0170158161653381,0.996173241514445,1,1,1,0
L1_317_R0,R0,1.6,20,70,10,42,317,Simulink standard-block model,1000,-2.21638954568464e-05,0.010020628005134,0.0591393135314135,0.0102304677876954,0.0591614774268704,5.8424790673774,0.01,0.0584760880032617,5.84760880032617,0.05,0.0164485362695147,47,1000,0.047,1,0.05,0.99998681571315,0.0355271051063845,0.0619399380815285,0.996173241514445,1,1,1,0
L1_317_R0,R0,1.6,20,70,10,42,317,Simulink standard-block model,1000,-2.21638954568464e-05,0.010020628005134,0.0591393135314135,0.0102304677876954,0.0591614774268704,5.8424790673774,0.01,0.0584760880032617,5.84760880032617,0.1,0.012815515655446,105,1000,0.105,1,0.1,0.999997515084365,0.0874877826144168,0.125535356589172,0.996173241514445,1,1,1,0
L1_318_R1,R1,1.6,20,70,10,42,318,Simulink standard-block model,1000,-0.000533511796227574,0.0144220843052551,0.0583340507343932,0.0142129976563243,0.0588675625306208,4.11145973931077,0.014142135623731,0.0584760880032617,4.13488383643677,0.01,0.0328995271426637,11,968,0.011,0.968,0.01,0.96473843752739,0.00615317409808664,0.0195893957007863,0.955175261916231,0.977242892141289,1,1,0
L1_318_R1,R1,1.6,20,70,10,42,318,Simulink standard-block model,1000,-0.000533511796227574,0.0144220843052551,0.0583340507343932,0.0142129976563243,0.0588675625306208,4.11145973931077,0.014142135623731,0.0584760880032617,4.13488383643677,0.05,0.0232617430735335,50,998,0.05,0.998,0.05,0.993613388113315,0.0381302623927488,0.0653138202442508,0.992737192136508,0.999451356411879,1,1,0
L1_318_R1,R1,1.6,20,70,10,42,318,Simulink standard-block model,1000,-0.000533511796227574,0.0144220843052551,0.0583340507343932,0.0142129976563243,0.0588675625306208,4.11145973931077,0.014142135623731,0.0584760880032617,4.13488383643677,0.1,0.0181238760487365,93,1000,0.093,1,0.1,0.997836832017394,0.0765237256417453,0.112591255765497,0.996173241514445,1,1,1,0
L1_319_R0,R0,1.6,20,70,20,42,319,Simulink standard-block model,1000,-0.000850487424677273,0.0199088487037921,0.0583860872652262,0.0207232236883474,0.0592365746899035,2.91516907073904,0.02,0.0584760880032617,2.92380440016309,0.01,0.0465269574808168,8,724,0.008,0.724,0.01,0.724898688047905,0.0040591958188061,0.0157063345309801,0.695476708271731,0.750808903926741,1,1,0
L1_319_R0,R0,1.6,20,70,20,42,319,Simulink standard-block model,1000,-0.000850487424677273,0.0199088487037921,0.0583860872652262,0.0207232236883474,0.0592365746899035,2.91516907073904,0.02,0.0584760880032617,2.92380440016309,0.05,0.0328970725390295,44,893,0.044,0.893,0.05,0.899542804294151,0.0329382145884185,0.0585517891504078,0.872315042138374,0.91067712569198,1,1,0
L1_319_R0,R0,1.6,20,70,20,42,319,Simulink standard-block model,1000,-0.000850487424677273,0.0199088487037921,0.0583860872652262,0.0207232236883474,0.0592365746899035,2.91516907073904,0.02,0.0584760880032617,2.92380440016309,0.1,0.025631031310892,85,942,0.085,0.942,0.1,0.949731191358624,0.0692633185396546,0.103912891003356,0.925750423733767,0.954866721765002,1,1,0
L1_320_R1,R1,1.6,20,70,20,42,320,Simulink standard-block model,1000,0.000991625423516832,0.0279454537887125,0.0581412154755933,0.0288591904495065,0.0571495900520764,2.01188471914273,0.0282842712474619,0.0584760880032617,2.06744191821838,0.01,0.0657990542853275,13,397,0.013,0.397,0.01,0.39785390137699,0.00761282038935102,0.0221144423755797,0.367124585600702,0.427663726647322,1,1,0
L1_320_R1,R1,1.6,20,70,20,42,320,Simulink standard-block model,1000,0.000991625423516832,0.0279454537887125,0.0581412154755933,0.0288591904495065,0.0571495900520764,2.01188471914273,0.0282842712474619,0.0584760880032617,2.06744191821838,0.05,0.046523486147067,44,644,0.044,0.644,0.05,0.663702164601677,0.0329382145884185,0.0585517891504078,0.613823930034022,0.673073963522138,1,1,0
L1_320_R1,R1,1.6,20,70,20,42,320,Simulink standard-block model,1000,0.000991625423516832,0.0279454537887125,0.0581412154755933,0.0288591904495065,0.0571495900520764,2.01188471914273,0.0282842712474619,0.0584760880032617,2.06744191821838,0.1,0.0362477520974729,104,758,0.104,0.758,0.1,0.784034136535182,0.0865710280982681,0.124459764622292,0.730499679920072,0.783525712701382,1,0,0
L1_321_R0,R0,1.6,30,0,2.5,42,321,Simulink standard-block model,1000,-0.000115603874936508,0.00256987902416222,0.0300266880609372,0.00257116037227165,0.0301422919358737,11.7261466700919,0.0025,0.03,12,0.01,0.0058158696851021,8,1000,0.008,1,0.01,1,0.0040591958188061,0.0157063345309801,0.996173241514445,1,1,1,0
L1_321_R0,R0,1.6,30,0,2.5,42,321,Simulink standard-block model,1000,-0.000115603874936508,0.00256987902416222,0.0300266880609372,0.00257116037227165,0.0301422919358737,11.7261466700919,0.0025,0.03,12,0.05,0.00411213406737868,44,1000,0.044,1,0.05,1,0.0329382145884185,0.0585517891504078,0.996173241514445,1,1,1,0
L1_321_R0,R0,1.6,30,0,2.5,42,321,Simulink standard-block model,1000,-0.000115603874936508,0.00256987902416222,0.0300266880609372,0.00257116037227165,0.0301422919358737,11.7261466700919,0.0025,0.03,12,0.1,0.0032038789138615,94,1000,0.094,1,0.1,1,0.0774341735737637,0.113673154316507,0.996173241514445,1,1,1,0
L1_322_R1,R1,1.6,30,0,2.5,42,322,Simulink standard-block model,1000,-0.00020351213899462,0.00346890029431349,0.0299667411860737,0.00354323240110713,0.0301702533250683,8.60467411381055,0.00353553390593274,0.03,8.48528137423857,0.01,0.00822488178566593,10,1000,0.01,1,0.01,0.999999999633818,0.00544075444552925,0.0183094688703148,0.996173241514445,1,1,1,0
L1_322_R1,R1,1.6,30,0,2.5,42,322,Simulink standard-block model,1000,-0.00020351213899462,0.00346890029431349,0.0299667411860737,0.00354323240110713,0.0301702533250683,8.60467411381055,0.00353553390593274,0.03,8.48528137423857,0.05,0.00581543576838337,48,1000,0.048,1,0.05,0.999999999996052,0.0363933010208079,0.0630660886501339,0.996173241514445,1,1,1,0
L1_322_R1,R1,1.6,30,0,2.5,42,322,Simulink standard-block model,1000,-0.00020351213899462,0.00346890029431349,0.0299667411860737,0.00354323240110713,0.0301702533250683,8.60467411381055,0.00353553390593274,0.03,8.48528137423857,0.1,0.00453096901218412,84,1000,0.084,1,0.1,0.999999999999707,0.0683588136777643,0.102825049382218,0.996173241514445,1,1,1,0
L1_323_R0,R0,1.6,30,0,5,42,323,Simulink standard-block model,1000,-0.000181209881106875,0.00507044047666397,0.03001792886601,0.00488724717713015,0.0301991387471169,6.06446607977568,0.005,0.03,6,0.01,0.0116317393702042,5,1000,0.005,1,0.01,0.999880445893589,0.00213753552732446,0.0116509553733751,0.996173241514445,1,1,1,0
L1_323_R0,R0,1.6,30,0,5,42,323,Simulink standard-block model,1000,-0.000181209881106875,0.00507044047666397,0.03001792886601,0.00488724717713015,0.0301991387471169,6.06446607977568,0.005,0.03,6,0.05,0.00822426813475736,54,1000,0.054,1,0.05,0.99999335109849,0.0416213137230627,0.0697921548460524,0.996173241514445,1,1,1,0
L1_323_R0,R0,1.6,30,0,5,42,323,Simulink standard-block model,1000,-0.000181209881106875,0.00507044047666397,0.03001792886601,0.00488724717713015,0.0301991387471169,6.06446607977568,0.005,0.03,6,0.1,0.006407757827723,117,1000,0.117,1,0.1,0.999998811749062,0.0985283876192287,0.138402909380707,0.996173241514445,1,1,1,0
L1_324_R1,R1,1.6,30,0,5,42,324,Simulink standard-block model,1000,0.00011076979706475,0.00711361699534584,0.0298862204024959,0.00704816247850924,0.0297754506054312,4.20499876201007,0.00707106781186548,0.03,4.24264068711928,0.01,0.0164497635713319,11,972,0.011,0.972,0.01,0.972336082419815,0.00615317409808664,0.0195893957007863,0.959829816802407,0.980557723187229,1,1,0
L1_324_R1,R1,1.6,30,0,5,42,324,Simulink standard-block model,1000,0.00011076979706475,0.00711361699534584,0.0298862204024959,0.00704816247850924,0.0297754506054312,4.20499876201007,0.00707106781186548,0.03,4.24264068711928,0.05,0.0116308715367667,52,997,0.052,0.997,0.05,0.995308667068827,0.0398730362837774,0.06755573931928,0.991216985946497,0.998979216118861,1,1,0
L1_324_R1,R1,1.6,30,0,5,42,324,Simulink standard-block model,1000,0.00011076979706475,0.00711361699534584,0.0298862204024959,0.00704816247850924,0.0297754506054312,4.20499876201007,0.00707106781186548,0.03,4.24264068711928,0.1,0.00906193802436823,111,1000,0.111,1,0.1,0.998467233905546,0.0929992104582496,0.131978007643512,0.996173241514445,1,1,1,0
L1_325_R0,R0,1.6,30,0,10,42,325,Simulink standard-block model,1000,2.21364611283088e-05,0.0100936431434856,0.0294816115187312,0.00984339719230471,0.0294594750576029,2.95501781565941,0.01,0.03,3,0.01,0.0232634787404084,8,731,0.008,0.731,0.01,0.749733747466797,0.0040591958188061,0.0157063345309801,0.702670228864586,0.757561808715087,1,1,0
L1_325_R0,R0,1.6,30,0,10,42,325,Simulink standard-block model,1000,2.21364611283088e-05,0.0100936431434856,0.0294816115187312,0.00984339719230471,0.0294594750576029,2.95501781565941,0.01,0.03,3,0.05,0.0164485362695147,50,908,0.05,0.908,0.05,0.912314536750296,0.0381302623927488,0.0653138202442508,0.888491264643756,0.924386100432031,1,1,0
L1_325_R0,R0,1.6,30,0,10,42,325,Simulink standard-block model,1000,2.21364611283088e-05,0.0100936431434856,0.0294816115187312,0.00984339719230471,0.0294594750576029,2.95501781565941,0.01,0.03,3,0.1,0.012815515655446,108,957,0.108,0.957,0.1,0.95714257382711,0.0902411985625519,0.128758980090123,0.942580996155916,0.967921346588287,1,1,0
L1_326_R1,R1,1.6,30,0,10,42,326,Simulink standard-block model,1000,-0.000117137754606475,0.0144070784333094,0.0300590788512183,0.0140581580943488,0.0301762166058248,2.12005614633266,0.014142135623731,0.03,2.12132034355964,0.01,0.0328995271426637,12,442,0.012,0.442,0.01,0.418775307844014,0.00687764780640352,0.0208572684754983,0.411499555136933,0.472944348847391,1,1,0
L1_326_R1,R1,1.6,30,0,10,42,326,Simulink standard-block model,1000,-0.000117137754606475,0.0144070784333094,0.0300590788512183,0.0140581580943488,0.0301762166058248,2.12005614633266,0.014142135623731,0.03,2.12132034355964,0.05,0.0232617430735335,50,687,0.05,0.687,0.05,0.683129043080007,0.0381302623927488,0.0653138202442508,0.65758973128001,0.714979061046392,1,1,0
L1_326_R1,R1,1.6,30,0,10,42,326,Simulink standard-block model,1000,-0.000117137754606475,0.0144070784333094,0.0300590788512183,0.0140581580943488,0.0301762166058248,2.12005614633266,0.014142135623731,0.03,2.12132034355964,0.1,0.0181238760487365,101,798,0.101,0.798,0.1,0.799480978792267,0.0838240106523991,0.121229742619074,0.771996830196033,0.821722421746576,1,1,0
L1_327_R0,R0,1.6,30,0,20,42,327,Simulink standard-block model,1000,0.00125052608647419,0.0184245361296724,0.0289040445759096,0.0202145090108978,0.0276535184894354,1.42984347188491,0.02,0.03,1.5,0.01,0.0465269574808168,9,186,0.009,0.186,0.01,0.204303391759566,0.00474206066747706,0.0170158161653381,0.163101179149325,0.211302025179603,1,1,0
L1_327_R0,R0,1.6,30,0,20,42,327,Simulink standard-block model,1000,0.00125052608647419,0.0184245361296724,0.0289040445759096,0.0202145090108978,0.0276535184894354,1.42984347188491,0.02,0.03,1.5,0.05,0.0328970725390295,43,417,0.043,0.417,0.05,0.442413220250123,0.0320786534117134,0.057419003844084,0.386814703630668,0.447820538277934,1,1,0
L1_327_R0,R0,1.6,30,0,20,42,327,Simulink standard-block model,1000,0.00125052608647419,0.0184245361296724,0.0289040445759096,0.0202145090108978,0.0276535184894354,1.42984347188491,0.02,0.03,1.5,0.1,0.025631031310892,94,574,0.094,0.574,0.1,0.586460134306146,0.0774341735737637,0.113673154316507,0.543125734848704,0.604307904895434,1,1,0
L1_328_R1,R1,1.6,30,0,20,42,328,Simulink standard-block model,1000,-0.00149811807092448,0.0274982692578609,0.0295804426028596,0.029556714417482,0.031078560673784,1.08871659663184,0.0282842712474619,0.03,1.06066017177982,0.01,0.0657990542853275,5,109,0.005,0.109,0.01,0.102812456433851,0.00213753552732446,0.0116509553733751,0.0911600333845138,0.12983249175119,1,1,0
L1_328_R1,R1,1.6,30,0,20,42,328,Simulink standard-block model,1000,-0.00149811807092448,0.0274982692578609,0.0295804426028596,0.029556714417482,0.031078560673784,1.08871659663184,0.0282842712474619,0.03,1.06066017177982,0.05,0.046523486147067,34,288,0.034,0.288,0.05,0.279545082168832,0.0244313486632263,0.0471351902453111,0.260787034155073,0.316835511442802,0,1,0
L1_328_R1,R1,1.6,30,0,20,42,328,Simulink standard-block model,1000,-0.00149811807092448,0.0274982692578609,0.0295804426028596,0.029556714417482,0.031078560673784,1.08871659663184,0.0282842712474619,0.03,1.06066017177982,0.1,0.0362477520974729,84,416,0.084,0.416,0.1,0.412588499348406,0.0683588136777643,0.102825049382218,0.38582896762102,0.446813927804553,1,1,0
L1_329_R0,R0,1.6,30,10,2.5,42,329,Simulink standard-block model,1000,-3.58177050582125e-05,0.00248072773973868,0.0306106326062277,0.00253919207909781,0.0306464503112859,12.2091081860945,0.0025,0.0304627983565724,12.1851193426289,0.01,0.0058158696851021,5,1000,0.005,1,0.01,1,0.00213753552732446,0.0116509553733751,0.996173241514445,1,1,1,0
L1_329_R0,R0,1.6,30,10,2.5,42,329,Simulink standard-block model,1000,-3.58177050582125e-05,0.00248072773973868,0.0306106326062277,0.00253919207909781,0.0306464503112859,12.2091081860945,0.0025,0.0304627983565724,12.1851193426289,0.05,0.00411213406737868,48,1000,0.048,1,0.05,1,0.0363933010208079,0.0630660886501339,0.996173241514445,1,1,1,0
L1_329_R0,R0,1.6,30,10,2.5,42,329,Simulink standard-block model,1000,-3.58177050582125e-05,0.00248072773973868,0.0306106326062277,0.00253919207909781,0.0306464503112859,12.2091081860945,0.0025,0.0304627983565724,12.1851193426289,0.1,0.0032038789138615,97,1000,0.097,1,0.1,1,0.080169161790323,0.116915205549034,0.996173241514445,1,1,1,0
L1_330_R1,R1,1.6,30,10,2.5,42,330,Simulink standard-block model,1000,0.000143730572027708,0.003486511773992,0.0304895243569516,0.00360449175818604,0.0303457937849239,8.55777163866972,0.00353553390593274,0.0304627983565724,8.61618051674029,0.01,0.00822488178566593,11,1000,0.011,1,0.01,0.999999999841096,0.00615317409808664,0.0195893957007863,0.996173241514445,1,1,1,0
L1_330_R1,R1,1.6,30,10,2.5,42,330,Simulink standard-block model,1000,0.000143730572027708,0.003486511773992,0.0304895243569516,0.00360449175818604,0.0303457937849239,8.55777163866972,0.00353553390593274,0.0304627983565724,8.61618051674029,0.05,0.00581543576838337,59,1000,0.059,1,0.05,0.99999999999843,0.0460142982128005,0.0753609027714592,0.996173241514445,1,1,1,0
L1_330_R1,R1,1.6,30,10,2.5,42,330,Simulink standard-block model,1000,0.000143730572027708,0.003486511773992,0.0304895243569516,0.00360449175818604,0.0303457937849239,8.55777163866972,0.00353553390593274,0.0304627983565724,8.61618051674029,0.1,0.00453096901218412,109,1000,0.109,1,0.1,0.999999999999889,0.0911600333845138,0.12983249175119,0.996173241514445,1,1,1,0
L1_331_R0,R0,1.6,30,10,5,42,331,Simulink standard-block model,1000,-3.33863448078489e-05,0.00483525289204371,0.0304652686643701,0.00511988299421389,0.030498655009178,6.12471738364394,0.005,0.0304627983565724,6.09255967131447,0.01,0.0116317393702042,8,1000,0.008,1,0.01,0.999917128397227,0.0040591958188061,0.0157063345309801,0.996173241514445,1,1,1,0
L1_331_R0,R0,1.6,30,10,5,42,331,Simulink standard-block model,1000,-3.33863448078489e-05,0.00483525289204371,0.0304652686643701,0.00511988299421389,0.030498655009178,6.12471738364394,0.005,0.0304627983565724,6.09255967131447,0.05,0.00822426813475736,47,1000,0.047,1,0.05,0.999995660390404,0.0355271051063845,0.0619399380815285,0.996173241514445,1,1,1,0
L1_331_R0,R0,1.6,30,10,5,42,331,Simulink standard-block model,1000,-3.33863448078489e-05,0.00483525289204371,0.0304652686643701,0.00511988299421389,0.030498655009178,6.12471738364394,0.005,0.0304627983565724,6.09255967131447,0.1,0.006407757827723,96,1000,0.096,1,0.1,0.99999924914537,0.0792569000983968,0.115835120757932,0.996173241514445,1,1,1,0
L1_332_R1,R1,1.6,30,10,5,42,332,Simulink standard-block model,1000,0.000147325063450644,0.00706613626959857,0.0304994492477369,0.00733004119839189,0.0303521241842862,4.2159838137047,0.00707106781186548,0.0304627983565724,4.30809025837014,0.01,0.0164497635713319,11,973,0.011,0.973,0.01,0.976245959568218,0.00615317409808664,0.0195893957007863,0.96100126924696,0.981378617225705,1,1,0
L1_332_R1,R1,1.6,30,10,5,42,332,Simulink standard-block model,1000,0.000147325063450644,0.00706613626959857,0.0304994492477369,0.00733004119839189,0.0303521241842862,4.2159838137047,0.00707106781186548,0.0304627983565724,4.30809025837014,0.05,0.0116308715367667,53,995,0.053,0.995,0.05,0.996130351562354,0.0407465052485945,0.0686746168374918,0.988349044626625,0.997862464472676,1,1,0
L1_332_R1,R1,1.6,30,10,5,42,332,Simulink standard-block model,1000,0.000147325063450644,0.00706613626959857,0.0304994492477369,0.00733004119839189,0.0303521241842862,4.2159838137047,0.00707106781186548,0.0304627983565724,4.30809025837014,0.1,0.00906193802436823,105,999,0.105,0.999,0.1,0.998763144205901,0.0874877826144168,0.125535356589172,0.994357441402042,0.999823453629374,1,1,0
L1_333_R0,R0,1.6,30,10,10,42,333,Simulink standard-block model,1000,-0.000529395594761564,0.0101991442844448,0.0305850114548926,0.00982706662349772,0.0311144070496542,3.10683216614378,0.01,0.0304627983565724,3.04627983565724,0.01,0.0232634787404084,10,775,0.01,0.775,0.01,0.764216556005563,0.00544075444552925,0.0183094688703148,0.74809423797501,0.799801044857934,1,1,0
L1_333_R0,R0,1.6,30,10,10,42,333,Simulink standard-block model,1000,-0.000529395594761564,0.0101991442844448,0.0305850114548926,0.00982706662349772,0.0311144070496542,3.10683216614378,0.01,0.0304627983565724,3.04627983565724,0.05,0.0164485362695147,46,927,0.046,0.927,0.05,0.91945667026131,0.034662492763265,0.0608122039416191,0.909190974465749,0.941540973787587,1,1,0
L1_333_R0,R0,1.6,30,10,10,42,333,Simulink standard-block model,1000,-0.000529395594761564,0.0101991442844448,0.0305850114548926,0.00982706662349772,0.0311144070496542,3.10683216614378,0.01,0.0304627983565724,3.04627983565724,0.1,0.012815515655446,96,958,0.096,0.958,0.1,0.961195277511332,0.0792569000983968,0.115835120757932,0.943715574773397,0.968779114453835,1,1,0
L1_334_R1,R1,1.6,30,10,10,42,334,Simulink standard-block model,1000,-0.000640964848226383,0.0137657335504008,0.0302286966679869,0.0141541265414239,0.0308696615162133,2.21109095571785,0.014142135623731,0.0304627983565724,2.15404512918507,0.01,0.0328995271426637,7,424,0.007,0.424,0.01,0.431599763271911,0.00339486840099076,0.0143783154657666,0.393718446616977,0.454863220672827,1,1,0
L1_334_R1,R1,1.6,30,10,10,42,334,Simulink standard-block model,1000,-0.000640964848226383,0.0137657335504008,0.0302286966679869,0.0141541265414239,0.0308696615162133,2.21109095571785,0.014142135623731,0.0304627983565724,2.15404512918507,0.05,0.0232617430735335,51,684,0.051,0.684,0.05,0.694691000535313,0.0390009427752668,0.0664354863447617,0.654527374981483,0.712064377895833,1,1,0
L1_334_R1,R1,1.6,30,10,10,42,334,Simulink standard-block model,1000,-0.000640964848226383,0.0137657335504008,0.0302286966679869,0.0141541265414239,0.0308696615162133,2.21109095571785,0.014142135623731,0.0304627983565724,2.15404512918507,0.1,0.0181238760487365,87,799,0.087,0.799,0.1,0.808530411040247,0.071074421452375,0.106086481056694,0.773038813467909,0.822672784957729,1,1,0
L1_335_R0,R0,1.6,30,10,20,42,335,Simulink standard-block model,1000,-0.000525527984948938,0.0205992831647676,0.0307019886035912,0.0194047414614665,0.0312275165885402,1.56052317979219,0.02,0.0304627983565724,1.52313991782862,0.01,0.0465269574808168,9,225,0.009,0.225,0.01,0.210927273822834,0.00474206066747706,0.0170158161653381,0.200198955142066,0.25190576202499,1,1,0
L1_335_R0,R0,1.6,30,10,20,42,335,Simulink standard-block model,1000,-0.000525527984948938,0.0205992831647676,0.0307019886035912,0.0194047414614665,0.0312275165885402,1.56052317979219,0.02,0.0304627983565724,1.52313991782862,0.05,0.0328970725390295,54,437,0.054,0.437,0.05,0.451562877826958,0.0416213137230627,0.0697921548460524,0.406556246868357,0.467925924700823,1,1,0
L1_335_R0,R0,1.6,30,10,20,42,335,Simulink standard-block model,1000,-0.000525527984948938,0.0205992831647676,0.0307019886035912,0.0194047414614665,0.0312275165885402,1.56052317979219,0.02,0.0304627983565724,1.52313991782862,0.1,0.025631031310892,113,590,0.113,0.59,0.1,0.595450425841428,0.0948403583164347,0.134121552751385,0.559228441118671,0.620082742353929,1,1,0
L1_336_R1,R1,1.6,30,10,20,42,336,Simulink standard-block model,1000,0.00176031881693754,0.0284101766608999,0.0298734983142348,0.026802771744105,0.0281131794972972,1.01792329957459,0.0282842712474619,0.0304627983565724,1.07702256459254,0.01,0.0657990542853275,12,83,0.012,0.083,0.01,0.105773057248802,0.00687764780640352,0.0208572684754983,0.0674550214428993,0.101736495134054,1,0,0
L1_336_R1,R1,1.6,30,10,20,42,336,Simulink standard-block model,1000,0.00176031881693754,0.0284101766608999,0.0298734983142348,0.026802771744105,0.0281131794972972,1.01792329957459,0.0282842712474619,0.0304627983565724,1.07702256459254,0.05,0.046523486147067,52,282,0.052,0.282,0.05,0.285074842816122,0.0398730362837774,0.06755573931928,0.254986025213541,0.310682441486161,1,1,0
L1_336_R1,R1,1.6,30,10,20,42,336,Simulink standard-block model,1000,0.00176031881693754,0.0284101766608999,0.0298734983142348,0.026802771744105,0.0281131794972972,1.01792329957459,0.0282842712474619,0.0304627983565724,1.07702256459254,0.1,0.0362477520974729,110,424,0.11,0.424,0.1,0.418970065736748,0.0920793726718571,0.130905498946876,0.393718446616977,0.454863220672827,1,1,0
L1_337_R0,R0,1.6,30,20,2.5,42,337,Simulink standard-block model,1000,1.38632102945371e-05,0.00252565924790668,0.0319282949372083,0.00251901771777733,0.0319144317269138,12.6527047363658,0.0025,0.0319253331742774,12.7701332697109,0.01,0.0058158696851021,12,1000,0.012,1,0.01,1,0.00687764780640352,0.0208572684754983,0.996173241514445,1,1,1,0
L1_337_R0,R0,1.6,30,20,2.5,42,337,Simulink standard-block model,1000,1.38632102945371e-05,0.00252565924790668,0.0319282949372083,0.00251901771777733,0.0319144317269138,12.6527047363658,0.0025,0.0319253331742774,12.7701332697109,0.05,0.00411213406737868,56,1000,0.056,1,0.05,1,0.043374813385442,0.072023348149731,0.996173241514445,1,1,1,0
L1_337_R0,R0,1.6,30,20,2.5,42,337,Simulink standard-block model,1000,1.38632102945371e-05,0.00252565924790668,0.0319282949372083,0.00251901771777733,0.0319144317269138,12.6527047363658,0.0025,0.0319253331742774,12.7701332697109,0.1,0.0032038789138615,107,1000,0.107,1,0.1,1,0.08932287430802,0.127684957861626,0.996173241514445,1,1,1,0
L1_338_R1,R1,1.6,30,20,2.5,42,338,Simulink standard-block model,1000,-4.11774756620824e-05,0.00345906405522695,0.0319131336351816,0.00370236765447148,0.0319543111108436,8.91885500834004,0.00353553390593274,0.0319253331742774,9.02984783166855,0.01,0.00822488178566593,9,1000,0.009,1,0.01,0.999999999989826,0.00474206066747706,0.0170158161653381,0.996173241514445,1,1,1,0
L1_338_R1,R1,1.6,30,20,2.5,42,338,Simulink standard-block model,1000,-4.11774756620824e-05,0.00345906405522695,0.0319131336351816,0.00370236765447148,0.0319543111108436,8.91885500834004,0.00353553390593274,0.0319253331742774,9.02984783166855,0.05,0.00581543576838337,48,1000,0.048,1,0.05,0.999999999999924,0.0363933010208079,0.0630660886501339,0.996173241514445,1,1,1,0
L1_338_R1,R1,1.6,30,20,2.5,42,338,Simulink standard-block model,1000,-4.11774756620824e-05,0.00345906405522695,0.0319131336351816,0.00370236765447148,0.0319543111108436,8.91885500834004,0.00353553390593274,0.0319253331742774,9.02984783166855,0.1,0.00453096901218412,94,1000,0.094,1,0.1,0.999999999999995,0.0774341735737637,0.113673154316507,0.996173241514445,1,1,1,0
L1_339_R0,R0,1.6,30,20,5,42,339,Simulink standard-block model,1000,-0.000233458309803262,0.0050331679450478,0.0321593400056362,0.00496743640060508,0.0323927983154395,6.47802823022849,0.005,0.0319253331742774,6.38506663485547,0.01,0.0116317393702042,9,1000,0.009,1,0.01,0.999975328651924,0.00474206066747706,0.0170158161653381,0.996173241514445,1,1,1,0
L1_339_R0,R0,1.6,30,20,5,42,339,Simulink standard-block model,1000,-0.000233458309803262,0.0050331679450478,0.0321593400056362,0.00496743640060508,0.0323927983154395,6.47802823022849,0.005,0.0319253331742774,6.38506663485547,0.05,0.00822426813475736,49,1000,0.049,1,0.05,0.999998932531723,0.0372610346473606,0.0641907015066101,0.996173241514445,1,1,1,0
L1_339_R0,R0,1.6,30,20,5,42,339,Simulink standard-block model,1000,-0.000233458309803262,0.0050331679450478,0.0321593400056362,0.00496743640060508,0.0323927983154395,6.47802823022849,0.005,0.0319253331742774,6.38506663485547,0.1,0.006407757827723,92,1000,0.092,1,0.1,0.999999833299025,0.0756138995679689,0.111508735356244,0.996173241514445,1,1,1,0
L1_340_R1,R1,1.6,30,20,5,42,340,Simulink standard-block model,1000,0.000372585800183934,0.0068505692678611,0.0319511301602415,0.00711680796190296,0.0315785443600575,4.52093596917364,0.00707106781186548,0.0319253331742774,4.51492391583427,0.01,0.0164497635713319,6,984,0.006,0.984,0.01,0.985686165625592,0.00275266914187637,0.0130281682418521,0.97416793978826,0.990127757997723,1,1,0
L1_340_R1,R1,1.6,30,20,5,42,340,Simulink standard-block model,1000,0.000372585800183934,0.0068505692678611,0.0319511301602415,0.00711680796190296,0.0315785443600575,4.52093596917364,0.00707106781186548,0.0319253331742774,4.51492391583427,0.05,0.0116308715367667,49,996,0.049,0.996,0.05,0.997948097181438,0.0372610346473606,0.0641907015066101,0.989760443722738,0.998443411859592,1,1,0
L1_340_R1,R1,1.6,30,20,5,42,340,Simulink standard-block model,1000,0.000372585800183934,0.0068505692678611,0.0319511301602415,0.00711680796190296,0.0315785443600575,4.52093596917364,0.00707106781186548,0.0319253331742774,4.51492391583427,0.1,0.00906193802436823,95,999,0.095,0.999,0.1,0.999388310024409,0.0783452345790474,0.114754439794252,0.994357441402042,0.999823453629374,1,1,0
L1_341_R0,R0,1.6,30,20,10,42,341,Simulink standard-block model,1000,0.000448196702211207,0.00975444858813581,0.0316551265102409,0.0101998361173698,0.0312069298080297,3.12706363818375,0.01,0.0319253331742774,3.19253331742774,0.01,0.0232634787404084,10,791,0.01,0.791,0.01,0.806805762632312,0.00544075444552925,0.0183094688703148,0.76470951987713,0.815063306684277,1,1,0
L1_341_R0,R0,1.6,30,20,10,42,341,Simulink standard-block model,1000,0.000448196702211207,0.00975444858813581,0.0316551265102409,0.0101998361173698,0.0312069298080297,3.12706363818375,0.01,0.0319253331742774,3.19253331742774,0.05,0.0164485362695147,52,923,0.052,0.923,0.05,0.939150282886063,0.0398730362837774,0.06755573931928,0.904810469381826,0.937952092939394,1,0,0
L1_341_R0,R0,1.6,30,20,10,42,341,Simulink standard-block model,1000,0.000448196702211207,0.00975444858813581,0.0316551265102409,0.0101998361173698,0.0312069298080297,3.12706363818375,0.01,0.0319253331742774,3.19253331742774,0.1,0.012815515655446,102,966,0.102,0.966,0.1,0.971996537002969,0.0847391351848472,0.122306964569655,0.952864809754689,0.975568651336774,1,1,0
L1_342_R1,R1,1.6,30,20,10,42,342,Simulink standard-block model,1000,0.00032262398458921,0.0144014401839249,0.0316711561673692,0.0135754429610683,0.03134853218278,2.24005497373198,0.014142135623731,0.0319253331742774,2.25746195791714,0.01,0.0328995271426637,15,461,0.015,0.461,0.01,0.472540214596263,0.00911097880408167,0.0246009769269068,0.430312716614063,0.49198577054781,1,1,0
L1_342_R1,R1,1.6,30,20,10,42,342,Simulink standard-block model,1000,0.00032262398458921,0.0144014401839249,0.0316711561673692,0.0135754429610683,0.03134853218278,2.24005497373198,0.014142135623731,0.0319253331742774,2.25746195791714,0.05,0.0232617430735335,55,744,0.055,0.744,0.05,0.729932325827807,0.0424974273747684,0.0709083876773756,0.716052726582849,0.7700798152762,1,1,0
L1_342_R1,R1,1.6,30,20,10,42,342,Simulink standard-block model,1000,0.00032262398458921,0.0144014401839249,0.0316711561673692,0.0135754429610683,0.03134853218278,2.24005497373198,0.014142135623731,0.0319253331742774,2.25746195791714,0.1,0.0181238760487365,111,855,0.111,0.855,0.1,0.835445564162084,0.0929992104582496,0.131978007643512,0.831817937703775,0.875465063771481,1,1,0
L1_343_R0,R0,1.6,30,20,20,42,343,Simulink standard-block model,1000,0.000439591377704031,0.0203280629196325,0.0311412151800606,0.0201793264293698,0.0307016238023566,1.51584277991654,0.02,0.0319253331742774,1.59626665871387,0.01,0.0465269574808168,12,223,0.012,0.223,0.01,0.232670271406675,0.00687764780640352,0.0208572684754983,0.198288130228896,0.249831893972101,1,1,0
L1_343_R0,R0,1.6,30,20,20,42,343,Simulink standard-block model,1000,0.000439591377704031,0.0203280629196325,0.0311412151800606,0.0201793264293698,0.0307016238023566,1.51584277991654,0.02,0.0319253331742774,1.59626665871387,0.05,0.0328970725390295,57,481,0.057,0.481,0.05,0.480624227769791,0.0442534403587159,0.0731370676594859,0.450164563075593,0.511980853746858,1,1,0
L1_343_R0,R0,1.6,30,20,20,42,343,Simulink standard-block model,1000,0.000439591377704031,0.0203280629196325,0.0311412151800606,0.0201793264293698,0.0307016238023566,1.51584277991654,0.02,0.0319253331742774,1.59626665871387,0.1,0.025631031310892,114,607,0.114,0.607,0.1,0.623511008261661,0.0957616570972169,0.135192600453632,0.576373906924641,0.63680716675945,1,1,0
L1_344_R1,R1,1.6,30,20,20,42,344,Simulink standard-block model,1000,-0.000419809762329761,0.0277615514871293,0.032168175805525,0.0282507389983201,0.0325879855678548,1.16355687392735,0.0282842712474619,0.0319253331742774,1.12873097895857,0.01,0.0657990542853275,5,115,0.005,0.115,0.01,0.115533097848124,0.00213753552732446,0.0116509553733751,0.0966834317874378,0.13626317224644,1,1,0
L1_344_R1,R1,1.6,30,20,20,42,344,Simulink standard-block model,1000,-0.000419809762329761,0.0277615514871293,0.032168175805525,0.0282507389983201,0.0325879855678548,1.16355687392735,0.0282842712474619,0.0319253331742774,1.12873097895857,0.05,0.046523486147067,35,283,0.035,0.283,0.05,0.302884375404572,0.0252722630171129,0.0482866223744533,0.255952440988233,0.311708372194498,0,1,0
L1_344_R1,R1,1.6,30,20,20,42,344,Simulink standard-block model,1000,-0.000419809762329761,0.0277615514871293,0.032168175805525,0.0282507389983201,0.0325879855678548,1.16355687392735,0.0282842712474619,0.0319253331742774,1.12873097895857,0.1,0.0362477520974729,96,435,0.096,0.435,0.1,0.439269881339406,0.0792569000983968,0.115835120757932,0.404579806518899,0.465917672084223,1,1,0
L1_345_R0,R0,1.6,30,30,2.5,42,345,Simulink standard-block model,1000,0.000130755224121993,0.00256836884096767,0.0345469780144643,0.00240159067892408,0.0344162227903423,13.8419080238382,0.0025,0.0346410161513775,13.856406460551,0.01,0.0058158696851021,12,1000,0.012,1,0.01,1,0.00687764780640352,0.0208572684754983,0.996173241514445,1,1,1,0
L1_345_R0,R0,1.6,30,30,2.5,42,345,Simulink standard-block model,1000,0.000130755224121993,0.00256836884096767,0.0345469780144643,0.00240159067892408,0.0344162227903423,13.8419080238382,0.0025,0.0346410161513775,13.856406460551,0.05,0.00411213406737868,53,1000,0.053,1,0.05,1,0.0407465052485945,0.0686746168374918,0.996173241514445,1,1,1,0
L1_345_R0,R0,1.6,30,30,2.5,42,345,Simulink standard-block model,1000,0.000130755224121993,0.00256836884096767,0.0345469780144643,0.00240159067892408,0.0344162227903423,13.8419080238382,0.0025,0.0346410161513775,13.856406460551,0.1,0.0032038789138615,109,1000,0.109,1,0.1,1,0.0911600333845138,0.12983249175119,0.996173241514445,1,1,1,0
L1_346_R1,R1,1.6,30,30,2.5,42,346,Simulink standard-block model,1000,-4.12996754079347e-05,0.00365634817368637,0.0347732331488272,0.00348482517111874,0.0348145328242352,9.74755635186912,0.00353553390593274,0.0346410161513775,9.79795897113271,0.01,0.00822488178566593,9,1000,0.009,1,0.01,0.99999999999996,0.00474206066747706,0.0170158161653381,0.996173241514445,1,1,1,0
L1_346_R1,R1,1.6,30,30,2.5,42,346,Simulink standard-block model,1000,-4.12996754079347e-05,0.00365634817368637,0.0347732331488272,0.00348482517111874,0.0348145328242352,9.74755635186912,0.00353553390593274,0.0346410161513775,9.79795897113271,0.05,0.00581543576838337,65,1000,0.065,1,0.05,1,0.051323770569062,0.0820055093133709,0.996173241514445,1,0,1,0
L1_346_R1,R1,1.6,30,30,2.5,42,346,Simulink standard-block model,1000,-4.12996754079347e-05,0.00365634817368637,0.0347732331488272,0.00348482517111874,0.0348145328242352,9.74755635186912,0.00353553390593274,0.0346410161513775,9.79795897113271,0.1,0.00453096901218412,117,1000,0.117,1,0.1,1,0.0985283876192287,0.138402909380707,0.996173241514445,1,1,1,0
L1_347_R0,R0,1.6,30,30,5,42,347,Simulink standard-block model,1000,9.92750141920791e-05,0.00501954435679816,0.0349360445657009,0.00485222660231151,0.0348367695515088,7.05684257714164,0.005,0.0346410161513775,6.92820323027551,0.01,0.0116317393702042,8,1000,0.008,1,0.01,0.999997906280119,0.0040591958188061,0.0157063345309801,0.996173241514445,1,1,1,0
L1_347_R0,R0,1.6,30,30,5,42,347,Simulink standard-block model,1000,9.92750141920791e-05,0.00501954435679816,0.0349360445657009,0.00485222660231151,0.0348367695515088,7.05684257714164,0.005,0.0346410161513775,6.92820323027551,0.05,0.00822426813475736,44,1000,0.044,1,0.05,0.9999999365785,0.0329382145884185,0.0585517891504078,0.996173241514445,1,1,1,0
L1_347_R0,R0,1.6,30,30,5,42,347,Simulink standard-block model,1000,9.92750141920791e-05,0.00501954435679816,0.0349360445657009,0.00485222660231151,0.0348367695515088,7.05684257714164,0.005,0.0346410161513775,6.92820323027551,0.1,0.006407757827723,106,1000,0.106,1,0.1,0.999999991819858,0.0884050668630515,0.126610418823566,0.996173241514445,1,1,1,0
L1_348_R1,R1,1.6,30,30,5,42,348,Simulink standard-block model,1000,-0.000389279991741892,0.00690677839550777,0.0345921240596152,0.00712717134872045,0.0349814040513571,4.98463965701556,0.00707106781186548,0.0346410161513775,4.89897948556636,0.01,0.0164497635713319,6,997,0.006,0.997,0.01,0.994953571326782,0.00275266914187637,0.0130281682418521,0.991216985946497,0.998979216118861,1,1,0
L1_348_R1,R1,1.6,30,30,5,42,348,Simulink standard-block model,1000,-0.000389279991741892,0.00690677839550777,0.0345921240596152,0.00712717134872045,0.0349814040513571,4.98463965701556,0.00707106781186548,0.0346410161513775,4.89897948556636,0.05,0.0116308715367667,42,1000,0.042,1,0.05,0.999431290622206,0.0312208855461654,0.0562844252266031,0.996173241514445,1,1,1,0
L1_348_R1,R1,1.6,30,30,5,42,348,Simulink standard-block model,1000,-0.000389279991741892,0.00690677839550777,0.0345921240596152,0.00712717134872045,0.0349814040513571,4.98463965701556,0.00707106781186548,0.0346410161513775,4.89897948556636,0.1,0.00906193802436823,78,1000,0.078,1,0.1,0.999851227422693,0.0629471675907362,0.0962826165710724,0.996173241514445,1,0,1,0
L1_349_R0,R0,1.6,30,30,10,42,349,Simulink standard-block model,1000,0.000310602601844522,0.00987193380556877,0.0346013533619092,0.0101776011670559,0.0342907507600646,3.4202056482789,0.01,0.0346410161513775,3.46410161513775,0.01,0.0232634787404084,8,859,0.008,0.859,0.01,0.87238833699084,0.0040591958188061,0.0157063345309801,0.83605351411232,0.879198873295052,1,1,0
L1_349_R0,R0,1.6,30,30,10,42,349,Simulink standard-block model,1000,0.000310602601844522,0.00987193380556877,0.0346013533619092,0.0101776011670559,0.0342907507600646,3.4202056482789,0.01,0.0346410161513775,3.46410161513775,0.05,0.0164485362695147,52,961,0.052,0.961,0.05,0.965563197715057,0.0398730362837774,0.06755573931928,0.947130689580499,0.97134103909582,1,1,0
L1_349_R0,R0,1.6,30,30,10,42,349,Simulink standard-block model,1000,0.000310602601844522,0.00987193380556877,0.0346013533619092,0.0101776011670559,0.0342907507600646,3.4202056482789,0.01,0.0346410161513775,3.46410161513775,0.1,0.012815515655446,106,987,0.106,0.987,0.1,0.985465519165391,0.0884050668630515,0.126610418823566,0.97788555762442,0.992387179610649,1,1,0
L1_350_R1,R1,1.6,30,30,10,42,350,Simulink standard-block model,1000,0.00084335958496023,0.0140717941576068,0.0346470812111924,0.0139508649233982,0.0338037216262322,2.41257667758852,0.014142135623731,0.0346410161513775,2.44948974278318,0.01,0.0328995271426637,14,563,0.014,0.563,0.01,0.549002621449642,0.00835757513042392,0.0233620341175357,0.532074075299177,0.593443753131643,1,1,0
L1_350_R1,R1,1.6,30,30,10,42,350,Simulink standard-block model,1000,0.00084335958496023,0.0140717941576068,0.0346470812111924,0.0139508649233982,0.0338037216262322,2.41257667758852,0.014142135623731,0.0346410161513775,2.44948974278318,0.05,0.0232617430735335,56,791,0.056,0.791,0.05,0.789485152686922,0.043374813385442,0.072023348149731,0.76470951987713,0.815063306684277,1,1,0
L1_350_R1,R1,1.6,30,30,10,42,350,Simulink standard-block model,1000,0.00084335958496023,0.0140717941576068,0.0346470812111924,0.0139508649233982,0.0338037216262322,2.41257667758852,0.014142135623731,0.0346410161513775,2.44948974278318,0.1,0.0181238760487365,107,867,0.107,0.867,0.1,0.878584148410325,0.08932287430802,0.127684957861626,0.844542319928876,0.886648839342726,1,1,0
L1_351_R0,R0,1.6,30,30,20,42,351,Simulink standard-block model,1000,-0.000925211459814504,0.0197323658060338,0.0346958515748518,0.0200760951392502,0.0356210630346663,1.78955600802775,0.02,0.0346410161513775,1.73205080756888,0.01,0.0465269574808168,9,276,0.009,0.276,0.01,0.27615672017856,0.00474206066747706,0.0170158161653381,0.249191096073259,0.304523291728269,1,1,0
L1_351_R0,R0,1.6,30,30,20,42,351,Simulink standard-block model,1000,-0.000925211459814504,0.0197323658060338,0.0346958515748518,0.0200760951392502,0.0356210630346663,1.78955600802775,0.02,0.0346410161513775,1.73205080756888,0.05,0.0328970725390295,36,537,0.036,0.537,0.05,0.534742609818093,0.0261155714073873,0.0494356604672078,0.506012489026321,0.567704330845748,0,1,0
L1_351_R0,R0,1.6,30,30,20,42,351,Simulink standard-block model,1000,-0.000925211459814504,0.0197323658060338,0.0346958515748518,0.0200760951392502,0.0356210630346663,1.78955600802775,0.02,0.0346410161513775,1.73205080756888,0.1,0.025631031310892,99,666,0.099,0.666,0.1,0.673824749698462,0.0819954413686654,0.11907361893675,0.6361818350568,0.694547681125996,1,1,0
L1_352_R1,R1,1.6,30,30,20,42,352,Simulink standard-block model,1000,0.00205202761333035,0.0283087182918376,0.0353381439120349,0.0278558381846906,0.0332861162987046,1.18526830160424,0.0282842712474619,0.0346410161513775,1.22474487139159,0.01,0.0657990542853275,12,127,0.012,0.127,0.01,0.13531715118615,0.00687764780640352,0.0208572684754983,0.107780009258438,0.149074752571786,1,1,0
L1_352_R1,R1,1.6,30,30,20,42,352,Simulink standard-block model,1000,0.00205202761333035,0.0283087182918376,0.0353381439120349,0.0278558381846906,0.0332861162987046,1.18526830160424,0.0282842712474619,0.0346410161513775,1.22474487139159,0.05,0.046523486147067,50,336,0.05,0.336,0.05,0.337203003409099,0.0381302623927488,0.0653138202442508,0.30740158982271,0.365853586960553,1,1,0
L1_352_R1,R1,1.6,30,30,20,42,352,Simulink standard-block model,1000,0.00205202761333035,0.0283087182918376,0.0353381439120349,0.0278558381846906,0.0332861162987046,1.18526830160424,0.0282842712474619,0.0346410161513775,1.22474487139159,0.1,0.0362477520974729,111,485,0.111,0.485,0.1,0.477349590694202,0.0929992104582496,0.131978007643512,0.45414087027097,0.515973932483597,1,1,0
L1_353_R0,R0,1.6,30,40,2.5,42,353,Simulink standard-block model,1000,5.08660041080624e-05,0.00258884226964974,0.0391407105115796,0.00249090153458317,0.0390898445074716,15.3876188822547,0.0025,0.0391622186799684,15.6648874719873,0.01,0.0058158696851021,15,1000,0.015,1,0.01,1,0.00911097880408167,0.0246009769269068,0.996173241514445,1,1,1,0
L1_353_R0,R0,1.6,30,40,2.5,42,353,Simulink standard-block model,1000,5.08660041080624e-05,0.00258884226964974,0.0391407105115796,0.00249090153458317,0.0390898445074716,15.3876188822547,0.0025,0.0391622186799684,15.6648874719873,0.05,0.00411213406737868,61,1000,0.061,1,0.05,1,0.0477797751260337,0.0775801188242837,0.996173241514445,1,1,1,0
L1_353_R0,R0,1.6,30,40,2.5,42,353,Simulink standard-block model,1000,5.08660041080624e-05,0.00258884226964974,0.0391407105115796,0.00249090153458317,0.0390898445074716,15.3876188822547,0.0025,0.0391622186799684,15.6648874719873,0.1,0.0032038789138615,108,1000,0.108,1,0.1,1,0.0902411985625519,0.128758980090123,0.996173241514445,1,1,1,0
L1_354_R1,R1,1.6,30,40,2.5,42,354,Simulink standard-block model,1000,7.15973454410763e-05,0.00348361108868861,0.0394078859521899,0.00355990863530003,0.0393362886067488,11.168842429513,0.00353553390593274,0.0391622186799684,11.0767481579664,0.01,0.00822488178566593,7,1000,0.007,1,0.01,1,0.00339486840099076,0.0143783154657666,0.996173241514445,1,1,1,0
L1_354_R1,R1,1.6,30,40,2.5,42,354,Simulink standard-block model,1000,7.15973454410763e-05,0.00348361108868861,0.0394078859521899,0.00355990863530003,0.0393362886067488,11.168842429513,0.00353553390593274,0.0391622186799684,11.0767481579664,0.05,0.00581543576838337,51,1000,0.051,1,0.05,1,0.0390009427752668,0.0664354863447617,0.996173241514445,1,1,1,0
L1_354_R1,R1,1.6,30,40,2.5,42,354,Simulink standard-block model,1000,7.15973454410763e-05,0.00348361108868861,0.0394078859521899,0.00355990863530003,0.0393362886067488,11.168842429513,0.00353553390593274,0.0391622186799684,11.0767481579664,0.1,0.00453096901218412,100,1000,0.1,1,0.1,1,0.0829094435930957,0.120151963195348,0.996173241514445,1,1,1,0
L1_355_R0,R0,1.6,30,40,5,42,355,Simulink standard-block model,1000,-0.000120323365392832,0.00502997511391785,0.0390844660461528,0.00498761921976085,0.0392047894115456,7.82711650589366,0.005,0.0391622186799684,7.83244373599367,0.01,0.0116317393702042,13,1000,0.013,1,0.01,0.99999998165606,0.00761282038935102,0.0221144423755797,0.996173241514445,1,1,1,0
L1_355_R0,R0,1.6,30,40,5,42,355,Simulink standard-block model,1000,-0.000120323365392832,0.00502997511391785,0.0390844660461528,0.00498761921976085,0.0392047894115456,7.82711650589366,0.005,0.0391622186799684,7.83244373599367,0.05,0.00822426813475736,50,1000,0.05,1,0.05,0.999999999694545,0.0381302623927488,0.0653138202442508,0.996173241514445,1,1,1,0
L1_355_R0,R0,1.6,30,40,5,42,355,Simulink standard-block model,1000,-0.000120323365392832,0.00502997511391785,0.0390844660461528,0.00498761921976085,0.0392047894115456,7.82711650589366,0.005,0.0391622186799684,7.83244373599367,0.1,0.006407757827723,96,1000,0.096,1,0.1,0.999999999971403,0.0792569000983968,0.115835120757932,0.996173241514445,1,1,1,0
L1_356_R1,R1,1.6,30,40,5,42,356,Simulink standard-block model,1000,-0.000207876633038002,0.00682876067096667,0.0389544532564385,0.00705864349989435,0.0391623298894765,5.63920586158335,0.00707106781186548,0.0391622186799684,5.53837407898322,0.01,0.0164497635713319,9,999,0.009,0.999,0.01,0.999340988237908,0.00474206066747706,0.0170158161653381,0.994357441402042,0.999823453629374,1,1,0
L1_356_R1,R1,1.6,30,40,5,42,356,Simulink standard-block model,1000,-0.000207876633038002,0.00682876067096667,0.0389544532564385,0.00705864349989435,0.0391623298894765,5.63920586158335,0.00707106781186548,0.0391622186799684,5.53837407898322,0.05,0.0116308715367667,39,1000,0.039,1,0.05,0.999950600065743,0.0286589609041805,0.0528693104195014,0.996173241514445,1,1,1,0
L1_356_R1,R1,1.6,30,40,5,42,356,Simulink standard-block model,1000,-0.000207876633038002,0.00682876067096667,0.0389544532564385,0.00705864349989435,0.0391623298894765,5.63920586158335,0.00707106781186548,0.0391622186799684,5.53837407898322,0.1,0.00906193802436823,99,1000,0.099,1,0.1,0.999989632358151,0.0819954413686654,0.11907361893675,0.996173241514445,1,1,1,0
L1_357_R0,R0,1.6,30,40,10,42,357,Simulink standard-block model,1000,3.10962673973809e-05,0.0100882828558038,0.0392330843973671,0.0101773074072451,0.0392019881299697,3.86878540189563,0.01,0.0391622186799684,3.91622186799684,0.01,0.0232634787404084,11,948,0.011,0.948,0.01,0.944068394646636,0.00615317409808664,0.0195893957007863,0.93244426068072,0.960126963716223,1,1,0
L1_357_R0,R0,1.6,30,40,10,42,357,Simulink standard-block model,1000,3.10962673973809e-05,0.0100882828558038,0.0392330843973671,0.0101773074072451,0.0392019881299697,3.86878540189563,0.01,0.0391622186799684,3.91622186799684,0.05,0.0164485362695147,57,990,0.057,0.99,0.05,0.988437652344249,0.0442534403587159,0.0731370676594859,0.981690531129685,0.994559245554471,1,1,0
L1_357_R0,R0,1.6,30,40,10,42,357,Simulink standard-block model,1000,3.10962673973809e-05,0.0100882828558038,0.0392330843973671,0.0101773074072451,0.0392019881299697,3.86878540189563,0.01,0.0391622186799684,3.91622186799684,0.1,0.012815515655446,112,995,0.112,0.995,0.1,0.995789047829156,0.0939195409088811,0.13305002367591,0.988349044626625,0.997862464472676,1,1,0
L1_358_R1,R1,1.6,30,40,10,42,358,Simulink standard-block model,1000,-0.000403496628319715,0.0144900363202091,0.0395509054472205,0.0143933349097937,0.0399544020755402,2.76658689411818,0.014142135623731,0.0391622186799684,2.76918703949161,0.01,0.0328995271426637,8,676,0.008,0.676,0.01,0.67105896386727,0.0040591958188061,0.0157063345309801,0.646367803285296,0.704285177727789,1,1,0
L1_358_R1,R1,1.6,30,40,10,42,358,Simulink standard-block model,1000,-0.000403496628319715,0.0144900363202091,0.0395509054472205,0.0143933349097937,0.0399544020755402,2.76658689411818,0.014142135623731,0.0391622186799684,2.76918703949161,0.05,0.0232617430735335,48,874,0.048,0.874,0.05,0.869564195588729,0.0363933010208079,0.0630660886501339,0.851990495339814,0.893147089312991,1,1,0
L1_358_R1,R1,1.6,30,40,10,42,358,Simulink standard-block model,1000,-0.000403496628319715,0.0144900363202091,0.0395509054472205,0.0143933349097937,0.0399544020755402,2.76658689411818,0.014142135623731,0.0391622186799684,2.76918703949161,0.1,0.0181238760487365,100,929,0.1,0.929,0.1,0.931576473549297,0.0829094435930957,0.120151963195348,0.911386336569845,0.943330304649549,1,1,0
L1_359_R0,R0,1.6,30,40,20,42,359,Simulink standard-block model,1000,-0.000409003685617463,0.0197127464033162,0.039297296705197,0.0197608464253529,0.0397063003908145,2.01178905019368,0.02,0.0391622186799684,1.95811093399842,0.01,0.0465269574808168,12,362,0.012,0.362,0.01,0.356348284163758,0.00687764780640352,0.0208572684754983,0.332794412867473,0.39226177247454,1,1,0
L1_359_R0,R0,1.6,30,40,20,42,359,Simulink standard-block model,1000,-0.000409003685617463,0.0197127464033162,0.039297296705197,0.0197608464253529,0.0397063003908145,2.01178905019368,0.02,0.0391622186799684,1.95811093399842,0.05,0.0328970725390295,53,615,0.053,0.615,0.05,0.622957408524596,0.0407465052485945,0.0686746168374918,0.584455530928751,0.644664314619572,1,1,0
L1_359_R0,R0,1.6,30,40,20,42,359,Simulink standard-block model,1000,-0.000409003685617463,0.0197127464033162,0.039297296705197,0.0197608464253529,0.0397063003908145,2.01178905019368,0.02,0.0391622186799684,1.95811093399842,0.1,0.025631031310892,97,756,0.097,0.756,0.1,0.750657216904175,0.080169161790323,0.116915205549034,0.728433531820657,0.781607167834739,1,1,0
L1_360_R1,R1,1.6,30,40,20,42,360,Simulink standard-block model,1000,0.000147934603501929,0.0286544693401211,0.0395994189227096,0.0274238287888615,0.0394514843192077,1.40667564626148,0.0282842712474619,0.0391622186799684,1.38459351974581,0.01,0.0657990542853275,10,160,0.01,0.16,0.01,0.173159209846071,0.00544075444552925,0.0183094688703148,0.13858526208349,0.184016933686687,1,1,0
L1_360_R1,R1,1.6,30,40,20,42,360,Simulink standard-block model,1000,0.000147934603501929,0.0286544693401211,0.0395994189227096,0.0274238287888615,0.0394514843192077,1.40667564626148,0.0282842712474619,0.0391622186799684,1.38459351974581,0.05,0.046523486147067,62,394,0.062,0.394,0.05,0.397331571168042,0.0486641801199806,0.0786880603133656,0.364175573483,0.424635699315938,1,1,0
L1_360_R1,R1,1.6,30,40,20,42,360,Simulink standard-block model,1000,0.000147934603501929,0.0286544693401211,0.0395994189227096,0.0274238287888615,0.0394514843192077,1.40667564626148,0.0282842712474619,0.0391622186799684,1.38459351974581,0.1,0.0362477520974729,103,542,0.103,0.542,0.1,0.541035163243544,0.0856548100050872,0.123383636232444,0.51101777307224,0.572660779214974,1,1,0
L1_361_R0,R0,1.6,30,50,2.5,42,361,Simulink standard-block model,1000,-7.40025060656309e-05,0.00262394279456546,0.0467212830915231,0.00255855628463132,0.0467952855975887,18.0575281578269,0.0025,0.0466717148058124,18.6686859223249,0.01,0.0058158696851021,10,1000,0.01,1,0.01,1,0.00544075444552925,0.0183094688703148,0.996173241514445,1,1,1,0
L1_361_R0,R0,1.6,30,50,2.5,42,361,Simulink standard-block model,1000,-7.40025060656309e-05,0.00262394279456546,0.0467212830915231,0.00255855628463132,0.0467952855975887,18.0575281578269,0.0025,0.0466717148058124,18.6686859223249,0.05,0.00411213406737868,52,1000,0.052,1,0.05,1,0.0398730362837774,0.06755573931928,0.996173241514445,1,1,1,0
L1_361_R0,R0,1.6,30,50,2.5,42,361,Simulink standard-block model,1000,-7.40025060656309e-05,0.00262394279456546,0.0467212830915231,0.00255855628463132,0.0467952855975887,18.0575281578269,0.0025,0.0466717148058124,18.6686859223249,0.1,0.0032038789138615,106,1000,0.106,1,0.1,1,0.0884050668630515,0.126610418823566,0.996173241514445,1,1,1,0
L1_362_R1,R1,1.6,30,50,2.5,42,362,Simulink standard-block model,1000,5.06988263034649e-05,0.0035426831487146,0.0466248550086754,0.00351149041241091,0.0465741561823719,13.2045803670454,0.00353553390593274,0.0466717148058124,13.2007544115178,0.01,0.00822488178566593,14,1000,0.014,1,0.01,1,0.00835757513042392,0.0233620341175357,0.996173241514445,1,1,1,0
L1_362_R1,R1,1.6,30,50,2.5,42,362,Simulink standard-block model,1000,5.06988263034649e-05,0.0035426831487146,0.0466248550086754,0.00351149041241091,0.0465741561823719,13.2045803670454,0.00353553390593274,0.0466717148058124,13.2007544115178,0.05,0.00581543576838337,52,1000,0.052,1,0.05,1,0.0398730362837774,0.06755573931928,0.996173241514445,1,1,1,0
L1_362_R1,R1,1.6,30,50,2.5,42,362,Simulink standard-block model,1000,5.06988263034649e-05,0.0035426831487146,0.0466248550086754,0.00351149041241091,0.0465741561823719,13.2045803670454,0.00353553390593274,0.0466717148058124,13.2007544115178,0.1,0.00453096901218412,95,1000,0.095,1,0.1,1,0.0783452345790474,0.114754439794252,0.996173241514445,1,1,1,0
L1_363_R0,R0,1.6,30,50,5,42,363,Simulink standard-block model,1000,-5.58865849970696e-05,0.0050900188536441,0.0467302116305374,0.00487395598194126,0.0467860982155345,9.3888439380417,0.005,0.0466717148058124,9.33434296116247,0.01,0.0116317393702042,12,1000,0.012,1,0.01,0.999999999998791,0.00687764780640352,0.0208572684754983,0.996173241514445,1,1,1,0
L1_363_R0,R0,1.6,30,50,5,42,363,Simulink standard-block model,1000,-5.58865849970696e-05,0.0050900188536441,0.0467302116305374,0.00487395598194126,0.0467860982155345,9.3888439380417,0.005,0.0466717148058124,9.33434296116247,0.05,0.00822426813475736,57,1000,0.057,1,0.05,0.999999999999993,0.0442534403587159,0.0731370676594859,0.996173241514445,1,1,1,0
L1_363_R0,R0,1.6,30,50,5,42,363,Simulink standard-block model,1000,-5.58865849970696e-05,0.0050900188536441,0.0467302116305374,0.00487395598194126,0.0467860982155345,9.3888439380417,0.005,0.0466717148058124,9.33434296116247,0.1,0.006407757827723,105,1000,0.105,1,0.1,1,0.0874877826144168,0.125535356589172,0.996173241514445,1,1,1,0
L1_364_R1,R1,1.6,30,50,5,42,364,Simulink standard-block model,1000,0.000353302236834943,0.00698924699574769,0.0465567997872573,0.00730496397647928,0.0462034975504223,6.46306842037098,0.00707106781186548,0.0466717148058124,6.6003772057589,0.01,0.0164497635713319,5,1000,0.005,1,0.01,0.999990401411768,0.00213753552732446,0.0116509553733751,0.996173241514445,1,1,1,0
L1_364_R1,R1,1.6,30,50,5,42,364,Simulink standard-block model,1000,0.000353302236834943,0.00698924699574769,0.0465567997872573,0.00730496397647928,0.0462034975504223,6.46306842037098,0.00707106781186548,0.0466717148058124,6.6003772057589,0.05,0.0116308715367667,57,1000,0.057,1,0.05,0.999999639321132,0.0442534403587159,0.0731370676594859,0.996173241514445,1,1,1,0
L1_364_R1,R1,1.6,30,50,5,42,364,Simulink standard-block model,1000,0.000353302236834943,0.00698924699574769,0.0465567997872573,0.00730496397647928,0.0462034975504223,6.46306842037098,0.00707106781186548,0.0466717148058124,6.6003772057589,0.1,0.00906193802436823,109,1000,0.109,1,0.1,0.99999994778042,0.0911600333845138,0.12983249175119,0.996173241514445,1,1,1,0
L1_365_R0,R0,1.6,30,50,10,42,365,Simulink standard-block model,1000,-0.000564822487946752,0.00984521717534744,0.0461207483393883,0.0102622704600386,0.0466855708273351,4.64260209073885,0.01,0.0466717148058124,4.66717148058124,0.01,0.0232634787404084,5,983,0.005,0.983,0.01,0.990379372276651,0.00213753552732446,0.0116509553733751,0.97294404115977,0.989359310143184,1,0,0
L1_365_R0,R0,1.6,30,50,10,42,365,Simulink standard-block model,1000,-0.000564822487946752,0.00984521717534744,0.0461207483393883,0.0102622704600386,0.0466855708273351,4.64260209073885,0.01,0.0466717148058124,4.66717148058124,0.05,0.0164485362695147,43,997,0.043,0.997,0.05,0.998745765014859,0.0320786534117134,0.057419003844084,0.991216985946497,0.998979216118861,1,1,0
L1_365_R0,R0,1.6,30,50,10,42,365,Simulink standard-block model,1000,-0.000564822487946752,0.00984521717534744,0.0461207483393883,0.0102622704600386,0.0466855708273351,4.64260209073885,0.01,0.0466717148058124,4.66717148058124,0.1,0.012815515655446,88,1000,0.088,1,0.1,0.999644911633363,0.0719809979423209,0.107172251049777,0.996173241514445,1,1,1,0
L1_366_R1,R1,1.6,30,50,10,42,366,Simulink standard-block model,1000,0.000437355144324333,0.0140294346821049,0.0465931967912697,0.0144676863148806,0.0461558416469454,3.23895066564679,0.014142135623731,0.0466717148058124,3.30018860287945,0.01,0.0328995271426637,7,823,0.007,0.823,0.01,0.83493218657704,0.00339486840099076,0.0143783154657666,0.798121293503873,0.845406620514458,1,1,0
L1_366_R1,R1,1.6,30,50,10,42,366,Simulink standard-block model,1000,0.000437355144324333,0.0140294346821049,0.0465931967912697,0.0144676863148806,0.0461558416469454,3.23895066564679,0.014142135623731,0.0466717148058124,3.30018860287945,0.05,0.0232617430735335,46,943,0.046,0.943,0.05,0.951071716041308,0.034662492763265,0.0608122039416191,0.926862932340514,0.955746559641284,1,1,0
L1_366_R1,R1,1.6,30,50,10,42,366,Simulink standard-block model,1000,0.000437355144324333,0.0140294346821049,0.0465931967912697,0.0144676863148806,0.0461558416469454,3.23895066564679,0.014142135623731,0.0466717148058124,3.30018860287945,0.1,0.0181238760487365,104,972,0.104,0.972,0.1,0.978237520737501,0.0865710280982681,0.124459764622292,0.959829816802407,0.980557723187229,1,1,0
L1_367_R0,R0,1.6,30,50,20,42,367,Simulink standard-block model,1000,0.000420691542738437,0.0201936560399759,0.0467634825649862,0.0203064706668105,0.0463427910222478,2.28851685165598,0.02,0.0466717148058124,2.33358574029062,0.01,0.0465269574808168,11,491,0.011,0.491,0.01,0.502887465656101,0.00615317409808664,0.0195893957007863,0.460109033147214,0.521959848505526,1,1,0
L1_367_R0,R0,1.6,30,50,20,42,367,Simulink standard-block model,1000,0.000420691542738437,0.0201936560399759,0.0467634825649862,0.0203064706668105,0.0463427910222478,2.28851685165598,0.02,0.0466717148058124,2.33358574029062,0.05,0.0328970725390295,56,750,0.056,0.75,0.05,0.754504068294177,0.043374813385442,0.072023348149731,0.722239719740914,0.775846901016309,1,1,0
L1_367_R0,R0,1.6,30,50,20,42,367,Simulink standard-block model,1000,0.000420691542738437,0.0201936560399759,0.0467634825649862,0.0203064706668105,0.0463427910222478,2.28851685165598,0.02,0.0466717148058124,2.33358574029062,0.1,0.025631031310892,105,855,0.105,0.855,0.1,0.853608064711234,0.0874877826144168,0.125535356589172,0.831817937703775,0.875465063771481,1,1,0
L1_368_R1,R1,1.6,30,50,20,42,368,Simulink standard-block model,1000,0.000681512676584707,0.0284513672640432,0.0465517984069722,0.0293497811745878,0.0458702857303875,1.58698389421575,0.0282842712474619,0.0466717148058124,1.65009430143973,0.01,0.0657990542853275,10,252,0.01,0.252,0.01,0.249439832128208,0.00544075444552925,0.0183094688703148,0.226074711238094,0.279823360970741,1,1,0
L1_368_R1,R1,1.6,30,50,20,42,368,Simulink standard-block model,1000,0.000681512676584707,0.0284513672640432,0.0465517984069722,0.0293497811745878,0.0458702857303875,1.58698389421575,0.0282842712474619,0.0466717148058124,1.65009430143973,0.05,0.046523486147067,59,509,0.059,0.509,0.05,0.502090717061039,0.0460142982128005,0.0753609027714592,0.478040151494475,0.539890966852786,1,1,0
L1_368_R1,R1,1.6,30,50,20,42,368,Simulink standard-block model,1000,0.000681512676584707,0.0284513672640432,0.0465517984069722,0.0293497811745878,0.0458702857303875,1.58698389421575,0.0282842712474619,0.0466717148058124,1.65009430143973,0.1,0.0362477520974729,98,654,0.098,0.654,0.1,0.643765707310496,0.0810820115233503,0.117994702299036,0.623978018488513,0.682843339897936,1,1,0
L1_369_R0,R0,1.6,30,60,2.5,42,369,Simulink standard-block model,1000,-0.000112783214078215,0.00243951217323934,0.0599418706064372,0.00252868012150066,0.0600546538205154,24.1717631378654,0.0025,0.06,24,0.01,0.0058158696851021,5,1000,0.005,1,0.01,1,0.00213753552732446,0.0116509553733751,0.996173241514445,1,1,1,0
L1_369_R0,R0,1.6,30,60,2.5,42,369,Simulink standard-block model,1000,-0.000112783214078215,0.00243951217323934,0.0599418706064372,0.00252868012150066,0.0600546538205154,24.1717631378654,0.0025,0.06,24,0.05,0.00411213406737868,38,1000,0.038,1,0.05,1,0.0278090045093026,0.0517269203313503,0.996173241514445,1,1,1,0
L1_369_R0,R0,1.6,30,60,2.5,42,369,Simulink standard-block model,1000,-0.000112783214078215,0.00243951217323934,0.0599418706064372,0.00252868012150066,0.0600546538205154,24.1717631378654,0.0025,0.06,24,0.1,0.0032038789138615,82,1000,0.082,1,0.1,1,0.0665519534202195,0.100647216673705,0.996173241514445,1,1,1,0
L1_370_R1,R1,1.6,30,60,2.5,42,370,Simulink standard-block model,1000,-0.000212233723057234,0.00360101114831245,0.059937916617963,0.003576982786373,0.0601501503410203,16.7595051978162,0.00353553390593274,0.06,16.9705627484771,0.01,0.00822488178566593,16,1000,0.016,1,0.01,1,0.00987224200227739,0.02583206021174,0.996173241514445,1,1,1,0
L1_370_R1,R1,1.6,30,60,2.5,42,370,Simulink standard-block model,1000,-0.000212233723057234,0.00360101114831245,0.059937916617963,0.003576982786373,0.0601501503410203,16.7595051978162,0.00353553390593274,0.06,16.9705627484771,0.05,0.00581543576838337,46,1000,0.046,1,0.05,1,0.034662492763265,0.0608122039416191,0.996173241514445,1,1,1,0
L1_370_R1,R1,1.6,30,60,2.5,42,370,Simulink standard-block model,1000,-0.000212233723057234,0.00360101114831245,0.059937916617963,0.003576982786373,0.0601501503410203,16.7595051978162,0.00353553390593274,0.06,16.9705627484771,0.1,0.00453096901218412,91,1000,0.091,1,0.1,1,0.0747047043716441,0.11042558406954,0.996173241514445,1,1,1,0
L1_371_R0,R0,1.6,30,60,5,42,371,Simulink standard-block model,1000,-8.59966840519513e-05,0.0050739926765484,0.0601871233776932,0.00503316684249171,0.0602731200617452,11.9267195195938,0.005,0.06,12,0.01,0.0116317393702042,10,1000,0.01,1,0.01,1,0.00544075444552925,0.0183094688703148,0.996173241514445,1,1,1,0
L1_371_R0,R0,1.6,30,60,5,42,371,Simulink standard-block model,1000,-8.59966840519513e-05,0.0050739926765484,0.0601871233776932,0.00503316684249171,0.0602731200617452,11.9267195195938,0.005,0.06,12,0.05,0.00822426813475736,42,1000,0.042,1,0.05,1,0.0312208855461654,0.0562844252266031,0.996173241514445,1,1,1,0
L1_371_R0,R0,1.6,30,60,5,42,371,Simulink standard-block model,1000,-8.59966840519513e-05,0.0050739926765484,0.0601871233776932,0.00503316684249171,0.0602731200617452,11.9267195195938,0.005,0.06,12,0.1,0.006407757827723,94,1000,0.094,1,0.1,1,0.0774341735737637,0.113673154316507,0.996173241514445,1,1,1,0
L1_372_R1,R1,1.6,30,60,5,42,372,Simulink standard-block model,1000,0.000361515794886138,0.0067443354499036,0.0601603833951476,0.00712153933369632,0.0597988676002614,8.62213944650467,0.00707106781186548,0.06,8.48528137423857,0.01,0.0164497635713319,6,1000,0.006,1,0.01,0.999999999633818,0.00275266914187637,0.0130281682418521,0.996173241514445,1,1,1,0
L1_372_R1,R1,1.6,30,60,5,42,372,Simulink standard-block model,1000,0.000361515794886138,0.0067443354499036,0.0601603833951476,0.00712153933369632,0.0597988676002614,8.62213944650467,0.00707106781186548,0.06,8.48528137423857,0.05,0.0116308715367667,48,1000,0.048,1,0.05,0.999999999996052,0.0363933010208079,0.0630660886501339,0.996173241514445,1,1,1,0
L1_372_R1,R1,1.6,30,60,5,42,372,Simulink standard-block model,1000,0.000361515794886138,0.0067443354499036,0.0601603833951476,0.00712153933369632,0.0597988676002614,8.62213944650467,0.00707106781186548,0.06,8.48528137423857,0.1,0.00906193802436823,102,1000,0.102,1,0.1,0.999999999999707,0.0847391351848472,0.122306964569655,0.996173241514445,1,1,1,0
L1_373_R0,R0,1.6,30,60,10,42,373,Simulink standard-block model,1000,0.000406448835871259,0.00998847551840218,0.0602072031147777,0.00985278923823464,0.0598007542789064,6.02777662925289,0.01,0.06,6,0.01,0.0232634787404084,6,1000,0.006,1,0.01,0.999880445893589,0.00275266914187637,0.0130281682418521,0.996173241514445,1,1,1,0
L1_373_R0,R0,1.6,30,60,10,42,373,Simulink standard-block model,1000,0.000406448835871259,0.00998847551840218,0.0602072031147777,0.00985278923823464,0.0598007542789064,6.02777662925289,0.01,0.06,6,0.05,0.0164485362695147,55,1000,0.055,1,0.05,0.99999335109849,0.0424974273747684,0.0709083876773756,0.996173241514445,1,1,1,0
L1_373_R0,R0,1.6,30,60,10,42,373,Simulink standard-block model,1000,0.000406448835871259,0.00998847551840218,0.0602072031147777,0.00985278923823464,0.0598007542789064,6.02777662925289,0.01,0.06,6,0.1,0.012815515655446,112,1000,0.112,1,0.1,0.999998811749062,0.0939195409088811,0.13305002367591,0.996173241514445,1,1,1,0
L1_374_R1,R1,1.6,30,60,10,42,374,Simulink standard-block model,1000,0.000178421317532272,0.014061299696645,0.05997709273474,0.0142098165962291,0.0597986714172077,4.23031377150572,0.014142135623731,0.06,4.24264068711928,0.01,0.0328995271426637,15,976,0.015,0.976,0.01,0.972336082419815,0.00911097880408167,0.0246009769269068,0.964537094388389,0.983819831533363,1,1,0
L1_374_R1,R1,1.6,30,60,10,42,374,Simulink standard-block model,1000,0.000178421317532272,0.014061299696645,0.05997709273474,0.0142098165962291,0.0597986714172077,4.23031377150572,0.014142135623731,0.06,4.24264068711928,0.05,0.0232617430735335,46,997,0.046,0.997,0.05,0.995308667068827,0.034662492763265,0.0608122039416191,0.991216985946497,0.998979216118861,1,1,0
L1_374_R1,R1,1.6,30,60,10,42,374,Simulink standard-block model,1000,0.000178421317532272,0.014061299696645,0.05997709273474,0.0142098165962291,0.0597986714172077,4.23031377150572,0.014142135623731,0.06,4.24264068711928,0.1,0.0181238760487365,93,998,0.093,0.998,0.1,0.998467233905546,0.0765237256417453,0.112591255765497,0.992737192136508,0.999451356411879,1,1,0
L1_375_R0,R0,1.6,30,60,20,42,375,Simulink standard-block model,1000,-0.000101143659200889,0.0201139249645186,0.0588437563852308,0.0201523811876288,0.0589449000444317,2.9277517008616,0.02,0.06,3,0.01,0.0465269574808168,9,727,0.009,0.727,0.01,0.749733747466797,0.00474206066747706,0.0170158161653381,0.698558600564729,0.753704051082829,1,1,0
L1_375_R0,R0,1.6,30,60,20,42,375,Simulink standard-block model,1000,-0.000101143659200889,0.0201139249645186,0.0588437563852308,0.0201523811876288,0.0589449000444317,2.9277517008616,0.02,0.06,3,0.05,0.0328970725390295,44,904,0.044,0.904,0.05,0.912314536750296,0.0329382145884185,0.0585517891504078,0.884164879242068,0.920743099901603,1,1,0
L1_375_R0,R0,1.6,30,60,20,42,375,Simulink standard-block model,1000,-0.000101143659200889,0.0201139249645186,0.0588437563852308,0.0201523811876288,0.0589449000444317,2.9277517008616,0.02,0.06,3,0.1,0.025631031310892,99,953,0.099,0.953,0.1,0.95714257382711,0.0819954413686654,0.11907361893675,0.938060061918471,0.964472894893616,1,1,0
L1_376_R1,R1,1.6,30,60,20,42,376,Simulink standard-block model,1000,0.000693899013720081,0.0285083344920408,0.0601157213725107,0.0275119718502722,0.0594218223587906,2.12110321910828,0.0282842712474619,0.06,2.12132034355964,0.01,0.0657990542853275,18,425,0.018,0.425,0.01,0.418775307844014,0.0114157400095678,0.0282732551705074,0.394705207105168,0.455868806667665,0,1,0
L1_376_R1,R1,1.6,30,60,20,42,376,Simulink standard-block model,1000,0.000693899013720081,0.0285083344920408,0.0601157213725107,0.0275119718502722,0.0594218223587906,2.12110321910828,0.0282842712474619,0.06,2.12132034355964,0.05,0.046523486147067,65,682,0.065,0.682,0.05,0.683129043080007,0.051323770569062,0.0820055093133709,0.652486570646292,0.710120489264966,0,1,0
L1_376_R1,R1,1.6,30,60,20,42,376,Simulink standard-block model,1000,0.000693899013720081,0.0285083344920408,0.0601157213725107,0.0275119718502722,0.0594218223587906,2.12110321910828,0.0282842712474619,0.06,2.12132034355964,0.1,0.0362477520974729,109,809,0.109,0.809,0.1,0.799480978792267,0.0911600333845138,0.12983249175119,0.783471995571422,0.832163067684505,1,1,0
L1_377_R0,R0,1.6,30,70,2.5,42,377,Simulink standard-block model,1000,-7.04493054761643e-05,0.0024248453822417,0.0876354628968825,0.00238585359944545,0.0877059122023587,36.4616583888409,0.0025,0.0877141320048926,35.085652801957,0.01,0.0058158696851021,5,1000,0.005,1,0.01,1,0.00213753552732446,0.0116509553733751,0.996173241514445,1,1,1,0
L1_377_R0,R0,1.6,30,70,2.5,42,377,Simulink standard-block model,1000,-7.04493054761643e-05,0.0024248453822417,0.0876354628968825,0.00238585359944545,0.0877059122023587,36.4616583888409,0.0025,0.0877141320048926,35.085652801957,0.05,0.00411213406737868,41,1000,0.041,1,0.05,1,0.0303649710820983,0.0551479932076413,0.996173241514445,1,1,1,0
L1_377_R0,R0,1.6,30,70,2.5,42,377,Simulink standard-block model,1000,-7.04493054761643e-05,0.0024248453822417,0.0876354628968825,0.00238585359944545,0.0877059122023587,36.4616583888409,0.0025,0.0877141320048926,35.085652801957,0.1,0.0032038789138615,94,1000,0.094,1,0.1,1,0.0774341735737637,0.113673154316507,0.996173241514445,1,1,1,0
L1_378_R1,R1,1.6,30,70,2.5,42,378,Simulink standard-block model,1000,-6.79872288307122e-05,0.00348131879955713,0.0877487979729376,0.00364372803409618,0.0878167852017683,24.643762364775,0.00353553390593274,0.0877141320048926,24.8093030186206,0.01,0.00822488178566593,5,1000,0.005,1,0.01,1,0.00213753552732446,0.0116509553733751,0.996173241514445,1,1,1,0
L1_378_R1,R1,1.6,30,70,2.5,42,378,Simulink standard-block model,1000,-6.79872288307122e-05,0.00348131879955713,0.0877487979729376,0.00364372803409618,0.0878167852017683,24.643762364775,0.00353553390593274,0.0877141320048926,24.8093030186206,0.05,0.00581543576838337,40,1000,0.04,1,0.05,1,0.0295109736854528,0.054009644121258,0.996173241514445,1,1,1,0
L1_378_R1,R1,1.6,30,70,2.5,42,378,Simulink standard-block model,1000,-6.79872288307122e-05,0.00348131879955713,0.0877487979729376,0.00364372803409618,0.0878167852017683,24.643762364775,0.00353553390593274,0.0877141320048926,24.8093030186206,0.1,0.00453096901218412,91,1000,0.091,1,0.1,1,0.0747047043716441,0.11042558406954,0.996173241514445,1,1,1,0
L1_379_R0,R0,1.6,30,70,5,42,379,Simulink standard-block model,1000,-6.79899376709958e-06,0.00504995367408217,0.0874231595326903,0.00489033489475605,0.0874299585264574,17.5887627646006,0.005,0.0877141320048926,17.5428264009785,0.01,0.0116317393702042,10,1000,0.01,1,0.01,1,0.00544075444552925,0.0183094688703148,0.996173241514445,1,1,1,0
L1_379_R0,R0,1.6,30,70,5,42,379,Simulink standard-block model,1000,-6.79899376709958e-06,0.00504995367408217,0.0874231595326903,0.00489033489475605,0.0874299585264574,17.5887627646006,0.005,0.0877141320048926,17.5428264009785,0.05,0.00822426813475736,50,1000,0.05,1,0.05,1,0.0381302623927488,0.0653138202442508,0.996173241514445,1,1,1,0
L1_379_R0,R0,1.6,30,70,5,42,379,Simulink standard-block model,1000,-6.79899376709958e-06,0.00504995367408217,0.0874231595326903,0.00489033489475605,0.0874299585264574,17.5887627646006,0.005,0.0877141320048926,17.5428264009785,0.1,0.006407757827723,101,1000,0.101,1,0.1,1,0.0838240106523991,0.121229742619074,0.996173241514445,1,1,1,0
L1_380_R1,R1,1.6,30,70,5,42,380,Simulink standard-block model,1000,0.000138333275311275,0.00710957095205433,0.0881377731707803,0.00712101395491193,0.087999439895469,12.3676450434955,0.00707106781186548,0.0877141320048926,12.4046515093103,0.01,0.0164497635713319,10,1000,0.01,1,0.01,1,0.00544075444552925,0.0183094688703148,0.996173241514445,1,1,1,0
L1_380_R1,R1,1.6,30,70,5,42,380,Simulink standard-block model,1000,0.000138333275311275,0.00710957095205433,0.0881377731707803,0.00712101395491193,0.087999439895469,12.3676450434955,0.00707106781186548,0.0877141320048926,12.4046515093103,0.05,0.0116308715367667,56,1000,0.056,1,0.05,1,0.043374813385442,0.072023348149731,0.996173241514445,1,1,1,0
L1_380_R1,R1,1.6,30,70,5,42,380,Simulink standard-block model,1000,0.000138333275311275,0.00710957095205433,0.0881377731707803,0.00712101395491193,0.087999439895469,12.3676450434955,0.00707106781186548,0.0877141320048926,12.4046515093103,0.1,0.00906193802436823,120,1000,0.12,1,0.1,1,0.101299260601309,0.141609075847713,0.996173241514445,1,0,1,0
L1_381_R0,R0,1.6,30,70,10,42,381,Simulink standard-block model,1000,0.000543711413090606,0.00982856399266215,0.0875609451023536,0.00994285582596512,0.087017233689263,8.80217815809477,0.01,0.0877141320048926,8.77141320048926,0.01,0.0232634787404084,14,1000,0.014,1,0.01,0.999999999942225,0.00835757513042392,0.0233620341175357,0.996173241514445,1,1,1,0
L1_381_R0,R0,1.6,30,70,10,42,381,Simulink standard-block model,1000,0.000543711413090606,0.00982856399266215,0.0875609451023536,0.00994285582596512,0.087017233689263,8.80217815809477,0.01,0.0877141320048926,8.77141320048926,0.05,0.0164485362695147,64,1000,0.064,1,0.05,0.999999999999485,0.0504362008982295,0.0809007325011745,0.996173241514445,1,0,1,0
L1_381_R0,R0,1.6,30,70,10,42,381,Simulink standard-block model,1000,0.000543711413090606,0.00982856399266215,0.0875609451023536,0.00994285582596512,0.087017233689263,8.80217815809477,0.01,0.0877141320048926,8.77141320048926,0.1,0.012815515655446,104,1000,0.104,1,0.1,0.999999999999965,0.0865710280982681,0.124459764622292,0.996173241514445,1,1,1,0
L1_382_R1,R1,1.6,30,70,10,42,382,Simulink standard-block model,1000,0.000280000944080449,0.0142742152881784,0.0870387665834823,0.0138220712471557,0.0867587656394019,6.17501772624691,0.014142135623731,0.0877141320048926,6.20232575465515,0.01,0.0328995271426637,12,1000,0.012,1,0.01,0.999946901334109,0.00687764780640352,0.0208572684754983,0.996173241514445,1,1,1,0
L1_382_R1,R1,1.6,30,70,10,42,382,Simulink standard-block model,1000,0.000280000944080449,0.0142742152881784,0.0870387665834823,0.0138220712471557,0.0867587656394019,6.17501772624691,0.014142135623731,0.0877141320048926,6.20232575465515,0.05,0.0232617430735335,50,1000,0.05,1,0.05,0.999997411352088,0.0381302623927488,0.0653138202442508,0.996173241514445,1,1,1,0
L1_382_R1,R1,1.6,30,70,10,42,382,Simulink standard-block model,1000,0.000280000944080449,0.0142742152881784,0.0870387665834823,0.0138220712471557,0.0867587656394019,6.17501772624691,0.014142135623731,0.0877141320048926,6.20232575465515,0.1,0.0181238760487365,101,1000,0.101,1,0.1,0.99999956898729,0.0838240106523991,0.121229742619074,0.996173241514445,1,1,1,0
L1_383_R0,R0,1.6,30,70,20,42,383,Simulink standard-block model,1000,0.00052721511223705,0.0195825509662833,0.0881371142535168,0.0195263697060987,0.0876098991412798,4.4802979595493,0.02,0.0877141320048926,4.38570660024463,0.01,0.0465269574808168,13,981,0.013,0.981,0.01,0.980270056722546,0.00761282038935102,0.0221144423755797,0.970515544087687,0.987803114249209,1,1,0
L1_383_R0,R0,1.6,30,70,20,42,383,Simulink standard-block model,1000,0.00052721511223705,0.0195825509662833,0.0881371142535168,0.0195263697060987,0.0876098991412798,4.4802979595493,0.02,0.0877141320048926,4.38570660024463,0.05,0.0328970725390295,50,996,0.05,0.996,0.05,0.996936003904173,0.0381302623927488,0.0653138202442508,0.989760443722738,0.998443411859592,1,1,0
L1_383_R0,R0,1.6,30,70,20,42,383,Simulink standard-block model,1000,0.00052721511223705,0.0195825509662833,0.0881371142535168,0.0195263697060987,0.0876098991412798,4.4802979595493,0.02,0.0877141320048926,4.38570660024463,0.1,0.025631031310892,108,998,0.108,0.998,0.1,0.999045883449718,0.0902411985625519,0.128758980090123,0.992737192136508,0.999451356411879,1,1,0
L1_384_R1,R1,1.6,30,70,20,42,384,Simulink standard-block model,1000,0.00269458679250348,0.0285786442794126,0.0857145063699234,0.0276607268914529,0.0830199195774199,2.95198406408048,0.0282842712474619,0.0877141320048926,3.10116287732758,0.01,0.0657990542853275,12,760,0.012,0.76,0.01,0.780775508756667,0.00687764780640352,0.0208572684754983,0.732566610775054,0.785443474812457,1,1,0
L1_384_R1,R1,1.6,30,70,20,42,384,Simulink standard-block model,1000,0.00269458679250348,0.0285786442794126,0.0857145063699234,0.0276607268914529,0.0830199195774199,2.95198406408048,0.0282842712474619,0.0877141320048926,3.10116287732758,0.05,0.046523486147067,61,926,0.061,0.926,0.05,0.927346425250369,0.0477797751260337,0.0775801188242837,0.908094594354414,0.940645007415893,1,1,0
L1_384_R1,R1,1.6,30,70,20,42,384,Simulink standard-block model,1000,0.00269458679250348,0.0285786442794126,0.0857145063699234,0.0276607268914529,0.0830199195774199,2.95198406408048,0.0282842712474619,0.0877141320048926,3.10116287732758,0.1,0.0362477520974729,115,961,0.115,0.961,0.1,0.965590891090807,0.0966834317874378,0.13626317224644,0.947130689580499,0.97134103909582,1,1,0
