validity_index,pfa_target,threshold,N_total,N_valid_dry,N_valid_ice,false_alarm_count,detection_count,mean_dry,std_dry,mean_ice,std_ice,separation,d_prime,coverage_dry_theory,coverage_ice_theory,P_FA_all_theory,P_D_all_theory,physical_invalid_dry,physical_invalid_ice,stress_invalid_dry,stress_invalid_ice,p_valid_stress,H_m,thickness_mm,angle_deg,slant_range_m,sigma0_mm,sigma_eff_mm,sigma_amplification,p,q,stream_id,master_seed,sigma_score_m,theory_method,core_id,family_index,reference_index,N_valid,coverage_dry,coverage_ice,coverage,valid_rate,unknown_rate,P_FA,P_D,P_FA_all,P_D_all,P_FA_theory,P_D_theory,P_FA_CI_low,P_FA_CI_high,P_D_CI_low,P_D_CI_high,P_FA_all_CI_low,P_FA_all_CI_high,P_D_all_CI_low,P_D_all_CI_high,coverage_dry_CI_low,coverage_dry_CI_high,coverage_ice_CI_low,coverage_ice_CI_high,conditional_precision_met,gaussian_range_warning,validity_mode,validity_severity,pilot_or_final_pfa_target,stress_family,stress_severity,reference_mode,model_level,scenario_id
1,0.05,0.0164485362695147,5000,5000,5000,275,1348,4.29157749013248e-05,0.0099749060763103,0.0101850856011394,0.0100611128316973,0.0101421698262381,1.01238434609208,1,1,0.05,0.259511022841444,0,0,0,0,1,0.5,10,0,0.5,10,10,1,0,0,100125,42,0.01,Gaussian (discarded tail <= 1e-12) / Gaussian (discarded tail <= 1e-12),125,1,1,10000,1,1,1,1,0,0.055,0.2696,0.055,0.2696,0.05,0.259511022841444,0.0490156477693743,0.0616676069617266,0.257480376611162,0.28207338044512,0.0490156477693743,0.0616676069617266,0.257480376611162,0.28207338044512,0.999232298054943,1,0.999232298054943,1,1,0,V0,all,0.05,L1,baseline,R0,1,E3_00125_V1
1,0.05,0.0232617430735335,5000,5000,5000,259,888,0.0001718311048982,0.0141565063366825,0.0099722178176272,0.014124318023711,0.009800386712729,0.69307600372689,1,1,0.05,0.174187261617932,0,0,0,0,1,0.5,10,0,0.5,10,10,1,0,0,100126,42,0.014142135623731,Gaussian (discarded tail <= 1e-12) / Gaussian (discarded tail <= 1e-12),126,1,2,10000,1,1,1,1,0,0.0518,0.1776,0.0518,0.1776,0.05,0.174187261617932,0.045993846130679,0.0582943218928702,0.167255507545735,0.188439506668438,0.045993846130679,0.0582943218928702,0.167255507545735,0.188439506668438,0.999232298054943,1,0.999232298054943,1,1,0,V0,all,0.05,L1,baseline,R1,1,E3_00126_V1
1,0.05,0.0164485362695147,5000,5000,5000,225,1272,-0.0001154020366303,0.0099366159690369,0.0099340413987319,0.0098894354761044,0.0100494434353623,1.0137585900957,1,1,0.05,0.259511022841444,0,0,0,0,1,1,10,0,1,10,10,1,0,0,100133,42,0.01,Gaussian (discarded tail <= 1e-12) / Gaussian (discarded tail <= 1e-12),133,1,1,10000,1,1,1,1,0,0.045,0.2544,0.045,0.2544,0.05,0.259511022841444,0.0395948274633155,0.0511037813066865,0.242519838202569,0.266657256992844,0.0395948274633155,0.0511037813066865,0.242519838202569,0.266657256992844,0.999232298054943,1,0.999232298054943,1,1,0,V0,all,0.05,L1,baseline,R0,1,E3_00133_V1
1,0.05,0.0232617430735335,5000,5000,5000,227,813,-6.69699235546783e-05,0.0141171117200371,0.0098146369802426,0.0139112571769599,0.0098816069037973,0.705095643286737,1,1,0.05,0.174187261617932,0,0,0,0,1,1,10,0,1,10,10,1,0,0,100134,42,0.014142135623731,Gaussian (discarded tail <= 1e-12) / Gaussian (discarded tail <= 1e-12),134,1,2,10000,1,1,1,1,0,0.0454,0.1626,0.0454,0.1626,0.05,0.174187261617932,0.0399703200435625,0.0515276745648835,0.152631689576491,0.173086355696033,0.0399703200435625,0.0515276745648835,0.152631689576491,0.173086355696033,0.999232298054943,1,0.999232298054943,1,1,0,V0,all,0.05,L1,baseline,R1,1,E3_00134_V1
1,0.05,0.0164485362695147,5000,5000,5000,238,1342,-9.0064376111797e-05,0.0100559095275798,0.01022105739492,0.0100276283153053,0.0103111217710318,1.02682222907156,1,1,0.05,0.259511022841444,0,0,0,0,1,1.5,10,0,1.5,10,10,1,0,0,100141,42,0.01,Gaussian (discarded tail <= 1e-12) / Gaussian (discarded tail <= 1e-12),141,1,1,10000,1,1,1,1,0,0.0476,0.2684,0.0476,0.2684,0.05,0.259511022841444,0.0420376715417821,0.0538569451781056,0.256298603046723,0.280856996494227,0.0420376715417821,0.0538569451781056,0.256298603046723,0.280856996494227,0.999232298054943,1,0.999232298054943,1,1,0,V0,all,0.05,L1,baseline,R0,1,E3_00141_V1
1,0.05,0.0232617430735335,5000,5000,5000,229,882,-0.0001328819539795,0.0140985959298088,0.0099763934765599,0.0143872578269949,0.0101092754305395,0.709738700850157,1,1,0.05,0.174187261617932,0,0,0,0,1,1.5,10,0,1.5,10,10,1,0,0,100142,42,0.014142135623731,Gaussian (discarded tail <= 1e-12) / Gaussian (discarded tail <= 1e-12),142,1,2,10000,1,1,1,1,0,0.0458,0.1764,0.0458,0.1764,0.05,0.174187261617932,0.0403459347014957,0.0519514457453942,0.166084537539846,0.187212319158995,0.0403459347014957,0.0519514457453942,0.166084537539846,0.187212319158995,0.999232298054943,1,0.999232298054943,1,1,0,V0,all,0.05,L1,baseline,R1,1,E3_00142_V1
1,0.05,0.0164485362695147,5000,5000,5000,236,1324,0.0002070487034856,0.0099546076007274,0.010072991136257,0.0099757744202256,0.0098659424327713,0.990039915781403,1,1,0.05,0.259511022841444,0,0,0,0,1,2,10,0,2,10,10,1,0,0,100149,42,0.01,Gaussian (discarded tail <= 1e-12) / Gaussian (discarded tail <= 1e-12),149,1,1,10000,1,1,1,1,0,0.0472,0.2648,0.0472,0.2648,0.05,0.259511022841444,0.0416615258049748,0.0534337050764689,0.252753971378894,0.277207155616061,0.0416615258049748,0.0534337050764689,0.252753971378894,0.277207155616061,0.999232298054943,1,0.999232298054943,1,1,0,V0,all,0.05,L1,baseline,R0,1,E3_00149_V1
1,0.05,0.0232617430735335,5000,5000,5000,238,829,2.17353870680258e-05,0.0139812232913277,0.0098475660074016,0.0139605839576119,0.0098258306203336,0.703306543650404,1,1,0.05,0.174187261617932,0,0,0,0,1,2,10,0,2,10,10,1,0,0,100150,42,0.014142135623731,Gaussian (discarded tail <= 1e-12) / Gaussian (discarded tail <= 1e-12),150,1,2,10000,1,1,1,1,0,0.0476,0.1658,0.0476,0.1658,0.05,0.174187261617932,0.0420376715417821,0.0538569451781056,0.155748949461432,0.176364182518644,0.0420376715417821,0.0538569451781056,0.155748949461432,0.176364182518644,0.999232298054943,1,0.999232298054943,1,1,0,V0,all,0.05,L1,baseline,R1,1,E3_00150_V1
1,0.05,0.0164485362695147,5000,5000,5000,242,1326,-0.0001013415797369,0.0100232379454405,0.0099810376824869,0.010159185199614,0.0100823792622239,0.999102086538251,1,1,0.05,0.259511022841437,0,0,0,0,1,3,10,0,3,10,10,1,0,0,100157,42,0.01,Gaussian (discarded tail <= 1e-12) / Gaussian (discarded tail <= 1e-12),157,1,1,10000,1,1,1,1,0,0.0484,0.2652,0.0484,0.2652,0.05,0.259511022841437,0.0427903040886361,0.0547030843081395,0.253147768035384,0.277612744798015,0.0427903040886361,0.0547030843081395,0.253147768035384,0.277612744798015,0.999232298054943,1,0.999232298054943,1,1,0,V0,all,0.05,L1,baseline,R0,1,E3_00157_V1
1,0.05,0.0232617430735335,5000,5000,5000,266,911,0.0001680849797752,0.0141651805400028,0.0101110450003629,0.0143258141072365,0.0099429600205876,0.69796103057633,1,1,0.05,0.174187261617928,0,0,0,0,1,3,10,0,3,10,10,1,0,0,100158,42,0.014142135623731,Gaussian (discarded tail <= 1e-12) / Gaussian (discarded tail <= 1e-12),158,1,2,10000,1,1,1,1,0,0.0532,0.1822,0.0532,0.1822,0.05,0.174187261617928,0.0473151188916038,0.0597708995664993,0.17174586650487,0.193142084851408,0.0473151188916038,0.0597708995664993,0.17174586650487,0.193142084851408,0.999232298054943,1,0.999232298054943,1,1,0,V0,all,0.05,L1,baseline,R1,1,E3_00158_V1
1,0.05,0.0164485362695147,5000,5000,5000,259,1334,-6.69453219340797e-06,0.0101210866709141,0.0101888053291168,0.0099370318905012,0.0101954998613102,1.01655303561503,1,1,0.05,0.264534768208328,0,0,0,0,1,0.5,10,10,0.507713305942873,10,10,1,0,0,100365,42,0.01,Gaussian (discarded tail <= 1e-12) / Gaussian (discarded tail <= 1e-12),365,1,1,10000,1,1,1,1,0,0.0518,0.2668,0.0518,0.2668,0.05,0.264534768208328,0.045993846130679,0.0582943218928702,0.254723083172937,0.279234973014237,0.045993846130679,0.0582943218928702,0.254723083172937,0.279234973014237,0.999232298054943,1,0.999232298054943,1,1,0,V0,all,0.05,L1,baseline,R0,1,E3_00365_V1
1,0.05,0.0232617430735335,5000,5000,5000,248,887,8.65993460141417e-05,0.0141864310476352,0.0103108506048937,0.0140160225857202,0.0102242512588795,0.725047880912935,1,1,0.05,0.177005174328687,0,0,0,0,1,0.5,10,10,0.507713305942873,10,10,1,0,0,100366,42,0.014142135623731,Gaussian (discarded tail <= 1e-12) / Gaussian (discarded tail <= 1e-12),366,1,2,10000,1,1,1,1,0,0.0496,0.1774,0.0496,0.1774,0.05,0.177005174328687,0.0439200857923503,0.0559714601197571,0.167060333450066,0.188234987844885,0.0439200857923503,0.0559714601197571,0.167060333450066,0.188234987844885,0.999232298054943,1,0.999232298054943,1,1,0,V0,all,0.05,L1,baseline,R1,1,E3_00366_V1
1,0.05,0.0164485362695147,5000,5000,5000,242,1356,-4.29032346650314e-05,0.0100466245481177,0.0103559571489401,0.0099645439797502,0.0103988603836051,1.03929691998688,1,1,0.05,0.264534768208331,0,0,0,0,1,1,10,10,1.01542661188575,10,10,1,0,0,100373,42,0.01,Gaussian (discarded tail <= 1e-12) / Gaussian (discarded tail <= 1e-12),373,1,1,10000,1,1,1,1,0,0.0484,0.2712,0.0484,0.2712,0.05,0.264534768208331,0.0427903040886361,0.0547030843081395,0.259056251991311,0.283695048418747,0.0427903040886361,0.0547030843081395,0.259056251991311,0.283695048418747,0.999232298054943,1,0.999232298054943,1,1,0,V0,all,0.05,L1,baseline,R0,1,E3_00373_V1
1,0.05,0.0232617430735335,5000,5000,5000,263,921,-0.0001818459314866,0.0141702737864295,0.0101833254279698,0.014356009804758,0.0103651713594565,0.726694847861886,1,1,0.05,0.177005174328689,0,0,0,0,1,1,10,10,1.01542661188575,10,10,1,0,0,100374,42,0.014142135623731,Gaussian (discarded tail <= 1e-12) / Gaussian (discarded tail <= 1e-12),374,1,2,10000,1,1,1,1,0,0.0526,0.1842,0.0526,0.1842,0.05,0.177005174328689,0.0467487102249782,0.0591382294754589,0.173698994600583,0.195185885947915,0.0467487102249782,0.0591382294754589,0.173698994600583,0.195185885947915,0.999232298054943,1,0.999232298054943,1,1,0,V0,all,0.05,L1,baseline,R1,1,E3_00374_V1
1,0.05,0.0164485362695147,5000,5000,5000,257,1312,-7.57075932979737e-05,0.0100906052749267,0.0102799145681786,0.0100082556879658,0.0103556221614766,1.03045991117612,1,1,0.05,0.264534768208324,0,0,0,0,1,1.5,10,10,1.52313991782862,10,10,1,0,0,100381,42,0.01,Gaussian (discarded tail <= 1e-12) / Gaussian (discarded tail <= 1e-12),381,1,1,10000,1,1,1,1,0,0.0514,0.2624,0.0514,0.2624,0.05,0.264534768208324,0.0456165654284363,0.057872216756669,0.250391462751664,0.274773349212627,0.0456165654284363,0.057872216756669,0.250391462751664,0.274773349212627,0.999232298054943,1,0.999232298054943,1,1,0,V0,all,0.05,L1,baseline,R0,1,E3_00381_V1
1,0.05,0.0232617430735335,5000,5000,5000,261,871,0.0002020970192718,0.014194339978981,0.0102426385125594,0.0140285487199508,0.0100405414932875,0.711505357595179,1,1,0.05,0.177005174328685,0,0,0,0,1,1.5,10,10,1.52313991782862,10,10,1,0,0,100382,42,0.014142135623731,Gaussian (discarded tail <= 1e-12) / Gaussian (discarded tail <= 1e-12),382,1,2,10000,1,1,1,1,0,0.0522,0.1742,0.0522,0.1742,0.05,0.177005174328685,0.0463712280942276,0.0587163257677656,0.163938227328638,0.184962007258761,0.0463712280942276,0.0587163257677656,0.163938227328638,0.184962007258761,0.999232298054943,1,0.999232298054943,1,1,0,V0,all,0.05,L1,baseline,R1,1,E3_00382_V1
1,0.05,0.0164485362695147,5000,5000,5000,234,1272,9.46639055911456e-05,0.0098969098325268,0.0099182038160048,0.0098741471324231,0.0098235399104137,0.993728703241679,1,1,0.05,0.264534768208331,0,0,0,0,1,2,10,10,2.03085322377149,10,10,1,0,0,100389,42,0.01,Gaussian (discarded tail <= 1e-12) / Gaussian (discarded tail <= 1e-12),389,1,1,10000,1,1,1,1,0,0.0468,0.2544,0.0468,0.2544,0.05,0.264534768208331,0.0412854955836611,0.0530103494593387,0.242519838202569,0.266657256992844,0.0412854955836611,0.0530103494593387,0.242519838202569,0.266657256992844,0.999232298054943,1,0.999232298054943,1,1,0,V0,all,0.05,L1,baseline,R0,1,E3_00389_V1
1,0.05,0.0232617430735335,5000,5000,5000,254,917,-3.13986420574133e-05,0.0140738422225782,0.0103500723269739,0.0142353487804138,0.0103814709690313,0.733422726461704,1,1,0.05,0.177005174328689,0,0,0,0,1,2,10,10,2.03085322377149,10,10,1,0,0,100390,42,0.014142135623731,Gaussian (discarded tail <= 1e-12) / Gaussian (discarded tail <= 1e-12),390,1,2,10000,1,1,1,1,0,0.0508,0.1834,0.0508,0.1834,0.05,0.177005174328689,0.0450508366853607,0.0572388667420786,0.17291768603434,0.194368422837271,0.0450508366853607,0.0572388667420786,0.17291768603434,0.194368422837271,0.999232298054943,1,0.999232298054943,1,1,0,V0,all,0.05,L1,baseline,R1,1,E3_00390_V1
1,0.05,0.0164485362695147,5000,5000,5000,257,1340,-6.09555081512084e-05,0.0099771453034712,0.010095688929655,0.0102731563411356,0.0101566444378062,1.00300328179183,1,1,0.05,0.264534768208317,0,0,0,0,1,3,10,10,3.04627983565724,10,10,1,0,0,100397,42,0.01,Gaussian (discarded tail <= 1e-12) / Gaussian (discarded tail <= 1e-12),397,1,1,10000,1,1,1,1,0,0.0514,0.268,0.0514,0.268,0.05,0.264534768208317,0.0456165654284363,0.057872216756669,0.255904703948065,0.280451509754442,0.0456165654284363,0.057872216756669,0.255904703948065,0.280451509754442,0.999232298054943,1,0.999232298054943,1,1,0,V0,all,0.05,L1,baseline,R0,1,E3_00397_V1
1,0.05,0.0232617430735335,5000,5000,5000,222,865,-0.0004176248664291,0.0140117032109239,0.0100370079277534,0.0139677492816856,0.0104546327941825,0.74730696726734,1,1,0.05,0.177005174328681,0,0,0,0,1,3,10,10,3.04627983565724,10,10,1,0,0,100398,42,0.014142135623731,Gaussian (discarded tail <= 1e-12) / Gaussian (discarded tail <= 1e-12),398,1,2,10000,1,1,1,1,0,0.0444,0.173,0.0444,0.173,0.05,0.177005174328681,0.0390318208814263,0.0504677091309097,0.162767770661566,0.183734306410501,0.0390318208814263,0.0504677091309097,0.162767770661566,0.183734306410501,0.999232298054943,1,0.999232298054943,1,1,0,V0,all,0.05,L1,baseline,R1,1,E3_00398_V1
1,0.05,0.0164485362695147,5000,5000,5000,256,1451,-7.67977528986303e-05,0.0100436838557578,0.0108411502178251,0.0099698641375949,0.0109179479707237,1.09104829449541,1,1,0.05,0.280729469000847,0,0,0,0,1,0.5,10,20,0.532088886237956,10,10,1,0,0,100605,42,0.01,Gaussian (discarded tail <= 1e-12) / Gaussian (discarded tail <= 1e-12),605,1,1,10000,1,1,1,1,0,0.0512,0.2902,0.0512,0.2902,0.05,0.280729469000847,0.0454279633979573,0.057661125867926,0.277784886853091,0.302937240883055,0.0454279633979573,0.057661125867926,0.277784886853091,0.302937240883055,0.999232298054943,1,0.999232298054943,1,1,0,V0,all,0.05,L1,baseline,R0,1,E3_00605_V1
1,0.05,0.0232617430735335,5000,5000,5000,245,905,-1.45499312089955e-05,0.0141935729041637,0.0101835385158918,0.0142295597615624,0.0101980884471008,0.717590168056568,1,1,0.05,0.186098312006579,0,0,0,0,1,0.5,10,20,0.532088886237956,10,10,1,0,0,100606,42,0.014142135623731,Gaussian (discarded tail <= 1e-12) / Gaussian (discarded tail <= 1e-12),606,1,2,10000,1,1,1,1,0,0.049,0.181,0.049,0.181,0.05,0.186098312006579,0.0433550717009474,0.0553373954534942,0.170574220131488,0.191915573709458,0.0433550717009474,0.0553373954534942,0.170574220131488,0.191915573709458,0.999232298054943,1,0.999232298054943,1,1,0,V0,all,0.05,L1,baseline,R1,1,E3_00606_V1
1,0.05,0.0164485362695147,5000,5000,5000,227,1374,-0.000135749209992,0.0098466573482822,0.0105814073871886,0.0100302313748293,0.0107171565971806,1.07830754738092,1,1,0.05,0.280729469000847,0,0,0,0,1,1,10,20,1.06417777247591,10,10,1,0,0,100613,42,0.01,Gaussian (discarded tail <= 1e-12) / Gaussian (discarded tail <= 1e-12),613,1,1,10000,1,1,1,1,0,0.0454,0.2748,0.0454,0.2748,0.05,0.280729469000847,0.0399703200435625,0.0515276745648835,0.26260270696652,0.287343065989534,0.0399703200435625,0.0515276745648835,0.26260270696652,0.287343065989534,0.999232298054943,1,0.999232298054943,1,1,0,V0,all,0.05,L1,baseline,R0,1,E3_00613_V1
1,0.05,0.0232617430735335,5000,5000,5000,266,941,2.41662792514423e-05,0.0139574591265211,0.0105778253012263,0.0141622765614559,0.0105536590219748,0.750603006917155,1,1,0.05,0.186098312006579,0,0,0,0,1,1,10,20,1.06417777247591,10,10,1,0,0,100614,42,0.014142135623731,Gaussian (discarded tail <= 1e-12) / Gaussian (discarded tail <= 1e-12),614,1,2,10000,1,1,1,1,0,0.0532,0.1882,0.0532,0.1882,0.05,0.186098312006579,0.0473151188916038,0.0597708995664993,0.177606669693984,0.199272069238953,0.0473151188916038,0.0597708995664993,0.177606669693984,0.199272069238953,0.999232298054943,1,0.999232298054943,1,1,0,V0,all,0.05,L1,baseline,R1,1,E3_00614_V1
1,0.05,0.0164485362695147,5000,5000,5000,261,1376,9.88150281182143e-05,0.0100234386160923,0.0105639896323182,0.0099746089179717,0.0104651746042,1.04661651491351,1,1,0.05,0.280729469000847,0,0,0,0,1,1.5,10,20,1.59626665871387,10,10,1,0,0,100621,42,0.01,Gaussian (discarded tail <= 1e-12) / Gaussian (discarded tail <= 1e-12),621,1,1,10000,1,1,1,1,0,0.0522,0.2752,0.0522,0.2752,0.05,0.280729469000847,0.0463712280942276,0.0587163257677656,0.262996819969598,0.2877483388249,0.0463712280942276,0.0587163257677656,0.262996819969598,0.2877483388249,0.999232298054943,1,0.999232298054943,1,1,0,V0,all,0.05,L1,baseline,R0,1,E3_00621_V1
1,0.05,0.0232617430735335,5000,5000,5000,229,913,-0.0001904237807584,0.0139217660014655,0.0104776179572067,0.014413820576927,0.0106680417379652,0.752864853372788,1,1,0.05,0.186098312006579,0,0,0,0,1,1.5,10,20,1.59626665871387,10,10,1,0,0,100622,42,0.014142135623731,Gaussian (discarded tail <= 1e-12) / Gaussian (discarded tail <= 1e-12),622,1,2,10000,1,1,1,1,0,0.0458,0.1826,0.0458,0.1826,0.05,0.186098312006579,0.0403459347014957,0.0519514457453942,0.17213645384061,0.193550883354113,0.0403459347014957,0.0519514457453942,0.17213645384061,0.193550883354113,0.999232298054943,1,0.999232298054943,1,1,0,V0,all,0.05,L1,baseline,R1,1,E3_00622_V1
1,0.05,0.0164485362695147,5000,5000,5000,228,1403,-0.0002423571485516,0.0099876668841134,0.0105090008458128,0.0102419976952272,0.0107513579943644,1.06284593852828,1,1,0.05,0.280729469000839,0,0,0,0,1,2,10,20,2.12835554495182,10,10,1,0,0,100629,42,0.01,Gaussian (discarded tail <= 1e-12) / Gaussian (discarded tail <= 1e-12),629,1,1,10000,1,1,1,1,0,0.0456,0.2806,0.0456,0.2806,0.05,0.280729469000839,0.0401581122081757,0.0517395753194923,0.268318555132173,0.293218312481318,0.0401581122081757,0.0517395753194923,0.268318555132173,0.293218312481318,0.999232298054943,1,0.999232298054943,1,1,0,V0,all,0.05,L1,baseline,R0,1,E3_00629_V1
1,0.05,0.0232617430735335,5000,5000,5000,263,908,8.5227249113305e-05,0.0141002979024854,0.010626413118036,0.0140386426818071,0.0105411858689227,0.749222276777329,1,1,0.05,0.186098312006575,0,0,0,0,1,2,10,20,2.12835554495182,10,10,1,0,0,100630,42,0.014142135623731,Gaussian (discarded tail <= 1e-12) / Gaussian (discarded tail <= 1e-12),630,1,2,10000,1,1,1,1,0,0.0526,0.1816,0.0526,0.1816,0.05,0.186098312006575,0.0467487102249782,0.0591382294754589,0.171160021590507,0.192528851008106,0.0467487102249782,0.0591382294754589,0.171160021590507,0.192528851008106,0.999232298054943,1,0.999232298054943,1,1,0,V0,all,0.05,L1,baseline,R1,1,E3_00630_V1
1,0.05,0.0164485362695147,5000,5000,5000,264,1427,4.99575504686758e-05,0.0099699568151995,0.010753617124142,0.0100851133129616,0.0107036595736733,1.0674091943749,1,1,0.05,0.280729469000839,0,0,0,0,1,3,10,20,3.19253331742774,10,10,1,0,0,100637,42,0.01,Gaussian (discarded tail <= 1e-12) / Gaussian (discarded tail <= 1e-12),637,1,1,10000,1,1,1,1,0,0.0528,0.2854,0.0528,0.2854,0.05,0.280729469000839,0.0469374885167706,0.0593491441028885,0.273050855441041,0.298078642233778,0.0469374885167706,0.0593491441028885,0.273050855441041,0.298078642233778,0.999232298054943,1,0.999232298054943,1,1,0,V0,all,0.05,L1,baseline,R0,1,E3_00637_V1
1,0.05,0.0232617430735335,5000,5000,5000,250,913,0.0001564309221878,0.0141728347567443,0.010538184347113,0.0141006493449887,0.0103817534249252,0.734378511794734,1,1,0.05,0.186098312006575,0,0,0,0,1,3,10,20,3.19253331742774,10,10,1,0,0,100638,42,0.014142135623731,Gaussian (discarded tail <= 1e-12) / Gaussian (discarded tail <= 1e-12),638,1,2,10000,1,1,1,1,0,0.05,0.1826,0.05,0.1826,0.05,0.186098312006575,0.0442968967005706,0.0563940350499809,0.17213645384061,0.193550883354113,0.0442968967005706,0.0563940350499809,0.17213645384061,0.193550883354113,0.999232298054943,1,0.999232298054943,1,1,0,V0,all,0.05,L1,baseline,R1,1,E3_00638_V1
1,0.05,0.0164485362695147,5000,5000,5000,260,1610,0.0001723969345698,0.0100483526336753,0.0117752571903597,0.0100015129784467,0.0116028602557898,1.1573971435319,1,1,0.05,0.312012786818457,0,0,0,0,1,0.5,10,30,0.577350269189626,10,10,1,0,0,100845,42,0.01,Gaussian (discarded tail <= 1e-12) / Gaussian (discarded tail <= 1e-12),845,1,1,10000,1,1,1,1,0,0.052,0.322,0.052,0.322,0.05,0.312012786818457,0.0461825245236588,0.0585053364191124,0.309189825415682,0.335083476476758,0.0461825245236588,0.0585053364191124,0.309189825415682,0.335083476476758,0.999232298054943,1,0.999232298054943,1,1,0,V0,all,0.05,L1,baseline,R0,1,E3_00845_V1
1,0.05,0.0232617430735335,5000,5000,5000,240,1056,0.0002585104588635,0.0140808955485743,0.0116035196649028,0.0142627257663335,0.0113450092060392,0.800517028921466,1,1,0.05,0.20373416246304,0,0,0,0,1,0.5,10,30,0.577350269189626,10,10,1,0,0,100846,42,0.014142135623731,Gaussian (discarded tail <= 1e-12) / Gaussian (discarded tail <= 1e-12),846,1,2,10000,1,1,1,1,0,0.048,0.2112,0.048,0.2112,0.05,0.20373416246304,0.042413931418708,0.0542800711396237,0.200110473481466,0.222732951161999,0.042413931418708,0.0542800711396237,0.200110473481466,0.222732951161999,0.999232298054943,1,0.999232298054943,1,1,0,V0,all,0.05,L1,baseline,R1,1,E3_00846_V1
1,0.05,0.0164485362695147,5000,5000,5000,241,1548,2.77924701777185e-05,0.010057453255297,0.011522705815904,0.0100580279352367,0.0114949133457263,1.14289220647078,1,1,0.05,0.312012786818461,0,0,0,0,1,1,10,30,1.15470053837925,10,10,1,0,0,100853,42,0.01,Gaussian (discarded tail <= 1e-12) / Gaussian (discarded tail <= 1e-12),853,1,1,10000,1,1,1,1,0,0.0482,0.3096,0.0482,0.3096,0.05,0.312012786818461,0.0426021037376601,0.0544915917398936,0.29693539380252,0.322556947098158,0.0426021037376601,0.0544915917398936,0.29693539380252,0.322556947098158,0.999232298054943,1,0.999232298054943,1,1,0,V0,all,0.05,L1,baseline,R0,1,E3_00853_V1
1,0.05,0.0232617430735335,5000,5000,5000,255,1003,-0.0001871213728598,0.0142976241301392,0.0113353909264251,0.0140936880863488,0.011522512299285,0.811671892053602,1,1,0.05,0.203734162463043,0,0,0,0,1,1,10,30,1.15470053837925,10,10,1,0,0,100854,42,0.014142135623731,Gaussian (discarded tail <= 1e-12) / Gaussian (discarded tail <= 1e-12),854,1,2,10000,1,1,1,1,0,0.051,0.2006,0.051,0.2006,0.05,0.203734162463043,0.0452393871026712,0.0574500092439901,0.189732046641789,0.211927653282911,0.0452393871026712,0.0574500092439901,0.189732046641789,0.211927653282911,0.999232298054943,1,0.999232298054943,1,1,0,V0,all,0.05,L1,baseline,R1,1,E3_00854_V1
1,0.05,0.0164485362695147,5000,5000,5000,256,1568,-0.0001371152174895,0.0101945349255821,0.0114918951251261,0.0100361957963416,0.0116290103426157,1.1496029818802,1,1,0.05,0.312012786818453,0,0,0,0,1,1.5,10,30,1.73205080756888,10,10,1,0,0,100861,42,0.01,Gaussian (discarded tail <= 1e-12) / Gaussian (discarded tail <= 1e-12),861,1,1,10000,1,1,1,1,0,0.0512,0.3136,0.0512,0.3136,0.05,0.312012786818453,0.0454279633979573,0.057661125867926,0.300887276432859,0.326598922852258,0.0454279633979573,0.057661125867926,0.300887276432859,0.326598922852258,0.999232298054943,1,0.999232298054943,1,1,0,V0,all,0.05,L1,baseline,R0,1,E3_00861_V1
1,0.05,0.0232617430735335,5000,5000,5000,229,1023,-0.0001061683731676,0.0139225107602286,0.0114739481205804,0.0142417174213521,0.011580116493748,0.822275173575198,1,1,0.05,0.203734162463038,0,0,0,0,1,1.5,10,30,1.73205080756888,10,10,1,0,0,100862,42,0.014142135623731,Gaussian (discarded tail <= 1e-12) / Gaussian (discarded tail <= 1e-12),862,1,2,10000,1,1,1,1,0,0.0458,0.2046,0.0458,0.2046,0.05,0.203734162463038,0.0403459347014957,0.0519514457453942,0.193647049605547,0.216006508703592,0.0403459347014957,0.0519514457453942,0.193647049605547,0.216006508703592,0.999232298054943,1,0.999232298054943,1,1,0,V0,all,0.05,L1,baseline,R1,1,E3_00862_V1
1,0.05,0.0164485362695147,5000,5000,5000,278,1607,0.0001964477840912,0.0100367718671107,0.0116559243187342,0.010069378165441,0.011459476534643,1.13989614593304,1,1,0.05,0.312012786818461,0,0,0,0,1,2,10,30,2.3094010767585,10,10,1,0,0,100869,42,0.01,Gaussian (discarded tail <= 1e-12) / Gaussian (discarded tail <= 1e-12),869,1,1,10000,1,1,1,1,0,0.0556,0.3214,0.0556,0.3214,0.05,0.312012786818461,0.0495829138548093,0.0622994196339575,0.308596626263086,0.334477596871689,0.0495829138548093,0.0622994196339575,0.308596626263086,0.334477596871689,0.999232298054943,1,0.999232298054943,1,1,0,V0,all,0.05,L1,baseline,R0,1,E3_00869_V1
1,0.05,0.0232617430735335,5000,5000,5000,242,1054,-4.56589551991808e-05,0.0141630249020684,0.0115471990384509,0.0142898509798376,0.0115928579936501,0.814873187315833,1,1,0.05,0.203734162463043,0,0,0,0,1,2,10,30,2.3094010767585,10,10,1,0,0,100870,42,0.014142135623731,Gaussian (discarded tail <= 1e-12) / Gaussian (discarded tail <= 1e-12),870,1,2,10000,1,1,1,1,0,0.0484,0.2108,0.0484,0.2108,0.05,0.203734162463043,0.0427903040886361,0.0547030843081395,0.199718623113194,0.222325415691827,0.0427903040886361,0.0547030843081395,0.199718623113194,0.222325415691827,0.999232298054943,1,0.999232298054943,1,1,0,V0,all,0.05,L1,baseline,R1,1,E3_00870_V1
1,0.05,0.0164485362695147,5000,5000,5000,237,1518,-8.73039294019128e-05,0.0099851778830315,0.0114547434533732,0.0098957567786222,0.0115420473827752,1.1611054339568,1,1,0.05,0.312012786818446,0,0,0,0,1,3,10,30,3.46410161513775,10,10,1,0,0,100877,42,0.01,Gaussian (discarded tail <= 1e-12) / Gaussian (discarded tail <= 1e-12),877,1,1,10000,1,1,1,1,0,0.0474,0.3036,0.0474,0.3036,0.05,0.312012786818446,0.0418495843205747,0.053645339480091,0.291009674533564,0.316491878790455,0.0418495843205747,0.053645339480091,0.291009674533564,0.316491878790455,0.999232298054943,1,0.999232298054943,1,1,0,V0,all,0.05,L1,baseline,R0,1,E3_00877_V1
1,0.05,0.0232617430735335,5000,5000,5000,253,1026,0.0002182951142641,0.0140750963708905,0.0115540871845233,0.0141551315884758,0.0113357920702592,0.803092807456187,1,1,0.05,0.203734162463034,0,0,0,0,1,3,10,30,3.46410161513775,10,10,1,0,0,100878,42,0.014142135623731,Gaussian (discarded tail <= 1e-12) / Gaussian (discarded tail <= 1e-12),878,1,2,10000,1,1,1,1,0,0.0506,0.2052,0.0506,0.2052,0.05,0.203734162463034,0.0448623122901981,0.0570276982180192,0.194234446362238,0.216618190704567,0.0448623122901981,0.0570276982180192,0.194234446362238,0.216618190704567,0.999232298054943,1,0.999232298054943,1,1,0,V0,all,0.05,L1,baseline,R1,1,E3_00878_V1
1,0.05,0.0164485362695147,5000,5000,5000,236,1829,-9.00631137543791e-05,0.0099655627852848,0.012893705474275,0.0100721671373645,0.0129837685880294,1.29591374807766,1,1,0.05,0.36713675803819,0,0,0,0,1,0.5,10,40,0.652703644666139,10,10,1,0,0,101085,42,0.01,Gaussian (discarded tail <= 1e-12) / Gaussian (discarded tail <= 1e-12),1085,1,1,10000,1,1,1,1,0,0.0472,0.3658,0.0472,0.3658,0.05,0.36713675803819,0.0416615258049748,0.0534337050764689,0.35255723731854,0.379248813883514,0.0416615258049748,0.0534337050764689,0.35255723731854,0.379248813883514,0.999232298054943,1,0.999232298054943,1,1,0,V0,all,0.05,L1,baseline,R0,1,E3_01085_V1
1,0.05,0.0232617430735335,5000,5000,5000,271,1187,-3.41435685923601e-05,0.01433048310563,0.0131205218086615,0.0142652748478267,0.0131546653772538,0.920040741481747,1,1,0.05,0.235211405582591,0,0,0,0,1,0.5,10,40,0.652703644666139,10,10,1,0,0,101086,42,0.014142135623731,Gaussian (discarded tail <= 1e-12) / Gaussian (discarded tail <= 1e-12),1086,1,2,10000,1,1,1,1,0,0.0542,0.2374,0.0542,0.2374,0.05,0.235211405582591,0.0482596192447235,0.0608248638094894,0.225810654800469,0.249392542261075,0.0482596192447235,0.0608248638094894,0.225810654800469,0.249392542261075,0.999232298054943,1,0.999232298054943,1,1,0,V0,all,0.05,L1,baseline,R1,1,E3_01086_V1
1,0.05,0.0164485362695147,5000,5000,5000,244,1861,9.69176960759317e-05,0.0099607568723968,0.0132172058855416,0.0099842727547846,0.0131202881894656,1.31564397900801,1,1,0.05,0.367136758038186,0,0,0,0,1,1,10,40,1.30540728933228,10,10,1,0,0,101093,42,0.01,Gaussian (discarded tail <= 1e-12) / Gaussian (discarded tail <= 1e-12),1093,1,1,10000,1,1,1,1,0,0.0488,0.3722,0.0488,0.3722,0.05,0.367136758038186,0.0431667882318987,0.0551259860033208,0.358904219698397,0.38569200491876,0.0431667882318987,0.0551259860033208,0.358904219698397,0.38569200491876,0.999232298054943,1,0.999232298054943,1,1,0,V0,all,0.05,L1,baseline,R0,1,E3_01093_V1
1,0.05,0.0232617430735335,5000,5000,5000,248,1162,0.0001854105178156,0.0138901569480251,0.0127095822854314,0.0141830407661897,0.0125241717676158,0.892202616627615,1,1,0.05,0.235211405582589,0,0,0,0,1,1,10,40,1.30540728933228,10,10,1,0,0,101094,42,0.014142135623731,Gaussian (discarded tail <= 1e-12) / Gaussian (discarded tail <= 1e-12),1094,1,2,10000,1,1,1,1,0,0.0496,0.2324,0.0496,0.2324,0.05,0.235211405582589,0.0439200857923503,0.0559714601197571,0.220901047325317,0.244309826755677,0.0439200857923503,0.0559714601197571,0.220901047325317,0.244309826755677,0.999232298054943,1,0.999232298054943,1,1,0,V0,all,0.05,L1,baseline,R1,1,E3_01094_V1
1,0.05,0.0164485362695147,5000,5000,5000,236,1884,2.56406812426979e-05,0.0099020311764371,0.0131543072243268,0.0098655595869194,0.0131286665430841,1.32829987778299,1,1,0.05,0.367136758038194,0,0,0,0,1,1.5,10,40,1.95811093399842,10,10,1,0,0,101101,42,0.01,Gaussian (discarded tail <= 1e-12) / Gaussian (discarded tail <= 1e-12),1101,1,1,10000,1,1,1,1,0,0.0472,0.3768,0.0472,0.3768,0.05,0.367136758038194,0.0416615258049748,0.0534337050764689,0.363467665096901,0.390321496662361,0.0416615258049748,0.0534337050764689,0.363467665096901,0.390321496662361,0.999232298054943,1,0.999232298054943,1,1,0,V0,all,0.05,L1,baseline,R0,1,E3_01101_V1
1,0.05,0.0232617430735335,5000,5000,5000,248,1162,9.65675052812279e-05,0.0141236741051884,0.0128142945875455,0.0141056163168439,0.0127177270822643,0.901030404245005,1,1,0.05,0.235211405582594,0,0,0,0,1,1.5,10,40,1.95811093399842,10,10,1,0,0,101102,42,0.014142135623731,Gaussian (discarded tail <= 1e-12) / Gaussian (discarded tail <= 1e-12),1102,1,2,10000,1,1,1,1,0,0.0496,0.2324,0.0496,0.2324,0.05,0.235211405582594,0.0439200857923503,0.0559714601197571,0.220901047325317,0.244309826755677,0.0439200857923503,0.0559714601197571,0.220901047325317,0.244309826755677,0.999232298054943,1,0.999232298054943,1,1,0,V0,all,0.05,L1,baseline,R1,1,E3_01102_V1
1,0.05,0.0164485362695147,5000,5000,5000,232,1834,-4.76830893054773e-05,0.0100326238645593,0.013059856989803,0.0099204504490157,0.0131075400791085,1.3138158806009,1,1,0.05,0.367136758038194,0,0,0,0,1,2,10,40,2.61081457866456,10,10,1,0,0,101109,42,0.01,Gaussian (discarded tail <= 1e-12) / Gaussian (discarded tail <= 1e-12),1109,1,1,10000,1,1,1,1,0,0.0464,0.3668,0.0464,0.3668,0.05,0.367136758038194,0.0409095822823139,0.0525868769222419,0.353548786785377,0.380255729012786,0.0409095822823139,0.0525868769222419,0.353548786785377,0.380255729012786,0.999232298054943,1,0.999232298054943,1,1,0,V0,all,0.05,L1,baseline,R0,1,E3_01109_V1
1,0.05,0.0232617430735335,5000,5000,5000,235,1212,-0.0004754316175618,0.0141598324891171,0.0134028543512779,0.0143255711969374,0.0138782859688397,0.974397358992445,1,1,0.05,0.235211405582594,0,0,0,0,1,2,10,40,2.61081457866456,10,10,1,0,0,101110,42,0.014142135623731,Gaussian (discarded tail <= 1e-12) / Gaussian (discarded tail <= 1e-12),1110,1,2,10000,1,1,1,1,0,0.047,0.2424,0.047,0.2424,0.05,0.235211405582594,0.0414734961677938,0.053222041794428,0.230722507860837,0.254473012181257,0.0414734961677938,0.053222041794428,0.230722507860837,0.254473012181257,0.999232298054943,1,0.999232298054943,1,1,0,V0,all,0.05,L1,baseline,R1,1,E3_01110_V1
1,0.05,0.0164485362695147,5000,5000,5000,257,1858,-0.0001848852142198,0.0100469249921083,0.0131154446892436,0.0099332623335102,0.0133003299034634,1.331330330264,1,1,0.05,0.367136758038177,0,0,0,0,1,3,10,40,3.91622186799684,10,10,1,0,0,101117,42,0.01,Gaussian (discarded tail <= 1e-12) / Gaussian (discarded tail <= 1e-12),1117,1,1,10000,1,1,1,1,0,0.0514,0.3716,0.0514,0.3716,0.05,0.367136758038177,0.0456165654284363,0.057872216756669,0.358309083069879,0.385088062789611,0.0456165654284363,0.057872216756669,0.358309083069879,0.385088062789611,0.999232298054943,1,0.999232298054943,1,1,0,V0,all,0.05,L1,baseline,R0,1,E3_01117_V1
1,0.05,0.0232617430735335,5000,5000,5000,276,1152,0.0002075860277562,0.0143898181382617,0.0128967579089679,0.0143593024433402,0.0126891718812117,0.882751505176301,1,1,0.05,0.235211405582584,0,0,0,0,1,3,10,40,3.91622186799684,10,10,1,0,0,101118,42,0.014142135623731,Gaussian (discarded tail <= 1e-12) / Gaussian (discarded tail <= 1e-12),1118,1,2,10000,1,1,1,1,0,0.0552,0.2304,0.0552,0.2304,0.05,0.235211405582584,0.0492047133589802,0.0618782342913426,0.218937844248581,0.242276100640194,0.0492047133589802,0.0618782342913426,0.218937844248581,0.242276100640194,0.999232298054943,1,0.999232298054943,1,1,0,V0,all,0.05,L1,baseline,R1,1,E3_01118_V1
1,0.05,0.0164485362695147,5000,5000,5000,215,2309,1.80905705646537e-05,0.0099560391699703,0.0154345303991792,0.0099702593694972,0.0154164398286146,1.54734567209513,1,1,0.05,0.464489377294273,0,0,0,0,1,0.5,10,50,0.777861913430206,10,10,1,0,0,101325,42,0.01,Gaussian (discarded tail <= 1e-12) / Gaussian (discarded tail <= 1e-12),1325,1,1,10000,1,1,1,1,0,0.043,0.4618,0.043,0.4618,0.05,0.464489377294273,0.0377192510877771,0.0489824284900051,0.448016068636712,0.47564258379189,0.0377192510877771,0.0489824284900051,0.448016068636712,0.47564258379189,0.999232298054943,1,0.999232298054943,1,1,0,V0,all,0.05,L1,baseline,R0,1,E3_01325_V1
1,0.05,0.0232617430735335,5000,5000,5000,221,1449,-9.42841499616567e-05,0.0140631897033647,0.0154552040458419,0.0142138306421371,0.0155494881958036,1.099781190525,1,1,0.05,0.292948717417965,0,0,0,0,1,0.5,10,50,0.777861913430206,10,10,1,0,0,101326,42,0.014142135623731,Gaussian (discarded tail <= 1e-12) / Gaussian (discarded tail <= 1e-12),1326,1,2,10000,1,1,1,1,0,0.0442,0.2898,0.0442,0.2898,0.05,0.292948717417965,0.038844214757119,0.0502556223359951,0.277390318749495,0.302532423148207,0.038844214757119,0.0502556223359951,0.277390318749495,0.302532423148207,0.999232298054943,1,0.999232298054943,1,1,0,V0,all,0.05,L1,baseline,R1,1,E3_01326_V1
1,0.05,0.0164485362695147,5000,5000,5000,249,2302,-4.86451841899084e-05,0.0099490781372549,0.0154678233404835,0.0098784885139191,0.0155164685246735,1.56513105860314,1,1,0.05,0.464489377294277,0,0,0,0,1,1,10,50,1.55572382686041,10,10,1,0,0,101333,42,0.01,Gaussian (discarded tail <= 1e-12) / Gaussian (discarded tail <= 1e-12),1333,1,1,10000,1,1,1,1,0,0.0498,0.4604,0.0498,0.4604,0.05,0.464489377294277,0.0441084778641927,0.0561827609671367,0.446620168160365,0.474240633833684,0.0441084778641927,0.0561827609671367,0.446620168160365,0.474240633833684,0.999232298054943,1,0.999232298054943,1,1,0,V0,all,0.05,L1,baseline,R0,1,E3_01333_V1
1,0.05,0.0232617430735335,5000,5000,5000,241,1447,-0.0001470422148265,0.0141871122889081,0.0153790075218026,0.0143723725677798,0.0155260497366292,1.0872551214189,1,1,0.05,0.292948717417968,0,0,0,0,1,1,10,50,1.55572382686041,10,10,1,0,0,101334,42,0.014142135623731,Gaussian (discarded tail <= 1e-12) / Gaussian (discarded tail <= 1e-12),1334,1,2,10000,1,1,1,1,0,0.0482,0.2894,0.0482,0.2894,0.05,0.292948717417968,0.0426021037376601,0.0544915917398936,0.276995762503506,0.302127593555753,0.0426021037376601,0.0544915917398936,0.276995762503506,0.302127593555753,0.999232298054943,1,0.999232298054943,1,1,0,V0,all,0.05,L1,baseline,R1,1,E3_01334_V1
1,0.05,0.0164485362695147,5000,5000,5000,243,2333,5.85613014236394e-05,0.0100150503323525,0.0156067055313378,0.0101174420996756,0.0155481442299142,1.54456217475432,1,1,0.05,0.464489377294277,0,0,0,0,1,1.5,10,50,2.33358574029062,10,10,1,0,0,101341,42,0.01,Gaussian (discarded tail <= 1e-12) / Gaussian (discarded tail <= 1e-12),1341,1,1,10000,1,1,1,1,0,0.0486,0.4666,0.0486,0.4666,0.05,0.464489377294277,0.0429785323075291,0.0549145490084684,0.452802843910276,0.480448438579654,0.0429785323075291,0.0549145490084684,0.452802843910276,0.480448438579654,0.999232298054943,1,0.999232298054943,1,1,0,V0,all,0.05,L1,baseline,R0,1,E3_01341_V1
1,0.05,0.0232617430735335,5000,5000,5000,243,1464,-5.99794533914545e-05,0.0139953639252825,0.0156617594517172,0.0141757317347627,0.0157217389051086,1.11613810577036,1,1,0.05,0.292948717417968,0,0,0,0,1,1.5,10,50,2.33358574029062,10,10,1,0,0,101342,42,0.014142135623731,Gaussian (discarded tail <= 1e-12) / Gaussian (discarded tail <= 1e-12),1342,1,2,10000,1,1,1,1,0,0.0486,0.2928,0.0486,0.2928,0.05,0.292948717417968,0.0429785323075291,0.0549145490084684,0.280349867560283,0.305568268125749,0.0429785323075291,0.0549145490084684,0.280349867560283,0.305568268125749,0.999232298054943,1,0.999232298054943,1,1,0,V0,all,0.05,L1,baseline,R1,1,E3_01342_V1
1,0.05,0.0164485362695147,5000,5000,5000,251,2269,6.51447127720775e-05,0.0099922389606728,0.0152455511093812,0.0100405740036483,0.0151804063966092,1.51554973701565,1,1,0.05,0.464489377294277,0,0,0,0,1,2,10,50,3.11144765372083,10,10,1,0,0,101349,42,0.01,Gaussian (discarded tail <= 1e-12) / Gaussian (discarded tail <= 1e-12),1349,1,1,10000,1,1,1,1,0,0.0502,0.4538,0.0502,0.4538,0.05,0.464489377294277,0.0444853421500697,0.0566052825197037,0.440040971445737,0.467629964213986,0.0444853421500697,0.0566052825197037,0.440040971445737,0.467629964213986,0.999232298054943,1,0.999232298054943,1,1,0,V0,all,0.05,L1,baseline,R0,1,E3_01349_V1
1,0.05,0.0232617430735335,5000,5000,5000,244,1420,-2.41798627919854e-05,0.0140663508183871,0.0153402172316718,0.0141587298222176,0.0153643970944638,1.08869944415673,1,1,0.05,0.292948717417968,0,0,0,0,1,2,10,50,3.11144765372083,10,10,1,0,0,101350,42,0.014142135623731,Gaussian (discarded tail <= 1e-12) / Gaussian (discarded tail <= 1e-12),1350,1,2,10000,1,1,1,1,0,0.0488,0.284,0.0488,0.284,0.05,0.292948717417968,0.0431667882318987,0.0551259860033208,0.271670421194092,0.296661226046173,0.0431667882318987,0.0551259860033208,0.271670421194092,0.296661226046173,0.999232298054943,1,0.999232298054943,1,1,0,V0,all,0.05,L1,baseline,R1,1,E3_01350_V1
1,0.05,0.0164485362695147,5000,5000,5000,237,2324,3.91029615563591e-05,0.0099499518670284,0.0155792440803607,0.0100816150435901,0.0155401411188044,1.55153169198654,1,1,0.05,0.464489377294277,0,0,0,0,1,3,10,50,4.66717148058124,10,10,1,0,0,101357,42,0.01,Gaussian (discarded tail <= 1e-12) / Gaussian (discarded tail <= 1e-12),1357,1,1,10000,1,1,1,1,0,0.0474,0.4648,0.0474,0.4648,0.05,0.464489377294277,0.0418495843205747,0.053645339480091,0.451007652533267,0.478646393683665,0.0418495843205747,0.053645339480091,0.451007652533267,0.478646393683665,0.999232298054943,1,0.999232298054943,1,1,0,V0,all,0.05,L1,baseline,R0,1,E3_01357_V1
1,0.05,0.0232617430735335,5000,5000,5000,275,1445,-0.0001503459258966,0.0142693588193831,0.0154601745098433,0.0142240705023082,0.0156105204357399,1.09572635439535,1,1,0.05,0.292948717417968,0,0,0,0,1,3,10,50,4.66717148058124,10,10,1,0,0,101358,42,0.014142135623731,Gaussian (discarded tail <= 1e-12) / Gaussian (discarded tail <= 1e-12),1358,1,2,10000,1,1,1,1,0,0.055,0.289,0.055,0.289,0.05,0.292948717417968,0.0490156477693743,0.0616676069617266,0.27660121812967,0.301722752091145,0.0490156477693743,0.0616676069617266,0.27660121812967,0.301722752091145,0.999232298054943,1,0.999232298054943,1,1,0,V0,all,0.05,L1,baseline,R1,1,E3_01358_V1
1,0.05,0.0164485362695147,5000,5000,5000,257,3203,-0.0001188397374461,0.0101138191580606,0.0199553225255653,0.009918603599063,0.0200741622630115,2.00407203926534,1,1,0.05,0.638760031312336,0,0,0,0,1,0.5,10,60,1,10,10,1,0,0,101565,42,0.01,Gaussian (discarded tail <= 1e-12) / Gaussian (discarded tail <= 1e-12),1565,1,1,10000,1,1,1,1,0,0.0514,0.6406,0.0514,0.6406,0.05,0.638760031312336,0.0456165654284363,0.057872216756669,0.62719691429852,0.65378720791453,0.0456165654284363,0.057872216756669,0.62719691429852,0.65378720791453,0.999232298054943,1,0.999232298054943,1,1,0,V0,all,0.05,L1,baseline,R0,1,E3_01565_V1
1,0.05,0.0232617430735335,5000,5000,5000,255,2042,5.53298690979935e-05,0.0143067765219877,0.0199116804968659,0.0143552800452788,0.0198563506277679,1.38554762458358,1,1,0.05,0.408797219793871,0,0,0,0,1,0.5,10,60,1,10,10,1,0,0,101566,42,0.014142135623731,Gaussian (discarded tail <= 1e-12) / Gaussian (discarded tail <= 1e-12),1566,1,2,10000,1,1,1,1,0,0.051,0.4084,0.051,0.4084,0.05,0.408797219793871,0.0452393871026712,0.0574500092439901,0.394850887510469,0.422089755485865,0.0452393871026712,0.0574500092439901,0.394850887510469,0.422089755485865,0.999232298054943,1,0.999232298054943,1,1,0,V0,all,0.05,L1,baseline,R1,1,E3_01566_V1
1,0.05,0.0164485362695147,5000,5000,5000,249,3264,7.6279311737517e-05,0.0100285528898694,0.0202555274630194,0.0098976665394858,0.0201792481512819,2.02535286852903,1,1,0.05,0.638760031312336,0,0,0,0,1,1,10,60,2,10,10,1,0,0,101573,42,0.01,Gaussian (discarded tail <= 1e-12) / Gaussian (discarded tail <= 1e-12),1573,1,1,10000,1,1,1,1,0,0.0498,0.6528,0.0498,0.6528,0.05,0.638760031312336,0.0441084778641927,0.0561827609671367,0.639491218177992,0.665874172107598,0.0441084778641927,0.0561827609671367,0.639491218177992,0.665874172107598,0.999232298054943,1,0.999232298054943,1,1,0,V0,all,0.05,L1,baseline,R0,1,E3_01573_V1
1,0.05,0.0232617430735335,5000,5000,5000,262,2095,-0.000377121516615,0.0141875524277708,0.0202521496414333,0.0143647494508313,0.0206292711580483,1.44498849783916,1,1,0.05,0.408797219793871,0,0,0,0,1,1,10,60,2,10,10,1,0,0,101574,42,0.014142135623731,Gaussian (discarded tail <= 1e-12) / Gaussian (discarded tail <= 1e-12),1574,1,2,10000,1,1,1,1,0,0.0524,0.419,0.0524,0.419,0.05,0.408797219793871,0.0465599567062765,0.0589272900749386,0.40539132212045,0.43273304559465,0.0465599567062765,0.0589272900749386,0.40539132212045,0.43273304559465,0.999232298054943,1,0.999232298054943,1,1,0,V0,all,0.05,L1,baseline,R1,1,E3_01574_V1
1,0.05,0.0164485362695147,5000,5000,5000,267,3163,2.88163000341784e-05,0.0099531915284727,0.0198774666756687,0.0101013935789157,0.0198486503756345,1.97940853057422,1,1,0.05,0.638760031312336,0,0,0,0,1,1.5,10,60,3,10,10,1,0,0,101581,42,0.01,Gaussian (discarded tail <= 1e-12) / Gaussian (discarded tail <= 1e-12),1581,1,1,10000,1,1,1,1,0,0.0534,0.6326,0.0534,0.6326,0.05,0.638760031312336,0.0475039707136969,0.0599817406636281,0.61914015159557,0.645856253848601,0.0475039707136969,0.0599817406636281,0.61914015159557,0.645856253848601,0.999232298054943,1,0.999232298054943,1,1,0,V0,all,0.05,L1,baseline,R0,1,E3_01581_V1
1,0.05,0.0232617430735335,5000,5000,5000,247,2086,-1.76149915882807e-05,0.0142563322714731,0.0202183191620496,0.0142718874505659,0.0202359341536379,1.41866063446602,1,1,0.05,0.408797219793871,0,0,0,0,1,1.5,10,60,3,10,10,1,0,0,101582,42,0.014142135623731,Gaussian (discarded tail <= 1e-12) / Gaussian (discarded tail <= 1e-12),1582,1,2,10000,1,1,1,1,0,0.0494,0.4172,0.0494,0.4172,0.05,0.408797219793871,0.043731720637967,0.0557601323549184,0.403600978661413,0.430926152780688,0.043731720637967,0.0557601323549184,0.403600978661413,0.430926152780688,0.999232298054943,1,0.999232298054943,1,1,0,V0,all,0.05,L1,baseline,R1,1,E3_01582_V1
1,0.05,0.0164485362695147,5000,5000,5000,260,3205,7.99420897469455e-05,0.0100249409958023,0.0200466940333201,0.0101022104869916,0.0199667519435732,1.98404675623328,1,1,0.05,0.638760031312336,0,0,0,0,1,2,10,60,4,10,10,1,0,0,101589,42,0.01,Gaussian (discarded tail <= 1e-12) / Gaussian (discarded tail <= 1e-12),1589,1,1,10000,1,1,1,1,0,0.052,0.641,0.052,0.641,0.05,0.638760031312336,0.0461825245236588,0.0585053364191124,0.627599857205295,0.654183650846199,0.0461825245236588,0.0585053364191124,0.627599857205295,0.654183650846199,0.999232298054943,1,0.999232298054943,1,1,0,V0,all,0.05,L1,baseline,R0,1,E3_01589_V1
1,0.05,0.0232617430735335,5000,5000,5000,263,2076,0.000480557688227,0.0142411742651511,0.0202087040177727,0.0139630615781509,0.0197281463295456,1.39888117496486,1,1,0.05,0.408797219793871,0,0,0,0,1,2,10,60,4,10,10,1,0,0,101590,42,0.014142135623731,Gaussian (discarded tail <= 1e-12) / Gaussian (discarded tail <= 1e-12),1590,1,2,10000,1,1,1,1,0,0.0526,0.4152,0.0526,0.4152,0.05,0.408797219793871,0.0467487102249782,0.0591382294754589,0.401611927536878,0.428918274713003,0.0467487102249782,0.0591382294754589,0.401611927536878,0.428918274713003,0.999232298054943,1,0.999232298054943,1,1,0,V0,all,0.05,L1,baseline,R1,1,E3_01590_V1
1,0.05,0.0164485362695147,5000,5000,5000,254,3171,-0.0001255632407682,0.0099860175740117,0.0198403892747531,0.0098560304287954,0.0199659525155213,2.0124459016136,1,1,0.05,0.638760031312319,0,0,0,0,1,3,10,60,6,10,10,1,0,0,101597,42,0.01,Gaussian (discarded tail <= 1e-12) / Gaussian (discarded tail <= 1e-12),1597,1,1,10000,1,1,1,1,0,0.0508,0.6342,0.0508,0.6342,0.05,0.638760031312319,0.0450508366853607,0.0572388667420786,0.620751186116486,0.64744276268146,0.0450508366853607,0.0572388667420786,0.620751186116486,0.64744276268146,0.999232298054943,1,0.999232298054943,1,1,0,V0,all,0.05,L1,baseline,R0,1,E3_01597_V1
1,0.05,0.0232617430735335,5000,5000,5000,241,2094,1.71209309280693e-05,0.0141056224276636,0.020221175604177,0.0143319733758363,0.0202040546732489,1.42089470799755,1,1,0.05,0.408797219793859,0,0,0,0,1,3,10,60,6,10,10,1,0,0,101598,42,0.014142135623731,Gaussian (discarded tail <= 1e-12) / Gaussian (discarded tail <= 1e-12),1598,1,2,10000,1,1,1,1,0,0.0482,0.4188,0.0482,0.4188,0.05,0.408797219793859,0.0426021037376601,0.0544915917398936,0.405192385843422,0.432532288952456,0.0426021037376601,0.0544915917398936,0.405192385843422,0.432532288952456,0.999232298054943,1,0.999232298054943,1,1,0,V0,all,0.05,L1,baseline,R1,1,E3_01598_V1
1,0.05,0.0164485362695147,5000,5000,5000,253,4456,6.93745059715722e-05,0.0101211228396139,0.0290324575822333,0.0101286158345388,0.0289630830762618,2.86058813493678,1,1,0.05,0.899542804294155,0,0,0,0,1,0.5,10,70,1.46190220008154,10,10,1,0,0,101805,42,0.01,Gaussian (discarded tail <= 1e-12) / Gaussian (discarded tail <= 1e-12),1805,1,1,10000,1,1,1,1,0,0.0506,0.8912,0.0506,0.8912,0.05,0.899542804294155,0.0448623122901981,0.0570276982180192,0.882266683569937,0.89953266642825,0.0448623122901981,0.0570276982180192,0.882266683569937,0.89953266642825,0.999232298054943,1,0.999232298054943,1,1,0,V0,all,0.05,L1,baseline,R0,1,E3_01805_V1
1,0.05,0.0232617430735335,5000,5000,5000,231,3338,-4.11399510861336e-05,0.0140152531987617,0.0292519098555921,0.014353140781231,0.0292930498066782,2.06504268239948,1,1,0.05,0.663702164601683,0,0,0,0,1,0.5,10,70,1.46190220008154,10,10,1,0,0,101806,42,0.014142135623731,Gaussian (discarded tail <= 1e-12) / Gaussian (discarded tail <= 1e-12),1806,1,2,10000,1,1,1,1,0,0.0462,0.6676,0.0462,0.6676,0.05,0.663702164601683,0.0407216699236964,0.0523750963616375,0.654418460748543,0.680524205559473,0.0407216699236964,0.0523750963616375,0.654418460748543,0.680524205559473,0.999232298054943,1,0.999232298054943,1,1,0,V0,all,0.05,L1,baseline,R1,1,E3_01806_V1
1,0.05,0.0164485362695147,5000,5000,5000,271,4495,9.31741110086582e-05,0.0101097991116926,0.0291084517679425,0.0098257473218145,0.0290152776569338,2.91061324670593,1,1,0.05,0.899542804294155,0,0,0,0,1,1,10,70,2.92380440016309,10,10,1,0,0,101813,42,0.01,Gaussian (discarded tail <= 1e-12) / Gaussian (discarded tail <= 1e-12),1813,1,1,10000,1,1,1,1,0,0.0542,0.899,0.0542,0.899,0.05,0.899542804294155,0.0482596192447235,0.0608248638094894,0.890339023758371,0.907048350089473,0.0482596192447235,0.0608248638094894,0.890339023758371,0.907048350089473,0.999232298054943,1,0.999232298054943,1,1,0,V0,all,0.05,L1,baseline,R0,1,E3_01813_V1
1,0.05,0.0232617430735335,5000,5000,5000,251,3285,3.93450850547556e-05,0.0142197481123749,0.0292223392264787,0.0143279678853894,0.0291829941414239,2.04449171762291,1,1,0.05,0.663702164601683,0,0,0,0,1,1,10,70,2.92380440016309,10,10,1,0,0,101814,42,0.014142135623731,Gaussian (discarded tail <= 1e-12) / Gaussian (discarded tail <= 1e-12),1814,1,2,10000,1,1,1,1,0,0.0502,0.657,0.0502,0.657,0.05,0.663702164601683,0.0444853421500697,0.0566052825197037,0.643725880854617,0.670033060734635,0.0444853421500697,0.0566052825197037,0.643725880854617,0.670033060734635,0.999232298054943,1,0.999232298054943,1,1,0,V0,all,0.05,L1,baseline,R1,1,E3_01814_V1
1,0.05,0.0164485362695147,5000,5000,5000,245,4497,-7.86839187419812e-05,0.0099164183482043,0.029211524195811,0.0100249617917525,0.029290208114553,2.93758747078171,1,1,0.05,0.899542804294139,0,0,0,0,1,1.5,10,70,4.38570660024463,10,10,1,0,0,101821,42,0.01,Gaussian (discarded tail <= 1e-12) / Gaussian (discarded tail <= 1e-12),1821,1,1,10000,1,1,1,1,0,0.049,0.8994,0.049,0.8994,0.05,0.899542804294139,0.0433550717009474,0.0553373954534942,0.890753391141913,0.907433368544375,0.0433550717009474,0.0553373954534942,0.890753391141913,0.907433368544375,0.999232298054943,1,0.999232298054943,1,1,0,V0,all,0.05,L1,baseline,R0,1,E3_01821_V1
1,0.05,0.0232617430735335,5000,5000,5000,258,3336,6.32505138458706e-05,0.0142432025893918,0.0292919124351343,0.0141829473218218,0.0292286619212885,2.05645832080405,1,1,0.05,0.66370216460166,0,0,0,0,1,1.5,10,70,4.38570660024463,10,10,1,0,0,101822,42,0.014142135623731,Gaussian (discarded tail <= 1e-12) / Gaussian (discarded tail <= 1e-12),1822,1,2,10000,1,1,1,1,0,0.0516,0.6672,0.0516,0.6672,0.05,0.66370216460166,0.0458051930526966,0.0580832820516306,0.654014833207419,0.680128447262153,0.0458051930526966,0.0580832820516306,0.654014833207419,0.680128447262153,0.999232298054943,1,0.999232298054943,1,1,0,V0,all,0.05,L1,baseline,R1,1,E3_01822_V1
1,0.05,0.0164485362695147,5000,5000,5000,272,4490,1.69800581775522e-05,0.0100345820663066,0.0292311316734769,0.010167549817474,0.0292141516152994,2.89212237709586,1,1,0.05,0.899542804294155,0,0,0,0,1,2,10,70,5.84760880032618,10,10,1,0,0,101829,42,0.01,Gaussian (discarded tail <= 1e-12) / Gaussian (discarded tail <= 1e-12),1829,1,1,10000,1,1,1,1,0,0.0544,0.898,0.0544,0.898,0.05,0.899542804294155,0.0484485910594409,0.061035584913994,0.889303281565138,0.906085627686596,0.0484485910594409,0.061035584913994,0.889303281565138,0.906085627686596,0.999232298054943,1,0.999232298054943,1,1,0,V0,all,0.05,L1,baseline,R0,1,E3_01829_V1
1,0.05,0.0232617430735335,5000,5000,5000,247,3288,1.51370310786794e-05,0.0142682620614712,0.0290204740037134,0.0141722353327999,0.0290053369726348,2.03970916820539,1,1,0.05,0.663702164601683,0,0,0,0,1,2,10,70,5.84760880032618,10,10,1,0,0,101830,42,0.014142135623731,Gaussian (discarded tail <= 1e-12) / Gaussian (discarded tail <= 1e-12),1830,1,2,10000,1,1,1,1,0,0.0494,0.6576,0.0494,0.6576,0.05,0.663702164601683,0.043731720637967,0.0557601323549184,0.644330925592823,0.670627094754095,0.043731720637967,0.0557601323549184,0.644330925592823,0.670627094754095,0.999232298054943,1,0.999232298054943,1,1,0,V0,all,0.05,L1,baseline,R1,1,E3_01830_V1
1,0.05,0.0164485362695147,5000,5000,5000,243,4473,-1.14960660791649e-05,0.0100528574341348,0.0290769954273121,0.0099965005113719,0.0290884914933913,2.9016766178741,1,1,0.05,0.899542804294139,0,0,0,0,1,3,10,70,8.77141320048926,10,10,1,0,0,101837,42,0.01,Gaussian (discarded tail <= 1e-12) / Gaussian (discarded tail <= 1e-12),1837,1,1,10000,1,1,1,1,0,0.0486,0.8946,0.0486,0.8946,0.05,0.899542804294139,0.0429785323075291,0.0549145490084684,0.885783603060825,0.902810526564136,0.0429785323075291,0.0549145490084684,0.885783603060825,0.902810526564136,0.999232298054943,1,0.999232298054943,1,1,0,V0,all,0.05,L1,baseline,R0,1,E3_01837_V1
1,0.05,0.0232617430735335,5000,5000,5000,253,3301,-0.0003324475119871,0.014303962067419,0.0290570424327135,0.0141393671966805,0.0293894899447007,2.06649493147294,1,1,0.05,0.66370216460166,0,0,0,0,1,3,10,70,8.77141320048926,10,10,1,0,0,101838,42,0.014142135623731,Gaussian (discarded tail <= 1e-12) / Gaussian (discarded tail <= 1e-12),1838,1,2,10000,1,1,1,1,0,0.0506,0.6602,0.0506,0.6602,0.05,0.66370216460166,0.0448623122901981,0.0570276982180192,0.64695305596659,0.673200972330214,0.0448623122901981,0.0570276982180192,0.64695305596659,0.673200972330214,0.999232298054943,1,0.999232298054943,1,1,0,V0,all,0.05,L1,baseline,R1,1,E3_01838_V1
1,0.05,0.0164485362695147,5000,5000,5000,268,1323,2.24594586910335e-05,0.0100506830154838,0.010112200117232,0.0101584307051793,0.010089740658541,0.998519518838036,1,1,0.05,0.259511022841444,0,0,0,0,1,0.5,10,0,0.5,10,10,1,1,0,103965,42,0.01,Gaussian (discarded tail <= 1e-12) / Gaussian (discarded tail <= 1e-12),3965,3,1,10000,1,1,1,1,0,0.0536,0.2646,0.0536,0.2646,0.05,0.259511022841444,0.0476928467869534,0.0601925575095936,0.252557077882595,0.277004356193138,0.0476928467869534,0.0601925575095936,0.252557077882595,0.277004356193138,0.999232298054943,1,0.999232298054943,1,1,0,V0,all,0.05,L2-A,moderate,R0,2,E3_03965_V1
1,0.05,0.0232617430735335,5000,5000,5000,252,916,2.3794092175981e-05,0.0142728114037775,0.0103996500906167,0.0142265610789709,0.0103758559984407,0.72814531909662,1,1,0.05,0.174187261617932,0,0,0,0,1,0.5,10,0,0.5,10,10,1,1,0,103966,42,0.014142135623731,Gaussian (discarded tail <= 1e-12) / Gaussian (discarded tail <= 1e-12),3966,3,2,10000,1,1,1,1,0,0.0504,0.1832,0.0504,0.1832,0.05,0.174187261617932,0.0446738140627647,0.0568165035262307,0.172722370810857,0.194164045141531,0.0446738140627647,0.0568165035262307,0.172722370810857,0.194164045141531,0.999232298054943,1,0.999232298054943,1,1,0,V0,all,0.05,L2-A,moderate,R1,2,E3_03966_V1
1,0.05,0.0164485362695147,5000,5000,5000,280,1286,0.0002892028690359,0.0100742109844763,0.0099378945729428,0.0098649422941502,0.0096486917039069,0.967760285337419,1,1,0.05,0.259511022841444,0,0,0,0,1,1,10,0,1,10,10,1,1,0,103973,42,0.01,Gaussian (discarded tail <= 1e-12) / Gaussian (discarded tail <= 1e-12),3973,3,1,10000,1,1,1,1,0,0.056,0.2572,0.056,0.2572,0.05,0.259511022841444,0.0499612059948101,0.0627205133324006,0.24527430538656,0.26949849067796,0.0499612059948101,0.0627205133324006,0.24527430538656,0.26949849067796,0.999232298054943,1,0.999232298054943,1,1,0,V0,all,0.05,L2-A,moderate,R0,2,E3_03973_V1
1,0.05,0.0232617430735335,5000,5000,5000,257,860,0.0003065222653597,0.0140453109613022,0.0100938878631855,0.0140689127917528,0.0097873655978257,0.696256971911494,1,1,0.05,0.174187261617932,0,0,0,0,1,1,10,0,1,10,10,1,1,0,103974,42,0.014142135623731,Gaussian (discarded tail <= 1e-12) / Gaussian (discarded tail <= 1e-12),3974,3,2,10000,1,1,1,1,0,0.0514,0.172,0.0514,0.172,0.05,0.174187261617932,0.0456165654284363,0.057872216756669,0.161792530613504,0.182711081862454,0.0456165654284363,0.057872216756669,0.161792530613504,0.182711081862454,0.999232298054943,1,0.999232298054943,1,1,0,V0,all,0.05,L2-A,moderate,R1,2,E3_03974_V1
1,0.05,0.0164485362695147,5000,5000,5000,266,1305,0.0001814083980483,0.0100151030612628,0.0098118890117632,0.0101469908747637,0.0096304806137149,0.955285161228954,1,1,0.05,0.259511022841444,0,0,0,0,1,1.5,10,0,1.5,10,10,1,1,0,103981,42,0.01,Gaussian (discarded tail <= 1e-12) / Gaussian (discarded tail <= 1e-12),3981,3,1,10000,1,1,1,1,0,0.0532,0.261,0.0532,0.261,0.05,0.259511022841444,0.0473151188916038,0.0597708995664993,0.249013548610097,0.273353412919641,0.0473151188916038,0.0597708995664993,0.249013548610097,0.273353412919641,0.999232298054943,1,0.999232298054943,1,1,0,V0,all,0.05,L2-A,moderate,R0,2,E3_03981_V1
1,0.05,0.0232617430735335,5000,5000,5000,248,910,0.0003332900356819,0.0140190728439186,0.0102880690709555,0.0145478398958506,0.0099547790352736,0.696825327417181,1,1,0.05,0.174187261617932,0,0,0,0,1,1.5,10,0,1.5,10,10,1,1,0,103982,42,0.014142135623731,Gaussian (discarded tail <= 1e-12) / Gaussian (discarded tail <= 1e-12),3982,3,2,10000,1,1,1,1,0,0.0496,0.182,0.0496,0.182,0.05,0.174187261617932,0.0439200857923503,0.0559714601197571,0.171550580048694,0.192937678388362,0.0439200857923503,0.0559714601197571,0.171550580048694,0.192937678388362,0.999232298054943,1,0.999232298054943,1,1,0,V0,all,0.05,L2-A,moderate,R1,2,E3_03982_V1
1,0.05,0.0164485362695147,5000,5000,5000,240,1286,-7.83325387878576e-05,0.0098971661355985,0.0100310703593276,0.0099849763293773,0.0101094028981155,1.01692303245784,1,1,0.05,0.259511022841444,0,0,0,0,1,2,10,0,2,10,10,1,1,0,103989,42,0.01,Gaussian (discarded tail <= 1e-12) / Gaussian (discarded tail <= 1e-12),3989,3,1,10000,1,1,1,1,0,0.048,0.2572,0.048,0.2572,0.05,0.259511022841444,0.042413931418708,0.0542800711396237,0.24527430538656,0.26949849067796,0.042413931418708,0.0542800711396237,0.24527430538656,0.26949849067796,0.999232298054943,1,0.999232298054943,1,1,0,V0,all,0.05,L2-A,moderate,R0,2,E3_03989_V1
1,0.05,0.0232617430735335,5000,5000,5000,228,892,-0.0001142696277728,0.0141758787651403,0.0100637480471939,0.0142179401801416,0.0101780176749667,0.716917053473259,1,1,0.05,0.174187261617932,0,0,0,0,1,2,10,0,2,10,10,1,1,0,103990,42,0.014142135623731,Gaussian (discarded tail <= 1e-12) / Gaussian (discarded tail <= 1e-12),3990,3,2,10000,1,1,1,1,0,0.0456,0.1784,0.0456,0.1784,0.05,0.174187261617932,0.0401581122081757,0.0517395753194923,0.168036253421531,0.18925753246953,0.0401581122081757,0.0517395753194923,0.168036253421531,0.18925753246953,0.999232298054943,1,0.999232298054943,1,1,0,V0,all,0.05,L2-A,moderate,R1,2,E3_03990_V1
1,0.05,0.0164485362695147,5000,5000,5000,255,1298,8.89721664465837e-05,0.0099586188035016,0.0099360915990639,0.0099702856616778,0.0098471194326173,0.988224692673362,1,1,0.05,0.259511022841437,0,0,0,0,1,3,10,0,3,10,10,1,1,0,103997,42,0.01,Gaussian (discarded tail <= 1e-12) / Gaussian (discarded tail <= 1e-12),3997,3,1,10000,1,1,1,1,0,0.051,0.2596,0.051,0.2596,0.05,0.259511022841437,0.0452393871026712,0.0574500092439901,0.247635794566596,0.271933316528588,0.0452393871026712,0.0574500092439901,0.247635794566596,0.271933316528588,0.999232298054943,1,0.999232298054943,1,1,0,V0,all,0.05,L2-A,moderate,R0,2,E3_03997_V1
1,0.05,0.0232617430735335,5000,5000,5000,245,896,2.10022938769288e-05,0.0140477542610576,0.0104155940597655,0.0141616157037809,0.0103945917658886,0.736954218194702,1,1,0.05,0.174187261617928,0,0,0,0,1,3,10,0,3,10,10,1,1,0,103998,42,0.014142135623731,Gaussian (discarded tail <= 1e-12) / Gaussian (discarded tail <= 1e-12),3998,3,2,10000,1,1,1,1,0,0.049,0.1792,0.049,0.1792,0.05,0.174187261617928,0.0433550717009474,0.0553373954534942,0.168817078174109,0.190075479393839,0.0433550717009474,0.0553373954534942,0.168817078174109,0.190075479393839,0.999232298054943,1,0.999232298054943,1,1,0,V0,all,0.05,L2-A,moderate,R1,2,E3_03998_V1
1,0.05,0.0167022814546331,5000,5000,5000,229,1346,-0.0001313190298708,0.0100983507980633,0.0102353591841741,0.0103139695906868,0.0103666782140449,1.015670899264,1,1,0.05,0.259511022841446,0,0,0,0,1,0.5,10,10,0.507713305942873,10,10.1542661188575,1.01542661188575,1,0,104205,42,0.0101542661188575,Gaussian (discarded tail <= 1e-12) / Gaussian (discarded tail <= 1e-12),4205,3,1,10000,1,1,1,1,0,0.0458,0.2692,0.0458,0.2692,0.05,0.259511022841446,0.0403459347014957,0.0519514457453942,0.257086439396189,0.281667931821649,0.0403459347014957,0.0519514457453942,0.257086439396189,0.281667931821649,0.999232298054943,1,0.999232298054943,1,1,0,V0,all,0.05,L2-A,moderate,R0,2,E3_04205_V1
1,0.05,0.0236205929557148,5000,5000,5000,247,864,-0.0002142682959922,0.0142513959058719,0.0099436664141955,0.0147343801861262,0.0101579347101878,0.70079371352947,1,1,0.05,0.174187261617933,0,0,0,0,1,0.5,10,10,0.507713305942873,10,10.1542661188575,1.01542661188575,1,0,104206,42,0.0143603008612338,Gaussian (discarded tail <= 1e-12) / Gaussian (discarded tail <= 1e-12),4206,3,2,10000,1,1,1,1,0,0.0494,0.1728,0.0494,0.1728,0.05,0.174187261617933,0.043731720637967,0.0557601323549184,0.162572712400533,0.183529671752312,0.043731720637967,0.0557601323549184,0.162572712400533,0.183529671752312,0.999232298054943,1,0.999232298054943,1,1,0,V0,all,0.05,L2-A,moderate,R1,2,E3_04206_V1
1,0.05,0.0167022814546331,5000,5000,5000,259,1324,6.17693527102905e-05,0.0100795227124453,0.0102147156762141,0.0101554222883234,0.0101529463235038,1.00349913489699,1,1,0.05,0.259511022841449,0,0,0,0,1,1,10,10,1.01542661188575,10,10.1542661188575,1.01542661188575,1,0,104213,42,0.0101542661188575,Gaussian (discarded tail <= 1e-12) / Gaussian (discarded tail <= 1e-12),4213,3,1,10000,1,1,1,1,0,0.0518,0.2648,0.0518,0.2648,0.05,0.259511022841449,0.045993846130679,0.0582943218928702,0.252753971378894,0.277207155616061,0.045993846130679,0.0582943218928702,0.252753971378894,0.277207155616061,0.999232298054943,1,0.999232298054943,1,1,0,V0,all,0.05,L2-A,moderate,R0,2,E3_04213_V1
1,0.05,0.0236205929557148,5000,5000,5000,233,844,-3.60646166588684e-05,0.0141748977262632,0.0101393198650064,0.0141054322504655,0.0101753844816652,0.719606439783589,1,1,0.05,0.174187261617935,0,0,0,0,1,1,10,10,1.01542661188575,10,10.1542661188575,1.01542661188575,1,0,104214,42,0.0143603008612338,Gaussian (discarded tail <= 1e-12) / Gaussian (discarded tail <= 1e-12),4214,3,2,10000,1,1,1,1,0,0.0466,0.1688,0.0466,0.1688,0.05,0.174187261617935,0.0410975242290518,0.052798627894726,0.158672631575466,0.17943589419294,0.0410975242290518,0.052798627894726,0.158672631575466,0.17943589419294,0.999232298054943,1,0.999232298054943,1,1,0,V0,all,0.05,L2-A,moderate,R1,2,E3_04214_V1
1,0.05,0.0167022814546331,5000,5000,5000,242,1277,0.0001207161815896,0.0101109352215723,0.0098555590499698,0.0102946051401467,0.0097348428683801,0.954098580339642,1,1,0.05,0.259511022841442,0,0,0,0,1,1.5,10,10,1.52313991782862,10,10.1542661188575,1.01542661188575,1,0,104221,42,0.0101542661188575,Gaussian (discarded tail <= 1e-12) / Gaussian (discarded tail <= 1e-12),4221,3,1,10000,1,1,1,1,0,0.0484,0.2554,0.0484,0.2554,0.05,0.259511022841442,0.0427903040886361,0.0547030843081395,0.243503501470865,0.267672058320657,0.0427903040886361,0.0547030843081395,0.243503501470865,0.267672058320657,0.999232298054943,1,0.999232298054943,1,1,0,V0,all,0.05,L2-A,moderate,R0,2,E3_04221_V1
1,0.05,0.0236205929557148,5000,5000,5000,243,855,-0.0001606585760451,0.0143049234148297,0.0098922557951271,0.0143261809120978,0.0100529143711723,0.702237083526509,1,1,0.05,0.174187261617931,0,0,0,0,1,1.5,10,10,1.52313991782862,10,10.1542661188575,1.01542661188575,1,0,104222,42,0.0143603008612338,Gaussian (discarded tail <= 1e-12) / Gaussian (discarded tail <= 1e-12),4222,3,2,10000,1,1,1,1,0,0.0486,0.171,0.0486,0.171,0.05,0.174187261617931,0.0429785323075291,0.0549145490084684,0.16081741923937,0.181687728640477,0.0429785323075291,0.0549145490084684,0.16081741923937,0.181687728640477,0.999232298054943,1,0.999232298054943,1,1,0,V0,all,0.05,L2-A,moderate,R1,2,E3_04222_V1
1,0.05,0.0167022814546331,5000,5000,5000,227,1295,6.72181054652279e-05,0.0100367653810897,0.0100833647119026,0.0102680860767756,0.0100161466064374,0.986512677567569,1,1,0.05,0.259511022841449,0,0,0,0,1,2,10,10,2.03085322377149,10,10.1542661188575,1.01542661188575,1,0,104229,42,0.0101542661188575,Gaussian (discarded tail <= 1e-12) / Gaussian (discarded tail <= 1e-12),4229,3,1,10000,1,1,1,1,0,0.0454,0.259,0.0454,0.259,0.05,0.259511022841449,0.0399703200435625,0.0515276745648835,0.247045377764913,0.271324654572604,0.0399703200435625,0.0515276745648835,0.247045377764913,0.271324654572604,0.999232298054943,1,0.999232298054943,1,1,0,V0,all,0.05,L2-A,moderate,R0,2,E3_04229_V1
1,0.05,0.0236205929557148,5000,5000,5000,244,902,-5.54035760922432e-05,0.0144006120030609,0.0103070771376601,0.0144842461806417,0.0103624807137523,0.717499612497337,1,1,0.05,0.174187261617935,0,0,0,0,1,2,10,10,2.03085322377149,10,10.1542661188575,1.01542661188575,1,0,104230,42,0.0143603008612338,Gaussian (discarded tail <= 1e-12) / Gaussian (discarded tail <= 1e-12),4230,3,2,10000,1,1,1,1,0,0.0488,0.1804,0.0488,0.1804,0.05,0.174187261617935,0.0431667882318987,0.0551259860033208,0.169988462295871,0.191302252787409,0.0431667882318987,0.0551259860033208,0.169988462295871,0.191302252787409,0.999232298054943,1,0.999232298054943,1,1,0,V0,all,0.05,L2-A,moderate,R1,2,E3_04230_V1
1,0.05,0.0167022814546331,5000,5000,5000,258,1315,0.0001553647873513,0.0100934718728274,0.0102062464831722,0.0100837934834337,0.0100508816958209,0.996257952908529,1,1,0.05,0.259511022841435,0,0,0,0,1,3,10,10,3.04627983565724,10,10.1542661188575,1.01542661188575,1,0,104237,42,0.0101542661188575,Gaussian (discarded tail <= 1e-12) / Gaussian (discarded tail <= 1e-12),4237,3,1,10000,1,1,1,1,0,0.0516,0.263,0.0516,0.263,0.05,0.259511022841435,0.0458051930526966,0.0580832820516306,0.250982046188168,0.275381844533789,0.0458051930526966,0.0580832820516306,0.250982046188168,0.275381844533789,0.999232298054943,1,0.999232298054943,1,1,0,V0,all,0.05,L2-A,moderate,R0,2,E3_04237_V1
1,0.05,0.0236205929557148,5000,5000,5000,257,861,-0.0001299988239464,0.0142511331373971,0.0102161322958334,0.0143070209033729,0.0103461311197799,0.72456443041735,1,1,0.05,0.174187261617927,0,0,0,0,1,3,10,10,3.04627983565724,10,10.1542661188575,1.01542661188575,1,0,104238,42,0.0143603008612338,Gaussian (discarded tail <= 1e-12) / Gaussian (discarded tail <= 1e-12),4238,3,2,10000,1,1,1,1,0,0.0514,0.1722,0.0514,0.1722,0.05,0.174187261617927,0.0456165654284363,0.057872216756669,0.161987568357593,0.182915737037587,0.0456165654284363,0.057872216756669,0.161987568357593,0.182915737037587,0.999232298054943,1,0.999232298054943,1,1,0,V0,all,0.05,L2-A,moderate,R1,2,E3_04238_V1
1,0.05,0.0175041666877814,5000,5000,5000,268,1334,-0.0002965827362445,0.0110028465988974,0.0107951958671048,0.0105959722064169,0.0110917786033493,1.02689051619516,1,1,0.05,0.259511022841445,0,0,0,0,1,0.5,10,20,0.532088886237956,10,10.6417777247591,1.06417777247591,1,0,104445,42,0.0106417777247591,Gaussian (discarded tail <= 1e-12) / Gaussian (discarded tail <= 1e-12),4445,3,1,10000,1,1,1,1,0,0.0536,0.2668,0.0536,0.2668,0.05,0.259511022841445,0.0476928467869534,0.0601925575095936,0.254723083172937,0.279234973014237,0.0476928467869534,0.0601925575095936,0.254723083172937,0.279234973014237,0.999232298054943,1,0.999232298054943,1,1,0,V0,all,0.05,L2-A,moderate,R0,2,E3_04445_V1
1,0.05,0.0247546299278998,5000,5000,5000,236,912,-0.000146538289966,0.0150391633073104,0.0111016859919856,0.015009547710765,0.0112482242819517,0.748665645726896,1,1,0.05,0.174187261617933,0,0,0,0,1,0.5,10,20,0.532088886237956,10,10.6417777247591,1.06417777247591,1,0,104446,42,0.0150497463861142,Gaussian (discarded tail <= 1e-12) / Gaussian (discarded tail <= 1e-12),4446,3,2,10000,1,1,1,1,0,0.0472,0.1824,0.0472,0.1824,0.05,0.174187261617933,0.0416615258049748,0.0534337050764689,0.171941157770888,0.193346486504612,0.0416615258049748,0.0534337050764689,0.171941157770888,0.193346486504612,0.999232298054943,1,0.999232298054943,1,1,0,V0,all,0.05,L2-A,moderate,R1,2,E3_04446_V1
1,0.05,0.0175041666877814,5000,5000,5000,260,1253,-0.0001653116260971,0.0106139247366975,0.010364334802158,0.0106854878713028,0.0105296464282552,0.988720880674284,1,1,0.05,0.259511022841445,0,0,0,0,1,1,10,20,1.06417777247591,10,10.6417777247591,1.06417777247591,1,0,104453,42,0.0106417777247591,Gaussian (discarded tail <= 1e-12) / Gaussian (discarded tail <= 1e-12),4453,3,1,10000,1,1,1,1,0,0.052,0.2506,0.052,0.2506,0.05,0.259511022841445,0.0461825245236588,0.0585053364191124,0.238782684423121,0.262800245307074,0.0461825245236588,0.0585053364191124,0.238782684423121,0.262800245307074,0.999232298054943,1,0.999232298054943,1,1,0,V0,all,0.05,L2-A,moderate,R0,2,E3_04453_V1
1,0.05,0.0247546299278998,5000,5000,5000,263,886,0.0003020664922809,0.0149700021177781,0.0108091148276482,0.0149778323778506,0.0105070483353672,0.70168999883807,1,1,0.05,0.174187261617933,0,0,0,0,1,1,10,20,1.06417777247591,10,10.6417777247591,1.06417777247591,1,0,104454,42,0.0150497463861142,Gaussian (discarded tail <= 1e-12) / Gaussian (discarded tail <= 1e-12),4454,3,2,10000,1,1,1,1,0,0.0526,0.1772,0.0526,0.1772,0.05,0.174187261617933,0.0467487102249782,0.0591382294754589,0.166865164316809,0.18803046405892,0.0467487102249782,0.0591382294754589,0.166865164316809,0.18803046405892,0.999232298054943,1,0.999232298054943,1,1,0,V0,all,0.05,L2-A,moderate,R1,2,E3_04454_V1
1,0.05,0.0175041666877814,5000,5000,5000,236,1369,-3.05359944918854e-05,0.0106371817709955,0.0109041720118241,0.0106137318346432,0.010934708006316,1.02910411776465,1,1,0.05,0.259511022841445,0,0,0,0,1,1.5,10,20,1.59626665871387,10,10.6417777247591,1.06417777247591,1,0,104461,42,0.0106417777247591,Gaussian (discarded tail <= 1e-12) / Gaussian (discarded tail <= 1e-12),4461,3,1,10000,1,1,1,1,0,0.0472,0.2738,0.0472,0.2738,0.05,0.259511022841445,0.0416615258049748,0.0534337050764689,0.261617478941297,0.286329829418647,0.0416615258049748,0.0534337050764689,0.261617478941297,0.286329829418647,0.999232298054943,1,0.999232298054943,1,1,0,V0,all,0.05,L2-A,moderate,R0,2,E3_04461_V1
1,0.05,0.0247546299278998,5000,5000,5000,257,859,0.0001561635559949,0.015124352108821,0.0106766491415269,0.014834007664672,0.0105204855855319,0.702307577614507,1,1,0.05,0.174187261617933,0,0,0,0,1,1.5,10,20,1.59626665871387,10,10.6417777247591,1.06417777247591,1,0,104462,42,0.0150497463861142,Gaussian (discarded tail <= 1e-12) / Gaussian (discarded tail <= 1e-12),4462,3,2,10000,1,1,1,1,0,0.0514,0.1718,0.0514,0.1718,0.05,0.174187261617933,0.0456165654284363,0.057872216756669,0.16159749801633,0.182506421540405,0.0456165654284363,0.057872216756669,0.16159749801633,0.182506421540405,0.999232298054943,1,0.999232298054943,1,1,0,V0,all,0.05,L2-A,moderate,R1,2,E3_04462_V1
1,0.05,0.0175041666877814,5000,5000,5000,243,1297,-0.0002521686466429,0.0106515218532785,0.0106824839573265,0.0104823048994556,0.0109346526039694,1.03476783773029,1,1,0.05,0.259511022841439,0,0,0,0,1,2,10,20,2.12835554495182,10,10.6417777247591,1.06417777247591,1,0,104469,42,0.0106417777247591,Gaussian (discarded tail <= 1e-12) / Gaussian (discarded tail <= 1e-12),4469,3,1,10000,1,1,1,1,0,0.0486,0.2594,0.0486,0.2594,0.05,0.259511022841439,0.0429785323075291,0.0549145490084684,0.247438985678348,0.271730432497613,0.0429785323075291,0.0549145490084684,0.247438985678348,0.271730432497613,0.999232298054943,1,0.999232298054943,1,1,0,V0,all,0.05,L2-A,moderate,R0,2,E3_04469_V1
1,0.05,0.0247546299278998,5000,5000,5000,241,889,-0.0002062353676603,0.0151481618227671,0.0106700931255398,0.0149213773445132,0.0108763284932002,0.723391144339024,1,1,0.05,0.174187261617929,0,0,0,0,1,2,10,20,2.12835554495182,10,10.6417777247591,1.06417777247591,1,0,104470,42,0.0150497463861142,Gaussian (discarded tail <= 1e-12) / Gaussian (discarded tail <= 1e-12),4470,3,2,10000,1,1,1,1,0,0.0482,0.1778,0.0482,0.1778,0.05,0.174187261617929,0.0426021037376601,0.0544915917398936,0.167450686597252,0.188644020536143,0.0426021037376601,0.0544915917398936,0.167450686597252,0.188644020536143,0.999232298054943,1,0.999232298054943,1,1,0,V0,all,0.05,L2-A,moderate,R1,2,E3_04470_V1
1,0.05,0.0175041666877814,5000,5000,5000,238,1320,0.0001167798219918,0.0104578139873743,0.0108096545471396,0.0105225101185807,0.0106928747251478,1.01931922810555,1,1,0.05,0.259511022841439,0,0,0,0,1,3,10,20,3.19253331742774,10,10.6417777247591,1.06417777247591,1,0,104477,42,0.0106417777247591,Gaussian (discarded tail <= 1e-12) / Gaussian (discarded tail <= 1e-12),4477,3,1,10000,1,1,1,1,0,0.0476,0.264,0.0476,0.264,0.05,0.259511022841439,0.0420376715417821,0.0538569451781056,0.251966416749523,0.276395938568544,0.0420376715417821,0.0538569451781056,0.251966416749523,0.276395938568544,0.999232298054943,1,0.999232298054943,1,1,0,V0,all,0.05,L2-A,moderate,R0,2,E3_04477_V1
1,0.05,0.0247546299278998,5000,5000,5000,223,879,-0.0001253827114473,0.0149098498349029,0.0105778573486392,0.0151105673165981,0.0107032400600866,0.713048108590011,1,1,0.05,0.174187261617929,0,0,0,0,1,3,10,20,3.19253331742774,10,10.6417777247591,1.06417777247591,1,0,104478,42,0.0150497463861142,Gaussian (discarded tail <= 1e-12) / Gaussian (discarded tail <= 1e-12),4478,3,2,10000,1,1,1,1,0,0.0446,0.1758,0.0446,0.1758,0.05,0.174187261617929,0.0392194585074783,0.0506797644240797,0.165499119886883,0.186598658054292,0.0392194585074783,0.0506797644240797,0.165499119886883,0.186598658054292,0.999232298054943,1,0.999232298054943,1,1,0,V0,all,0.05,L2-A,moderate,R1,2,E3_04478_V1
1,0.05,0.0189931336859593,5000,5000,5000,251,1282,-2.25982333608388e-05,0.0115153680679371,0.0116983821571542,0.0115715910421501,0.011720980390515,1.01537370763419,1,1,0.05,0.259511022841447,0,0,0,0,1,0.5,10,30,0.577350269189626,10,11.5470053837925,1.15470053837925,1,0,104685,42,0.0115470053837925,Gaussian (discarded tail <= 1e-12) / Gaussian (discarded tail <= 1e-12),4685,3,1,10000,1,1,1,1,0,0.0502,0.2564,0.0502,0.2564,0.05,0.259511022841447,0.0444853421500697,0.0566052825197037,0.244487248170854,0.268686776216778,0.0444853421500697,0.0566052825197037,0.244487248170854,0.268686776216778,0.999232298054943,1,0.999232298054943,1,1,0,V0,all,0.05,L2-A,moderate,R0,2,E3_04685_V1
1,0.05,0.0268603472506489,5000,5000,5000,273,880,0.000527345670803,0.0162154635276458,0.0117799710804373,0.0162451497004512,0.0112526254096342,0.693309188272242,1,1,0.05,0.174187261617933,0,0,0,0,1,0.5,10,30,0.577350269189626,10,11.5470053837925,1.15470053837925,1,0,104686,42,0.0163299316185545,Gaussian (discarded tail <= 1e-12) / Gaussian (discarded tail <= 1e-12),4686,3,2,10000,1,1,1,1,0,0.0546,0.176,0.0546,0.176,0.05,0.174187261617933,0.0486375864994605,0.0612462823931964,0.165694254097883,0.186803216762514,0.0486375864994605,0.0612462823931964,0.165694254097883,0.186803216762514,0.999232298054943,1,0.999232298054943,1,1,0,V0,all,0.05,L2-A,moderate,R1,2,E3_04686_V1
1,0.05,0.0189931336859593,5000,5000,5000,249,1302,-8.98135270211989e-05,0.0115467614741091,0.0116010628190605,0.0113744415708105,0.0116908763460817,1.02006390830699,1,1,0.05,0.25951102284145,0,0,0,0,1,1,10,30,1.15470053837925,10,11.5470053837925,1.15470053837925,1,0,104693,42,0.0115470053837925,Gaussian (discarded tail <= 1e-12) / Gaussian (discarded tail <= 1e-12),4693,3,1,10000,1,1,1,1,0,0.0498,0.2604,0.0498,0.2604,0.05,0.25951102284145,0.0441084778641927,0.0561827609671367,0.248423062938998,0.272744819833073,0.0441084778641927,0.0561827609671367,0.248423062938998,0.272744819833073,0.999232298054943,1,0.999232298054943,1,1,0,V0,all,0.05,L2-A,moderate,R0,2,E3_04693_V1
1,0.05,0.0268603472506489,5000,5000,5000,258,868,-5.16422027984973e-05,0.0163377927648327,0.0112994120073485,0.0164237137097618,0.011351054210147,0.692948303957825,1,1,0.05,0.174187261617935,0,0,0,0,1,1,10,30,1.15470053837925,10,11.5470053837925,1.15470053837925,1,0,104694,42,0.0163299316185545,Gaussian (discarded tail <= 1e-12) / Gaussian (discarded tail <= 1e-12),4694,3,2,10000,1,1,1,1,0,0.0516,0.1736,0.0516,0.1736,0.05,0.174187261617935,0.0458051930526966,0.0580832820516306,0.163352976086676,0.184348179743057,0.0458051930526966,0.0580832820516306,0.163352976086676,0.184348179743057,0.999232298054943,1,0.999232298054943,1,1,0,V0,all,0.05,L2-A,moderate,R1,2,E3_04694_V1
1,0.05,0.0189931336859593,5000,5000,5000,228,1271,-0.0002432784132902,0.0114134268851502,0.0113758905041445,0.0115352484479432,0.0116191689174347,1.0126079210356,1,1,0.05,0.259511022841444,0,0,0,0,1,1.5,10,30,1.73205080756888,10,11.5470053837925,1.15470053837925,1,0,104701,42,0.0115470053837925,Gaussian (discarded tail <= 1e-12) / Gaussian (discarded tail <= 1e-12),4701,3,1,10000,1,1,1,1,0,0.0456,0.2542,0.0456,0.2542,0.05,0.259511022841444,0.0401581122081757,0.0517395753194923,0.242323115589103,0.266454286687087,0.0401581122081757,0.0517395753194923,0.242323115589103,0.266454286687087,0.999232298054943,1,0.999232298054943,1,1,0,V0,all,0.05,L2-A,moderate,R0,2,E3_04701_V1
1,0.05,0.0268603472506489,5000,5000,5000,258,914,-9.18656943809203e-05,0.0164913598586967,0.0114733775212844,0.0166699485987504,0.0115652432156654,0.697504172372617,1,1,0.05,0.174187261617932,0,0,0,0,1,1.5,10,30,1.73205080756888,10,11.5470053837925,1.15470053837925,1,0,104702,42,0.0163299316185545,Gaussian (discarded tail <= 1e-12) / Gaussian (discarded tail <= 1e-12),4702,3,2,10000,1,1,1,1,0,0.0516,0.1828,0.0516,0.1828,0.05,0.174187261617932,0.0458051930526966,0.0580832820516306,0.172331754707912,0.193755275406032,0.0458051930526966,0.0580832820516306,0.172331754707912,0.193755275406032,0.999232298054943,1,0.999232298054943,1,1,0,V0,all,0.05,L2-A,moderate,R1,2,E3_04702_V1
1,0.05,0.0189931336859593,5000,5000,5000,243,1301,4.60956678748543e-05,0.0115580677329599,0.0115029859510954,0.0113976257308216,0.0114568902832205,0.998149803922644,1,1,0.05,0.25951102284145,0,0,0,0,1,2,10,30,2.3094010767585,10,11.5470053837925,1.15470053837925,1,0,104709,42,0.0115470053837925,Gaussian (discarded tail <= 1e-12) / Gaussian (discarded tail <= 1e-12),4709,3,1,10000,1,1,1,1,0,0.0486,0.2602,0.0486,0.2602,0.05,0.25951102284145,0.0429785323075291,0.0549145490084684,0.248226240927895,0.272541948924955,0.0429785323075291,0.0549145490084684,0.248226240927895,0.272541948924955,0.999232298054943,1,0.999232298054943,1,1,0,V0,all,0.05,L2-A,moderate,R0,2,E3_04709_V1
1,0.05,0.0268603472506489,5000,5000,5000,249,852,-0.0001015696080929,0.016121421189162,0.0112723973870323,0.016352499498357,0.0113739669951252,0.70048080466516,1,1,0.05,0.174187261617935,0,0,0,0,1,2,10,30,2.3094010767585,10,11.5470053837925,1.15470053837925,1,0,104710,42,0.0163299316185545,Gaussian (discarded tail <= 1e-12) / Gaussian (discarded tail <= 1e-12),4710,3,2,10000,1,1,1,1,0,0.0498,0.1704,0.0498,0.1704,0.05,0.174187261617935,0.0441084778641927,0.0561827609671367,0.160232414549889,0.181073654572292,0.0441084778641927,0.0561827609671367,0.160232414549889,0.181073654572292,0.999232298054943,1,0.999232298054943,1,1,0,V0,all,0.05,L2-A,moderate,R1,2,E3_04710_V1
1,0.05,0.0189931336859593,5000,5000,5000,236,1285,9.43375498906995e-07,0.0114583111621301,0.0114809606700243,0.0114490740184986,0.0114800172945254,1.00229827810289,1,1,0.05,0.259511022841437,0,0,0,0,1,3,10,30,3.46410161513775,10,11.5470053837925,1.15470053837925,1,0,104717,42,0.0115470053837925,Gaussian (discarded tail <= 1e-12) / Gaussian (discarded tail <= 1e-12),4717,3,1,10000,1,1,1,1,0,0.0472,0.257,0.0472,0.257,0.05,0.259511022841437,0.0416615258049748,0.0534337050764689,0.245077536104831,0.269295567040467,0.0416615258049748,0.0534337050764689,0.245077536104831,0.269295567040467,0.999232298054943,1,0.999232298054943,1,1,0,V0,all,0.05,L2-A,moderate,R0,2,E3_04717_V1
1,0.05,0.0268603472506489,5000,5000,5000,259,832,-0.0001680661084926,0.0162906866734705,0.011552006337061,0.0163053093947095,0.0117200724455536,0.719111098291259,1,1,0.05,0.174187261617928,0,0,0,0,1,3,10,30,3.46410161513775,10,11.5470053837925,1.15470053837925,1,0,104718,42,0.0163299316185545,Gaussian (discarded tail <= 1e-12) / Gaussian (discarded tail <= 1e-12),4718,3,2,10000,1,1,1,1,0,0.0518,0.1664,0.0518,0.1664,0.05,0.174187261617928,0.045993846130679,0.0582943218928702,0.15633358992113,0.176978620816613,0.045993846130679,0.0582943218928702,0.15633358992113,0.176978620816613,0.999232298054943,1,0.999232298054943,1,1,0,V0,all,0.05,L2-A,moderate,R1,2,E3_04718_V1
1,0.05,0.0214720391450709,5000,5000,5000,239,1322,7.21034041004245e-05,0.0128523149576515,0.0131559180990535,0.0129214331135232,0.0130838146949531,1.01527861697916,1,1,0.05,0.259511022841442,0,0,0,0,1,0.5,10,40,0.652703644666139,10,13.0540728933228,1.30540728933228,1,0,104925,42,0.0130540728933228,Gaussian (discarded tail <= 1e-12) / Gaussian (discarded tail <= 1e-12),4925,3,1,10000,1,1,1,1,0,0.0478,0.2644,0.0478,0.2644,0.05,0.259511022841442,0.0422257872975776,0.054068522341532,0.252360187610705,0.276801553545806,0.0422257872975776,0.054068522341532,0.252360187610705,0.276801553545806,0.999232298054943,1,0.999232298054943,1,1,0,V0,all,0.05,L2-A,moderate,R0,2,E3_04925_V1
1,0.05,0.0303660489707653,5000,5000,5000,244,854,0.0002460131389077,0.0181485390656973,0.0131001146738579,0.0184517969385252,0.0128541015349501,0.702379362061149,1,1,0.05,0.174187261617931,0,0,0,0,1,0.5,10,40,0.652703644666139,10,13.0540728933228,1.30540728933228,1,0,104926,42,0.0184612469299441,Gaussian (discarded tail <= 1e-12) / Gaussian (discarded tail <= 1e-12),4926,3,2,10000,1,1,1,1,0,0.0488,0.1708,0.0488,0.1708,0.05,0.174187261617931,0.0431667882318987,0.0551259860033208,0.16062241248389,0.181483042476736,0.0431667882318987,0.0551259860033208,0.16062241248389,0.181483042476736,0.999232298054943,1,0.999232298054943,1,1,0,V0,all,0.05,L2-A,moderate,R1,2,E3_04926_V1
1,0.05,0.0214720391450709,5000,5000,5000,256,1298,0.0005373897212375,0.012954563773854,0.0129321407158651,0.0131457087403063,0.0123947509946275,0.949753962508218,1,1,0.05,0.25951102284144,0,0,0,0,1,1,10,40,1.30540728933228,10,13.0540728933228,1.30540728933228,1,0,104933,42,0.0130540728933228,Gaussian (discarded tail <= 1e-12) / Gaussian (discarded tail <= 1e-12),4933,3,1,10000,1,1,1,1,0,0.0512,0.2596,0.0512,0.2596,0.05,0.25951102284144,0.0454279633979573,0.057661125867926,0.247635794566596,0.271933316528588,0.0454279633979573,0.057661125867926,0.247635794566596,0.271933316528588,0.999232298054943,1,0.999232298054943,1,1,0,V0,all,0.05,L2-A,moderate,R0,2,E3_04933_V1
1,0.05,0.0303660489707653,5000,5000,5000,277,883,0.0002124495724231,0.0184663608468616,0.0130630370702385,0.0187565952884648,0.0128505874978153,0.690444726404768,1,1,0.05,0.17418726161793,0,0,0,0,1,1,10,40,1.30540728933228,10,13.0540728933228,1.30540728933228,1,0,104934,42,0.0184612469299441,Gaussian (discarded tail <= 1e-12) / Gaussian (discarded tail <= 1e-12),4934,3,2,10000,1,1,1,1,0,0.0554,0.1766,0.0554,0.1766,0.05,0.17418726161793,0.0493938020932845,0.0620888384762603,0.166279686757437,0.187416862860626,0.0493938020932845,0.0620888384762603,0.166279686757437,0.187416862860626,0.999232298054943,1,0.999232298054943,1,1,0,V0,all,0.05,L2-A,moderate,R1,2,E3_04934_V1
1,0.05,0.0214720391450709,5000,5000,5000,247,1329,-8.69145395490549e-05,0.0130753475469653,0.013186925887441,0.0132118424260645,0.0132738404269901,1.00989580877706,1,1,0.05,0.259511022841445,0,0,0,0,1,1.5,10,40,1.95811093399842,10,13.0540728933228,1.30540728933228,1,0,104941,42,0.0130540728933228,Gaussian (discarded tail <= 1e-12) / Gaussian (discarded tail <= 1e-12),4941,3,1,10000,1,1,1,1,0,0.0494,0.2658,0.0494,0.2658,0.05,0.259511022841445,0.043731720637967,0.0557601323549184,0.253738487144955,0.278221104446109,0.043731720637967,0.0557601323549184,0.253738487144955,0.278221104446109,0.999232298054943,1,0.999232298054943,1,1,0,V0,all,0.05,L2-A,moderate,R0,2,E3_04941_V1
1,0.05,0.0303660489707653,5000,5000,5000,244,870,2.656887557918e-06,0.0181414518996837,0.0129710075202778,0.0185348096633712,0.0129683506327199,0.707138856561121,1,1,0.05,0.174187261617933,0,0,0,0,1,1.5,10,40,1.95811093399842,10,13.0540728933228,1.30540728933228,1,0,104942,42,0.0184612469299441,Gaussian (discarded tail <= 1e-12) / Gaussian (discarded tail <= 1e-12),4942,3,2,10000,1,1,1,1,0,0.0488,0.174,0.0488,0.174,0.05,0.174187261617933,0.0431667882318987,0.0551259860033208,0.163743138502106,0.184757403166071,0.0431667882318987,0.0551259860033208,0.163743138502106,0.184757403166071,0.999232298054943,1,0.999232298054943,1,1,0,V0,all,0.05,L2-A,moderate,R1,2,E3_04942_V1
1,0.05,0.0214720391450709,5000,5000,5000,238,1259,-0.0001583789048536,0.0129825158448442,0.0130238473227467,0.0130069376978966,0.0131822262276004,1.01442844005495,1,1,0.05,0.259511022841445,0,0,0,0,1,2,10,40,2.61081457866456,10,13.0540728933228,1.30540728933228,1,0,104949,42,0.0130540728933228,Gaussian (discarded tail <= 1e-12) / Gaussian (discarded tail <= 1e-12),4949,3,1,10000,1,1,1,1,0,0.0476,0.2518,0.0476,0.2518,0.05,0.259511022841445,0.0420376715417821,0.0538569451781056,0.239962706495223,0.264018380750303,0.0420376715417821,0.0538569451781056,0.239962706495223,0.264018380750303,0.999232298054943,1,0.999232298054943,1,1,0,V0,all,0.05,L2-A,moderate,R0,2,E3_04949_V1
1,0.05,0.0303660489707653,5000,5000,5000,229,869,-0.0003414988455575,0.0183158974226158,0.0130022077817244,0.0185632436231985,0.0133437066272819,0.723628920777924,1,1,0.05,0.174187261617933,0,0,0,0,1,2,10,40,2.61081457866456,10,13.0540728933228,1.30540728933228,1,0,104950,42,0.0184612469299441,Gaussian (discarded tail <= 1e-12) / Gaussian (discarded tail <= 1e-12),4950,3,2,10000,1,1,1,1,0,0.0458,0.1738,0.0458,0.1738,0.05,0.174187261617933,0.0403459347014957,0.0519514457453942,0.163548054752482,0.184552793996473,0.0403459347014957,0.0519514457453942,0.163548054752482,0.184552793996473,0.999232298054943,1,0.999232298054943,1,1,0,V0,all,0.05,L2-A,moderate,R1,2,E3_04950_V1
1,0.05,0.0214720391450709,5000,5000,5000,238,1290,0.0001901580630292,0.013125249877386,0.0129184911460756,0.0132254462236597,0.0127283330830464,0.966064882666332,1,1,0.05,0.259511022841434,0,0,0,0,1,3,10,40,3.91622186799684,10,13.0540728933228,1.30540728933228,1,0,104957,42,0.0130540728933228,Gaussian (discarded tail <= 1e-12) / Gaussian (discarded tail <= 1e-12),4957,3,1,10000,1,1,1,1,0,0.0476,0.258,0.0476,0.258,0.05,0.259511022841434,0.0420376715417821,0.0538569451781056,0.246061415631469,0.270310152109939,0.0420376715417821,0.0538569451781056,0.246061415631469,0.270310152109939,0.999232298054943,1,0.999232298054943,1,1,0,V0,all,0.05,L2-A,moderate,R0,2,E3_04957_V1
1,0.05,0.0303660489707653,5000,5000,5000,233,871,-0.0002732906970406,0.0183779157140004,0.0129650256084587,0.0184830248237812,0.0132383163054994,0.718281318481103,1,1,0.05,0.174187261617926,0,0,0,0,1,3,10,40,3.91622186799684,10,13.0540728933228,1.30540728933228,1,0,104958,42,0.0184612469299441,Gaussian (discarded tail <= 1e-12) / Gaussian (discarded tail <= 1e-12),4958,3,2,10000,1,1,1,1,0,0.0466,0.1742,0.0466,0.1742,0.05,0.174187261617926,0.0410975242290518,0.052798627894726,0.163938227328638,0.184962007258761,0.0410975242290518,0.052798627894726,0.163938227328638,0.184962007258761,0.999232298054943,1,0.999232298054943,1,1,0,V0,all,0.05,L2-A,moderate,R1,2,E3_04958_V1
1,0.05,0.0255893797914617,5000,5000,5000,253,1357,-5.67181947638382e-05,0.015516049035459,0.0157496587213491,0.015846549786833,0.015806376916113,1.00792025719098,1,1,0.05,0.259511022841444,0,0,0,0,1,0.5,10,50,0.777861913430206,10,15.5572382686041,1.55572382686041,1,0,105165,42,0.0155572382686041,Gaussian (discarded tail <= 1e-12) / Gaussian (discarded tail <= 1e-12),5165,3,1,10000,1,1,1,1,0,0.0506,0.2714,0.0506,0.2714,0.05,0.259511022841444,0.0448623122901981,0.0570276982180192,0.259253250610983,0.283897742718297,0.0448623122901981,0.0570276982180192,0.259253250610983,0.283897742718297,0.999232298054943,1,0.999232298054943,1,1,0,V0,all,0.05,L2-A,moderate,R0,2,E3_05165_V1
1,0.05,0.0361888479538012,5000,5000,5000,264,856,4.61888541288678e-05,0.0221145266596753,0.015564488291527,0.0220070269825857,0.0155182994373981,0.703431864757782,1,1,0.05,0.174187261617932,0,0,0,0,1,0.5,10,50,0.777861913430206,10,15.5572382686041,1.55572382686041,1,0,105166,42,0.0220012573525297,Gaussian (discarded tail <= 1e-12) / Gaussian (discarded tail <= 1e-12),5166,3,2,10000,1,1,1,1,0,0.0528,0.1712,0.0528,0.1712,0.05,0.174187261617932,0.0469374885167706,0.0593491441028885,0.161012431177541,0.181892409621529,0.0469374885167706,0.0593491441028885,0.161012431177541,0.181892409621529,0.999232298054943,1,0.999232298054943,1,1,0,V0,all,0.05,L2-A,moderate,R1,2,E3_05166_V1
1,0.05,0.0255893797914617,5000,5000,5000,248,1362,-7.64464505609588e-05,0.0154610244125607,0.0157511582331129,0.0156024657400219,0.0158276046836739,1.01903813997687,1,1,0.05,0.259511022841446,0,0,0,0,1,1,10,50,1.55572382686041,10,15.5572382686041,1.55572382686041,1,0,105173,42,0.0155572382686041,Gaussian (discarded tail <= 1e-12) / Gaussian (discarded tail <= 1e-12),5173,3,1,10000,1,1,1,1,0,0.0496,0.2724,0.0496,0.2724,0.05,0.259511022841446,0.0439200857923503,0.0559714601197571,0.260238290880116,0.284911167045274,0.0439200857923503,0.0559714601197571,0.260238290880116,0.284911167045274,0.999232298054943,1,0.999232298054943,1,1,0,V0,all,0.05,L2-A,moderate,R0,2,E3_05173_V1
1,0.05,0.0361888479538012,5000,5000,5000,230,835,-0.0003954198518126,0.0220661727013178,0.0153770338331318,0.0217160459078791,0.0157724536849444,0.720472825223309,1,1,0.05,0.174187261617933,0,0,0,0,1,1,10,50,1.55572382686041,10,15.5572382686041,1.55572382686041,1,0,105174,42,0.0220012573525297,Gaussian (discarded tail <= 1e-12) / Gaussian (discarded tail <= 1e-12),5174,3,2,10000,1,1,1,1,0,0.046,0.167,0.046,0.167,0.05,0.174187261617933,0.0405337873353779,0.052163286030734,0.156918278568843,0.177593010926566,0.0405337873353779,0.052163286030734,0.156918278568843,0.177593010926566,0.999232298054943,1,0.999232298054943,1,1,0,V0,all,0.05,L2-A,moderate,R1,2,E3_05174_V1
1,0.05,0.0255893797914617,5000,5000,5000,261,1312,-0.0003839956746766,0.0158536978321041,0.0155060093187333,0.0156500706131821,0.0158900049934099,1.00874745228372,1,1,0.05,0.259511022841446,0,0,0,0,1,1.5,10,50,2.33358574029062,10,15.5572382686041,1.55572382686041,1,0,105181,42,0.0155572382686041,Gaussian (discarded tail <= 1e-12) / Gaussian (discarded tail <= 1e-12),5181,3,1,10000,1,1,1,1,0,0.0522,0.2624,0.0522,0.2624,0.05,0.259511022841446,0.0463712280942276,0.0587163257677656,0.250391462751664,0.274773349212627,0.0463712280942276,0.0587163257677656,0.250391462751664,0.274773349212627,0.999232298054943,1,0.999232298054943,1,1,0,V0,all,0.05,L2-A,moderate,R0,2,E3_05181_V1
1,0.05,0.0361888479538012,5000,5000,5000,233,913,-0.0005164011841899,0.0218205975021085,0.0160714043401587,0.0218676548428002,0.0165878055243487,0.759370998454192,1,1,0.05,0.174187261617933,0,0,0,0,1,1.5,10,50,2.33358574029062,10,15.5572382686041,1.55572382686041,1,0,105182,42,0.0220012573525297,Gaussian (discarded tail <= 1e-12) / Gaussian (discarded tail <= 1e-12),5182,3,2,10000,1,1,1,1,0,0.0466,0.1826,0.0466,0.1826,0.05,0.174187261617933,0.0410975242290518,0.052798627894726,0.17213645384061,0.193550883354113,0.0410975242290518,0.052798627894726,0.17213645384061,0.193550883354113,0.999232298054943,1,0.999232298054943,1,1,0,V0,all,0.05,L2-A,moderate,R1,2,E3_05182_V1
1,0.05,0.0255893797914617,5000,5000,5000,251,1302,-8.11872035948653e-05,0.0158241248703571,0.0156683855434832,0.0157082022020422,0.0157495727470781,0.998940946041798,1,1,0.05,0.259511022841446,0,0,0,0,1,2,10,50,3.11144765372083,10,15.5572382686041,1.55572382686041,1,0,105189,42,0.0155572382686041,Gaussian (discarded tail <= 1e-12) / Gaussian (discarded tail <= 1e-12),5189,3,1,10000,1,1,1,1,0,0.0502,0.2604,0.0502,0.2604,0.05,0.259511022841446,0.0444853421500697,0.0566052825197037,0.248423062938998,0.272744819833073,0.0444853421500697,0.0566052825197037,0.248423062938998,0.272744819833073,0.999232298054943,1,0.999232298054943,1,1,0,V0,all,0.05,L2-A,moderate,R0,2,E3_05189_V1
1,0.05,0.0361888479538012,5000,5000,5000,230,825,-0.0002178794148356,0.0219289259042807,0.0154747291172321,0.0219234416494518,0.0156926085320677,0.715701764112041,1,1,0.05,0.174187261617933,0,0,0,0,1,2,10,50,3.11144765372083,10,15.5572382686041,1.55572382686041,1,0,105190,42,0.0220012573525297,Gaussian (discarded tail <= 1e-12) / Gaussian (discarded tail <= 1e-12),5190,3,2,10000,1,1,1,1,0,0.046,0.165,0.046,0.165,0.05,0.174187261617933,0.0405337873353779,0.052163286030734,0.154969504169594,0.175544856133594,0.0405337873353779,0.052163286030734,0.154969504169594,0.175544856133594,0.999232298054943,1,0.999232298054943,1,1,0,V0,all,0.05,L2-A,moderate,R1,2,E3_05190_V1
1,0.05,0.0255893797914617,5000,5000,5000,259,1268,0.0002299193981823,0.015518319097602,0.0152018053820946,0.0156427143575873,0.0149718859839123,0.960928764420252,1,1,0.05,0.259511022841446,0,0,0,0,1,3,10,50,4.66717148058124,10,15.5572382686041,1.55572382686041,1,0,105197,42,0.0155572382686041,Gaussian (discarded tail <= 1e-12) / Gaussian (discarded tail <= 1e-12),5197,3,1,10000,1,1,1,1,0,0.0518,0.2536,0.0518,0.2536,0.05,0.259511022841446,0.045993846130679,0.0582943218928702,0.241732967875898,0.265845355642626,0.045993846130679,0.0582943218928702,0.241732967875898,0.265845355642626,0.999232298054943,1,0.999232298054943,1,1,0,V0,all,0.05,L2-A,moderate,R0,2,E3_05197_V1
1,0.05,0.0361888479538012,5000,5000,5000,255,857,0.0001804987560445,0.0224033494308963,0.0153570008870653,0.0220109354752543,0.0151765021310208,0.683379675635411,1,1,0.05,0.174187261617933,0,0,0,0,1,3,10,50,4.66717148058124,10,15.5572382686041,1.55572382686041,1,0,105198,42,0.0220012573525297,Gaussian (discarded tail <= 1e-12) / Gaussian (discarded tail <= 1e-12),5198,3,2,10000,1,1,1,1,0,0.051,0.1714,0.051,0.1714,0.05,0.174187261617933,0.0452393871026712,0.0574500092439901,0.161207448291205,0.182097085427087,0.0452393871026712,0.0574500092439901,0.161207448291205,0.182097085427087,0.999232298054943,1,0.999232298054943,1,1,0,V0,all,0.05,L2-A,moderate,R1,2,E3_05198_V1
1,0.05,0.0328970725390295,5000,5000,5000,267,1254,0.000414153982207,0.0200018524791371,0.0197718057798836,0.0197369295677315,0.0193576517976765,0.974223197209252,1,1,0.05,0.259511022841444,0,0,0,0,1,0.5,10,60,1,10,20,2,1,0,105405,42,0.02,Gaussian (discarded tail <= 1e-12) / Gaussian (discarded tail <= 1e-12),5405,3,1,10000,1,1,1,1,0,0.0534,0.2508,0.0534,0.2508,0.05,0.259511022841444,0.0475039707136969,0.0599817406636281,0.23897934628272,0.263003276366697,0.0475039707136969,0.0599817406636281,0.23897934628272,0.263003276366697,0.999232298054943,1,0.999232298054943,1,1,0,V0,all,0.05,L2-A,moderate,R0,2,E3_05405_V1
1,0.05,0.046523486147067,5000,5000,5000,262,925,0.0004633761043327,0.0283785282609262,0.0203503073591457,0.0283128607748898,0.019886931254813,0.701585134940743,1,1,0.05,0.174187261617932,0,0,0,0,1,0.5,10,60,1,10,20,2,1,0,105406,42,0.0282842712474619,Gaussian (discarded tail <= 1e-12) / Gaussian (discarded tail <= 1e-12),5406,3,2,10000,1,1,1,1,0,0.0524,0.185,0.0524,0.185,0.05,0.174187261617932,0.0465599567062765,0.0589272900749386,0.174480379154464,0.196003273070922,0.0465599567062765,0.0589272900749386,0.174480379154464,0.196003273070922,0.999232298054943,1,0.999232298054943,1,1,0,V0,all,0.05,L2-A,moderate,R1,2,E3_05406_V1
1,0.05,0.0328970725390295,5000,5000,5000,259,1308,0.0001781447455939,0.0199098756735406,0.0202815235676711,0.0196728676907181,0.0201033788220771,1.01574659810486,1,1,0.05,0.259511022841444,0,0,0,0,1,1,10,60,2,10,20,2,1,0,105413,42,0.02,Gaussian (discarded tail <= 1e-12) / Gaussian (discarded tail <= 1e-12),5413,3,1,10000,1,1,1,1,0,0.0518,0.2616,0.0518,0.2616,0.05,0.259511022841444,0.045993846130679,0.0582943218928702,0.249604063686812,0.273961976600591,0.045993846130679,0.0582943218928702,0.249604063686812,0.273961976600591,0.999232298054943,1,0.999232298054943,1,1,0,V0,all,0.05,L2-A,moderate,R0,2,E3_05413_V1
1,0.05,0.046523486147067,5000,5000,5000,259,859,0.000561746941578,0.0280134196068285,0.0199063296285373,0.0281876905747098,0.0193445826869593,0.688402404283672,1,1,0.05,0.174187261617932,0,0,0,0,1,1,10,60,2,10,20,2,1,0,105414,42,0.0282842712474619,Gaussian (discarded tail <= 1e-12) / Gaussian (discarded tail <= 1e-12),5414,3,2,10000,1,1,1,1,0,0.0518,0.1718,0.0518,0.1718,0.05,0.174187261617932,0.045993846130679,0.0582943218928702,0.16159749801633,0.182506421540405,0.045993846130679,0.0582943218928702,0.16159749801633,0.182506421540405,0.999232298054943,1,0.999232298054943,1,1,0,V0,all,0.05,L2-A,moderate,R1,2,E3_05414_V1
1,0.05,0.0328970725390295,5000,5000,5000,222,1287,-0.0001842000654758,0.0197054433230065,0.0200092692123224,0.0199207507821162,0.0201934692777983,1.01918297527023,1,1,0.05,0.259511022841444,0,0,0,0,1,1.5,10,60,3,10,20,2,1,0,105421,42,0.02,Gaussian (discarded tail <= 1e-12) / Gaussian (discarded tail <= 1e-12),5421,3,1,10000,1,1,1,1,0,0.0444,0.2574,0.0444,0.2574,0.05,0.259511022841444,0.0390318208814263,0.0504677091309097,0.245471077982608,0.269701411001134,0.0390318208814263,0.0504677091309097,0.245471077982608,0.269701411001134,0.999232298054943,1,0.999232298054943,1,1,0,V0,all,0.05,L2-A,moderate,R0,2,E3_05421_V1
1,0.05,0.046523486147067,5000,5000,5000,274,899,-0.0003845625464417,0.0287813781130625,0.0206918336006865,0.0280464698468155,0.0210763961471283,0.741700933663188,1,1,0.05,0.174187261617932,0,0,0,0,1,1.5,10,60,3,10,20,2,1,0,105422,42,0.0282842712474619,Gaussian (discarded tail <= 1e-12) / Gaussian (discarded tail <= 1e-12),5422,3,2,10000,1,1,1,1,0,0.0548,0.1798,0.0548,0.1798,0.05,0.174187261617932,0.0488266054430001,0.0614569563688788,0.169402748253117,0.190688888072497,0.0488266054430001,0.0614569563688788,0.169402748253117,0.190688888072497,0.999232298054943,1,0.999232298054943,1,1,0,V0,all,0.05,L2-A,moderate,R1,2,E3_05422_V1
1,0.05,0.0328970725390295,5000,5000,5000,244,1332,0.0002903651125422,0.0201405100020203,0.0202830770500448,0.0201920870611271,0.0199927119375026,0.99139143254545,1,1,0.05,0.259511022841444,0,0,0,0,1,2,10,60,4,10,20,2,1,0,105429,42,0.02,Gaussian (discarded tail <= 1e-12) / Gaussian (discarded tail <= 1e-12),5429,3,1,10000,1,1,1,1,0,0.0488,0.2664,0.0488,0.2664,0.05,0.259511022841444,0.0431667882318987,0.0551259860033208,0.254329235148761,0.278829435199969,0.0431667882318987,0.0551259860033208,0.254329235148761,0.278829435199969,0.999232298054943,1,0.999232298054943,1,1,0,V0,all,0.05,L2-A,moderate,R0,2,E3_05429_V1
1,0.05,0.046523486147067,5000,5000,5000,248,856,-3.77524470411847e-06,0.0283440233458374,0.0199251104543189,0.0279590412695945,0.0199288856990231,0.707898228129077,1,1,0.05,0.174187261617932,0,0,0,0,1,2,10,60,4,10,20,2,1,0,105430,42,0.0282842712474619,Gaussian (discarded tail <= 1e-12) / Gaussian (discarded tail <= 1e-12),5430,3,2,10000,1,1,1,1,0,0.0496,0.1712,0.0496,0.1712,0.05,0.174187261617932,0.0439200857923503,0.0559714601197571,0.161012431177541,0.181892409621529,0.0439200857923503,0.0559714601197571,0.161012431177541,0.181892409621529,0.999232298054943,1,0.999232298054943,1,1,0,V0,all,0.05,L2-A,moderate,R1,2,E3_05430_V1
1,0.05,0.0328970725390295,5000,5000,5000,228,1297,-0.0003729011727743,0.0198140982749932,0.0200721848330543,0.0199562009258416,0.0204450860058286,1.02815195798721,1,1,0.05,0.259511022841437,0,0,0,0,1,3,10,60,6,10,20,2,1,0,105437,42,0.02,Gaussian (discarded tail <= 1e-12) / Gaussian (discarded tail <= 1e-12),5437,3,1,10000,1,1,1,1,0,0.0456,0.2594,0.0456,0.2594,0.05,0.259511022841437,0.0401581122081757,0.0517395753194923,0.247438985678348,0.271730432497613,0.0401581122081757,0.0517395753194923,0.247438985678348,0.271730432497613,0.999232298054943,1,0.999232298054943,1,1,0,V0,all,0.05,L2-A,moderate,R0,2,E3_05437_V1
1,0.05,0.046523486147067,5000,5000,5000,259,901,0.0003871748159409,0.0280480358941776,0.0206361521377838,0.0283658202157659,0.0202489773218428,0.71786108798427,1,1,0.05,0.174187261617928,0,0,0,0,1,3,10,60,6,10,20,2,1,0,105438,42,0.0282842712474619,Gaussian (discarded tail <= 1e-12) / Gaussian (discarded tail <= 1e-12),5438,3,2,10000,1,1,1,1,0,0.0518,0.1802,0.0518,0.1802,0.05,0.174187261617928,0.045993846130679,0.0582943218928702,0.169793219407337,0.191097802756722,0.045993846130679,0.0582943218928702,0.169793219407337,0.191097802756722,0.999232298054943,1,0.999232298054943,1,1,0,V0,all,0.05,L2-A,moderate,R1,2,E3_05438_V1
1,0.05,0.0480923027210493,5000,5000,5000,247,1303,-8.33226104567243e-05,0.0290467523500375,0.0293104609489364,0.0289288281157873,0.0293937835593932,1.01400356902374,1,1,0.05,0.259511022841447,0,0,0,0,1,0.5,10,70,1.46190220008154,10,29.2380440016309,2.92380440016309,1,0,105645,42,0.0292380440016309,Gaussian (discarded tail <= 1e-12) / Gaussian (discarded tail <= 1e-12),5645,3,1,10000,1,1,1,1,0,0.0494,0.2606,0.0494,0.2606,0.05,0.259511022841447,0.043731720637967,0.0557601323549184,0.248619888224691,0.272947687466602,0.043731720637967,0.0557601323549184,0.248619888224691,0.272947687466602,0.999232298054943,1,0.999232298054943,1,1,0,V0,all,0.05,L2-A,moderate,R0,2,E3_05645_V1
1,0.05,0.0680127867538604,5000,5000,5000,254,941,-0.000290875754929,0.0412626917689317,0.0301249940971875,0.0421955664195383,0.0304158698521165,0.728842671359421,1,1,0.05,0.174187261617933,0,0,0,0,1,0.5,10,70,1.46190220008154,10,29.2380440016309,2.92380440016309,1,0,105646,42,0.0413488383643677,Gaussian (discarded tail <= 1e-12) / Gaussian (discarded tail <= 1e-12),5646,3,2,10000,1,1,1,1,0,0.0508,0.1882,0.0508,0.1882,0.05,0.174187261617933,0.0450508366853607,0.0572388667420786,0.177606669693984,0.199272069238953,0.0450508366853607,0.0572388667420786,0.177606669693984,0.199272069238953,0.999232298054943,1,0.999232298054943,1,1,0,V0,all,0.05,L2-A,moderate,R1,2,E3_05646_V1
1,0.05,0.0480923027210493,5000,5000,5000,281,1277,0.0010342051469226,0.0296089425414122,0.0287506519140648,0.0292530018846127,0.0277164467671421,0.941726961334777,1,1,0.05,0.259511022841447,0,0,0,0,1,1,10,70,2.92380440016309,10,29.2380440016309,2.92380440016309,1,0,105653,42,0.0292380440016309,Gaussian (discarded tail <= 1e-12) / Gaussian (discarded tail <= 1e-12),5653,3,1,10000,1,1,1,1,0,0.0562,0.2554,0.0562,0.2554,0.05,0.259511022841447,0.0501503861434922,0.0629310261029405,0.243503501470865,0.267672058320657,0.0501503861434922,0.0629310261029405,0.243503501470865,0.267672058320657,0.999232298054943,1,0.999232298054943,1,1,0,V0,all,0.05,L2-A,moderate,R0,2,E3_05653_V1
1,0.05,0.0680127867538604,5000,5000,5000,261,839,-0.0006147526981033,0.0415119784287024,0.0286201074484837,0.0410952440849508,0.029234860146587,0.707794966469186,1,1,0.05,0.174187261617933,0,0,0,0,1,1,10,70,2.92380440016309,10,29.2380440016309,2.92380440016309,1,0,105654,42,0.0413488383643677,Gaussian (discarded tail <= 1e-12) / Gaussian (discarded tail <= 1e-12),5654,3,2,10000,1,1,1,1,0,0.0522,0.1678,0.0522,0.1678,0.05,0.174187261617933,0.0463712280942276,0.0587163257677656,0.157697938033419,0.178412123138877,0.0463712280942276,0.0587163257677656,0.157697938033419,0.178412123138877,0.999232298054943,1,0.999232298054943,1,1,0,V0,all,0.05,L2-A,moderate,R1,2,E3_05654_V1
1,0.05,0.0480923027210493,5000,5000,5000,220,1257,-0.0005132304593942,0.028953519183545,0.028688645817689,0.0293689800071539,0.0292018762770832,1.00136776698566,1,1,0.05,0.259511022841437,0,0,0,0,1,1.5,10,70,4.38570660024463,10,29.2380440016309,2.92380440016309,1,0,105661,42,0.0292380440016309,Gaussian (discarded tail <= 1e-12) / Gaussian (discarded tail <= 1e-12),5661,3,1,10000,1,1,1,1,0,0.044,0.2514,0.044,0.2514,0.05,0.259511022841437,0.0386566403377335,0.0500435038361586,0.239569352238084,0.263612349168998,0.0386566403377335,0.0500435038361586,0.239569352238084,0.263612349168998,0.999232298054943,1,0.999232298054943,1,1,0,V0,all,0.05,L2-A,moderate,R0,2,E3_05661_V1
1,0.05,0.0680127867538604,5000,5000,5000,262,877,0.0003668151947702,0.0418674183399343,0.029512384119803,0.041905828340073,0.0291455689250328,0.695820372650562,1,1,0.05,0.174187261617928,0,0,0,0,1,1.5,10,70,4.38570660024463,10,29.2380440016309,2.92380440016309,1,0,105662,42,0.0413488383643677,Gaussian (discarded tail <= 1e-12) / Gaussian (discarded tail <= 1e-12),5662,3,2,10000,1,1,1,1,0,0.0524,0.1754,0.0524,0.1754,0.05,0.174187261617928,0.0465599567062765,0.0589272900749386,0.165108866518422,0.186189525584309,0.0465599567062765,0.0589272900749386,0.165108866518422,0.186189525584309,0.999232298054943,1,0.999232298054943,1,1,0,V0,all,0.05,L2-A,moderate,R1,2,E3_05662_V1
1,0.05,0.0480923027210493,5000,5000,5000,246,1269,1.00180110870568e-05,0.0290644205343333,0.0283632184921088,0.0296038836321177,0.0283532004810217,0.966518542526903,1,1,0.05,0.259511022841447,0,0,0,0,1,2,10,70,5.84760880032618,10,29.2380440016309,2.92380440016309,1,0,105669,42,0.0292380440016309,Gaussian (discarded tail <= 1e-12) / Gaussian (discarded tail <= 1e-12),5669,3,1,10000,1,1,1,1,0,0.0492,0.2538,0.0492,0.2538,0.05,0.259511022841447,0.0435433825554971,0.0555487775181664,0.241929680423157,0.266048336014589,0.0435433825554971,0.0555487775181664,0.241929680423157,0.266048336014589,0.999232298054943,1,0.999232298054943,1,1,0,V0,all,0.05,L2-A,moderate,R0,2,E3_05669_V1
1,0.05,0.0680127867538604,5000,5000,5000,255,882,0.0004991561115793,0.0419995874316664,0.0304712145971092,0.0411341874263777,0.0299720584855299,0.721017053440503,1,1,0.05,0.174187261617933,0,0,0,0,1,2,10,70,5.84760880032618,10,29.2380440016309,2.92380440016309,1,0,105670,42,0.0413488383643677,Gaussian (discarded tail <= 1e-12) / Gaussian (discarded tail <= 1e-12),5670,3,2,10000,1,1,1,1,0,0.051,0.1764,0.051,0.1764,0.05,0.174187261617933,0.0452393871026712,0.0574500092439901,0.166084537539846,0.187212319158995,0.0452393871026712,0.0574500092439901,0.166084537539846,0.187212319158995,0.999232298054943,1,0.999232298054943,1,1,0,V0,all,0.05,L2-A,moderate,R1,2,E3_05670_V1
1,0.05,0.0480923027210493,5000,5000,5000,240,1297,1.62906631444606e-05,0.0291443854131103,0.0293247306432003,0.0293044003829439,0.0293084399800559,1.00287216401427,1,1,0.05,0.259511022841437,0,0,0,0,1,3,10,70,8.77141320048926,10,29.2380440016309,2.92380440016309,1,0,105677,42,0.0292380440016309,Gaussian (discarded tail <= 1e-12) / Gaussian (discarded tail <= 1e-12),5677,3,1,10000,1,1,1,1,0,0.048,0.2594,0.048,0.2594,0.05,0.259511022841437,0.042413931418708,0.0542800711396237,0.247438985678348,0.271730432497613,0.042413931418708,0.0542800711396237,0.247438985678348,0.271730432497613,0.999232298054943,1,0.999232298054943,1,1,0,V0,all,0.05,L2-A,moderate,R0,2,E3_05677_V1
1,0.05,0.0680127867538604,5000,5000,5000,237,923,0.0001986965318994,0.0414154893871572,0.0304057399388178,0.0413521307202476,0.0302070434069183,0.729923961017415,1,1,0.05,0.174187261617928,0,0,0,0,1,3,10,70,8.77141320048926,10,29.2380440016309,2.92380440016309,1,0,105678,42,0.0413488383643677,Gaussian (discarded tail <= 1e-12) / Gaussian (discarded tail <= 1e-12),5678,3,2,10000,1,1,1,1,0,0.0474,0.1846,0.0474,0.1846,0.05,0.174187261617928,0.0418495843205747,0.053645339480091,0.17408967740296,0.195594588983982,0.0418495843205747,0.053645339480091,0.17408967740296,0.195594588983982,0.999232298054943,1,0.999232298054943,1,1,0,V0,all,0.05,L2-A,moderate,R1,2,E3_05678_V1
1,0.05,0.0164485362695147,5000,5000,5000,275,1304,1.34353662502114e-05,0.0100662580564626,0.0100348937501093,0.0099801254163738,0.0100214583838591,0.999817836857698,1,1,0.05,0.259511022841444,0,0,0,0,1,0.5,10,0,0.5,10,10,1,0,1,109725,42,0.01,Gaussian (discarded tail <= 1e-12) / Gaussian (discarded tail <= 1e-12),9725,6,1,10000,1,1,1,1,0,0.055,0.2608,0.055,0.2608,0.05,0.259511022841444,0.0490156477693743,0.0616676069617266,0.248816716782536,0.273150551827979,0.0490156477693743,0.0616676069617266,0.248816716782536,0.273150551827979,0.999232298054943,1,0.999232298054943,1,1,0,V0,all,0.05,L2-B,moderate,R0,2,E3_09725_V1
1,0.05,0.0232617430735335,5000,5000,5000,243,871,-0.0003422129896601,0.0141791132212155,0.0099677403256771,0.0142493868688388,0.0103099533153372,0.72532295290374,1,1,0.05,0.174187261617932,0,0,0,0,1,0.5,10,0,0.5,10,10,1,0,1,109726,42,0.014142135623731,Gaussian (discarded tail <= 1e-12) / Gaussian (discarded tail <= 1e-12),9726,6,2,10000,1,1,1,1,0,0.0486,0.1742,0.0486,0.1742,0.05,0.174187261617932,0.0429785323075291,0.0549145490084684,0.163938227328638,0.184962007258761,0.0429785323075291,0.0549145490084684,0.163938227328638,0.184962007258761,0.999232298054943,1,0.999232298054943,1,1,0,V0,all,0.05,L2-B,moderate,R1,2,E3_09726_V1
1,0.05,0.0164485362695147,5000,5000,5000,253,1291,0.0001134559569069,0.0099423667777992,0.0099140977419232,0.0100106437774599,0.0098006417850162,0.982366483384592,1,1,0.05,0.259511022841444,0,0,0,0,1,1,10,0,1,10,10,1,0,1,109733,42,0.01,Gaussian (discarded tail <= 1e-12) / Gaussian (discarded tail <= 1e-12),9733,6,1,10000,1,1,1,1,0,0.0506,0.2582,0.0506,0.2582,0.05,0.259511022841444,0.0448623122901981,0.0570276982180192,0.246258201459623,0.270513059201007,0.0448623122901981,0.0570276982180192,0.246258201459623,0.270513059201007,0.999232298054943,1,0.999232298054943,1,1,0,V0,all,0.05,L2-B,moderate,R0,2,E3_09733_V1
1,0.05,0.0232617430735335,5000,5000,5000,228,883,9.41882076224371e-05,0.0139880495507092,0.0099786524213315,0.0140845915154402,0.0098844642137091,0.70420205497245,1,1,0.05,0.174187261617932,0,0,0,0,1,1,10,0,1,10,10,1,0,1,109734,42,0.014142135623731,Gaussian (discarded tail <= 1e-12) / Gaussian (discarded tail <= 1e-12),9734,6,2,10000,1,1,1,1,0,0.0456,0.1766,0.0456,0.1766,0.05,0.174187261617932,0.0401581122081757,0.0517395753194923,0.166279686757437,0.187416862860626,0.0401581122081757,0.0517395753194923,0.166279686757437,0.187416862860626,0.999232298054943,1,0.999232298054943,1,1,0,V0,all,0.05,L2-B,moderate,R1,2,E3_09734_V1
1,0.05,0.0164485362695147,5000,5000,5000,246,1280,7.39894112023124e-05,0.0099786311997871,0.0099816001068336,0.009942046548279,0.0099076106956313,0.994704508834077,1,1,0.05,0.259511022841444,0,0,0,0,1,1.5,10,0,1.5,10,10,1,0,1,109741,42,0.01,Gaussian (discarded tail <= 1e-12) / Gaussian (discarded tail <= 1e-12),9741,6,1,10000,1,1,1,1,0,0.0492,0.256,0.0492,0.256,0.05,0.259511022841444,0.0435433825554971,0.0555487775181664,0.244093739499606,0.268280899049582,0.0435433825554971,0.0555487775181664,0.244093739499606,0.268280899049582,0.999232298054943,1,0.999232298054943,1,1,0,V0,all,0.05,L2-B,moderate,R0,2,E3_09741_V1
1,0.05,0.0232617430735335,5000,5000,5000,258,902,0.0001877585796155,0.014115545560457,0.0101350491812753,0.0141244499001359,0.0099472906016597,0.704482415449413,1,1,0.05,0.174187261617932,0,0,0,0,1,1.5,10,0,1.5,10,10,1,0,1,109742,42,0.014142135623731,Gaussian (discarded tail <= 1e-12) / Gaussian (discarded tail <= 1e-12),9742,6,2,10000,1,1,1,1,0,0.0516,0.1804,0.0516,0.1804,0.05,0.174187261617932,0.0458051930526966,0.0580832820516306,0.169988462295871,0.191302252787409,0.0458051930526966,0.0580832820516306,0.169988462295871,0.191302252787409,0.999232298054943,1,0.999232298054943,1,1,0,V0,all,0.05,L2-B,moderate,R1,2,E3_09742_V1
1,0.05,0.0205606703368934,5000,5000,5000,247,998,0.0001421956109287,0.0124089667272291,0.0102817915370671,0.0124947808066695,0.0101395959261384,0.814297985906644,1,1,0.05,0.19909628433143,0,0,0,0,1,2,10,0,2,10,12.5,1.25,0,1,109749,42,0.0125,Gaussian (discarded tail <= 1e-12) / Gaussian (discarded tail <= 1e-12),9749,6,1,10000,1,1,1,1,0,0.0494,0.1996,0.0494,0.1996,0.05,0.19909628433143,0.043731720637967,0.0557601323549184,0.188753563705002,0.210907671623589,0.043731720637967,0.0557601323549184,0.188753563705002,0.210907671623589,0.999232298054943,1,0.999232298054943,1,1,0,V0,all,0.05,L2-B,moderate,R0,2,E3_09749_V1
1,0.05,0.0290771788419169,5000,5000,5000,236,735,0.0003071173873465,0.0175491851652416,0.0103713702745039,0.0177470913734032,0.0100642528871574,0.570263816787651,1,1,0.05,0.140256376014454,0,0,0,0,1,2,10,0,2,10,12.5,1.25,0,1,109750,42,0.0176776695296637,Gaussian (discarded tail <= 1e-12) / Gaussian (discarded tail <= 1e-12),9750,6,2,10000,1,1,1,1,0,0.0472,0.147,0.0472,0.147,0.05,0.140256376014454,0.0416615258049748,0.0534337050764689,0.13745589028313,0.157086107290081,0.0416615258049748,0.0534337050764689,0.13745589028313,0.157086107290081,0.999232298054943,1,0.999232298054943,1,1,0,V0,all,0.05,L2-B,moderate,R1,2,E3_09750_V1
1,0.05,0.0308410055053401,5000,5000,5000,260,673,0.0002060428470045,0.0188176869845363,0.010053111944986,0.0187357054371669,0.0098470690979814,0.524429086086956,1,1,0.05,0.133172229927764,0,0,0,0,1,3,10,0,3,10,18.75,1.875,0,1,109757,42,0.01875,Gaussian (discarded tail <= 1e-12) / Gaussian (discarded tail <= 1e-12),9757,6,1,10000,1,1,1,1,0,0.052,0.1346,0.052,0.1346,0.05,0.133172229927764,0.0461825245236588,0.0585053364191124,0.125419926694782,0.144341109886666,0.0461825245236588,0.0585053364191124,0.125419926694782,0.144341109886666,0.999232298054943,1,0.999232298054943,1,1,0,V0,all,0.05,L2-B,moderate,R0,2,E3_09757_V1
1,0.05,0.0436157682628753,5000,5000,5000,276,480,0.0001910782918645,0.0268716374842839,0.0097139992461776,0.0259920153923686,0.0095229209543131,0.360232499957393,1,1,0.05,0.10244719193094,0,0,0,0,1,3,10,0,3,10,18.75,1.875,0,1,109758,42,0.0265165042944955,Gaussian (discarded tail <= 1e-12) / Gaussian (discarded tail <= 1e-12),9758,6,2,10000,1,1,1,1,0,0.0552,0.096,0.0552,0.096,0.05,0.10244719193094,0.0492047133589802,0.0618782342913426,0.0881418935336837,0.104478409637923,0.0492047133589802,0.0618782342913426,0.0881418935336837,0.104478409637923,0.999232298054943,1,0.999232298054943,1,1,0,V0,all,0.05,L2-B,moderate,R1,2,E3_09758_V1
1,0.05,0.0164485362695147,5000,5000,5000,233,1329,-5.8906814571785e-05,0.0099950427408234,0.0101175606208926,0.0100011691387602,0.0101764674354644,1.01783948071037,1,1,0.05,0.264534768208328,0,0,0,0,1,0.5,10,10,0.507713305942873,10,10,1,0,1,109965,42,0.01,Gaussian (discarded tail <= 1e-12) / Gaussian (discarded tail <= 1e-12),9965,6,1,10000,1,1,1,1,0,0.0466,0.2658,0.0466,0.2658,0.05,0.264534768208328,0.0410975242290518,0.052798627894726,0.253738487144955,0.278221104446109,0.0410975242290518,0.052798627894726,0.253738487144955,0.278221104446109,0.999232298054943,1,0.999232298054943,1,1,0,V0,all,0.05,L2-B,moderate,R0,2,E3_09965_V1
1,0.05,0.0232617430735335,5000,5000,5000,266,898,8.88904656694101e-05,0.0141717889825046,0.0102683564516062,0.0142306468520749,0.0101794659859367,0.716800783438128,1,1,0.05,0.177005174328687,0,0,0,0,1,0.5,10,10,0.507713305942873,10,10,1,0,1,109966,42,0.014142135623731,Gaussian (discarded tail <= 1e-12) / Gaussian (discarded tail <= 1e-12),9966,6,2,10000,1,1,1,1,0,0.0532,0.1796,0.0532,0.1796,0.05,0.177005174328687,0.0473151188916038,0.0597708995664993,0.169207520000107,0.190484423406285,0.0473151188916038,0.0597708995664993,0.169207520000107,0.190484423406285,0.999232298054943,1,0.999232298054943,1,1,0,V0,all,0.05,L2-B,moderate,R1,2,E3_09966_V1
1,0.05,0.0164485362695147,5000,5000,5000,263,1333,0.0001582444077327,0.0100852933274805,0.0102217812239566,0.0101091559330498,0.0100635368162238,0.996662960267581,1,1,0.05,0.264534768208331,0,0,0,0,1,1,10,10,1.01542661188575,10,10,1,0,1,109973,42,0.01,Gaussian (discarded tail <= 1e-12) / Gaussian (discarded tail <= 1e-12),9973,6,1,10000,1,1,1,1,0,0.0526,0.2666,0.0526,0.2666,0.05,0.264534768208331,0.0467487102249782,0.0591382294754589,0.254526157560216,0.279032205707737,0.0467487102249782,0.0591382294754589,0.254526157560216,0.279032205707737,0.999232298054943,1,0.999232298054943,1,1,0,V0,all,0.05,L2-B,moderate,R0,2,E3_09973_V1
1,0.05,0.0232617430735335,5000,5000,5000,241,903,-1.14631099847229e-05,0.0140680458562558,0.0101484191178352,0.0140954193319028,0.01015988222782,0.721493421423392,1,1,0.05,0.177005174328689,0,0,0,0,1,1,10,10,1.01542661188575,10,10,1,0,1,109974,42,0.014142135623731,Gaussian (discarded tail <= 1e-12) / Gaussian (discarded tail <= 1e-12),9974,6,2,10000,1,1,1,1,0,0.0482,0.1806,0.0482,0.1806,0.05,0.177005174328689,0.0426021037376601,0.0544915917398936,0.170183710050268,0.191506697952235,0.0426021037376601,0.0544915917398936,0.170183710050268,0.191506697952235,0.999232298054943,1,0.999232298054943,1,1,0,V0,all,0.05,L2-B,moderate,R1,2,E3_09974_V1
1,0.05,0.0164485362695147,5000,5000,5000,259,1339,-1.33690850898145e-05,0.0100261385624766,0.0103635201008292,0.0101125176262386,0.010376889185919,1.03053487146348,1,1,0.05,0.264534768208324,0,0,0,0,1,1.5,10,10,1.52313991782862,10,10,1,0,1,109981,42,0.01,Gaussian (discarded tail <= 1e-12) / Gaussian (discarded tail <= 1e-12),9981,6,1,10000,1,1,1,1,0,0.0518,0.2678,0.0518,0.2678,0.05,0.264534768208324,0.045993846130679,0.0582943218928702,0.255707759175629,0.280248761607655,0.045993846130679,0.0582943218928702,0.255707759175629,0.280248761607655,0.999232298054943,1,0.999232298054943,1,1,0,V0,all,0.05,L2-B,moderate,R0,2,E3_09981_V1
1,0.05,0.0232617430735335,5000,5000,5000,277,909,0.0001930956479452,0.0142828582910895,0.0100726734145627,0.0142313695691635,0.0098795777666174,0.692956632616665,1,1,0.05,0.177005174328685,0,0,0,0,1,1.5,10,10,1.52313991782862,10,10,1,0,1,109982,42,0.014142135623731,Gaussian (discarded tail <= 1e-12) / Gaussian (discarded tail <= 1e-12),9982,6,2,10000,1,1,1,1,0,0.0554,0.1818,0.0554,0.1818,0.05,0.177005174328685,0.0493938020932845,0.0620888384762603,0.171355298408515,0.192733267109319,0.0493938020932845,0.0620888384762603,0.171355298408515,0.192733267109319,0.999232298054943,1,0.999232298054943,1,1,0,V0,all,0.05,L2-B,moderate,R1,2,E3_09982_V1
1,0.05,0.0208778518182914,5000,5000,5000,264,951,7.14608797999702e-05,0.0128552356959995,0.0100273259796238,0.0125912540251015,0.0099558650998237,0.782452081096917,1,1,0.05,0.199096284331433,0,0,0,0,1,2,10,10,2.03085322377149,10,12.6928326485718,1.26928326485718,0,1,109989,42,0.0126928326485718,Gaussian (discarded tail <= 1e-12) / Gaussian (discarded tail <= 1e-12),9989,6,1,10000,1,1,1,1,0,0.0528,0.1902,0.0528,0.1902,0.05,0.199096284331433,0.0469374885167706,0.0593491441028885,0.179561205048094,0.201314463077063,0.0469374885167706,0.0593491441028885,0.179561205048094,0.201314463077063,0.999232298054943,1,0.999232298054943,1,1,0,V0,all,0.05,L2-B,moderate,R0,2,E3_09989_V1
1,0.05,0.0295257411946435,5000,5000,5000,256,667,-0.0004888984686693,0.0183008233670584,0.0097955299404749,0.0178702239544205,0.0102844284091443,0.568614983769266,1,1,0.05,0.140256376014456,0,0,0,0,1,2,10,10,2.03085322377149,10,12.6928326485718,1.26928326485718,0,1,109990,42,0.0179503760765423,Gaussian (discarded tail <= 1e-12) / Gaussian (discarded tail <= 1e-12),9990,6,2,10000,1,1,1,1,0,0.0512,0.1334,0.0512,0.1334,0.05,0.140256376014456,0.0454279633979573,0.057661125867926,0.124256527774532,0.143106351291584,0.0454279633979573,0.057661125867926,0.124256527774532,0.143106351291584,0.999232298054943,1,0.999232298054943,1,1,0,V0,all,0.05,L2-B,moderate,R1,2,E3_09990_V1
1,0.05,0.0313167777274371,5000,5000,5000,245,654,-0.0001317147360357,0.0189380462774665,0.0100042298544189,0.0187707687614124,0.0101359445904546,0.537584904324624,1,1,0.05,0.133172229927763,0,0,0,0,1,3,10,10,3.04627983565724,10,19.0392489728577,1.90392489728577,0,1,109997,42,0.0190392489728577,Gaussian (discarded tail <= 1e-12) / Gaussian (discarded tail <= 1e-12),9997,6,1,10000,1,1,1,1,0,0.049,0.1308,0.049,0.1308,0.05,0.133172229927763,0.0433550717009474,0.0553373954534942,0.121736702764042,0.140430168352188,0.0433550717009474,0.0553373954534942,0.121736702764042,0.140430168352188,0.999232298054943,1,0.999232298054943,1,1,0,V0,all,0.05,L2-B,moderate,R0,2,E3_09997_V1
1,0.05,0.0442886117919653,5000,5000,5000,277,515,0.0007723171667495,0.0271867358110534,0.0101530995215657,0.0270202647958217,0.0093807823548161,0.34610799395413,1,1,0.05,0.10244719193094,0,0,0,0,1,3,10,10,3.04627983565724,10,19.0392489728577,1.90392489728577,0,1,109998,42,0.0269255641148134,Gaussian (discarded tail <= 1e-12) / Gaussian (discarded tail <= 1e-12),9998,6,2,10000,1,1,1,1,0,0.0554,0.103,0.0554,0.103,0.05,0.10244719193094,0.0493938020932845,0.0620888384762603,0.0948773439088623,0.111732211435513,0.0493938020932845,0.0620888384762603,0.0948773439088623,0.111732211435513,0.999232298054943,1,0.999232298054943,1,1,0,V0,all,0.05,L2-B,moderate,R1,2,E3_09998_V1
1,0.05,0.0164485362695147,5000,5000,5000,247,1354,-0.0001737566448702,0.0100778233542536,0.0104136180089804,0.0099204848195323,0.0105873746538507,1.05879426430132,1,1,0.05,0.280729469000847,0,0,0,0,1,0.5,10,20,0.532088886237956,10,10,1,0,1,110205,42,0.01,Gaussian (discarded tail <= 1e-12) / Gaussian (discarded tail <= 1e-12),10205,6,1,10000,1,1,1,1,0,0.0494,0.2708,0.0494,0.2708,0.05,0.280729469000847,0.043731720637967,0.0557601323549184,0.258662264203562,0.283289650368052,0.043731720637967,0.0557601323549184,0.258662264203562,0.283289650368052,0.999232298054943,1,0.999232298054943,1,1,0,V0,all,0.05,L2-B,moderate,R0,2,E3_10205_V1
1,0.05,0.0232617430735335,5000,5000,5000,257,915,-2.18779200829738e-05,0.0139254989313208,0.0104225113867108,0.0139242311426425,0.0104443893067938,0.750053179562863,1,1,0.05,0.186098312006579,0,0,0,0,1,0.5,10,20,0.532088886237956,10,10,1,0,1,110206,42,0.014142135623731,Gaussian (discarded tail <= 1e-12) / Gaussian (discarded tail <= 1e-12),10206,6,2,10000,1,1,1,1,0,0.0514,0.183,0.0514,0.183,0.05,0.186098312006579,0.0456165654284363,0.057872216756669,0.172527060366691,0.193959662666476,0.0456165654284363,0.057872216756669,0.172527060366691,0.193959662666476,0.999232298054943,1,0.999232298054943,1,1,0,V0,all,0.05,L2-B,moderate,R1,2,E3_10206_V1
1,0.05,0.0164485362695147,5000,5000,5000,258,1444,-0.0002160390495361,0.0101076765601682,0.0107732448777489,0.0100960071893681,0.0109892839272851,1.08784934772034,1,1,0.05,0.280729469000847,0,0,0,0,1,1,10,20,1.06417777247591,10,10,1,0,1,110213,42,0.01,Gaussian (discarded tail <= 1e-12) / Gaussian (discarded tail <= 1e-12),10213,6,1,10000,1,1,1,1,0,0.0516,0.2888,0.0516,0.2888,0.05,0.280729469000847,0.0458051930526966,0.0580832820516306,0.276403950399371,0.301520326902221,0.0458051930526966,0.0580832820516306,0.276403950399371,0.301520326902221,0.999232298054943,1,0.999232298054943,1,1,0,V0,all,0.05,L2-B,moderate,R0,2,E3_10213_V1
1,0.05,0.0232617430735335,5000,5000,5000,248,936,0.0001575300672038,0.0143393183959125,0.0107275782511179,0.0141397950868641,0.010570048183914,0.742283554091595,1,1,0.05,0.186098312006579,0,0,0,0,1,1,10,20,1.06417777247591,10,10,1,0,1,110214,42,0.014142135623731,Gaussian (discarded tail <= 1e-12) / Gaussian (discarded tail <= 1e-12),10214,6,2,10000,1,1,1,1,0,0.0496,0.1872,0.0496,0.1872,0.05,0.186098312006579,0.0439200857923503,0.0559714601197571,0.176629575395588,0.198250698941239,0.0439200857923503,0.0559714601197571,0.176629575395588,0.198250698941239,0.999232298054943,1,0.999232298054943,1,1,0,V0,all,0.05,L2-B,moderate,R1,2,E3_10214_V1
1,0.05,0.0164485362695147,5000,5000,5000,267,1430,-2.82350889400359e-05,0.0101246171674618,0.0106097554193907,0.0101678974344191,0.0106379905083308,1.04846210747612,1,1,0.05,0.280729469000847,0,0,0,0,1,1.5,10,20,1.59626665871387,10,10,1,0,1,110221,42,0.01,Gaussian (discarded tail <= 1e-12) / Gaussian (discarded tail <= 1e-12),10221,6,1,10000,1,1,1,1,0,0.0534,0.286,0.0534,0.286,0.05,0.280729469000847,0.0475039707136969,0.0599817406636281,0.273642515234494,0.298686061197991,0.0475039707136969,0.0599817406636281,0.273642515234494,0.298686061197991,0.999232298054943,1,0.999232298054943,1,1,0,V0,all,0.05,L2-B,moderate,R0,2,E3_10221_V1
1,0.05,0.0232617430735335,5000,5000,5000,255,915,0.0004303637411739,0.0139667011810699,0.0107327379139566,0.0140645250571853,0.0103023741727827,0.735059633164954,1,1,0.05,0.186098312006579,0,0,0,0,1,1.5,10,20,1.59626665871387,10,10,1,0,1,110222,42,0.014142135623731,Gaussian (discarded tail <= 1e-12) / Gaussian (discarded tail <= 1e-12),10222,6,2,10000,1,1,1,1,0,0.051,0.183,0.051,0.183,0.05,0.186098312006579,0.0452393871026712,0.0574500092439901,0.172527060366691,0.193959662666476,0.0452393871026712,0.0574500092439901,0.172527060366691,0.193959662666476,0.999232298054943,1,0.999232298054943,1,1,0,V0,all,0.05,L2-B,moderate,R1,2,E3_10222_V1
1,0.05,0.0218802083597268,5000,5000,5000,213,996,-0.0001414097143425,0.0132145413754211,0.0104419566352046,0.0133603348775842,0.0105833663495471,0.796482134832878,1,1,0.05,0.199096284331426,0,0,0,0,1,2,10,20,2.12835554495182,10,13.3022221559489,1.33022221559489,0,1,110229,42,0.0133022221559489,Gaussian (discarded tail <= 1e-12) / Gaussian (discarded tail <= 1e-12),10229,6,1,10000,1,1,1,1,0,0.0426,0.1992,0.0426,0.1992,0.05,0.199096284331426,0.0373445246956949,0.0485577690436434,0.188362200826565,0.210499648663581,0.0373445246956949,0.0485577690436434,0.188362200826565,0.210499648663581,0.999232298054943,1,0.999232298054943,1,1,0,V0,all,0.05,L2-B,moderate,R0,2,E3_10229_V1
1,0.05,0.0309432874098748,5000,5000,5000,230,753,-0.0001575896864507,0.0186476035146804,0.0108727116519872,0.0191705950477874,0.0110303013384379,0.583277214140088,1,1,0.05,0.140256376014451,0,0,0,0,1,2,10,20,2.12835554495182,10,13.3022221559489,1.33022221559489,0,1,110230,42,0.0188121829826428,Gaussian (discarded tail <= 1e-12) / Gaussian (discarded tail <= 1e-12),10230,6,2,10000,1,1,1,1,0,0.046,0.1506,0.046,0.1506,0.05,0.140256376014451,0.0405337873353779,0.052163286030734,0.140954804448245,0.160781665670961,0.0405337873353779,0.052163286030734,0.140954804448245,0.160781665670961,0.999232298054943,1,0.999232298054943,1,1,0,V0,all,0.05,L2-B,moderate,R1,2,E3_10230_V1
1,0.05,0.0328203125395902,5000,5000,5000,257,620,0.0002549800713517,0.0202526423024762,0.0104149432517686,0.0198401580302175,0.0101599631804168,0.506795506111328,1,1,0.05,0.133172229927764,0,0,0,0,1,3,10,20,3.19253331742774,10,19.9533332339233,1.99533332339233,0,1,110237,42,0.0199533332339233,Gaussian (discarded tail <= 1e-12) / Gaussian (discarded tail <= 1e-12),10237,6,1,10000,1,1,1,1,0,0.0514,0.124,0.0514,0.124,0.05,0.133172229927764,0.0456165654284363,0.057872216756669,0.115152235498449,0.133425076364234,0.0456165654284363,0.057872216756669,0.115152235498449,0.133425076364234,0.999232298054943,1,0.999232298054943,1,1,0,V0,all,0.05,L2-B,moderate,R0,2,E3_10237_V1
1,0.05,0.0464149311148122,5000,5000,5000,272,492,0.0002608339590762,0.0285598871633734,0.0106631395921879,0.027818819598092,0.0104023056331117,0.368983529724476,1,1,0.05,0.10244719193094,0,0,0,0,1,3,10,20,3.19253331742774,10,19.9533332339233,1.99533332339233,0,1,110238,42,0.0282182744739642,Gaussian (discarded tail <= 1e-12) / Gaussian (discarded tail <= 1e-12),10238,6,2,10000,1,1,1,1,0,0.0544,0.0984,0.0544,0.0984,0.05,0.10244719193094,0.0484485910594409,0.061035584913994,0.0904497616652761,0.106966856536994,0.0484485910594409,0.061035584913994,0.0904497616652761,0.106966856536994,0.999232298054943,1,0.999232298054943,1,1,0,V0,all,0.05,L2-B,moderate,R1,2,E3_10238_V1
1,0.05,0.0164485362695147,5000,5000,5000,245,1521,3.9309550360269e-05,0.00990626377853,0.0113886830350681,0.0100962867158338,0.0113493734847078,1.13474143100455,1,1,0.05,0.312012786818457,0,0,0,0,1,0.5,10,30,0.577350269189626,10,10,1,0,1,110445,42,0.01,Gaussian (discarded tail <= 1e-12) / Gaussian (discarded tail <= 1e-12),10445,6,1,10000,1,1,1,1,0,0.049,0.3042,0.049,0.3042,0.05,0.312012786818457,0.0433550717009474,0.0553373954534942,0.291602131841533,0.317098500240151,0.0433550717009474,0.0553373954534942,0.291602131841533,0.317098500240151,0.999232298054943,1,0.999232298054943,1,1,0,V0,all,0.05,L2-B,moderate,R0,2,E3_10445_V1
1,0.05,0.0232617430735335,5000,5000,5000,276,1014,0.0001136353975004,0.0142960273962802,0.0117414748384105,0.0140809146974014,0.0116278394409101,0.819503759210502,1,1,0.05,0.20373416246304,0,0,0,0,1,0.5,10,30,0.577350269189626,10,10,1,0,1,110446,42,0.014142135623731,Gaussian (discarded tail <= 1e-12) / Gaussian (discarded tail <= 1e-12),10446,6,2,10000,1,1,1,1,0,0.0552,0.2028,0.0552,0.2028,0.05,0.20373416246304,0.0492047133589802,0.0618782342913426,0.191885087423063,0.214171234613079,0.0492047133589802,0.0618782342913426,0.191885087423063,0.214171234613079,0.999232298054943,1,0.999232298054943,1,1,0,V0,all,0.05,L2-B,moderate,R1,2,E3_10446_V1
1,0.05,0.0164485362695147,5000,5000,5000,226,1526,3.12428072873148e-05,0.0098273681750372,0.0113587332334167,0.0099963192611647,0.0113274904261294,1.14278224897205,1,1,0.05,0.312012786818461,0,0,0,0,1,1,10,30,1.15470053837925,10,10,1,0,1,110453,42,0.01,Gaussian (discarded tail <= 1e-12) / Gaussian (discarded tail <= 1e-12),10453,6,1,10000,1,1,1,1,0,0.0452,0.3052,0.0452,0.3052,0.05,0.312012786818461,0.0397825583978506,0.0513157432913734,0.292589617518051,0.318109479159744,0.0397825583978506,0.0513157432913734,0.292589617518051,0.318109479159744,0.999232298054943,1,0.999232298054943,1,1,0,V0,all,0.05,L2-B,moderate,R0,2,E3_10453_V1
1,0.05,0.0232617430735335,5000,5000,5000,251,1008,0.0002730614495826,0.0140459981221354,0.0117033158390839,0.0138801653049313,0.0114302543895013,0.818590988522044,1,1,0.05,0.203734162463043,0,0,0,0,1,1,10,30,1.15470053837925,10,10,1,0,1,110454,42,0.014142135623731,Gaussian (discarded tail <= 1e-12) / Gaussian (discarded tail <= 1e-12),10454,6,2,10000,1,1,1,1,0,0.0502,0.2016,0.0502,0.2016,0.05,0.203734162463043,0.0444853421500697,0.0566052825197037,0.190710637295328,0.212947527225482,0.0444853421500697,0.0566052825197037,0.190710637295328,0.212947527225482,0.999232298054943,1,0.999232298054943,1,1,0,V0,all,0.05,L2-B,moderate,R1,2,E3_10454_V1
1,0.05,0.0178060628305868,5000,5000,5000,280,1403,0.0001873047404206,0.0110106023752761,0.0117300462080511,0.0107321537179655,0.0115427414676305,1.06166807852856,1,1,0.05,0.281568950726486,0,0,0,0,1,1.5,10,30,1.73205080756888,10,10.8253175473055,1.08253175473055,0,1,110461,42,0.0108253175473055,Gaussian (discarded tail <= 1e-12) / Gaussian (discarded tail <= 1e-12),10461,6,1,10000,1,1,1,1,0,0.056,0.2806,0.056,0.2806,0.05,0.281568950726486,0.0499612059948101,0.0627205133324006,0.268318555132173,0.293218312481318,0.0499612059948101,0.0627205133324006,0.268318555132173,0.293218312481318,0.999232298054943,1,0.999232298054943,1,1,0,V0,all,0.05,L2-B,moderate,R0,2,E3_10461_V1
1,0.05,0.0251815755474834,5000,5000,5000,266,926,0.0001578042110938,0.0153861443069183,0.0111981722581726,0.0153699118418333,0.0110403680470788,0.717931223432495,1,1,0.05,0.186570183969615,0,0,0,0,1,1.5,10,30,1.73205080756888,10,10.8253175473055,1.08253175473055,0,1,110462,42,0.0153093108923949,Gaussian (discarded tail <= 1e-12) / Gaussian (discarded tail <= 1e-12),10462,6,2,10000,1,1,1,1,0,0.0532,0.1852,0.0532,0.1852,0.05,0.186570183969615,0.0473151188916038,0.0597708995664993,0.1746757371213,0.196207608023308,0.0473151188916038,0.0597708995664993,0.1746757371213,0.196207608023308,0.999232298054943,1,0.999232298054943,1,1,0,V0,all,0.05,L2-B,moderate,R1,2,E3_10462_V1
1,0.05,0.0237414171074491,5000,5000,5000,266,994,-0.0001011319081274,0.0146460644021274,0.0117291667507904,0.0141901692760551,0.0118302986589179,0.820413690465335,1,1,0.05,0.199096284331434,0,0,0,0,1,2,10,30,2.3094010767585,10,14.4337567297406,1.44337567297406,0,1,110469,42,0.0144337567297406,Gaussian (discarded tail <= 1e-12) / Gaussian (discarded tail <= 1e-12),10469,6,1,10000,1,1,1,1,0,0.0532,0.1988,0.0532,0.1988,0.05,0.199096284331434,0.0473151188916038,0.0597708995664993,0.187970855318915,0.210091608332787,0.0473151188916038,0.0597708995664993,0.187970855318915,0.210091608332787,0.999232298054943,1,0.999232298054943,1,1,0,V0,all,0.05,L2-B,moderate,R0,2,E3_10469_V1
1,0.05,0.0335754340633112,5000,5000,5000,268,685,0.000409020079845,0.0202672461184576,0.0113417725906431,0.0205622009861483,0.010932752510798,0.53551875042492,1,1,0.05,0.140256376014456,0,0,0,0,1,2,10,30,2.3094010767585,10,14.4337567297406,1.44337567297406,0,1,110470,42,0.0204124145231932,Gaussian (discarded tail <= 1e-12) / Gaussian (discarded tail <= 1e-12),10470,6,2,10000,1,1,1,1,0,0.0536,0.137,0.0536,0.137,0.05,0.140256376014456,0.0476928467869534,0.0601925575095936,0.127747472898189,0.146809878713923,0.0476928467869534,0.0601925575095936,0.127747472898189,0.146809878713923,0.999232298054943,1,0.999232298054943,1,1,0,V0,all,0.05,L2-B,moderate,R1,2,E3_10470_V1
1,0.05,0.0356121256611737,5000,5000,5000,254,685,-7.08838867979733e-05,0.0218497595088482,0.0113847045362066,0.022057965807059,0.0114555884230045,0.521796998111914,1,1,0.05,0.133172229927764,0,0,0,0,1,3,10,30,3.46410161513775,10,21.650635094611,2.1650635094611,0,1,110477,42,0.021650635094611,Gaussian (discarded tail <= 1e-12) / Gaussian (discarded tail <= 1e-12),10477,6,1,10000,1,1,1,1,0,0.0508,0.137,0.0508,0.137,0.05,0.133172229927764,0.0450508366853607,0.0572388667420786,0.127747472898189,0.146809878713923,0.0450508366853607,0.0572388667420786,0.127747472898189,0.146809878713923,0.999232298054943,1,0.999232298054943,1,1,0,V0,all,0.05,L2-B,moderate,R0,2,E3_10477_V1
1,0.05,0.0503631510949668,5000,5000,5000,270,519,7.93030672052163e-05,0.0307755277973985,0.0125467293773669,0.0302420960272331,0.0124674263101617,0.408634395495579,1,1,0.05,0.10244719193094,0,0,0,0,1,3,10,30,3.46410161513775,10,21.650635094611,2.1650635094611,0,1,110478,42,0.0306186217847897,Gaussian (discarded tail <= 1e-12) / Gaussian (discarded tail <= 1e-12),10478,6,2,10000,1,1,1,1,0,0.054,0.1038,0.054,0.1038,0.05,0.10244719193094,0.0480706711782013,0.0606141189567897,0.0956478984489612,0.112560428572302,0.0480706711782013,0.0606141189567897,0.0956478984489612,0.112560428572302,0.999232298054943,1,0.999232298054943,1,1,0,V0,all,0.05,L2-B,moderate,R1,2,E3_10478_V1
1,0.05,0.0164485362695147,5000,5000,5000,278,1888,0.0002086610435746,0.010065148306759,0.0131982258632176,0.0099346836206577,0.0129895648196429,1.29893976121128,1,1,0.05,0.36713675803819,0,0,0,0,1,0.5,10,40,0.652703644666139,10,10,1,0,1,110685,42,0.01,Gaussian (discarded tail <= 1e-12) / Gaussian (discarded tail <= 1e-12),10685,6,1,10000,1,1,1,1,0,0.0556,0.3776,0.0556,0.3776,0.05,0.36713675803819,0.0495829138548093,0.0622994196339575,0.364261439416185,0.391126494019965,0.0495829138548093,0.0622994196339575,0.364261439416185,0.391126494019965,0.999232298054943,1,0.999232298054943,1,1,0,V0,all,0.05,L2-B,moderate,R0,2,E3_10685_V1
1,0.05,0.0232617430735335,5000,5000,5000,219,1177,-0.0003572923116067,0.0139012953113783,0.0131568752336768,0.0141393336531784,0.0135141675452835,0.96386430177684,1,1,0.05,0.235211405582591,0,0,0,0,1,0.5,10,40,0.652703644666139,10,10,1,0,1,110686,42,0.014142135623731,Gaussian (discarded tail <= 1e-12) / Gaussian (discarded tail <= 1e-12),10686,6,2,10000,1,1,1,1,0,0.0438,0.2354,0.0438,0.2354,0.05,0.235211405582591,0.0384690978287313,0.0498313534259389,0.223846539591567,0.247359728277757,0.0384690978287313,0.0498313534259389,0.223846539591567,0.247359728277757,0.999232298054943,1,0.999232298054943,1,1,0,V0,all,0.05,L2-B,moderate,R1,2,E3_10686_V1
1,0.05,0.0164485362695147,5000,5000,5000,262,1865,-1.39705841185859e-05,0.0100176229343379,0.0131127935335129,0.0101629313646171,0.0131267641176314,1.30089824602003,1,1,0.05,0.367136758038186,0,0,0,0,1,1,10,40,1.30540728933228,10,10,1,0,1,110693,42,0.01,Gaussian (discarded tail <= 1e-12) / Gaussian (discarded tail <= 1e-12),10693,6,1,10000,1,1,1,1,0,0.0524,0.373,0.0524,0.373,0.05,0.367136758038186,0.0465599567062765,0.0589272900749386,0.359697769512415,0.38649722678163,0.0465599567062765,0.0589272900749386,0.359697769512415,0.38649722678163,0.999232298054943,1,0.999232298054943,1,1,0,V0,all,0.05,L2-B,moderate,R0,2,E3_10693_V1
1,0.05,0.0232617430735335,5000,5000,5000,274,1149,0.000432609263635,0.0140946155979199,0.0129956981535514,0.0140466416362882,0.0125630888899164,0.892857808734706,1,1,0.05,0.235211405582589,0,0,0,0,1,1,10,40,1.30540728933228,10,10,1,0,1,110694,42,0.014142135623731,Gaussian (discarded tail <= 1e-12) / Gaussian (discarded tail <= 1e-12),10694,6,2,10000,1,1,1,1,0,0.0548,0.2298,0.0548,0.2298,0.05,0.235211405582589,0.0488266054430001,0.0614569563688788,0.218348955445035,0.241665910686074,0.0488266054430001,0.0614569563688788,0.218348955445035,0.241665910686074,0.999232298054943,1,0.999232298054943,1,1,0,V0,all,0.05,L2-B,moderate,R1,2,E3_10694_V1
1,0.05,0.020130036698504,5000,5000,5000,222,1381,-0.0001616717057838,0.0120338662657781,0.0130300722317221,0.0121058676106377,0.0131917439375059,1.09294371890367,1,1,0.05,0.281568950726488,0,0,0,0,1,1.5,10,40,1.95811093399842,10,12.2381933374901,1.22381933374901,0,1,110701,42,0.0122381933374901,Gaussian (discarded tail <= 1e-12) / Gaussian (discarded tail <= 1e-12),10701,6,1,10000,1,1,1,1,0,0.0444,0.2762,0.0444,0.2762,0.05,0.281568950726488,0.0390318208814263,0.0504677091309097,0.263982156812542,0.288761466578065,0.0390318208814263,0.0504677091309097,0.263982156812542,0.288761466578065,0.999232298054943,1,0.999232298054943,1,1,0,V0,all,0.05,L2-B,moderate,R0,2,E3_10701_V1
1,0.05,0.0284681709100924,5000,5000,5000,272,919,-0.0002053858792406,0.0174207238061062,0.0131659904488916,0.0171846403220969,0.0133713763281322,0.772774135515186,1,1,0.05,0.186570183969616,0,0,0,0,1,1.5,10,40,1.95811093399842,10,12.2381933374901,1.22381933374901,0,1,110702,42,0.0173074189968226,Gaussian (discarded tail <= 1e-12) / Gaussian (discarded tail <= 1e-12),10702,6,2,10000,1,1,1,1,0,0.0544,0.1838,0.0544,0.1838,0.05,0.186570183969616,0.0484485910594409,0.061035584913994,0.173308330795051,0.194777163915004,0.0484485910594409,0.061035584913994,0.173308330795051,0.194777163915004,0.999232298054943,1,0.999232298054943,1,1,0,V0,all,0.05,L2-B,moderate,R1,2,E3_10702_V1
1,0.05,0.0268400489313386,5000,5000,5000,253,1063,-0.0003118215659321,0.0164783398372829,0.0133383613617281,0.0165540837643867,0.0136501829276603,0.826469604928544,1,1,0.05,0.19909628433143,0,0,0,0,1,2,10,40,2.61081457866456,10,16.3175911166535,1.63175911166535,0,1,110709,42,0.0163175911166535,Gaussian (discarded tail <= 1e-12) / Gaussian (discarded tail <= 1e-12),10709,6,1,10000,1,1,1,1,0,0.0506,0.2126,0.0506,0.2126,0.05,0.19909628433143,0.0448623122901981,0.0570276982180192,0.201482077732906,0.224159197345113,0.0448623122901981,0.0570276982180192,0.201482077732906,0.224159197345113,0.999232298054943,1,0.999232298054943,1,1,0,V0,all,0.05,L2-B,moderate,R0,2,E3_10709_V1
1,0.05,0.0379575612134566,5000,5000,5000,225,703,9.03556044759642e-05,0.0226036705886887,0.0131193581181625,0.0230125689231515,0.0130290025136866,0.571221093077206,1,1,0.05,0.140256376014454,0,0,0,0,1,2,10,40,2.61081457866456,10,16.3175911166535,1.63175911166535,0,1,110710,42,0.0230765586624301,Gaussian (discarded tail <= 1e-12) / Gaussian (discarded tail <= 1e-12),10710,6,2,10000,1,1,1,1,0,0.045,0.1406,0.045,0.1406,0.05,0.140256376014454,0.0395948274633155,0.0511037813066865,0.131240622123489,0.150511202034618,0.0395948274633155,0.0511037813066865,0.131240622123489,0.150511202034618,0.999232298054943,1,0.999232298054943,1,1,0,V0,all,0.05,L2-B,moderate,R1,2,E3_10710_V1
1,0.05,0.0402600733970079,5000,5000,5000,230,715,-0.0001492586400921,0.0246170336921969,0.0142099264096709,0.0242484062851474,0.014359185049763,0.587686368902527,1,1,0.05,0.133172229927762,0,0,0,0,1,3,10,40,3.91622186799684,10,24.4763866749802,2.44763866749802,0,1,110717,42,0.0244763866749802,Gaussian (discarded tail <= 1e-12) / Gaussian (discarded tail <= 1e-12),10717,6,1,10000,1,1,1,1,0,0.046,0.143,0.046,0.143,0.05,0.133172229927762,0.0405337873353779,0.052163286030734,0.133570577686249,0.152977561502521,0.0405337873353779,0.052163286030734,0.133570577686249,0.152977561502521,0.999232298054943,1,0.999232298054943,1,1,0,V0,all,0.05,L2-B,moderate,R0,2,E3_10717_V1
1,0.05,0.0569363418201848,5000,5000,5000,280,525,0.000874540155432,0.0352329990873195,0.013342239700369,0.0348574807780044,0.012467699544937,0.355755036507146,1,1,0.05,0.102447191930939,0,0,0,0,1,3,10,40,3.91622186799684,10,24.4763866749802,2.44763866749802,0,1,110718,42,0.0346148379936451,Gaussian (discarded tail <= 1e-12) / Gaussian (discarded tail <= 1e-12),10718,6,2,10000,1,1,1,1,0,0.056,0.105,0.056,0.105,0.05,0.102447191930939,0.0499612059948101,0.0627205133324006,0.0968040219417014,0.113802462594894,0.0499612059948101,0.0627205133324006,0.0968040219417014,0.113802462594894,0.999232298054943,1,0.999232298054943,1,1,0,V0,all,0.05,L2-B,moderate,R1,2,E3_10718_V1
1,0.05,0.0164485362695147,5000,5000,5000,248,2353,6.26816230514479e-05,0.0099735684940918,0.015666237936715,0.0100717344360353,0.0156035563136635,1.55681051709945,1,1,0.05,0.464489377294273,0,0,0,0,1,0.5,10,50,0.777861913430206,10,10,1,0,1,110925,42,0.01,Gaussian (discarded tail <= 1e-12) / Gaussian (discarded tail <= 1e-12),10925,6,1,10000,1,1,1,1,0,0.0496,0.4706,0.0496,0.4706,0.05,0.464489377294273,0.0439200857923503,0.0559714601197571,0.456792804537659,0.484452336336711,0.0439200857923503,0.0559714601197571,0.456792804537659,0.484452336336711,0.999232298054943,1,0.999232298054943,1,1,0,V0,all,0.05,L2-B,moderate,R0,2,E3_10925_V1
1,0.05,0.0232617430735335,5000,5000,5000,263,1452,0.0002676270851293,0.0142343364028744,0.0154746893836584,0.0142203077765912,0.015207062298529,1.06886316022498,1,1,0.05,0.292948717417965,0,0,0,0,1,0.5,10,50,0.777861913430206,10,10,1,0,1,110926,42,0.014142135623731,Gaussian (discarded tail <= 1e-12) / Gaussian (discarded tail <= 1e-12),10926,6,2,10000,1,1,1,1,0,0.0526,0.2904,0.0526,0.2904,0.05,0.292948717417965,0.0467487102249782,0.0591382294754589,0.277982175346961,0.303139645308407,0.0467487102249782,0.0591382294754589,0.277982175346961,0.303139645308407,0.999232298054943,1,0.999232298054943,1,1,0,V0,all,0.05,L2-B,moderate,R1,2,E3_10926_V1
1,0.05,0.0164485362695147,5000,5000,5000,278,2344,0.0001102049325552,0.010152105542875,0.015770346379481,0.0101374146137542,0.0156601414469258,1.54366759006274,1,1,0.05,0.464489377294277,0,0,0,0,1,1,10,50,1.55572382686041,10,10,1,0,1,110933,42,0.01,Gaussian (discarded tail <= 1e-12) / Gaussian (discarded tail <= 1e-12),10933,6,1,10000,1,1,1,1,0,0.0556,0.4688,0.0556,0.4688,0.05,0.464489377294277,0.0495829138548093,0.0622994196339575,0.454997211969155,0.482650692632217,0.0495829138548093,0.0622994196339575,0.454997211969155,0.482650692632217,0.999232298054943,1,0.999232298054943,1,1,0,V0,all,0.05,L2-B,moderate,R0,2,E3_10933_V1
1,0.05,0.0232617430735335,5000,5000,5000,251,1422,-0.0002817747798888,0.0141957294764132,0.0153085720555973,0.0143050658700082,0.0155903468354862,1.09402084585235,1,1,0.05,0.292948717417968,0,0,0,0,1,1,10,50,1.55572382686041,10,10,1,0,1,110934,42,0.014142135623731,Gaussian (discarded tail <= 1e-12) / Gaussian (discarded tail <= 1e-12),10934,6,2,10000,1,1,1,1,0,0.0502,0.2844,0.0502,0.2844,0.05,0.292948717417968,0.0444853421500697,0.0566052825197037,0.272064815914818,0.297066217163891,0.0444853421500697,0.0566052825197037,0.272064815914818,0.297066217163891,0.999232298054943,1,0.999232298054943,1,1,0,V0,all,0.05,L2-B,moderate,R1,2,E3_10934_V1
1,0.05,0.0239900435544954,5000,5000,5000,244,1341,7.69939287773235e-05,0.0145013492960639,0.0153988613837038,0.0143928502601949,0.0153218674549264,1.06054223127087,1,1,0.05,0.281568950726489,0,0,0,0,1,1.5,10,50,2.33358574029062,10,14.5849108768164,1.45849108768164,0,1,110941,42,0.0145849108768164,Gaussian (discarded tail <= 1e-12) / Gaussian (discarded tail <= 1e-12),10941,6,1,10000,1,1,1,1,0,0.0488,0.2682,0.0488,0.2682,0.05,0.281568950726489,0.0431667882318987,0.0551259860033208,0.256101651905848,0.28065425471588,0.0431667882318987,0.0551259860033208,0.256101651905848,0.28065425471588,0.999232298054943,1,0.999232298054943,1,1,0,V0,all,0.05,L2-B,moderate,R0,2,E3_10941_V1
1,0.05,0.0339270449566886,5000,5000,5000,268,945,-5.60176255651569e-05,0.0209012585703768,0.0154191593283279,0.020737311903636,0.0154751769538931,0.743303952267802,1,1,0.05,0.186570183969616,0,0,0,0,1,1.5,10,50,2.33358574029062,10,14.5849108768164,1.45849108768164,0,1,110942,42,0.0206261787679966,Gaussian (discarded tail <= 1e-12) / Gaussian (discarded tail <= 1e-12),10942,6,2,10000,1,1,1,1,0,0.0536,0.189,0.0536,0.189,0.05,0.186570183969616,0.0476928467869534,0.0601925575095936,0.178388428557204,0.200089082052621,0.0476928467869534,0.0601925575095936,0.178388428557204,0.200089082052621,0.999232298054943,1,0.999232298054943,1,1,0,V0,all,0.05,L2-B,moderate,R1,2,E3_10942_V1
1,0.05,0.0319867247393272,5000,5000,5000,267,1017,0.0003679211386148,0.0194950586158912,0.0159378952884936,0.0193105925124004,0.0155699741498788,0.802450044562145,1,1,0.05,0.199096284331431,0,0,0,0,1,2,10,50,3.11144765372083,10,19.4465478357552,1.94465478357552,0,1,110949,42,0.0194465478357552,Gaussian (discarded tail <= 1e-12) / Gaussian (discarded tail <= 1e-12),10949,6,1,10000,1,1,1,1,0,0.0534,0.2034,0.0534,0.2034,0.05,0.199096284331431,0.0475039707136969,0.0599817406636281,0.19247237001124,0.214783030782568,0.0475039707136969,0.0599817406636281,0.19247237001124,0.214783030782568,0.999232298054943,1,0.999232298054943,1,1,0,V0,all,0.05,L2-B,moderate,R0,2,E3_10949_V1
1,0.05,0.0452360599422515,5000,5000,5000,236,746,-0.0004032649645871,0.0269941454471521,0.0159491166865201,0.0276189981956905,0.0163523816511072,0.598804989035919,1,1,0.05,0.140256376014454,0,0,0,0,1,2,10,50,3.11144765372083,10,19.4465478357552,1.94465478357552,0,1,110950,42,0.0275015716906621,Gaussian (discarded tail <= 1e-12) / Gaussian (discarded tail <= 1e-12),10950,6,2,10000,1,1,1,1,0,0.0472,0.1492,0.0472,0.1492,0.05,0.140256376014454,0.0416615258049748,0.0534337050764689,0.139593879655874,0.159344740028778,0.0416615258049748,0.0534337050764689,0.139593879655874,0.159344740028778,0.999232298054943,1,0.999232298054943,1,1,0,V0,all,0.05,L2-B,moderate,R1,2,E3_10950_V1
1,0.05,0.0479800871089908,5000,5000,5000,278,654,0.000794701279266,0.0289459198017609,0.0155599366935251,0.0290636909074559,0.0147652354142591,0.50906064718638,1,1,0.05,0.133172229927767,0,0,0,0,1,3,10,50,4.66717148058124,10,29.1698217536327,2.91698217536327,0,1,110957,42,0.0291698217536327,Gaussian (discarded tail <= 1e-12) / Gaussian (discarded tail <= 1e-12),10957,6,1,10000,1,1,1,1,0,0.0556,0.1308,0.0556,0.1308,0.05,0.133172229927767,0.0495829138548093,0.0622994196339575,0.121736702764042,0.140430168352188,0.0495829138548093,0.0622994196339575,0.121736702764042,0.140430168352188,0.999232298054943,1,0.999232298054943,1,1,0,V0,all,0.05,L2-B,moderate,R0,2,E3_10957_V1
1,0.05,0.0678540899133773,5000,5000,5000,277,490,0.0005452701718677,0.0415364791621942,0.0150658656561847,0.0413703120300512,0.0145205954843169,0.350286535286774,1,1,0.05,0.102447191930942,0,0,0,0,1,3,10,50,4.66717148058124,10,29.1698217536327,2.91698217536327,0,1,110958,42,0.0412523575359931,Gaussian (discarded tail <= 1e-12) / Gaussian (discarded tail <= 1e-12),10958,6,2,10000,1,1,1,1,0,0.0554,0.098,0.0554,0.098,0.05,0.102447191930942,0.0493938020932845,0.0620888384762603,0.0900650110795922,0.106552221284234,0.0493938020932845,0.0620888384762603,0.0900650110795922,0.106552221284234,0.999232298054943,1,0.999232298054943,1,1,0,V0,all,0.05,L2-B,moderate,R1,2,E3_10958_V1
1,0.05,0.0164485362695147,5000,5000,5000,244,3212,-0.0002017487653958,0.0100211148510647,0.0199902476011701,0.0100123460475327,0.020191996366566,2.01582687429769,1,1,0.05,0.638760031312336,0,0,0,0,1,0.5,10,60,1,10,10,1,0,1,111165,42,0.01,Gaussian (discarded tail <= 1e-12) / Gaussian (discarded tail <= 1e-12),11165,6,1,10000,1,1,1,1,0,0.0488,0.6424,0.0488,0.6424,0.05,0.638760031312336,0.0431667882318987,0.0551259860033208,0.629010236422892,0.655571122063155,0.0431667882318987,0.0551259860033208,0.629010236422892,0.655571122063155,0.999232298054943,1,0.999232298054943,1,1,0,V0,all,0.05,L2-B,moderate,R0,2,E3_11165_V1
1,0.05,0.0232617430735335,5000,5000,5000,237,2113,-0.0002040294299618,0.0141393341913629,0.0201657903655002,0.0141626576682604,0.0203698197954621,1.43946143293563,1,1,0.05,0.408797219793871,0,0,0,0,1,0.5,10,60,1,10,10,1,0,1,111166,42,0.014142135623731,Gaussian (discarded tail <= 1e-12) / Gaussian (discarded tail <= 1e-12),11166,6,2,10000,1,1,1,1,0,0.0474,0.4226,0.0474,0.4226,0.05,0.408797219793871,0.0418495843205747,0.053645339480091,0.408972568815807,0.436346271445288,0.0418495843205747,0.053645339480091,0.408972568815807,0.436346271445288,0.999232298054943,1,0.999232298054943,1,1,0,V0,all,0.05,L2-B,moderate,R1,2,E3_11166_V1
1,0.05,0.0205606703368934,5000,5000,5000,242,2420,-0.0003909533586895,0.0126755008099421,0.0199408290651236,0.0125700736053983,0.0203317824238131,1.61070647894428,1,1,0.05,0.482111989973137,0,0,0,0,1,1,10,60,2,10,12.5,1.25,0,1,111173,42,0.0125,Gaussian (discarded tail <= 1e-12) / Gaussian (discarded tail <= 1e-12),11173,6,1,10000,1,1,1,1,0,0.0484,0.484,0.0484,0.484,0.05,0.482111989973137,0.0427903040886361,0.0547030843081395,0.470165655286234,0.497858911176008,0.0427903040886361,0.0547030843081395,0.470165655286234,0.497858911176008,0.999232298054943,1,0.999232298054943,1,1,0,V0,all,0.05,L2-B,moderate,R0,2,E3_11173_V1
1,0.05,0.0290771788419169,5000,5000,5000,253,1541,-0.0001354413207764,0.0179593902844701,0.01993191525811,0.0177713984445613,0.0200673565788864,1.12323738429287,1,1,0.05,0.303806827684513,0,0,0,0,1,1,10,60,2,10,12.5,1.25,0,1,111174,42,0.0176776695296637,Gaussian (discarded tail <= 1e-12) / Gaussian (discarded tail <= 1e-12),11174,6,2,10000,1,1,1,1,0,0.0506,0.3082,0.0506,0.3082,0.05,0.303806827684513,0.0448623122901981,0.0570276982180192,0.295552498978382,0.321141991487742,0.0448623122901981,0.0570276982180192,0.295552498978382,0.321141991487742,0.999232298054943,1,0.999232298054943,1,1,0,V0,all,0.05,L2-B,moderate,R1,2,E3_11174_V1
1,0.05,0.0308410055053401,5000,5000,5000,266,1410,0.000301639525859,0.0187063272232219,0.0199014828140499,0.0188165479759603,0.0195998432881909,1.04468320331127,1,1,0.05,0.281568950726487,0,0,0,0,1,1.5,10,60,3,10,18.75,1.875,0,1,111181,42,0.01875,Gaussian (discarded tail <= 1e-12) / Gaussian (discarded tail <= 1e-12),11181,6,1,10000,1,1,1,1,0,0.0532,0.282,0.0532,0.282,0.05,0.281568950726487,0.0473151188916038,0.0597708995664993,0.2696986290137,0.294636089034345,0.0473151188916038,0.0597708995664993,0.2696986290137,0.294636089034345,0.999232298054943,1,0.999232298054943,1,1,0,V0,all,0.05,L2-B,moderate,R0,2,E3_11181_V1
1,0.05,0.0436157682628753,5000,5000,5000,227,921,-0.000325450860577,0.026299442183247,0.0205581869426385,0.0261094193244867,0.0208836378032156,0.796945399419247,1,1,0.05,0.186570183969615,0,0,0,0,1,1.5,10,60,3,10,18.75,1.875,0,1,111182,42,0.0265165042944955,Gaussian (discarded tail <= 1e-12) / Gaussian (discarded tail <= 1e-12),11182,6,2,10000,1,1,1,1,0,0.0454,0.1842,0.0454,0.1842,0.05,0.186570183969615,0.0399703200435625,0.0515276745648835,0.173698994600583,0.195185885947915,0.0399703200435625,0.0515276745648835,0.173698994600583,0.195185885947915,0.999232298054943,1,0.999232298054943,1,1,0,V0,all,0.05,L2-B,moderate,R1,2,E3_11182_V1
1,0.05,0.0411213406737868,5000,5000,5000,254,976,0.0002325722478577,0.0249592617411795,0.0201490581339364,0.0249511308932386,0.0199164858860786,0.798089719216486,1,1,0.05,0.19909628433143,0,0,0,0,1,2,10,60,4,10,25,2.5,0,1,111189,42,0.025,Gaussian (discarded tail <= 1e-12) / Gaussian (discarded tail <= 1e-12),11189,6,1,10000,1,1,1,1,0,0.0508,0.1952,0.0508,0.1952,0.05,0.19909628433143,0.0450508366853607,0.0572388667420786,0.184449533996941,0.206418457108766,0.0450508366853607,0.0572388667420786,0.184449533996941,0.206418457108766,0.999232298054943,1,0.999232298054943,1,1,0,V0,all,0.05,L2-B,moderate,R0,2,E3_11189_V1
1,0.05,0.0581543576838337,5000,5000,5000,265,694,0.0008549668301983,0.0354907690370614,0.0196110440943949,0.0353622605977143,0.0187560772641965,0.529435269337662,1,1,0.05,0.140256376014454,0,0,0,0,1,2,10,60,4,10,25,2.5,0,1,111190,42,0.0353553390593274,Gaussian (discarded tail <= 1e-12) / Gaussian (discarded tail <= 1e-12),11190,6,2,10000,1,1,1,1,0,0.053,0.1388,0.053,0.1388,0.05,0.140256376014454,0.0471262914493397,0.0595600340895414,0.12949377652231,0.148660811362799,0.0471262914493397,0.0595600340895414,0.12949377652231,0.148660811362799,0.999232298054943,1,0.999232298054943,1,1,0,V0,all,0.05,L2-B,moderate,R1,2,E3_11190_V1
1,0.05,0.0616820110106802,5000,5000,5000,250,629,-0.0002284610534563,0.0373178033680904,0.019004690701658,0.0379239963389748,0.0192331517551144,0.511219233462627,1,1,0.05,0.133172229927764,0,0,0,0,1,3,10,60,6,10,37.5,3.75,0,1,111197,42,0.0375,Gaussian (discarded tail <= 1e-12) / Gaussian (discarded tail <= 1e-12),11197,6,1,10000,1,1,1,1,0,0.05,0.1258,0.05,0.1258,0.05,0.133172229927764,0.0442968967005706,0.0563940350499809,0.116894338928916,0.135280209206765,0.0442968967005706,0.0563940350499809,0.116894338928916,0.135280209206765,0.999232298054943,1,0.999232298054943,1,1,0,V0,all,0.05,L2-B,moderate,R0,2,E3_11197_V1
1,0.05,0.0872315365257506,5000,5000,5000,255,487,-0.0007236255539971,0.0530786835487908,0.0193778353957151,0.052411386354087,0.0201014609497122,0.381098596429886,1,1,0.05,0.10244719193094,0,0,0,0,1,3,10,60,6,10,37.5,3.75,0,1,111198,42,0.0530330085889911,Gaussian (discarded tail <= 1e-12) / Gaussian (discarded tail <= 1e-12),11198,6,2,10000,1,1,1,1,0,0.051,0.0974,0.051,0.0974,0.05,0.10244719193094,0.0452393871026712,0.0574500092439901,0.0894879641159508,0.105930189490209,0.0452393871026712,0.0574500092439901,0.0894879641159508,0.105930189490209,0.999232298054943,1,0.999232298054943,1,1,0,V0,all,0.05,L2-B,moderate,R1,2,E3_11198_V1
1,0.05,0.0164485362695147,5000,5000,5000,251,4491,0.0002161779646279,0.0098874015516792,0.0293603207109395,0.0101116002671188,0.0291441427463115,2.91437661088362,1,1,0.05,0.899542804294155,0,0,0,0,1,0.5,10,70,1.46190220008154,10,10,1,0,1,111405,42,0.01,Gaussian (discarded tail <= 1e-12) / Gaussian (discarded tail <= 1e-12),11405,6,1,10000,1,1,1,1,0,0.0502,0.8982,0.0502,0.8982,0.05,0.899542804294155,0.0444853421500697,0.0566052825197037,0.889510409964521,0.906278192206435,0.0444853421500697,0.0566052825197037,0.889510409964521,0.906278192206435,0.999232298054943,1,0.999232298054943,1,1,0,V0,all,0.05,L2-B,moderate,R0,2,E3_11405_V1
1,0.05,0.0232617430735335,5000,5000,5000,259,3249,1.37069458841241e-05,0.0142118553074018,0.0289098320823271,0.0142805672608389,0.028896125136443,2.02833164089584,1,1,0.05,0.663702164601683,0,0,0,0,1,0.5,10,70,1.46190220008154,10,10,1,0,1,111406,42,0.014142135623731,Gaussian (discarded tail <= 1e-12) / Gaussian (discarded tail <= 1e-12),11406,6,2,10000,1,1,1,1,0,0.0518,0.6498,0.0518,0.6498,0.05,0.663702164601683,0.045993846130679,0.0582943218928702,0.636467152383591,0.66290284411367,0.045993846130679,0.0582943218928702,0.636467152383591,0.66290284411367,0.999232298054943,1,0.999232298054943,1,1,0,V0,all,0.05,L2-B,moderate,R1,2,E3_11406_V1
1,0.05,0.0300576892006558,5000,5000,5000,253,2413,-0.0002059068736018,0.0181199253230896,0.0290934927538402,0.0184380755696759,0.029299399627442,1.60283874786632,1,1,0.05,0.482111989973142,0,0,0,0,1,1,10,70,2.92380440016309,10,18.2737775010193,1.82737775010193,0,1,111413,42,0.0182737775010193,Gaussian (discarded tail <= 1e-12) / Gaussian (discarded tail <= 1e-12),11413,6,1,10000,1,1,1,1,0,0.0506,0.4826,0.0506,0.4826,0.05,0.482111989973142,0.0448623122901981,0.0570276982180192,0.468768025397401,0.496458690630287,0.0448623122901981,0.0570276982180192,0.468768025397401,0.496458690630287,0.999232298054943,1,0.999232298054943,1,1,0,V0,all,0.05,L2-B,moderate,R0,2,E3_11413_V1
1,0.05,0.0425079917211628,5000,5000,5000,233,1486,-0.0004402035413364,0.0258603474802757,0.0287153897340216,0.0258159180989746,0.0291555932753581,1.12839355447754,1,1,0.05,0.303806827684516,0,0,0,0,1,1,10,70,2.92380440016309,10,18.2737775010193,1.82737775010193,0,1,111414,42,0.0258430239777298,Gaussian (discarded tail <= 1e-12) / Gaussian (discarded tail <= 1e-12),11414,6,2,10000,1,1,1,1,0,0.0466,0.2972,0.0466,0.2972,0.05,0.303806827684516,0.0410975242290518,0.052798627894726,0.284691733113794,0.310019646795122,0.0410975242290518,0.052798627894726,0.284691733113794,0.310019646795122,0.999232298054943,1,0.999232298054943,1,1,0,V0,all,0.05,L2-B,moderate,R1,2,E3_11414_V1
1,0.05,0.0450865338009837,5000,5000,5000,252,1430,0.0001041859631105,0.0274366144613399,0.0292717181976128,0.0273242397122627,0.0291675322345023,1.06526719719607,1,1,0.05,0.281568950726478,0,0,0,0,1,1.5,10,70,4.38570660024463,10,27.4106662515289,2.74106662515289,0,1,111421,42,0.0274106662515289,Gaussian (discarded tail <= 1e-12) / Gaussian (discarded tail <= 1e-12),11421,6,1,10000,1,1,1,1,0,0.0504,0.286,0.0504,0.286,0.05,0.281568950726478,0.0446738140627647,0.0568165035262307,0.273642515234494,0.298686061197991,0.0446738140627647,0.0568165035262307,0.273642515234494,0.298686061197991,0.999232298054943,1,0.999232298054943,1,1,0,V0,all,0.05,L2-B,moderate,R0,2,E3_11421_V1
1,0.05,0.0637619875817441,5000,5000,5000,255,900,-6.07234974885081e-05,0.0388922331620064,0.0290279622334052,0.0386205494705602,0.0290886857308937,0.750547356582108,1,1,0.05,0.186570183969611,0,0,0,0,1,1.5,10,70,4.38570660024463,10,27.4106662515289,2.74106662515289,0,1,111422,42,0.0387645359665947,Gaussian (discarded tail <= 1e-12) / Gaussian (discarded tail <= 1e-12),11422,6,2,10000,1,1,1,1,0,0.051,0.18,0.051,0.18,0.05,0.186570183969611,0.0452393871026712,0.0574500092439901,0.169597981390976,0.190893347853861,0.0452393871026712,0.0574500092439901,0.169597981390976,0.190893347853861,0.999232298054943,1,0.999232298054943,1,1,0,V0,all,0.05,L2-B,moderate,R1,2,E3_11422_V1
1,0.05,0.0601153784013116,5000,5000,5000,257,994,0.0002808425428051,0.0367004719850821,0.0297700708150284,0.0368230475227136,0.0294892282722232,0.802170175970028,1,1,0.05,0.199096284331431,0,0,0,0,1,2,10,70,5.84760880032618,10,36.5475550020386,3.65475550020386,0,1,111429,42,0.0365475550020386,Gaussian (discarded tail <= 1e-12) / Gaussian (discarded tail <= 1e-12),11429,6,1,10000,1,1,1,1,0,0.0514,0.1988,0.0514,0.1988,0.05,0.199096284331431,0.0456165654284363,0.057872216756669,0.187970855318915,0.210091608332787,0.0456165654284363,0.057872216756669,0.187970855318915,0.210091608332787,0.999232298054943,1,0.999232298054943,1,1,0,V0,all,0.05,L2-B,moderate,R0,2,E3_11429_V1
1,0.05,0.0850159834423255,5000,5000,5000,283,718,0.0008281408149132,0.0526496424225754,0.029956170978674,0.0516934558899709,0.0291280301637607,0.558289099648442,1,1,0.05,0.140256376014455,0,0,0,0,1,2,10,70,5.84760880032618,10,36.5475550020386,3.65475550020386,0,1,111430,42,0.0516860479554596,Gaussian (discarded tail <= 1e-12) / Gaussian (discarded tail <= 1e-12),11430,6,2,10000,1,1,1,1,0,0.0566,0.1436,0.0566,0.1436,0.05,0.140256376014455,0.0505288140312871,0.0633519840535895,0.134153212372283,0.153594005574154,0.0505288140312871,0.0633519840535895,0.134153212372283,0.153594005574154,0.999232298054943,1,0.999232298054943,1,1,0,V0,all,0.05,L2-B,moderate,R1,2,E3_11430_V1
1,0.05,0.0901730676019674,5000,5000,5000,276,678,0.0001103812838017,0.0549910022370139,0.0294123661122079,0.0545621033725875,0.0293019848284061,0.534932535421962,1,1,0.05,0.133172229927763,0,0,0,0,1,3,10,70,8.77141320048926,10,54.8213325030579,5.48213325030579,0,1,111437,42,0.0548213325030579,Gaussian (discarded tail <= 1e-12) / Gaussian (discarded tail <= 1e-12),11437,6,1,10000,1,1,1,1,0,0.0552,0.1356,0.0552,0.1356,0.05,0.133172229927763,0.0492047133589802,0.0618782342913426,0.126389617180591,0.145369883996967,0.0492047133589802,0.0618782342913426,0.126389617180591,0.145369883996967,0.999232298054943,1,0.999232298054943,1,1,0,V0,all,0.05,L2-B,moderate,R0,2,E3_11437_V1
1,0.05,0.127523975163488,5000,5000,5000,268,525,0.0014315678061532,0.0777504444074747,0.0310318428165525,0.0781109805668013,0.0296002750103992,0.379827090926767,1,1,0.05,0.10244719193094,0,0,0,0,1,3,10,70,8.77141320048926,10,54.8213325030579,5.48213325030579,0,1,111438,42,0.0775290719331894,Gaussian (discarded tail <= 1e-12) / Gaussian (discarded tail <= 1e-12),11438,6,2,10000,1,1,1,1,0,0.0536,0.105,0.0536,0.105,0.05,0.10244719193094,0.0476928467869534,0.0601925575095936,0.0968040219417014,0.113802462594894,0.0476928467869534,0.0601925575095936,0.0968040219417014,0.113802462594894,0.999232298054943,1,0.999232298054943,1,1,0,V0,all,0.05,L2-B,moderate,R1,2,E3_11438_V1
1,0.05,0.0164485362695147,5000,5000,5000,242,1316,-8.77900168953885e-05,0.009963415655676,0.0100314116832991,0.0099802560287409,0.0101192017001945,1.01477784560375,1,1,0.05,0.259511022841444,0,0,0,0,1,0.5,10,0,0.5,10,10,1,1,1,115485,42,0.01,Gaussian (discarded tail <= 1e-12) / Gaussian (discarded tail <= 1e-12),15485,9,1,10000,1,1,1,1,0,0.0484,0.2632,0.0484,0.2632,0.05,0.259511022841444,0.0427903040886361,0.0547030843081395,0.251178913823383,0.275584669817796,0.0427903040886361,0.0547030843081395,0.251178913823383,0.275584669817796,0.999232298054943,1,0.999232298054943,1,1,0,V0,all,0.05,L2-C,moderate,R0,2,E3_15485_V1
1,0.05,0.0232617430735335,5000,5000,5000,268,867,-0.0002230816530855,0.014243624814391,0.0101107572122061,0.0140532254349168,0.0103338388652916,0.730371391292663,1,1,0.05,0.174187261617932,0,0,0,0,1,0.5,10,0,0.5,10,10,1,1,1,115486,42,0.014142135623731,Gaussian (discarded tail <= 1e-12) / Gaussian (discarded tail <= 1e-12),15486,9,2,10000,1,1,1,1,0,0.0536,0.1734,0.0536,0.1734,0.05,0.174187261617932,0.0476928467869534,0.0601925575095936,0.163157902511618,0.184143560398893,0.0476928467869534,0.0601925575095936,0.163157902511618,0.184143560398893,0.999232298054943,1,0.999232298054943,1,1,0,V0,all,0.05,L2-C,moderate,R1,2,E3_15486_V1
1,0.05,0.0164485362695147,5000,5000,5000,251,1248,-8.26165771687864e-05,0.010054976520117,0.0098768790275428,0.0098758442148826,0.0099594956047116,0.999366107736686,1,1,0.05,0.259511022841444,0,0,0,0,1,1,10,0,1,10,10,1,1,1,115493,42,0.01,Gaussian (discarded tail <= 1e-12) / Gaussian (discarded tail <= 1e-12),15493,9,1,10000,1,1,1,1,0,0.0502,0.2496,0.0502,0.2496,0.05,0.259511022841444,0.0444853421500697,0.0566052825197037,0.237799426188353,0.261785038945731,0.0444853421500697,0.0566052825197037,0.237799426188353,0.261785038945731,0.999232298054943,1,0.999232298054943,1,1,0,V0,all,0.05,L2-C,moderate,R0,2,E3_15493_V1
1,0.05,0.0232617430735335,5000,5000,5000,220,863,-0.0001235374613702,0.0138758413783181,0.0099515159010403,0.0142388639556166,0.0100750533624105,0.716650839277389,1,1,0.05,0.174187261617932,0,0,0,0,1,1,10,0,1,10,10,1,1,1,115494,42,0.014142135623731,Gaussian (discarded tail <= 1e-12) / Gaussian (discarded tail <= 1e-12),15494,9,2,10000,1,1,1,1,0,0.044,0.1726,0.044,0.1726,0.05,0.174187261617932,0.0386566403377335,0.0500435038361586,0.162377659258169,0.183325031975455,0.0386566403377335,0.0500435038361586,0.162377659258169,0.183325031975455,0.999232298054943,1,0.999232298054943,1,1,0,V0,all,0.05,L2-C,moderate,R1,2,E3_15494_V1
1,0.05,0.0164485362695147,5000,5000,5000,255,1239,-4.71300401662956e-05,0.0100839685785148,0.0097692665157923,0.0100429610761151,0.0098163965559586,0.975446960828294,1,1,0.05,0.259511022841444,0,0,0,0,1,1.5,10,0,1.5,10,10,1,1,1,115501,42,0.01,Gaussian (discarded tail <= 1e-12) / Gaussian (discarded tail <= 1e-12),15501,9,1,10000,1,1,1,1,0,0.051,0.2478,0.051,0.2478,0.05,0.259511022841444,0.0452393871026712,0.0574500092439901,0.236029776692219,0.259957452168868,0.0452393871026712,0.0574500092439901,0.236029776692219,0.259957452168868,0.999232298054943,1,0.999232298054943,1,1,0,V0,all,0.05,L2-C,moderate,R0,2,E3_15501_V1
1,0.05,0.0232617430735335,5000,5000,5000,253,845,0.0003232238122973,0.0140049686837502,0.0096770839892191,0.0141995034075234,0.0093538601769218,0.663273374529757,1,1,0.05,0.174187261617932,0,0,0,0,1,1.5,10,0,1.5,10,10,1,1,1,115502,42,0.014142135623731,Gaussian (discarded tail <= 1e-12) / Gaussian (discarded tail <= 1e-12),15502,9,2,10000,1,1,1,1,0,0.0506,0.169,0.0506,0.169,0.05,0.174187261617932,0.0448623122901981,0.0570276982180192,0.158867586103553,0.179640632584075,0.0448623122901981,0.0570276982180192,0.158867586103553,0.179640632584075,0.999232298054943,1,0.999232298054943,1,1,0,V0,all,0.05,L2-C,moderate,R1,2,E3_15502_V1
1,0.05,0.0205606703368934,5000,5000,5000,233,975,-0.0003946939633624,0.012533417853804,0.0095417882786586,0.0125124058810402,0.0099364822420211,0.793463920409239,1,1,0.05,0.19909628433143,0,0,0,0,1,2,10,0,2,10,12.5,1.25,1,1,115509,42,0.0125,Gaussian (discarded tail <= 1e-12) / Gaussian (discarded tail <= 1e-12),15509,9,1,10000,1,1,1,1,0,0.0466,0.195,0.0466,0.195,0.05,0.19909628433143,0.0410975242290518,0.052798627894726,0.184253946972006,0.206214351214479,0.0410975242290518,0.052798627894726,0.184253946972006,0.206214351214479,0.999232298054943,1,0.999232298054943,1,1,0,V0,all,0.05,L2-C,moderate,R0,2,E3_15509_V1
1,0.05,0.0290771788419169,5000,5000,5000,231,717,-0.000133508547674,0.017603290653269,0.0101261465983778,0.0174801766416865,0.0102596551460519,0.584867618135499,1,1,0.05,0.140256376014454,0,0,0,0,1,2,10,0,2,10,12.5,1.25,1,1,115510,42,0.0176776695296637,Gaussian (discarded tail <= 1e-12) / Gaussian (discarded tail <= 1e-12),15510,9,2,10000,1,1,1,1,0,0.0462,0.1434,0.0462,0.1434,0.05,0.140256376014454,0.0407216699236964,0.0523750963616375,0.133958994383294,0.153388530643921,0.0407216699236964,0.0523750963616375,0.133958994383294,0.153388530643921,0.999232298054943,1,0.999232298054943,1,1,0,V0,all,0.05,L2-C,moderate,R1,2,E3_15510_V1
1,0.05,0.0308410055053401,5000,5000,5000,256,669,-7.39322149737438e-05,0.0190115305754093,0.0102379186126887,0.0186695451256193,0.0103118508276625,0.547299989125503,1,1,0.05,0.133172229927764,0,0,0,0,1,3,10,0,3,10,18.75,1.875,1,1,115517,42,0.01875,Gaussian (discarded tail <= 1e-12) / Gaussian (discarded tail <= 1e-12),15517,9,1,10000,1,1,1,1,0,0.0512,0.1338,0.0512,0.1338,0.05,0.133172229927764,0.0454279633979573,0.057661125867926,0.124644299419154,0.143517965485406,0.0454279633979573,0.057661125867926,0.124644299419154,0.143517965485406,0.999232298054943,1,0.999232298054943,1,1,0,V0,all,0.05,L2-C,moderate,R0,2,E3_15517_V1
1,0.05,0.0436157682628753,5000,5000,5000,262,509,5.41072154462388e-06,0.0265023598636362,0.009849260935473,0.0266588406844539,0.0098438502139284,0.370338046084744,1,1,0.05,0.10244719193094,0,0,0,0,1,3,10,0,3,10,18.75,1.875,1,1,115518,42,0.0265165042944955,Gaussian (discarded tail <= 1e-12) / Gaussian (discarded tail <= 1e-12),15518,9,2,10000,1,1,1,1,0,0.0524,0.1018,0.0524,0.1018,0.05,0.10244719193094,0.0465599567062765,0.0589272900749386,0.0937218077935648,0.110489590035479,0.0465599567062765,0.0589272900749386,0.0937218077935648,0.110489590035479,0.999232298054943,1,0.999232298054943,1,1,0,V0,all,0.05,L2-C,moderate,R1,2,E3_15518_V1
1,0.05,0.0167022814546331,5000,5000,5000,267,1349,0.0001801283389063,0.0101215009884559,0.0104943116061787,0.0101140830098522,0.0103141832672723,1.0194104183123,1,1,0.05,0.259511022841446,0,0,0,0,1,0.5,10,10,0.507713305942873,10,10.1542661188575,1.01542661188575,1,1,115725,42,0.0101542661188575,Gaussian (discarded tail <= 1e-12) / Gaussian (discarded tail <= 1e-12),15725,9,1,10000,1,1,1,1,0,0.0534,0.2698,0.0534,0.2698,0.05,0.259511022841446,0.0475039707136969,0.0599817406636281,0.257677349970905,0.282276100004599,0.0475039707136969,0.0599817406636281,0.257677349970905,0.282276100004599,0.999232298054943,1,0.999232298054943,1,1,0,V0,all,0.05,L2-C,moderate,R0,2,E3_15725_V1
1,0.05,0.0236205929557148,5000,5000,5000,244,865,-0.0001649558796421,0.0140939583585458,0.0100811389202449,0.0142613707935678,0.0102460947998871,0.722680112012434,1,1,0.05,0.174187261617933,0,0,0,0,1,0.5,10,10,0.507713305942873,10,10.1542661188575,1.01542661188575,1,1,115726,42,0.0143603008612338,Gaussian (discarded tail <= 1e-12) / Gaussian (discarded tail <= 1e-12),15726,9,2,10000,1,1,1,1,0,0.0488,0.173,0.0488,0.173,0.05,0.174187261617933,0.0431667882318987,0.0551259860033208,0.162767770661566,0.183734306410501,0.0431667882318987,0.0551259860033208,0.162767770661566,0.183734306410501,0.999232298054943,1,0.999232298054943,1,1,0,V0,all,0.05,L2-C,moderate,R1,2,E3_15726_V1
1,0.05,0.0167022814546331,5000,5000,5000,247,1254,7.71234557978042e-05,0.0099226070798506,0.0099698333512444,0.0101755621288617,0.0098927098954466,0.984360948476691,1,1,0.05,0.259511022841449,0,0,0,0,1,1,10,10,1.01542661188575,10,10.1542661188575,1.01542661188575,1,1,115733,42,0.0101542661188575,Gaussian (discarded tail <= 1e-12) / Gaussian (discarded tail <= 1e-12),15733,9,1,10000,1,1,1,1,0,0.0494,0.2508,0.0494,0.2508,0.05,0.259511022841449,0.043731720637967,0.0557601323549184,0.23897934628272,0.263003276366697,0.043731720637967,0.0557601323549184,0.23897934628272,0.263003276366697,0.999232298054943,1,0.999232298054943,1,1,0,V0,all,0.05,L2-C,moderate,R0,2,E3_15733_V1
1,0.05,0.0236205929557148,5000,5000,5000,231,857,-0.0001016645047678,0.0142746243493534,0.0098573755858108,0.014214024046685,0.0099590400905787,0.699156900709276,1,1,0.05,0.174187261617935,0,0,0,0,1,1,10,10,1.01542661188575,10,10.1542661188575,1.01542661188575,1,1,115734,42,0.0143603008612338,Gaussian (discarded tail <= 1e-12) / Gaussian (discarded tail <= 1e-12),15734,9,2,10000,1,1,1,1,0,0.0462,0.1714,0.0462,0.1714,0.05,0.174187261617935,0.0407216699236964,0.0523750963616375,0.161207448291205,0.182097085427087,0.0407216699236964,0.0523750963616375,0.161207448291205,0.182097085427087,0.999232298054943,1,0.999232298054943,1,1,0,V0,all,0.05,L2-C,moderate,R1,2,E3_15734_V1
1,0.05,0.0167022814546331,5000,5000,5000,241,1231,3.5875502729847e-05,0.010028547272105,0.0099038742919267,0.0100529570458141,0.0098679987891969,0.982794051966428,1,1,0.05,0.259511022841442,0,0,0,0,1,1.5,10,10,1.52313991782862,10,10.1542661188575,1.01542661188575,1,1,115741,42,0.0101542661188575,Gaussian (discarded tail <= 1e-12) / Gaussian (discarded tail <= 1e-12),15741,9,1,10000,1,1,1,1,0,0.0482,0.2462,0.0482,0.2462,0.05,0.259511022841442,0.0426021037376601,0.0544915917398936,0.234456988713453,0.258332696793858,0.0426021037376601,0.0544915917398936,0.234456988713453,0.258332696793858,0.999232298054943,1,0.999232298054943,1,1,0,V0,all,0.05,L2-C,moderate,R0,2,E3_15741_V1
1,0.05,0.0236205929557148,5000,5000,5000,230,879,3.55555030129441e-05,0.0142539945521278,0.0101617929824528,0.0145630861596292,0.0101262374794399,0.702753699132793,1,1,0.05,0.174187261617931,0,0,0,0,1,1.5,10,10,1.52313991782862,10,10.1542661188575,1.01542661188575,1,1,115742,42,0.0143603008612338,Gaussian (discarded tail <= 1e-12) / Gaussian (discarded tail <= 1e-12),15742,9,2,10000,1,1,1,1,0,0.046,0.1758,0.046,0.1758,0.05,0.174187261617931,0.0405337873353779,0.052163286030734,0.165499119886883,0.186598658054292,0.0405337873353779,0.052163286030734,0.165499119886883,0.186598658054292,0.999232298054943,1,0.999232298054943,1,1,0,V0,all,0.05,L2-C,moderate,R1,2,E3_15742_V1
1,0.05,0.0211999263353003,5000,5000,5000,259,978,6.10812840980293e-05,0.0128835744562253,0.0100939807669488,0.012974216203302,0.0100328994828507,0.776001165331727,1,1,0.05,0.195720390701327,0,0,0,0,1,2,10,10,2.03085322377149,10,12.888640051572,1.2888640051572,1,1,115749,42,0.012888640051572,Gaussian (discarded tail <= 1e-12) / Gaussian (discarded tail <= 1e-12),15749,9,1,10000,1,1,1,1,0,0.0518,0.1956,0.0518,0.1956,0.05,0.195720390701327,0.045993846130679,0.0582943218928702,0.184840721371856,0.206826655572295,0.045993846130679,0.0582943218928702,0.184840721371856,0.206826655572295,0.999232298054943,1,0.999232298054943,1,1,0,V0,all,0.05,L2-C,moderate,R0,2,E3_15749_V1
1,0.05,0.0299812233446922,5000,5000,5000,281,739,0.0003103611220426,0.0184510063516772,0.0102859933243069,0.0186102397287071,0.0099756322022642,0.538327292480313,1,1,0.05,0.138350042727784,0,0,0,0,1,2,10,10,2.03085322377149,10,12.888640051572,1.2888640051572,1,1,115750,42,0.0182272895614783,Gaussian (discarded tail <= 1e-12) / Gaussian (discarded tail <= 1e-12),15750,9,2,10000,1,1,1,1,0,0.0562,0.1478,0.0562,0.1478,0.05,0.138350042727784,0.0501503861434922,0.0629310261029405,0.138233254496427,0.157907514753671,0.0501503861434922,0.0629310261029405,0.138233254496427,0.157907514753671,0.999232298054943,1,0.999232298054943,1,1,0,V0,all,0.05,L2-C,moderate,R1,2,E3_15750_V1
1,0.05,0.0317998895029504,5000,5000,5000,244,701,-0.0001019589647528,0.018987859380914,0.0106591094251036,0.0196189330405851,0.0107610683898565,0.557395750168986,1,1,0.05,0.131437262299514,0,0,0,0,1,3,10,10,3.04627983565724,10,19.3329600773581,1.93329600773581,1,1,115757,42,0.0193329600773581,Gaussian (discarded tail <= 1e-12) / Gaussian (discarded tail <= 1e-12),15757,9,1,10000,1,1,1,1,0,0.0488,0.1402,0.0488,0.1402,0.05,0.131437262299514,0.0431667882318987,0.0551259860033208,0.130852387823968,0.150100050495695,0.0431667882318987,0.0551259860033208,0.130852387823968,0.150100050495695,0.999232298054943,1,0.999232298054943,1,1,0,V0,all,0.05,L2-C,moderate,R0,2,E3_15757_V1
1,0.05,0.0449718350170383,5000,5000,5000,244,495,0.0002960570616179,0.0271785069832326,0.0101485762985814,0.0270496991937564,0.0098525192369634,0.363371468011441,1,1,0.05,0.101427541495574,0,0,0,0,1,3,10,10,3.04627983565724,10,19.3329600773581,1.93329600773581,1,1,115758,42,0.0273409343422174,Gaussian (discarded tail <= 1e-12) / Gaussian (discarded tail <= 1e-12),15758,9,2,10000,1,1,1,1,0,0.0488,0.099,0.0488,0.099,0.05,0.101427541495574,0.0431667882318987,0.0551259860033208,0.0910269658890982,0.107588731070838,0.0431667882318987,0.0551259860033208,0.0910269658890982,0.107588731070838,0.999232298054943,1,0.999232298054943,1,1,0,V0,all,0.05,L2-C,moderate,R1,2,E3_15758_V1
1,0.05,0.0175041666877814,5000,5000,5000,237,1333,0.0001942091559147,0.0105366147661697,0.0107595501068257,0.0107232932404775,0.0105653409509109,0.99388329118123,1,1,0.05,0.259511022841445,0,0,0,0,1,0.5,10,20,0.532088886237956,10,10.6417777247591,1.06417777247591,1,1,115965,42,0.0106417777247591,Gaussian (discarded tail <= 1e-12) / Gaussian (discarded tail <= 1e-12),15965,9,1,10000,1,1,1,1,0,0.0474,0.2666,0.0474,0.2666,0.05,0.259511022841445,0.0418495843205747,0.053645339480091,0.254526157560216,0.279032205707737,0.0418495843205747,0.053645339480091,0.254526157560216,0.279032205707737,0.999232298054943,1,0.999232298054943,1,1,0,V0,all,0.05,L2-C,moderate,R0,2,E3_15965_V1
1,0.05,0.0247546299278998,5000,5000,5000,257,894,0.0002180025522919,0.0151329188429164,0.0108062801157077,0.0148396985432586,0.0105882775634158,0.70649625176419,1,1,0.05,0.174187261617933,0,0,0,0,1,0.5,10,20,0.532088886237956,10,10.6417777247591,1.06417777247591,1,1,115966,42,0.0150497463861142,Gaussian (discarded tail <= 1e-12) / Gaussian (discarded tail <= 1e-12),15966,9,2,10000,1,1,1,1,0,0.0514,0.1788,0.0514,0.1788,0.05,0.174187261617933,0.0456165654284363,0.057872216756669,0.168426655964112,0.189666515765393,0.0456165654284363,0.057872216756669,0.168426655964112,0.189666515765393,0.999232298054943,1,0.999232298054943,1,1,0,V0,all,0.05,L2-C,moderate,R1,2,E3_15966_V1
1,0.05,0.0175041666877814,5000,5000,5000,255,1319,-0.0001014307126861,0.0107603269464296,0.0106559631116817,0.0108648576576407,0.0107573938243678,0.994883359340552,1,1,0.05,0.259511022841445,0,0,0,0,1,1,10,20,1.06417777247591,10,10.6417777247591,1.06417777247591,1,1,115973,42,0.0106417777247591,Gaussian (discarded tail <= 1e-12) / Gaussian (discarded tail <= 1e-12),15973,9,1,10000,1,1,1,1,0,0.051,0.2638,0.051,0.2638,0.05,0.259511022841445,0.0452393871026712,0.0574500092439901,0.251769536164925,0.27619312623392,0.0452393871026712,0.0574500092439901,0.251769536164925,0.27619312623392,0.999232298054943,1,0.999232298054943,1,1,0,V0,all,0.05,L2-C,moderate,R0,2,E3_15973_V1
1,0.05,0.0247546299278998,5000,5000,5000,249,830,-1.18215902674289e-05,0.0151048926026368,0.0105295930983895,0.0147996967527792,0.0105414146886569,0.704966427321096,1,1,0.05,0.174187261617933,0,0,0,0,1,1,10,20,1.06417777247591,10,10.6417777247591,1.06417777247591,1,1,115974,42,0.0150497463861142,Gaussian (discarded tail <= 1e-12) / Gaussian (discarded tail <= 1e-12),15974,9,2,10000,1,1,1,1,0,0.0498,0.166,0.0498,0.166,0.05,0.174187261617933,0.0441084778641927,0.0561827609671367,0.155943824247562,0.176569000651736,0.0441084778641927,0.0561827609671367,0.155943824247562,0.176569000651736,0.999232298054943,1,0.999232298054943,1,1,0,V0,all,0.05,L2-C,moderate,R1,2,E3_15974_V1
1,0.05,0.0175041666877814,5000,5000,5000,230,1264,-0.0002051931076884,0.0107005983683819,0.0105977027043581,0.0105412863154999,0.0108028958120465,1.01710297011051,1,1,0.05,0.259511022841445,0,0,0,0,1,1.5,10,20,1.59626665871387,10,10.6417777247591,1.06417777247591,1,1,115981,42,0.0106417777247591,Gaussian (discarded tail <= 1e-12) / Gaussian (discarded tail <= 1e-12),15981,9,1,10000,1,1,1,1,0,0.046,0.2528,0.046,0.2528,0.05,0.259511022841445,0.0405337873353779,0.052163286030734,0.240946151319471,0.265033400522165,0.0405337873353779,0.052163286030734,0.240946151319471,0.265033400522165,0.999232298054943,1,0.999232298054943,1,1,0,V0,all,0.05,L2-C,moderate,R0,2,E3_15981_V1
1,0.05,0.0247546299278998,5000,5000,5000,253,892,-4.28695400411581e-05,0.0150105110918522,0.0105980996416519,0.0153421672474852,0.010640969181693,0.701113350610116,1,1,0.05,0.174187261617933,0,0,0,0,1,1.5,10,20,1.59626665871387,10,10.6417777247591,1.06417777247591,1,1,115982,42,0.0150497463861142,Gaussian (discarded tail <= 1e-12) / Gaussian (discarded tail <= 1e-12),15982,9,2,10000,1,1,1,1,0,0.0506,0.1784,0.0506,0.1784,0.05,0.174187261617933,0.0448623122901981,0.0570276982180192,0.168036253421531,0.18925753246953,0.0448623122901981,0.0570276982180192,0.168036253421531,0.18925753246953,0.999232298054943,1,0.999232298054943,1,1,0,V0,all,0.05,L2-C,moderate,R1,2,E3_15982_V1
1,0.05,0.0232844313935629,5000,5000,5000,236,918,2.55162199379956e-05,0.0140384671068538,0.0103539153112062,0.0143170008992432,0.0103283990912682,0.728459204529831,1,1,0.05,0.185901937246619,0,0,0,0,1,2,10,20,2.12835554495182,10,14.1559291428974,1.41559291428974,1,1,115989,42,0.0141559291428974,Gaussian (discarded tail <= 1e-12) / Gaussian (discarded tail <= 1e-12),15989,9,1,10000,1,1,1,1,0,0.0472,0.1836,0.0472,0.1836,0.05,0.185901937246619,0.0416615258049748,0.0534337050764689,0.173113006031084,0.194572795759749,0.0416615258049748,0.0534337050764689,0.173113006031084,0.194572795759749,0.999232298054943,1,0.999232298054943,1,1,0,V0,all,0.05,L2-C,moderate,R0,2,E3_15989_V1
1,0.05,0.0329291586689225,5000,5000,5000,256,714,-8.01811417254926e-05,0.0197073530673556,0.0109702510104838,0.020156379254229,0.0110504321522093,0.554375144787401,1,1,0.05,0.132793408104879,0,0,0,0,1,2,10,20,2.12835554495182,10,14.1559291428974,1.41559291428974,1,1,115990,42,0.0200195069818781,Gaussian (discarded tail <= 1e-12) / Gaussian (discarded tail <= 1e-12),15990,9,2,10000,1,1,1,1,0,0.0512,0.1428,0.0512,0.1428,0.05,0.132793408104879,0.0454279633979573,0.057661125867926,0.133376379000612,0.152772067268937,0.0454279633979573,0.057661125867926,0.133376379000612,0.152772067268937,0.999232298054943,1,0.999232298054943,1,1,0,V0,all,0.05,L2-C,moderate,R1,2,E3_15990_V1
1,0.05,0.0349266470903443,5000,5000,5000,239,632,-6.28359683885245e-05,0.021043908916177,0.0102672266385525,0.021539816646281,0.010330062606941,0.485131917190844,1,1,0.05,0.126377308057891,0,0,0,0,1,3,10,20,3.19253331742774,10,21.2338937143461,2.12338937143461,1,1,115997,42,0.0212338937143461,Gaussian (discarded tail <= 1e-12) / Gaussian (discarded tail <= 1e-12),15997,9,1,10000,1,1,1,1,0,0.0478,0.1264,0.0478,0.1264,0.05,0.126377308057891,0.0422257872975776,0.054068522341532,0.117475177080625,0.135898449812722,0.0422257872975776,0.054068522341532,0.117475177080625,0.135898449812722,0.999232298054943,1,0.999232298054943,1,1,0,V0,all,0.05,L2-C,moderate,R0,2,E3_15997_V1
1,0.05,0.0493937380033837,5000,5000,5000,260,504,2.54604885198956e-05,0.0300533992977606,0.0105767003825795,0.0302154472399843,0.0105512398940596,0.35013783607679,1,1,0.05,0.098443179985221,0,0,0,0,1,3,10,20,3.19253331742774,10,21.2338937143461,2.12338937143461,1,1,115998,42,0.0300292604728171,Gaussian (discarded tail <= 1e-12) / Gaussian (discarded tail <= 1e-12),15998,9,2,10000,1,1,1,1,0,0.052,0.1008,0.052,0.1008,0.05,0.098443179985221,0.0461825245236588,0.0585053364191124,0.0927591356204094,0.109453797612524,0.0461825245236588,0.0585053364191124,0.0927591356204094,0.109453797612524,0.999232298054943,1,0.999232298054943,1,1,0,V0,all,0.05,L2-C,moderate,R1,2,E3_15998_V1
1,0.05,0.0189931336859593,5000,5000,5000,249,1295,-2.6766527739715e-05,0.0116646482224287,0.0118163659520631,0.0113591366798084,0.0118431324798028,1.02868316552742,1,1,0.05,0.259511022841447,0,0,0,0,1,0.5,10,30,0.577350269189626,10,11.5470053837925,1.15470053837925,1,1,116205,42,0.0115470053837925,Gaussian (discarded tail <= 1e-12) / Gaussian (discarded tail <= 1e-12),16205,9,1,10000,1,1,1,1,0,0.0498,0.259,0.0498,0.259,0.05,0.259511022841447,0.0441084778641927,0.0561827609671367,0.247045377764913,0.271324654572604,0.0441084778641927,0.0561827609671367,0.247045377764913,0.271324654572604,0.999232298054943,1,0.999232298054943,1,1,0,V0,all,0.05,L2-C,moderate,R0,2,E3_16205_V1
1,0.05,0.0268603472506489,5000,5000,5000,263,891,0.0001791503700395,0.0164228851553826,0.0117903197421932,0.0164155134454009,0.0116111693721536,0.707170238156146,1,1,0.05,0.174187261617933,0,0,0,0,1,0.5,10,30,0.577350269189626,10,11.5470053837925,1.15470053837925,1,1,116206,42,0.0163299316185545,Gaussian (discarded tail <= 1e-12) / Gaussian (discarded tail <= 1e-12),16206,9,2,10000,1,1,1,1,0,0.0526,0.1782,0.0526,0.1782,0.05,0.174187261617933,0.0467487102249782,0.0591382294754589,0.167841059541668,0.189053033430171,0.0467487102249782,0.0591382294754589,0.167841059541668,0.189053033430171,0.999232298054943,1,0.999232298054943,1,1,0,V0,all,0.05,L2-C,moderate,R1,2,E3_16206_V1
1,0.05,0.0189931336859593,5000,5000,5000,293,1259,0.0002538919519467,0.0115919020784379,0.0114700159880922,0.0113493231744436,0.0112161240361454,0.977759203263896,1,1,0.05,0.25951102284145,0,0,0,0,1,1,10,30,1.15470053837925,10,11.5470053837925,1.15470053837925,1,1,116213,42,0.0115470053837925,Gaussian (discarded tail <= 1e-12) / Gaussian (discarded tail <= 1e-12),16213,9,1,10000,1,1,1,1,0,0.0586,0.2518,0.0586,0.2518,0.05,0.25951102284145,0.0524222767424323,0.0654554505346641,0.239962706495223,0.264018380750303,0.0524222767424323,0.0654554505346641,0.239962706495223,0.264018380750303,0.999232298054943,1,0.999232298054943,1,1,0,V0,all,0.05,L2-C,moderate,R0,2,E3_16213_V1
1,0.05,0.0268603472506489,5000,5000,5000,241,897,-5.43533806706412e-05,0.0163425585519356,0.0120189680028215,0.0163783795321856,0.0120733213834922,0.737956480206351,1,1,0.05,0.174187261617935,0,0,0,0,1,1,10,30,1.15470053837925,10,11.5470053837925,1.15470053837925,1,1,116214,42,0.0163299316185545,Gaussian (discarded tail <= 1e-12) / Gaussian (discarded tail <= 1e-12),16214,9,2,10000,1,1,1,1,0,0.0482,0.1794,0.0482,0.1794,0.05,0.174187261617935,0.0426021037376601,0.0544915917398936,0.169012296638311,0.19027995384886,0.0426021037376601,0.0544915917398936,0.169012296638311,0.19027995384886,0.999232298054943,1,0.999232298054943,1,1,0,V0,all,0.05,L2-C,moderate,R1,2,E3_16214_V1
1,0.05,0.0205606703368934,5000,5000,5000,241,1142,8.41647581140879e-06,0.0124414921487013,0.0113044285243624,0.0125194818535548,0.0112960120485509,0.90508943364848,1,1,0.05,0.235426088414852,0,0,0,0,1,1.5,10,30,1.73205080756888,10,12.5,1.25,1,1,116221,42,0.0125,Gaussian (discarded tail <= 1e-12) / Gaussian (discarded tail <= 1e-12),16221,9,1,10000,1,1,1,1,0,0.0482,0.2284,0.0482,0.2284,0.05,0.235426088414852,0.0426021037376601,0.0544915917398936,0.216975011804744,0.240242003891811,0.0426021037376601,0.0544915917398936,0.216975011804744,0.240242003891811,0.999232298054943,1,0.999232298054943,1,1,0,V0,all,0.05,L2-C,moderate,R0,2,E3_16221_V1
1,0.05,0.0290771788419169,5000,5000,5000,239,825,0.0001825003520689,0.017408935869371,0.0116759880903214,0.0176161844286862,0.0114934877382525,0.656288197588502,1,1,0.05,0.160682592467169,0,0,0,0,1,1.5,10,30,1.73205080756888,10,12.5,1.25,1,1,116222,42,0.0176776695296637,Gaussian (discarded tail <= 1e-12) / Gaussian (discarded tail <= 1e-12),16222,9,2,10000,1,1,1,1,0,0.0478,0.165,0.0478,0.165,0.05,0.160682592467169,0.0422257872975776,0.054068522341532,0.154969504169594,0.175544856133594,0.0422257872975776,0.054068522341532,0.154969504169594,0.175544856133594,0.999232298054943,1,0.999232298054943,1,1,0,V0,all,0.05,L2-C,moderate,R1,2,E3_16222_V1
1,0.05,0.0274142271158579,5000,5000,5000,263,889,0.0004671889856344,0.0165399400001682,0.0116813543732864,0.0168024111381074,0.0112141653876519,0.672647102482034,1,1,0.05,0.170540045988671,0,0,0,0,1,2,10,30,2.3094010767585,10,16.6666666666667,1.66666666666667,1,1,116229,42,0.0166666666666667,Gaussian (discarded tail <= 1e-12) / Gaussian (discarded tail <= 1e-12),16229,9,1,10000,1,1,1,1,0,0.0526,0.1778,0.0526,0.1778,0.05,0.170540045988671,0.0467487102249782,0.0591382294754589,0.167450686597252,0.188644020536143,0.0467487102249782,0.0591382294754589,0.167450686597252,0.188644020536143,0.999232298054943,1,0.999232298054943,1,1,0,V0,all,0.05,L2-C,moderate,R0,2,E3_16229_V1
1,0.05,0.0387695717892225,5000,5000,5000,230,616,8.55136651902563e-05,0.0234297971154394,0.0114663711659613,0.0237387843121384,0.0113808575007711,0.482550586786107,1,1,0.05,0.124054288446186,0,0,0,0,1,2,10,30,2.3094010767585,10,16.6666666666667,1.66666666666667,1,1,116230,42,0.0235702260395516,Gaussian (discarded tail <= 1e-12) / Gaussian (discarded tail <= 1e-12),16230,9,2,10000,1,1,1,1,0,0.046,0.1232,0.046,0.1232,0.05,0.124054288446186,0.0405337873353779,0.052163286030734,0.114378167390857,0.132600372794939,0.0405337873353779,0.052163286030734,0.114378167390857,0.132600372794939,0.999232298054943,1,0.999232298054943,1,1,0,V0,all,0.05,L2-C,moderate,R1,2,E3_16230_V1
1,0.05,0.0411213406737868,5000,5000,5000,264,585,-4.94246221823288e-05,0.0251886095818628,0.011174328894662,0.0247824476481165,0.0112237535168444,0.449195330950305,1,1,0.05,0.118409842534648,0,0,0,0,1,3,10,30,3.46410161513775,10,25,2.5,1,1,116237,42,0.025,Gaussian (discarded tail <= 1e-12) / Gaussian (discarded tail <= 1e-12),16237,9,1,10000,1,1,1,1,0,0.0528,0.117,0.0528,0.117,0.05,0.118409842534648,0.0469374885167706,0.0593491441028885,0.108383445734164,0.12620461395575,0.0469374885167706,0.0593491441028885,0.108383445734164,0.12620461395575,0.999232298054943,1,0.999232298054943,1,1,0,V0,all,0.05,L2-C,moderate,R0,2,E3_16237_V1
1,0.05,0.0581543576838337,5000,5000,5000,264,467,-4.10933725622583e-05,0.0353661175662626,0.0116396924291009,0.0352531202861401,0.0116807858016632,0.33080988138046,1,1,0.05,0.0937091506439053,0,0,0,0,1,3,10,30,3.46410161513775,10,25,2.5,1,1,116238,42,0.0353553390593274,Gaussian (discarded tail <= 1e-12) / Gaussian (discarded tail <= 1e-12),16238,9,2,10000,1,1,1,1,0,0.0528,0.0934,0.0528,0.0934,0.05,0.0937091506439053,0.0469374885167706,0.0593491441028885,0.0856434609879036,0.101780834233817,0.0469374885167706,0.0593491441028885,0.0856434609879036,0.101780834233817,0.999232298054943,1,0.999232298054943,1,1,0,V0,all,0.05,L2-C,moderate,R1,2,E3_16238_V1
1,0.05,0.0214720391450709,5000,5000,5000,241,1293,-0.0001389795618405,0.0129803789947858,0.0129440097249151,0.0130920171511306,0.0130829892867556,1.00358012985938,1,1,0.05,0.259511022841442,0,0,0,0,1,0.5,10,40,0.652703644666139,10,13.0540728933228,1.30540728933228,1,1,116445,42,0.0130540728933228,Gaussian (discarded tail <= 1e-12) / Gaussian (discarded tail <= 1e-12),16445,9,1,10000,1,1,1,1,0,0.0482,0.2586,0.0482,0.2586,0.05,0.259511022841442,0.0426021037376601,0.0544915917398936,0.246651783018717,0.270918863480356,0.0426021037376601,0.0544915917398936,0.246651783018717,0.270918863480356,0.999232298054943,1,0.999232298054943,1,1,0,V0,all,0.05,L2-C,moderate,R0,2,E3_16445_V1
1,0.05,0.0303660489707653,5000,5000,5000,255,906,2.97069844263274e-05,0.0183984285451284,0.0132294441821108,0.0189076489191373,0.0131997371976845,0.707579493702555,1,1,0.05,0.174187261617931,0,0,0,0,1,0.5,10,40,0.652703644666139,10,13.0540728933228,1.30540728933228,1,1,116446,42,0.0184612469299441,Gaussian (discarded tail <= 1e-12) / Gaussian (discarded tail <= 1e-12),16446,9,2,10000,1,1,1,1,0,0.051,0.1812,0.051,0.1812,0.05,0.174187261617931,0.0452393871026712,0.0574500092439901,0.170769482445778,0.192120004314391,0.0452393871026712,0.0574500092439901,0.170769482445778,0.192120004314391,0.999232298054943,1,0.999232298054943,1,1,0,V0,all,0.05,L2-C,moderate,R1,2,E3_16446_V1
1,0.05,0.0214720391450709,5000,5000,5000,238,1264,-8.65557913656013e-05,0.0130035723824714,0.0129332378072802,0.0128238452211876,0.0130197935986458,1.00819048742399,1,1,0.05,0.25951102284144,0,0,0,0,1,1,10,40,1.30540728933228,10,13.0540728933228,1.30540728933228,1,1,116453,42,0.0130540728933228,Gaussian (discarded tail <= 1e-12) / Gaussian (discarded tail <= 1e-12),16453,9,1,10000,1,1,1,1,0,0.0476,0.2528,0.0476,0.2528,0.05,0.25951102284144,0.0420376715417821,0.0538569451781056,0.240946151319471,0.265033400522165,0.0420376715417821,0.0538569451781056,0.240946151319471,0.265033400522165,0.999232298054943,1,0.999232298054943,1,1,0,V0,all,0.05,L2-C,moderate,R0,2,E3_16453_V1
1,0.05,0.0303660489707653,5000,5000,5000,221,882,-0.00022335650093,0.0181905330849583,0.0130238568065261,0.0187463740993516,0.0132472133074562,0.717207510277356,1,1,0.05,0.17418726161793,0,0,0,0,1,1,10,40,1.30540728933228,10,13.0540728933228,1.30540728933228,1,1,116454,42,0.0184612469299441,Gaussian (discarded tail <= 1e-12) / Gaussian (discarded tail <= 1e-12),16454,9,2,10000,1,1,1,1,0,0.0442,0.1764,0.0442,0.1764,0.05,0.17418726161793,0.038844214757119,0.0502556223359951,0.166084537539846,0.187212319158995,0.038844214757119,0.0502556223359951,0.166084537539846,0.187212319158995,0.999232298054943,1,0.999232298054943,1,1,0,V0,all,0.05,L2-C,moderate,R1,2,E3_16454_V1
1,0.05,0.0262778966407533,5000,5000,5000,248,1034,0.0001509127134517,0.0156041908046955,0.0132707394389539,0.0157533590697966,0.0131198267255021,0.836779552939241,1,1,0.05,0.203909006637899,0,0,0,0,1,1.5,10,40,1.95811093399842,10,15.9758267910173,1.59758267910173,1,1,116461,42,0.0159758267910173,Gaussian (discarded tail <= 1e-12) / Gaussian (discarded tail <= 1e-12),16461,9,1,10000,1,1,1,1,0,0.0496,0.2068,0.0496,0.2068,0.05,0.203909006637899,0.0439200857923503,0.0559714601197571,0.195801022221821,0.218249158198761,0.0439200857923503,0.0559714601197571,0.195801022221821,0.218249158198761,0.999232298054943,1,0.999232298054943,1,1,0,V0,all,0.05,L2-C,moderate,R0,2,E3_16461_V1
1,0.05,0.0371625578199918,5000,5000,5000,266,722,-2.845059695206e-05,0.0229373889757362,0.0132235066724694,0.0226925702031175,0.0132519572694215,0.580836221338005,1,1,0.05,0.142970853129625,0,0,0,0,1,1.5,10,40,1.95811093399842,10,15.9758267910173,1.59758267910173,1,1,116462,42,0.0225932309179801,Gaussian (discarded tail <= 1e-12) / Gaussian (discarded tail <= 1e-12),16462,9,2,10000,1,1,1,1,0,0.0532,0.1444,0.0532,0.1444,0.05,0.142970853129625,0.0473151188916038,0.0597708995664993,0.134930148338256,0.154415841285068,0.0473151188916038,0.0597708995664993,0.134930148338256,0.154415841285068,0.999232298054943,1,0.999232298054943,1,1,0,V0,all,0.05,L2-C,moderate,R1,2,E3_16462_V1
1,0.05,0.0350371955210045,5000,5000,5000,238,789,4.71874976592348e-06,0.0212290192291092,0.013316008687834,0.0211006689132216,0.0133112899380681,0.628931103949465,1,1,0.05,0.151031825674461,0,0,0,0,1,2,10,40,2.61081457866456,10,21.3011023880231,2.13011023880231,1,1,116469,42,0.0213011023880231,Gaussian (discarded tail <= 1e-12) / Gaussian (discarded tail <= 1e-12),16469,9,1,10000,1,1,1,1,0,0.0476,0.1578,0.0476,0.1578,0.05,0.151031825674461,0.0420376715417821,0.0538569451781056,0.147958453109868,0.168166962101329,0.0420376715417821,0.0538569451781056,0.147958453109868,0.168166962101329,0.999232298054943,1,0.999232298054943,1,1,0,V0,all,0.05,L2-C,moderate,R0,2,E3_16469_V1
1,0.05,0.0495500770933224,5000,5000,5000,254,573,0.0002667088490334,0.0303934746637094,0.0132939495322898,0.0301878400997782,0.0130272406832563,0.430072067173904,1,1,0.05,0.112849341397665,0,0,0,0,1,2,10,40,2.61081457866456,10,21.3011023880231,2.13011023880231,1,1,116470,42,0.0301243078906402,Gaussian (discarded tail <= 1e-12) / Gaussian (discarded tail <= 1e-12),16470,9,2,10000,1,1,1,1,0,0.0508,0.1146,0.0508,0.1146,0.05,0.112849341397665,0.0450508366853607,0.0572388667420786,0.106065026907909,0.123726717751341,0.0450508366853607,0.0572388667420786,0.106065026907909,0.123726717751341,0.999232298054943,1,0.999232298054943,1,1,0,V0,all,0.05,L2-C,moderate,R1,2,E3_16470_V1
1,0.05,0.0525557932815067,5000,5000,5000,255,525,-3.88728727241475e-05,0.0323782250516135,0.0123057238927179,0.0319355461308748,0.0123445967654421,0.383877484477171,1,1,0.05,0.108174168979213,0,0,0,0,1,3,10,40,3.91622186799684,10,31.9516535820346,3.19516535820346,1,1,116477,42,0.0319516535820346,Gaussian (discarded tail <= 1e-12) / Gaussian (discarded tail <= 1e-12),16477,9,1,10000,1,1,1,1,0,0.051,0.105,0.051,0.105,0.05,0.108174168979213,0.0452393871026712,0.0574500092439901,0.0968040219417014,0.113802462594894,0.0452393871026712,0.0574500092439901,0.0968040219417014,0.113802462594894,0.999232298054943,1,0.999232298054943,1,1,0,V0,all,0.05,L2-C,moderate,R0,2,E3_16477_V1
1,0.05,0.0743251156399835,5000,5000,5000,260,418,0.0002861069151615,0.0456019073405771,0.0127197979154765,0.0449897181487132,0.012433691000315,0.274493520630729,1,1,0.05,0.0875559196518954,0,0,0,0,1,3,10,40,3.91622186799684,10,31.9516535820346,3.19516535820346,1,1,116478,42,0.0451864618359603,Gaussian (discarded tail <= 1e-12) / Gaussian (discarded tail <= 1e-12),16478,9,2,10000,1,1,1,1,0,0.052,0.0836,0.052,0.0836,0.05,0.0875559196518954,0.0461825245236588,0.0585053364191124,0.0762439539229998,0.0915953882568438,0.0461825245236588,0.0585053364191124,0.0762439539229998,0.0915953882568438,0.999232298054943,1,0.999232298054943,1,1,0,V0,all,0.05,L2-C,moderate,R1,2,E3_16478_V1
1,0.05,0.0255893797914617,5000,5000,5000,257,1327,1.76267915533752e-06,0.015401249121104,0.0159156602707432,0.0155478090680013,0.0159138975915879,1.02838148168723,1,1,0.05,0.259511022841444,0,0,0,0,1,0.5,10,50,0.777861913430206,10,15.5572382686041,1.55572382686041,1,1,116685,42,0.0155572382686041,Gaussian (discarded tail <= 1e-12) / Gaussian (discarded tail <= 1e-12),16685,9,1,10000,1,1,1,1,0,0.0514,0.2654,0.0514,0.2654,0.05,0.259511022841444,0.0456165654284363,0.057872216756669,0.253344671190918,0.277815534561703,0.0456165654284363,0.057872216756669,0.253344671190918,0.277815534561703,0.999232298054943,1,0.999232298054943,1,1,0,V0,all,0.05,L2-C,moderate,R0,2,E3_16685_V1
1,0.05,0.0361888479538012,5000,5000,5000,229,884,8.11905449231995e-05,0.0219084709590149,0.016031763808375,0.0220373263168043,0.0159505732634518,0.725917183686944,1,1,0.05,0.174187261617932,0,0,0,0,1,0.5,10,50,0.777861913430206,10,15.5572382686041,1.55572382686041,1,1,116686,42,0.0220012573525297,Gaussian (discarded tail <= 1e-12) / Gaussian (discarded tail <= 1e-12),16686,9,2,10000,1,1,1,1,0,0.0458,0.1768,0.0458,0.1768,0.05,0.174187261617932,0.0403459347014957,0.0519514457453942,0.166474840963884,0.187621401573401,0.0403459347014957,0.0519514457453942,0.166474840963884,0.187621401573401,0.999232298054943,1,0.999232298054943,1,1,0,V0,all,0.05,L2-C,moderate,R1,2,E3_16686_V1
1,0.05,0.0255893797914617,5000,5000,5000,235,1269,9.33624458377643e-05,0.0154858062316382,0.0153125730577587,0.0156055128250149,0.0152192106119209,0.978993382855036,1,1,0.05,0.259511022841446,0,0,0,0,1,1,10,50,1.55572382686041,10,15.5572382686041,1.55572382686041,1,1,116693,42,0.0155572382686041,Gaussian (discarded tail <= 1e-12) / Gaussian (discarded tail <= 1e-12),16693,9,1,10000,1,1,1,1,0,0.047,0.2538,0.047,0.2538,0.05,0.259511022841446,0.0414734961677938,0.053222041794428,0.241929680423157,0.266048336014589,0.0414734961677938,0.053222041794428,0.241929680423157,0.266048336014589,0.999232298054943,1,0.999232298054943,1,1,0,V0,all,0.05,L2-C,moderate,R0,2,E3_16693_V1
1,0.05,0.0361888479538012,5000,5000,5000,284,862,0.0002980103445543,0.0222926355303637,0.0152397329487787,0.0219526929605095,0.0149417226042244,0.675383464193655,1,1,0.05,0.174187261617933,0,0,0,0,1,1,10,50,1.55572382686041,10,15.5572382686041,1.55572382686041,1,1,116694,42,0.0220012573525297,Gaussian (discarded tail <= 1e-12) / Gaussian (discarded tail <= 1e-12),16694,9,2,10000,1,1,1,1,0,0.0568,0.1724,0.0568,0.1724,0.05,0.174187261617933,0.0507180615465955,0.0635624294575031,0.162182611241505,0.183120387072896,0.0507180615465955,0.0635624294575031,0.162182611241505,0.183120387072896,0.999232298054943,1,0.999232298054943,1,1,0,V0,all,0.05,L2-C,moderate,R1,2,E3_16694_V1
1,0.05,0.0373218823651475,5000,5000,5000,238,862,-0.0001283191469805,0.0226727995000855,0.0154036524483875,0.0227478455500399,0.0155319715953681,0.683915887931213,1,1,0.05,0.168725597951231,0,0,0,0,1,1.5,10,50,2.33358574029062,10,22.6900933636988,2.26900933636988,1,1,116701,42,0.0226900933636988,Gaussian (discarded tail <= 1e-12) / Gaussian (discarded tail <= 1e-12),16701,9,1,10000,1,1,1,1,0,0.0476,0.1724,0.0476,0.1724,0.05,0.168725597951231,0.0420376715417821,0.0538569451781056,0.162182611241505,0.183120387072896,0.0420376715417821,0.0538569451781056,0.162182611241505,0.183120387072896,0.999232298054943,1,0.999232298054943,1,1,0,V0,all,0.05,L2-C,moderate,R0,2,E3_16701_V1
1,0.05,0.0527811122140849,5000,5000,5000,246,621,-0.0007517656104316,0.0319618934810314,0.0158203952247,0.0320279212236191,0.0165721608351316,0.51796218161777,1,1,0.05,0.123017715702323,0,0,0,0,1,1.5,10,50,2.33358574029062,10,22.6900933636988,2.26900933636988,1,1,116702,42,0.0320886377664546,Gaussian (discarded tail <= 1e-12) / Gaussian (discarded tail <= 1e-12),16702,9,2,10000,1,1,1,1,0,0.0492,0.1242,0.0492,0.1242,0.05,0.123017715702323,0.0435433825554971,0.0555487775181664,0.115345771870264,0.133631232911641,0.0435433825554971,0.0555487775181664,0.115345771870264,0.133631232911641,0.999232298054943,1,0.999232298054943,1,1,0,V0,all,0.05,L2-C,moderate,R1,2,E3_16702_V1
1,0.05,0.0497625098201967,5000,5000,5000,229,665,-0.0007310051543523,0.0300231773526182,0.0156731237972295,0.0302812625395478,0.0164041289515818,0.544038838766165,1,1,0.05,0.129106787818657,0,0,0,0,1,2,10,50,3.11144765372083,10,30.2534578182651,3.02534578182651,1,1,116709,42,0.0302534578182651,Gaussian (discarded tail <= 1e-12) / Gaussian (discarded tail <= 1e-12),16709,9,1,10000,1,1,1,1,0,0.0458,0.133,0.0458,0.133,0.05,0.129106787818657,0.0403459347014957,0.0519514457453942,0.12386878426711,0.142694708960562,0.0403459347014957,0.0519514457453942,0.12386878426711,0.142694708960562,0.999232298054943,1,0.999232298054943,1,1,0,V0,all,0.05,L2-C,moderate,R0,2,E3_16709_V1
1,0.05,0.0703748162854465,5000,5000,5000,243,504,0.0001774966494857,0.042958313496053,0.0154982812722234,0.0426426577341478,0.0153207846227377,0.35795576238916,1,1,0.05,0.100055033419655,0,0,0,0,1,2,10,50,3.11144765372083,10,30.2534578182651,3.02534578182651,1,1,116710,42,0.0427848503552728,Gaussian (discarded tail <= 1e-12) / Gaussian (discarded tail <= 1e-12),16710,9,2,10000,1,1,1,1,0,0.0486,0.1008,0.0486,0.1008,0.05,0.100055033419655,0.0429785323075291,0.0549145490084684,0.0927591356204094,0.109453797612524,0.0429785323075291,0.0549145490084684,0.0927591356204094,0.109453797612524,0.999232298054943,1,0.999232298054943,1,1,0,V0,all,0.05,L2-C,moderate,R1,2,E3_16710_V1
1,0.05,0.0746437647302951,5000,5000,5000,230,456,-0.0003070768975355,0.0454810012865105,0.0157833092927298,0.0453192936879377,0.0160903861902654,0.354412079349607,1,1,0.05,0.0964524552977832,0,0,0,0,1,3,10,50,4.66717148058124,10,45.3801867273976,4.53801867273976,1,1,116717,42,0.0453801867273976,Gaussian (discarded tail <= 1e-12) / Gaussian (discarded tail <= 1e-12),16717,9,1,10000,1,1,1,1,0,0.046,0.0912,0.046,0.0912,0.05,0.0964524552977832,0.0405337873353779,0.052163286030734,0.0835308799658389,0.0994967931444398,0.0405337873353779,0.052163286030734,0.0835308799658389,0.0994967931444398,0.999232298054943,1,0.999232298054943,1,1,0,V0,all,0.05,L2-C,moderate,R0,2,E3_16717_V1
1,0.05,0.10556222442817,5000,5000,5000,232,420,0.000656572960231,0.063935925919308,0.0156972495427235,0.064673251750294,0.0150406765824924,0.233893563144921,1,1,0.05,0.0803914645715265,0,0,0,0,1,3,10,50,4.66717148058124,10,45.3801867273976,4.53801867273976,1,1,116718,42,0.0641772755329092,Gaussian (discarded tail <= 1e-12) / Gaussian (discarded tail <= 1e-12),16718,9,2,10000,1,1,1,1,0,0.0464,0.084,0.0464,0.084,0.05,0.0803914645715265,0.0409095822823139,0.0525868769222419,0.0766270267940438,0.0920117012242437,0.0409095822823139,0.0525868769222419,0.0766270267940438,0.0920117012242437,0.999232298054943,1,0.999232298054943,1,1,0,V0,all,0.05,L2-C,moderate,R1,2,E3_16718_V1
1,0.05,0.0328970725390295,5000,5000,5000,263,1270,7.41205707088739e-05,0.0199602961687994,0.0197587035677574,0.0199757623166665,0.0196845829970485,0.98580492253955,1,1,0.05,0.259511022841444,0,0,0,0,1,0.5,10,60,1,10,20,2,1,1,116925,42,0.02,Gaussian (discarded tail <= 1e-12) / Gaussian (discarded tail <= 1e-12),16925,9,1,10000,1,1,1,1,0,0.0526,0.254,0.0526,0.254,0.05,0.259511022841444,0.0467487102249782,0.0591382294754589,0.24212639632843,0.266251313028538,0.0467487102249782,0.0591382294754589,0.24212639632843,0.266251313028538,0.999232298054943,1,0.999232298054943,1,1,0,V0,all,0.05,L2-C,moderate,R0,2,E3_16925_V1
1,0.05,0.046523486147067,5000,5000,5000,235,845,-3.68730759360406e-05,0.027915545496633,0.0205509597757912,0.0275593761167631,0.0205878328517272,0.742223979389303,1,1,0.05,0.174187261617932,0,0,0,0,1,0.5,10,60,1,10,20,2,1,1,116926,42,0.0282842712474619,Gaussian (discarded tail <= 1e-12) / Gaussian (discarded tail <= 1e-12),16926,9,2,10000,1,1,1,1,0,0.047,0.169,0.047,0.169,0.05,0.174187261617932,0.0414734961677938,0.053222041794428,0.158867586103553,0.179640632584075,0.0414734961677938,0.053222041794428,0.158867586103553,0.179640632584075,0.999232298054943,1,0.999232298054943,1,1,0,V0,all,0.05,L2-C,moderate,R1,2,E3_16926_V1
1,0.05,0.0411213406737868,5000,5000,5000,259,1019,0.0001043436700241,0.0251175599109631,0.0204224153964392,0.0250933542241829,0.020318071726415,0.809308880963799,1,1,0.05,0.19909628433143,0,0,0,0,1,1,10,60,2,10,25,2.5,1,1,116933,42,0.025,Gaussian (discarded tail <= 1e-12) / Gaussian (discarded tail <= 1e-12),16933,9,1,10000,1,1,1,1,0,0.0518,0.2038,0.0518,0.2038,0.05,0.19909628433143,0.045993846130679,0.0582943218928702,0.192863912956131,0.215190873676121,0.045993846130679,0.0582943218928702,0.192863912956131,0.215190873676121,0.999232298054943,1,0.999232298054943,1,1,0,V0,all,0.05,L2-C,moderate,R0,2,E3_16933_V1
1,0.05,0.0581543576838337,5000,5000,5000,246,694,-0.0003969764377818,0.0351514638410189,0.0195361725657142,0.0356742200245217,0.0199331490034961,0.562863780035349,1,1,0.05,0.140256376014454,0,0,0,0,1,1,10,60,2,10,25,2.5,1,1,116934,42,0.0353553390593274,Gaussian (discarded tail <= 1e-12) / Gaussian (discarded tail <= 1e-12),16934,9,2,10000,1,1,1,1,0,0.0492,0.1388,0.0492,0.1388,0.05,0.140256376014454,0.0435433825554971,0.0555487775181664,0.12949377652231,0.148660811362799,0.0435433825554971,0.0555487775181664,0.12949377652231,0.148660811362799,0.999232298054943,1,0.999232298054943,1,1,0,V0,all,0.05,L2-C,moderate,R1,2,E3_16934_V1
1,0.05,0.0616820110106802,5000,5000,5000,238,671,0.0001786822346426,0.0371793337578493,0.0211469629899024,0.0370633265736236,0.0209682807552597,0.564857322307882,1,1,0.05,0.133172229927766,0,0,0,0,1,1.5,10,60,3,10,37.5,3.75,1,1,116941,42,0.0375,Gaussian (discarded tail <= 1e-12) / Gaussian (discarded tail <= 1e-12),16941,9,1,10000,1,1,1,1,0,0.0476,0.1342,0.0476,0.1342,0.05,0.133172229927766,0.0420376715417821,0.0538569451781056,0.125032099094476,0.143929551648528,0.0420376715417821,0.0538569451781056,0.125032099094476,0.143929551648528,0.999232298054943,1,0.999232298054943,1,1,0,V0,all,0.05,L2-C,moderate,R0,2,E3_16941_V1
1,0.05,0.0872315365257506,5000,5000,5000,224,483,0.0002775444252539,0.0523089160882975,0.0194109340119275,0.0527817270980973,0.0191333895866736,0.36412748772461,1,1,0.05,0.102447191930942,0,0,0,0,1,1.5,10,60,3,10,37.5,3.75,1,1,116942,42,0.0530330085889911,Gaussian (discarded tail <= 1e-12) / Gaussian (discarded tail <= 1e-12),16942,9,2,10000,1,1,1,1,0,0.0448,0.0966,0.0448,0.0966,0.05,0.102447191930942,0.0394071274343464,0.0508917884164337,0.088718716686586,0.105100665242686,0.0394071274343464,0.0508917884164337,0.088718716686586,0.105100665242686,0.999232298054943,1,0.999232298054943,1,1,0,V0,all,0.05,L2-C,moderate,R1,2,E3_16942_V1
1,0.05,0.0822426813475736,5000,5000,5000,252,533,0.000104002805714,0.0499799677245353,0.0192973689488922,0.0508899934246851,0.0191933661431781,0.380541141794251,1,1,0.05,0.10659277975248,0,0,0,0,1,2,10,60,4,10,50,5,1,1,116949,42,0.05,Gaussian (discarded tail <= 1e-12) / Gaussian (discarded tail <= 1e-12),16949,9,1,10000,1,1,1,1,0,0.0504,0.1066,0.0504,0.1066,0.05,0.10659277975248,0.0446738140627647,0.0568165035262307,0.0983460562167133,0.115457971673658,0.0446738140627647,0.0568165035262307,0.0983460562167133,0.115457971673658,0.999232298054943,1,0.999232298054943,1,1,0,V0,all,0.05,L2-C,moderate,R0,2,E3_16949_V1
1,0.05,0.116308715367667,5000,5000,5000,242,450,-0.0011159966817101,0.0711458660122685,0.0204746525229004,0.0712713460477193,0.0215906492046105,0.303202688944824,1,1,0.05,0.086597220324702,0,0,0,0,1,2,10,60,4,10,50,5,1,1,116950,42,0.0707106781186548,Gaussian (discarded tail <= 1e-12) / Gaussian (discarded tail <= 1e-12),16950,9,2,10000,1,1,1,1,0,0.0484,0.09,0.0484,0.09,0.05,0.086597220324702,0.0427903040886361,0.0547030843081395,0.0823791505887433,0.0982503650062035,0.0427903040886361,0.0547030843081395,0.0823791505887433,0.0982503650062035,0.999232298054943,1,0.999232298054943,1,1,0,V0,all,0.05,L2-C,moderate,R1,2,E3_16950_V1
1,0.05,0.12336402202136,5000,5000,5000,247,404,0.0004813194627545,0.0739910747865793,0.0191780633079957,0.0748160652304801,0.0186967438452412,0.251284400952951,1,1,0.05,0.0840727860825272,0,0,0,0,1,3,10,60,6,10,75,7.5,1,1,116957,42,0.075,Gaussian (discarded tail <= 1e-12) / Gaussian (discarded tail <= 1e-12),16957,9,1,10000,1,1,1,1,0,0.0494,0.0808,0.0494,0.0808,0.05,0.0840727860825272,0.043731720637967,0.0557601323549184,0.0735639217364713,0.0886797195742646,0.043731720637967,0.0557601323549184,0.0735639217364713,0.0886797195742646,0.999232298054943,1,0.999232298054943,1,1,0,V0,all,0.05,L2-C,moderate,R0,2,E3_16957_V1
1,0.05,0.174463073051501,5000,5000,5000,238,371,-0.001623005557369,0.106474606026535,0.0203720910377202,0.107724069956932,0.0219950965950893,0.205367491638331,1,1,0.05,0.0726559831158145,0,0,0,0,1,3,10,60,6,10,75,7.5,1,1,116958,42,0.106066017177982,Gaussian (discarded tail <= 1e-12) / Gaussian (discarded tail <= 1e-12),16958,9,2,10000,1,1,1,1,0,0.0476,0.0742,0.0476,0.0742,0.05,0.0726559831158145,0.0420376715417821,0.0538569451781056,0.0672575237460062,0.0817962512304045,0.0420376715417821,0.0538569451781056,0.0672575237460062,0.0817962512304045,0.999232298054943,1,0.999232298054943,1,1,0,V0,all,0.05,L2-C,moderate,R1,2,E3_16958_V1
1,0.05,0.0480923027210493,5000,5000,5000,271,1282,-0.0001126679004447,0.0298067420752043,0.0295332689531836,0.0288869839483327,0.0296459368536283,1.01006698846176,1,1,0.05,0.259511022841447,0,0,0,0,1,0.5,10,70,1.46190220008154,10,29.2380440016309,2.92380440016309,1,1,117165,42,0.0292380440016309,Gaussian (discarded tail <= 1e-12) / Gaussian (discarded tail <= 1e-12),17165,9,1,10000,1,1,1,1,0,0.0542,0.2564,0.0542,0.2564,0.05,0.259511022841447,0.0482596192447235,0.0608248638094894,0.244487248170854,0.268686776216778,0.0482596192447235,0.0608248638094894,0.244487248170854,0.268686776216778,0.999232298054943,1,0.999232298054943,1,1,0,V0,all,0.05,L2-C,moderate,R0,2,E3_17165_V1
1,0.05,0.0680127867538604,5000,5000,5000,261,906,0.0005881729849282,0.0414565857162921,0.0299782563641827,0.0412038901941678,0.0293900833792544,0.711100334834009,1,1,0.05,0.174187261617933,0,0,0,0,1,0.5,10,70,1.46190220008154,10,29.2380440016309,2.92380440016309,1,1,117166,42,0.0413488383643677,Gaussian (discarded tail <= 1e-12) / Gaussian (discarded tail <= 1e-12),17166,9,2,10000,1,1,1,1,0,0.0522,0.1812,0.0522,0.1812,0.05,0.174187261617933,0.0463712280942276,0.0587163257677656,0.170769482445778,0.192120004314391,0.0463712280942276,0.0587163257677656,0.170769482445778,0.192120004314391,0.999232298054943,1,0.999232298054943,1,1,0,V0,all,0.05,L2-C,moderate,R1,2,E3_17166_V1
1,0.05,0.087882803943612,5000,5000,5000,279,666,0.0012167851441705,0.0541470571667037,0.029541903171572,0.0528782457888302,0.0283251180274015,0.529279094786329,1,1,0.05,0.136184922657077,0,0,0,0,1,1,10,70,2.92380440016309,10,53.4289510650815,5.34289510650815,1,1,117173,42,0.0534289510650815,Gaussian (discarded tail <= 1e-12) / Gaussian (discarded tail <= 1e-12),17173,9,1,10000,1,1,1,1,0,0.0558,0.1332,0.0558,0.1332,0.05,0.136184922657077,0.0497720485271196,0.0625099778808691,0.124062652496983,0.142900533649911,0.0497720485271196,0.0625099778808691,0.124062652496983,0.142900533649911,0.999232298054943,1,0.999232298054943,1,1,0,V0,all,0.05,L2-C,moderate,R0,2,E3_17173_V1
1,0.05,0.124285053236432,5000,5000,5000,221,525,-0.0012213013798726,0.0743002717821657,0.0297279402825009,0.0761348986526345,0.0309492416623735,0.411432250836481,1,1,0.05,0.104213598941404,0,0,0,0,1,1,10,70,2.92380440016309,10,53.4289510650815,5.34289510650815,1,1,117174,42,0.0755599472196066,Gaussian (discarded tail <= 1e-12) / Gaussian (discarded tail <= 1e-12),17174,9,2,10000,1,1,1,1,0,0.0442,0.105,0.0442,0.105,0.05,0.104213598941404,0.038844214757119,0.0502556223359951,0.0968040219417014,0.113802462594894,0.038844214757119,0.0502556223359951,0.0968040219417014,0.113802462594894,0.999232298054943,1,0.999232298054943,1,1,0,V0,all,0.05,L2-C,moderate,R1,2,E3_17174_V1
1,0.05,0.131824205915418,5000,5000,5000,259,550,0.002707492565029,0.0810932833132121,0.0313534324371198,0.081426825089019,0.0286459398720908,0.352521048943995,1,1,0.05,0.100266916204615,0,0,0,0,1,1.5,10,70,4.38570660024463,10,80.1434265976222,8.01434265976222,1,1,117181,42,0.0801434265976222,Gaussian (discarded tail <= 1e-12) / Gaussian (discarded tail <= 1e-12),17181,9,1,10000,1,1,1,1,0,0.0518,0.11,0.0518,0.11,0.05,0.100266916204615,0.045993846130679,0.0582943218928702,0.101624862673781,0.118973944843364,0.045993846130679,0.0582943218928702,0.101624862673781,0.118973944843364,0.999232298054943,1,0.999232298054943,1,1,0,V0,all,0.05,L2-C,moderate,R0,2,E3_17181_V1
1,0.05,0.186427579854648,5000,5000,5000,254,396,5.0399215636002e-06,0.112930861078058,0.0273208899707162,0.111774967978691,0.0273158500491526,0.24312220798446,1,1,0.05,0.0827382820312039,0,0,0,0,1,1.5,10,70,4.38570660024463,10,80.1434265976222,8.01434265976222,1,1,117182,42,0.11333992082941,Gaussian (discarded tail <= 1e-12) / Gaussian (discarded tail <= 1e-12),17182,9,2,10000,1,1,1,1,0,0.0508,0.0792,0.0508,0.0792,0.05,0.0827382820312039,0.0450508366853607,0.0572388667420786,0.0720336673776816,0.0870124305792785,0.0450508366853607,0.0572388667420786,0.0720336673776816,0.0870124305792785,0.999232298054943,1,0.999232298054943,1,1,0,V0,all,0.05,L2-C,moderate,R1,2,E3_17182_V1
1,0.05,0.175765607887224,5000,5000,5000,243,405,-0.0016989573237096,0.107022053335366,0.0275935521506055,0.106477075026642,0.0292925094743152,0.274403125369036,1,1,0.05,0.0851504639700171,0,0,0,0,1,2,10,70,5.84760880032618,10,106.857902130163,10.6857902130163,1,1,117189,42,0.106857902130163,Gaussian (discarded tail <= 1e-12) / Gaussian (discarded tail <= 1e-12),17189,9,1,10000,1,1,1,1,0,0.0486,0.081,0.0486,0.081,0.05,0.0851504639700171,0.0429785323075291,0.0549145490084684,0.0737552654060445,0.0888880688239134,0.0429785323075291,0.0549145490084684,0.0737552654060445,0.0888880688239134,0.999232298054943,1,0.999232298054943,1,1,0,V0,all,0.05,L2-C,moderate,R0,2,E3_17189_V1
1,0.05,0.248570106472864,5000,5000,5000,241,366,-0.0007877558589054,0.150803869946394,0.0308585367277025,0.150016326432723,0.031646292586608,0.210399331683675,1,1,0.05,0.073337341662878,0,0,0,0,1,2,10,70,5.84760880032618,10,106.857902130163,10.6857902130163,1,1,117190,42,0.151119894439213,Gaussian (discarded tail <= 1e-12) / Gaussian (discarded tail <= 1e-12),17190,9,2,10000,1,1,1,1,0,0.0482,0.0732,0.0482,0.0732,0.05,0.073337341662878,0.0426021037376601,0.0544915917398936,0.0663034175811199,0.0807518927991809,0.0426021037376601,0.0544915917398936,0.0663034175811199,0.0807518927991809,0.999232298054943,1,0.999232298054943,1,1,0,V0,all,0.05,L2-C,moderate,R1,2,E3_17190_V1
1,0.05,0.263648411830836,5000,5000,5000,246,369,-0.0033477785432331,0.160685433886994,0.0340310820538179,0.157926587305111,0.037378860597051,0.234626799389328,1,1,0.05,0.0718099425864781,0,0,0,0,1,3,10,70,8.77141320048926,10,160.286853195244,16.0286853195244,1,1,117197,42,0.160286853195244,Gaussian (discarded tail <= 1e-12) / Gaussian (discarded tail <= 1e-12),17197,9,1,10000,1,1,1,1,0,0.0492,0.0738,0.0492,0.0738,0.05,0.0718099425864781,0.0435433825554971,0.0555487775181664,0.0668758348861686,0.0813785542517981,0.0435433825554971,0.0555487775181664,0.0668758348861686,0.0813785542517981,0.999232298054943,1,0.999232298054943,1,1,0,V0,all,0.05,L2-C,moderate,R0,2,E3_17197_V1
1,0.05,0.372855159709295,5000,5000,5000,210,338,-0.0067544975880292,0.224862634089978,0.0275443561954915,0.228245119812072,0.0342988537835207,0.151389588170768,1,1,0.05,0.0647761448881757,0,0,0,0,1,3,10,70,8.77141320048926,10,160.286853195244,16.0286853195244,1,1,117198,42,0.22667984165882,Gaussian (discarded tail <= 1e-12) / Gaussian (discarded tail <= 1e-12),17198,9,2,10000,1,1,1,1,0,0.042,0.0676,0.042,0.0676,0.05,0.0647761448881757,0.036782686294686,0.0479205286869863,0.0609678584345204,0.074896050207565,0.036782686294686,0.0479205286869863,0.0609678584345204,0.074896050207565,0.999232298054943,1,0.999232298054943,1,1,0,V0,all,0.05,L2-C,moderate,R1,2,E3_17198_V1
